ep171
Train step Loss: [1.6601948738098145, 1.7570167779922485, 1.7417482137680054, 1.7353650331497192, 1.727280616760254, 1.8200076818466187, 1.7622677087783813, 1.686843752861023, 1.6953303813934326, 1.6746877431869507, 1.6932135820388794, 1.7886818647384644, 1.7485766410827637, 1.7732356786727905, 1.742181658744812, 1.6736611127853394, 1.854209303855896, 1.6355373859405518, 1.7110661268234253, 1.7235212326049805, 1.7794612646102905, 1.7410287857055664, 1.6318511962890625, 1.7198783159255981, 1.7585164308547974, 1.6337053775787354, 1.6496840715408325, 1.7562166452407837, 1.6236684322357178, 1.6995800733566284, 1.6746723651885986, 1.6282676458358765, 1.6687582731246948, 1.8279807567596436, 1.7204508781433105, 1.8313459157943726, 1.6448510885238647, 1.7404717206954956, 1.7098976373672485, 1.644650936126709, 1.7599364519119263, 1.7586132287979126, 1.8078172206878662, 1.818920612335205, 1.7808468341827393, 1.7549222707748413, 1.729677438735962, 1.7174900770187378, 1.662282943725586, 1.7340314388275146, 1.6753270626068115, 1.6517585515975952, 1.7820764780044556, 1.6823594570159912, 1.7581915855407715, 1.6951240301132202, 1.7438076734542847, 1.6959463357925415, 1.752805471420288, 1.7371022701263428, 1.832909107208252, 1.6350785493850708, 1.6279246807098389]
val step Loss: [1.6523723602294922, 1.7098714113235474, 1.6539585590362549, 1.6971460580825806, 1.6875662803649902, 1.707558274269104, 1.6616307497024536, 1.5895695686340332, 1.6296868324279785, 1.7044031620025635, 1.6535102128982544, 1.702368140220642, 1.5906407833099365, 1.6066203117370605, 1.651924967765808, 1.8014075756072998]
Train step Accs: [0.6282252989301448, 0.6150943396226415, 0.6199445983379501, 0.6160241874527589, 0.6163702140488393, 0.5974296630774575, 0.6106763555058692, 0.6273807585870096, 0.6315999468014364, 0.628802957065681, 0.6288701792504073, 0.6055032151936593, 0.6033770432908209, 0.5961569513967383, 0.6098969715891351, 0.6350446428571429, 0.5803443328550932, 0.6355696202531645, 0.6205168363351605, 0.613582208101668, 0.5963031997514756, 0.6149749878973697, 0.6426876297834471, 0.622479287165859, 0.6016302462712453, 0.6387195121951219, 0.643859102244389, 0.6080350244656194, 0.6412213740458015, 0.6124841124135009, 0.631024531024531, 0.6404986984518427, 0.6293183940242764, 0.5902114597544338, 0.6208638956805216, 0.5937806873977087, 0.6401273885350318, 0.6120026746907389, 0.6246682674080627, 0.635588320323793, 0.6100825975505554, 0.6100430416068866, 0.6044560185185185, 0.5987241798298907, 0.6106222501571339, 0.6067299396031062, 0.6143843313533472, 0.6194922672891742, 0.634954193093728, 0.6175693527080581, 0.6215884697945415, 0.6409443269908386, 0.6085806641198942, 0.6150276904654992, 0.6044572711239378, 0.622976583372623, 0.6192259675405742, 0.6256130790190736, 0.6103279832519191, 0.61197656138345, 0.5964688751365126, 0.6533050684139526, 0.6565478291563713]
val step Accs: [0.6379830484125844, 0.6212524392407309, 0.6375154511742892, 0.634420346387892, 0.6340652029274784, 0.6243693624828008, 0.6329066732943954, 0.6554736554736554, 0.6439782895701922, 0.6205792461068258, 0.635793018983466, 0.62203808693124, 0.6515771028037384, 0.6422031681441651, 0.6367120954003407, 0.5990963236804272]
Preds: [17, 17, 287, 287, 111, 111, 240, 240, 219, 219, 219, 219, 152, 152, 378, 106, 88, 88, 88, 284, 284, 284, 284, 206, 450, 450, 43, 43, 43, 276, 276, 276, 346, 331, 387, 297, 297, 186, 239, 239, 371, 180, 443, 450, 240, 240, 35, 35, 35, 251, 164, 180, 486, 486, 460, 206, 167, 167, 35, 35, 35, 36, 219, 219, 152, 152, 374, 132, 132, 250, 186, 186, 494, 494, 494, 273, 106, 387, 387, 387, 43, 132, 122, 250, 250, 346, 43, 43, 251, 251, 251, 374, 276, 276, 276, 153, 153, 122, 106, 331, 331, 387, 387, 346, 374, 259, 259, 219, 398, 464, 301, 374, 251, 259, 431, 331, 88, 88, 346, 319, 428, 428, 146, 146, 219, 219, 219, 219, 464, 464, 355, 355, 406, 43, 43, 276, 276, 276, 276, 497, 497, 186, 251, 251, 251, 251, 371, 337, 213, 213, 422, 143, 251, 251, 251, 371, 371, 107, 395, 213, 213, 213, 213, 213, 246, 246, 19, 19, 454, 414, 454, 126, 126, 126, 408, 408, 149, 149, 244, 244, 7, 287, 287, 167, 450, 35, 75, 34, 34, 464, 171, 171, 171, 301, 8, 106, 106, 106, 239, 354, 213, 213, 213, 213, 213, 213, 246, 246, 246, 246, 246, 246, 246, 19, 19, 454, 414, 414, 414, 82, 414, 170, 392, 392, 392, 392, 392, 392, 63, 63, 63, 63, 63, 63, 63, 63, 73, 73, 73, 73, 244, 63, 188, 188, 171, 171, 171, 301, 251, 251, 259, 241, 107, 371, 371, 34, 34, 290, 106, 106, 354, 354, 219, 213, 213, 213, 213, 246, 416, 374, 374, 132, 132, 132, 122, 109, 331, 251, 259, 259, 338, 338, 400, 400, 278, 290, 239, 239, 107, 371, 180, 486, 315, 240, 203, 14, 411, 303, 303, 65, 65, 153, 387, 387, 406, 406, 406, 406, 467, 496, 375, 375, 375, 98, 98, 98, 414, 414, 414, 414, 170, 170, 80, 63, 244, 392, 392, 392, 392, 63, 63, 73, 73, 244, 320, 320, 320, 153, 153, 182, 43, 43, 43, 239, 374, 345, 276, 153, 153, 276, 43, 132, 132, 132, 411, 411, 14, 14, 48, 17, 197, 83, 188, 188, 264, 264, 264, 264, 264, 240, 240, 240, 240, 240, 240, 240, 240, 240, 240, 240, 240, 240, 240, 240, 240, 240, 240, 240, 240, 120, 120, 120, 120, 120, 120, 120, 120, 120, 120, 120, 120, 120, 120, 120, 120, 120, 120, 120, 120, 120, 120, 120, 120, 120, 120, 120, 120, 120, 120, 120, 120, 120, 120, 120, 120, 120, 120, 120, 120, 120, 120, 120, 120, 120, 120, 120, 120, 120, 120, 120, 120, 120, 120, 120, 120, 120, 120, 120, 120, 120, 120, 120, 120, 120, 120, 120, 120, 120, 120, 120, 120, 120, 120, 120, 120, 120, 120, 120, 120, 120, 120, 120, 120, 120, 120, 120, 120, 120, 120, 120, 120, 120, 120, 120, 120, 120, 120, 120, 120, 120, 120, 120, 120, 120, 120, 120, 120, 120, 120, 120, 120, 120, 120, 120, 120, 120, 120, 120, 120, 120, 120, 120, 120, 120, 120, 120, 120, 120, 120, 120, 120, 120, 120, 120, 120, 120, 120, 120, 120, 120, 120, 120, 120, 120, 120, 120, 120, 120, 120, 120, 120, 120, 120, 120, 120, 120, 120, 120, 120, 120, 120, 120, 120, 120, 120, 120, 120, 120, 120, 120, 120, 120, 120, 120, 120, 120, 120, 120, 120, 120, 120, 120, 120, 120, 120, 120, 120, 120, 120, 120, 120, 120, 120, 120, 120, 120, 120, 120, 120, 120, 120, 120, 120, 120, 120, 120, 120, 120, 120, 120]

ep172
Train step Loss: [1.7556207180023193, 1.7174489498138428, 1.761715292930603, 1.621180534362793, 1.7500826120376587, 1.680554986000061, 1.7354915142059326, 1.6592590808868408, 1.8154996633529663, 1.7819204330444336, 1.6858124732971191, 1.731462836265564, 1.7157779932022095, 1.6851385831832886, 1.7339892387390137, 1.735588788986206, 1.8290908336639404, 1.7351256608963013, 1.7644658088684082, 1.6074779033660889, 1.6505080461502075, 1.744254469871521, 1.8362476825714111, 1.7465263605117798, 1.6647613048553467, 1.7096445560455322, 1.7357133626937866, 1.7115800380706787, 1.7295467853546143, 1.7081674337387085, 1.7423112392425537, 1.7008448839187622, 1.6232715845108032, 1.7657874822616577, 1.7258098125457764, 1.7935508489608765, 1.6721938848495483, 1.6764953136444092, 1.6432677507400513, 1.7830326557159424, 1.6742857694625854, 1.8362622261047363, 1.7044000625610352, 1.6018868684768677, 1.6842857599258423, 1.7616816759109497, 1.7975167036056519, 1.7077851295471191, 1.8040789365768433, 1.6743104457855225, 1.6402614116668701, 1.7440718412399292, 1.591753363609314, 1.6454565525054932, 1.7201114892959595, 1.6862565279006958, 1.735740303993225, 1.6965702772140503, 1.6767421960830688, 1.7711204290390015, 1.6750093698501587, 1.708176851272583, 1.6334507465362549]
val step Loss: [1.6916602849960327, 1.6446621417999268, 1.6550710201263428, 1.6852656602859497, 1.590769648551941, 1.667295217514038, 1.6476649045944214, 1.6344977617263794, 1.5961076021194458, 1.6468442678451538, 1.7679269313812256, 1.6889516115188599, 1.6675509214401245, 1.6306054592132568, 1.6018081903457642, 1.6109671592712402]
Train step Accs: [0.6142703862660944, 0.6153213874732862, 0.6129483591961333, 0.6368835987014995, 0.6061471279811891, 0.6305133767172812, 0.6178848097002357, 0.6384760875439071, 0.6015466015466016, 0.6046778590902568, 0.6307560137457044, 0.6125662154208358, 0.6157407407407407, 0.6357101782633697, 0.6084779706275033, 0.6115096931766143, 0.5925873929524077, 0.6142181640306539, 0.6002592112571746, 0.6498329993319973, 0.6413148565903964, 0.6101354741595585, 0.5824472573839663, 0.6098377112263678, 0.6343295509029887, 0.6217866780286891, 0.6182776162790697, 0.6169805298436004, 0.61316066857401, 0.6232700354039267, 0.6120676748016171, 0.6367327815086679, 0.6382082097705635, 0.6044518180561316, 0.6195233338090481, 0.5922852983988355, 0.6356344886851905, 0.6272539573296627, 0.6342253281063576, 0.6017110266159695, 0.6253081347576006, 0.5862068965517241, 0.6219050393242063, 0.6435185185185185, 0.6290064102564102, 0.6162337662337662, 0.602506192627131, 0.6198742482230727, 0.5982658959537572, 0.6391896611945511, 0.635485169775869, 0.6279711700659408, 0.6557263776127138, 0.6308862240421176, 0.6153025859770728, 0.6301092675030352, 0.6156753204074926, 0.6238742715874978, 0.6218955181273195, 0.6113829980061628, 0.6258681693093959, 0.6259911894273128, 0.6168168168168168]
val step Accs: [0.62503588860178, 0.6468413978494624, 0.6326767091541136, 0.6314085267134377, 0.6564841498559078, 0.6347599325049854, 0.6453065465881538, 0.644687546830511, 0.6501862997993695, 0.6386212511874068, 0.615166018546216, 0.6325853350189633, 0.6345669687814703, 0.6485163658611196, 0.6510097919216646, 0.6494488869677977]
Preds: [17, 17, 17, 17, 66, 66, 145, 145, 111, 428, 240, 301, 8, 354, 406, 278, 290, 290, 290, 290, 164, 164, 164, 164, 164, 337, 286, 330, 301, 8, 106, 354, 354, 65, 428, 403, 146, 146, 146, 146, 171, 252, 252, 252, 252, 19, 454, 197, 197, 244, 197, 7, 7, 420, 32, 106, 354, 354, 88, 109, 109, 443, 240, 240, 240, 35, 239, 239, 34, 219, 213, 213, 3, 143, 251, 321, 371, 290, 213, 213, 213, 3, 99, 338, 338, 338, 400, 400, 219, 324, 464, 464, 180, 443, 486, 486, 460, 240, 406, 406, 88, 88, 331, 371, 106, 106, 106, 375, 75, 107, 107, 371, 337, 286, 264, 264, 468, 468, 337, 286, 324, 324, 324, 422, 416, 468, 395, 395, 395, 395, 213, 213, 213, 213, 143, 401, 401, 244, 354, 354, 420, 213, 213, 252, 171, 171, 171, 171, 171, 3, 3, 454, 454, 414, 414, 47, 392, 392, 392, 392, 392, 392, 392, 244, 73, 73, 63, 287, 287, 284, 284, 284, 450, 293, 43, 43, 43, 276, 276, 276, 276, 100, 100, 100, 413, 182, 497, 98, 98, 497, 293, 122, 75, 345, 180, 43, 413, 426, 387, 122, 88, 406, 406, 467, 467, 106, 426, 293, 43, 43, 43, 276, 276, 276, 431, 109, 109, 403, 403, 207, 219, 219, 219, 219, 219, 219, 213, 213, 213, 213, 246, 246, 246, 246, 19, 454, 229, 197, 392, 392, 244, 80, 73, 244, 244, 7, 32, 7, 371, 374, 374, 132, 309, 309, 338, 88, 153, 497, 497, 497, 75, 75, 75, 303, 303, 75, 395, 354, 441, 276, 276, 153, 153, 182, 497, 497, 250, 14, 14, 14, 287, 145, 284, 284, 169, 150, 35, 35, 450, 43, 276, 276, 276, 153, 122, 88, 406, 467, 346, 387, 387, 122, 122, 345, 36, 371, 75, 208, 431, 290, 290, 401, 239, 239, 107, 395, 395, 338, 338, 374, 374, 374, 374, 132, 132, 132, 132, 132, 411, 303, 48, 48, 48, 414, 170, 170, 392, 392, 63, 63, 63, 63, 392, 392, 63, 63, 73, 244, 73, 73, 321, 287, 287, 284, 284, 460, 167, 150, 35, 35, 36, 35, 35, 35, 35, 35, 106, 153, 153, 153, 122, 346, 284, 284, 284, 206, 206, 167, 150, 35, 35, 450, 43, 276, 276, 276, 276, 153, 387, 387, 406, 406, 406, 406, 467, 106, 182, 182, 182, 387, 375, 98, 98, 82, 414, 170, 392, 47, 80, 80, 392, 244, 80, 80, 73, 7, 7, 7, 66, 420, 278, 143, 239, 239, 354, 354, 354, 100, 250, 250, 239, 251, 251, 251, 431, 431, 431, 219, 219, 422, 416, 374, 132, 132, 132, 145, 324, 236, 236, 239, 239, 107, 107, 371, 286, 286, 286, 264, 264, 264, 264, 120, 120, 468, 468, 468, 454, 414, 414, 392, 392, 392, 392, 63, 63, 392, 392, 392, 63, 73, 244, 73, 73, 63, 287, 287, 284, 460, 167, 150, 35, 35, 35, 371, 35, 259, 106, 106, 106, 284, 284, 206, 206, 206, 206, 167, 35, 35, 251, 371, 374, 276, 441, 276, 276, 153, 122, 88, 88, 406, 406, 467, 346, 331, 413, 182, 182, 182, 375, 375, 98, 98, 13, 13, 83, 188, 188, 264, 264, 264, 264, 264, 264, 264, 120, 120, 120, 120, 120, 120, 120, 120, 120, 120, 120, 120, 120, 120, 120, 120, 120, 120, 120, 120, 120, 120, 120, 120, 120, 120, 120, 120, 120, 120, 120, 120, 120, 120, 120, 120, 120, 120, 120, 120, 120, 120, 120, 120, 120, 120, 120, 120, 120, 120, 120, 120, 120, 120, 120, 120]

ep173
Train step Loss: [1.7907682657241821, 1.5943883657455444, 1.7200731039047241, 1.6874585151672363, 1.718177318572998, 1.7282813787460327, 1.6804823875427246, 1.792318344116211, 1.7537058591842651, 1.7636865377426147, 1.8195545673370361, 1.667588233947754, 1.690809965133667, 1.7627463340759277, 1.7185136079788208, 1.7329121828079224, 1.6878769397735596, 1.720537543296814, 1.6764694452285767, 1.7293015718460083, 1.6393311023712158, 1.7560409307479858, 1.7321820259094238, 1.811794400215149, 1.671584963798523, 1.6891297101974487, 1.6125075817108154, 1.7481435537338257, 1.6778578758239746, 1.6952985525131226, 1.7274529933929443, 1.6876646280288696, 1.7288328409194946, 1.7149821519851685, 1.8254586458206177, 1.6618486642837524, 1.627125859260559, 1.716654658317566, 1.6126552820205688, 1.692875623703003, 1.6601365804672241, 1.7062044143676758, 1.7220466136932373, 1.7804217338562012, 1.7109019756317139, 1.700591802597046, 1.7424780130386353, 1.5980474948883057, 1.638554334640503, 1.7516411542892456, 1.7932332754135132, 1.6258844137191772, 1.7383195161819458, 1.6271241903305054, 1.775486946105957, 1.6554607152938843, 1.7003889083862305, 1.6190415620803833, 1.7951686382293701, 1.7401812076568604, 1.6924264430999756, 1.6850268840789795, 1.6363881826400757]
val step Loss: [1.6545898914337158, 1.6710665225982666, 1.6903523206710815, 1.7472478151321411, 1.5844789743423462, 1.5739829540252686, 1.6610591411590576, 1.6056185960769653, 1.6436805725097656, 1.6560094356536865, 1.6673270463943481, 1.6830021142959595, 1.661904215812683, 1.5688360929489136, 1.708490014076233, 1.492959976196289]
Train step Accs: [0.5939548434085943, 0.655640092623222, 0.6096301232922359, 0.6277948268303376, 0.6160092807424594, 0.6124092409240924, 0.624578313253012, 0.5961047254150702, 0.6197901049475263, 0.5998194945848375, 0.5913170910423154, 0.6239003924753012, 0.6376365594706878, 0.6153735838233185, 0.618161032173771, 0.611764705882353, 0.6217360621030346, 0.6247871333964049, 0.6337631539943679, 0.6175251628182357, 0.652608376193975, 0.6012675668228162, 0.6175353814290645, 0.596275414317444, 0.6250180557561751, 0.6293929712460063, 0.6427184466019418, 0.6137844959090278, 0.6294416243654822, 0.6223796870386773, 0.6053858883706935, 0.6100357355568791, 0.6143246517262265, 0.6269366675727099, 0.5893994149027706, 0.6352298206278026, 0.632211158526948, 0.6161449752883031, 0.6501040943789035, 0.6274480930643499, 0.6274049741905209, 0.6218844984802432, 0.6203305785123967, 0.6079830822098863, 0.6173391037274885, 0.6290382473078351, 0.6152413694313136, 0.6464013086150491, 0.6370763478470631, 0.6112795633717405, 0.599961663791451, 0.6522887323943662, 0.6095328282828283, 0.6452578582120017, 0.5960429973516124, 0.636622675464907, 0.6311580751106669, 0.6481872866200618, 0.5949577503809392, 0.6130638963996016, 0.6286881525192919, 0.6239352045803659, 0.6470967741935484]
val step Accs: [0.6524872561082792, 0.6441807542262679, 0.6273028495692512, 0.6130500758725341, 0.6505143879528851, 0.6613756613756614, 0.6319488817891373, 0.6543624161073825, 0.6414676577573937, 0.6375154937336455, 0.6346261160714286, 0.6292950034223135, 0.6365635537311245, 0.6662080825451419, 0.6229088168801808, 0.6757679180887372]
Preds: [17, 451, 30, 30, 213, 301, 301, 378, 43, 354, 109, 109, 109, 146, 146, 171, 171, 171, 252, 301, 374, 374, 354, 354, 88, 331, 132, 132, 132, 132, 132, 132, 132, 374, 219, 219, 219, 219, 464, 213, 213, 213, 213, 246, 246, 246, 246, 246, 246, 246, 3, 14, 197, 259, 251, 259, 398, 287, 145, 460, 460, 240, 240, 468, 342, 342, 342, 450, 450, 169, 146, 146, 146, 219, 219, 219, 324, 324, 324, 301, 3, 143, 75, 259, 354, 107, 107, 331, 331, 284, 284, 284, 206, 450, 450, 293, 293, 122, 88, 276, 346, 346, 284, 284, 319, 319, 319, 319, 120, 120, 120, 120, 146, 146, 146, 146, 468, 282, 282, 342, 355, 355, 115, 273, 273, 106, 88, 426, 426, 426, 375, 375, 98, 98, 98, 229, 414, 414, 312, 126, 126, 187, 187, 63, 63, 149, 321, 73, 244, 321, 320, 287, 287, 287, 287, 284, 284, 284, 206, 206, 206, 406, 406, 406, 331, 43, 413, 413, 413, 413, 293, 293, 293, 497, 497, 122, 406, 331, 106, 106, 106, 426, 426, 387, 387, 426, 413, 406, 406, 413, 250, 250, 413, 250, 250, 250, 122, 122, 276, 132, 276, 250, 250, 48, 197, 414, 414, 197, 170, 320, 63, 287, 287, 145, 486, 486, 460, 460, 460, 169, 35, 35, 36, 36, 36, 286, 324, 324, 324, 464, 464, 14, 14, 287, 348, 426, 426, 293, 293, 35, 354, 354, 65, 319, 319, 139, 330, 330, 219, 219, 324, 464, 464, 464, 139, 139, 139, 139, 43, 75, 75, 331, 331, 355, 355, 355, 240, 240, 240, 468, 34, 342, 342, 443, 486, 376, 315, 315, 315, 315, 460, 460, 460, 460, 450, 35, 454, 414, 312, 312, 126, 126, 126, 326, 149, 149, 392, 392, 392, 73, 73, 244, 320, 321, 83, 83, 145, 443, 443, 443, 240, 240, 468, 77, 35, 224, 139, 35, 84, 240, 406, 413, 250, 250, 250, 250, 303, 303, 473, 473, 398, 278, 278, 434, 434, 207, 207, 143, 36, 36, 494, 494, 342, 342, 213, 213, 213, 213, 213, 3, 3, 99, 374, 398, 145, 486, 460, 460, 240, 35, 282, 36, 324, 301, 301, 203, 303, 473, 65, 65, 315, 315, 315, 315, 450, 450, 450, 450, 413, 35, 35, 77, 473, 219, 324, 324, 301, 416, 139, 139, 139, 139, 139, 293, 293, 75, 106, 106, 354, 100, 100, 100, 100, 345, 182, 182, 182, 375, 375, 98, 98, 98, 229, 414, 312, 312, 126, 126, 187, 23, 392, 392, 392, 73, 244, 321, 321, 63, 83, 83, 145, 443, 443, 443, 240, 240, 240, 468, 35, 342, 139, 35, 35, 240, 175, 88, 88, 250, 303, 65, 346, 100, 426, 293, 293, 293, 122, 75, 473, 331, 106, 106, 84, 84, 35, 35, 35, 35, 106, 100, 250, 100, 250, 250, 250, 250, 250, 250, 250, 250, 250, 250, 250, 293, 411, 145, 145, 145, 460, 460, 460, 169, 35, 150, 36, 290, 36, 324, 301, 339, 473, 395, 65, 19, 171, 171, 171, 252, 252, 143, 139, 443, 106, 106, 106, 100, 100, 182, 182, 182, 182, 182, 182, 375, 98, 98, 75, 414, 312, 312, 312, 187, 23, 23, 23, 408, 321, 320, 287, 145, 486, 460, 460, 460, 460, 35, 282, 150, 290, 324, 324, 374, 374, 259, 473, 331, 331, 331, 290, 290, 290, 19, 290, 171, 252, 324, 324, 324, 324, 324, 324, 324, 324, 324, 324, 464, 464, 139, 139, 139, 139, 139, 293, 122, 251, 241, 431, 331, 106, 84, 319, 139, 355, 355, 35, 337, 286, 271, 434, 434]

ep174
Train step Loss: [1.7033346891403198, 1.7810304164886475, 1.7847172021865845, 1.683078408241272, 1.796700119972229, 1.6599030494689941, 1.7286930084228516, 1.801298975944519, 1.613669514656067, 1.6368677616119385, 1.6722300052642822, 1.7186532020568848, 1.8095062971115112, 1.6026782989501953, 1.7503461837768555, 1.7301905155181885, 1.6428457498550415, 1.7008171081542969, 1.6761289834976196, 1.6235134601593018, 1.7547926902770996, 1.6887329816818237, 1.6459389925003052, 1.669594407081604, 1.785714864730835, 1.6964508295059204, 1.6579530239105225, 1.669105887413025, 1.5789031982421875, 1.6141630411148071, 1.62447988986969, 1.7819124460220337, 1.6946450471878052, 1.6045981645584106, 1.6495344638824463, 1.8176387548446655, 1.7214876413345337, 1.6352837085723877, 1.6888142824172974, 1.6807934045791626, 1.6558948755264282, 1.6425127983093262, 1.780888557434082, 1.6347553730010986, 1.727779507637024, 1.6255691051483154, 1.6520990133285522, 1.8009233474731445, 1.708757996559143, 1.6802093982696533, 1.7619903087615967, 1.660392165184021, 1.8047127723693848, 1.7293380498886108, 1.703138828277588, 1.6595087051391602, 1.8185372352600098, 1.7084161043167114, 1.6801204681396484, 1.7847038507461548, 1.6788884401321411, 1.6766554117202759, 1.7009140253067017]
val step Loss: [1.6490129232406616, 1.61032235622406, 1.5432502031326294, 1.7078310251235962, 1.6176342964172363, 1.637984275817871, 1.6308563947677612, 1.6456910371780396, 1.6289547681808472, 1.611280918121338, 1.6213239431381226, 1.7393836975097656, 1.5997074842453003, 1.716339349746704, 1.6190470457077026, 1.6238665580749512]
Train step Accs: [0.610447028000655, 0.6071699832902931, 0.6113707165109035, 0.6292649804786963, 0.5919167803547067, 0.6318428750522357, 0.6219302361958392, 0.593482905982906, 0.6517985611510791, 0.6315702205272757, 0.6346180798878767, 0.6212755166730062, 0.5959147424511545, 0.6414483821263482, 0.6107008042015427, 0.6088950022925264, 0.6356282271944923, 0.6226331360946745, 0.6352708244944139, 0.6449539944501241, 0.6151548498663733, 0.627147766323024, 0.6329484469019353, 0.6311163199531205, 0.6088419764417928, 0.6213325183374083, 0.6283136710617626, 0.624560031286664, 0.6593034286488684, 0.6447045224678515, 0.6444701795020267, 0.592112002731774, 0.6184458968772695, 0.6427231305280086, 0.6371814092953523, 0.5943321127209044, 0.610681488641856, 0.6460710792305184, 0.6231550699635806, 0.6349206349206349, 0.6420287614040513, 0.6387106402029548, 0.6045783926218709, 0.6342418546365914, 0.6141121358512663, 0.6381803411860276, 0.6416917471883415, 0.5958768336196644, 0.6153846153846154, 0.6259904912836767, 0.6193287756370417, 0.6206896551724138, 0.5965533902399742, 0.6211806585582913, 0.625422909618173, 0.6350645359557467, 0.6017119838872105, 0.6154907975460123, 0.6324426372349695, 0.6086121338242356, 0.6184826724945364, 0.6400658781254679, 0.6245333333333334]
val step Accs: [0.6307304785894207, 0.6562798471824259, 0.6620272314674736, 0.6345055224070077, 0.6461426491994178, 0.6434807916181606, 0.6471643438664275, 0.6385265873584636, 0.6446067898581865, 0.641563108249738, 0.6438831886345698, 0.617024661893397, 0.6548249359521776, 0.6177234530175707, 0.6442141623488774, 0.6499732190680235]
Preds: [17, 17, 66, 172, 172, 172, 172, 115, 267, 267, 267, 267, 330, 203, 406, 473, 65, 426, 290, 290, 36, 36, 494, 164, 164, 219, 324, 301, 301, 143, 467, 395, 65, 428, 403, 403, 403, 403, 403, 171, 171, 252, 252, 252, 252, 3, 3, 454, 197, 14, 320, 7, 420, 406, 406, 43, 354, 354, 109, 109, 319, 319, 240, 282, 150, 35, 77, 219, 219, 213, 252, 213, 213, 143, 239, 107, 395, 395, 395, 36, 36, 36, 259, 355, 355, 224, 219, 219, 324, 464, 464, 464, 180, 443, 315, 315, 282, 282, 282, 413, 293, 411, 276, 276, 276, 75, 239, 107, 107, 371, 371, 337, 286, 286, 171, 416, 35, 286, 286, 286, 246, 282, 36, 36, 36, 342, 374, 107, 107, 213, 213, 213, 213, 213, 143, 239, 354, 354, 395, 420, 213, 213, 213, 246, 246, 246, 246, 246, 246, 246, 246, 3, 143, 454, 454, 408, 126, 126, 126, 23, 149, 149, 244, 321, 287, 287, 287, 284, 284, 284, 206, 206, 293, 293, 293, 43, 43, 276, 276, 276, 100, 100, 100, 100, 182, 182, 182, 497, 497, 497, 293, 122, 411, 276, 276, 100, 100, 100, 122, 88, 88, 406, 406, 467, 467, 331, 100, 293, 43, 43, 43, 276, 276, 345, 331, 331, 319, 319, 139, 290, 290, 290, 219, 219, 219, 219, 219, 19, 286, 246, 246, 246, 246, 246, 19, 19, 454, 454, 414, 414, 47, 47, 7, 7, 7, 7, 473, 374, 374, 374, 374, 132, 132, 132, 132, 132, 132, 132, 497, 497, 122, 75, 75, 303, 75, 354, 354, 106, 106, 153, 153, 153, 182, 182, 497, 497, 497, 122, 250, 287, 284, 284, 284, 206, 206, 450, 35, 35, 43, 43, 276, 276, 276, 153, 122, 88, 406, 467, 467, 387, 387, 497, 122, 122, 75, 75, 371, 35, 355, 355, 355, 36, 36, 75, 75, 224, 35, 273, 106, 153, 153, 153, 413, 43, 413, 413, 122, 132, 132, 411, 441, 303, 48, 229, 98, 229, 312, 312, 126, 126, 187, 47, 47, 80, 149, 244, 321, 321, 321, 287, 287, 287, 284, 284, 206, 206, 206, 450, 169, 35, 239, 35, 35, 395, 35, 106, 153, 153, 153, 406, 109, 139, 267, 267, 267, 267, 267, 267, 35, 35, 35, 43, 276, 276, 276, 153, 276, 276, 153, 122, 88, 106, 106, 106, 346, 346, 153, 182, 182, 182, 375, 375, 98, 98, 98, 414, 414, 414, 187, 187, 47, 80, 7, 320, 7, 219, 219, 152, 152, 152, 301, 301, 8, 43, 354, 354, 153, 153, 153, 497, 497, 122, 8, 473, 331, 445, 219, 219, 422, 374, 374, 374, 32, 106, 132, 132, 331, 34, 219, 219, 219, 219, 301, 468, 286, 286, 286, 264, 264, 264, 264, 264, 264, 468, 468, 468, 349, 454, 414, 414, 414, 414, 80, 80, 47, 244, 244, 244, 244, 321, 321, 287, 287, 287, 287, 284, 284, 206, 206, 450, 35, 35, 239, 36, 36, 106, 106, 106, 284, 206, 206, 206, 206, 206, 206, 206, 35, 35, 35, 43, 276, 276, 276, 276, 276, 276, 88, 88, 406, 406, 406, 467, 467, 346, 153, 182, 182, 182, 375, 375, 98, 98, 98, 13, 83, 188, 264, 240, 240, 240, 240, 240, 240, 240, 240, 240, 240, 240, 240, 240, 240, 240, 240, 240, 240, 240, 240, 240, 240, 240, 240, 240, 240, 240, 240, 240, 240, 240, 240, 240, 240, 240, 240, 240, 240, 264, 240, 264, 264, 264, 264, 264, 264, 264, 264, 264, 264, 264, 264, 120, 120, 120, 120, 120, 120, 120, 120, 120, 120, 120]

ep175
Train step Loss: [1.7324647903442383, 1.690807819366455, 1.6908071041107178, 1.6952849626541138, 1.5788867473602295, 1.7116814851760864, 1.6352365016937256, 1.6256768703460693, 1.708961009979248, 1.6511577367782593, 1.667566180229187, 1.7607086896896362, 1.667992115020752, 1.6243654489517212, 1.7927147150039673, 1.7168954610824585, 1.7179274559020996, 1.713919758796692, 1.6933822631835938, 1.6783082485198975, 1.698799967765808, 1.7379010915756226, 1.692344069480896, 1.82961106300354, 1.7408523559570312, 1.6930267810821533, 1.624147891998291, 1.7333877086639404, 1.6761195659637451, 1.7640197277069092, 1.7091261148452759, 1.673875093460083, 1.6149876117706299, 1.745719313621521, 1.7047219276428223, 1.7104994058609009, 1.6784793138504028, 1.7863599061965942, 1.6953973770141602, 1.6909784078598022, 1.6609151363372803, 1.6604607105255127, 1.627831220626831, 1.7006747722625732, 1.7621830701828003, 1.6859281063079834, 1.710120439529419, 1.6756821870803833, 1.7511757612228394, 1.6623262166976929, 1.6205451488494873, 1.6680783033370972, 1.6422902345657349, 1.7343655824661255, 1.6814930438995361, 1.6610326766967773, 1.5468833446502686, 1.698976993560791, 1.8050518035888672, 1.686644196510315, 1.636215090751648, 1.6405189037322998, 1.6514074802398682]
val step Loss: [1.6583871841430664, 1.7277519702911377, 1.6320080757141113, 1.589363932609558, 1.624790072441101, 1.564454197883606, 1.6169228553771973, 1.596524953842163, 1.6071767807006836, 1.6056859493255615, 1.751250982284546, 1.6152912378311157, 1.6353100538253784, 1.6059585809707642, 1.6732531785964966, 1.5231711864471436]
Train step Accs: [0.609178386380459, 0.6213027061044682, 0.6215621562156216, 0.6305862361937128, 0.6557801969932607, 0.6172241992882562, 0.6458797327394209, 0.6355819125277984, 0.6193244304791831, 0.6360795454545455, 0.6270661157024794, 0.6164566345441067, 0.6389684813753582, 0.6445074989866234, 0.5949367088607594, 0.6188214599824099, 0.6100961538461539, 0.6111384111384112, 0.6188598652866765, 0.629735234215886, 0.6284033383499795, 0.617507546356188, 0.6284504657070279, 0.5961019490254873, 0.6135498975709687, 0.6321960018036976, 0.6453786436209169, 0.6158607997323072, 0.6291181364392678, 0.6118090452261307, 0.6137566137566137, 0.6202754175212423, 0.6537415939333238, 0.614054250864737, 0.6196347031963471, 0.6197681905988409, 0.6323739863253299, 0.6008825319537432, 0.6233442418575659, 0.6332236842105263, 0.6337071015970098, 0.6310679611650486, 0.6524420325604341, 0.6141625056740808, 0.608905961018637, 0.6275614754098361, 0.6258814560701353, 0.6253138384285926, 0.6232834597253536, 0.6424423167477633, 0.6303724928366762, 0.634697424553642, 0.6428984668787966, 0.6192952050837666, 0.6237430586822752, 0.6287855135810178, 0.6542081571409085, 0.6174217188540972, 0.5927290198590647, 0.6215186547556489, 0.633760849851017, 0.6352333053925677, 0.6469986357435198]
val step Accs: [0.635625, 0.6223479490806223, 0.6431203931203932, 0.649532037437005, 0.6407766990291263, 0.6589313851883685, 0.6511505588428665, 0.6549667036625971, 0.6427719821162444, 0.6483193277310925, 0.6147067321583357, 0.6516736401673641, 0.6362339514978602, 0.6509216589861752, 0.635629616904312, 0.6759259259259259]
Preds: [17, 239, 371, 278, 278, 278, 278, 468, 143, 251, 331, 164, 330, 278, 278, 330, 240, 240, 271, 378, 239, 354, 420, 324, 324, 324, 324, 464, 464, 464, 464, 443, 443, 315, 315, 450, 460, 460, 240, 167, 150, 35, 35, 35, 375, 414, 75, 36, 36, 66, 164, 164, 164, 164, 164, 164, 342, 342, 342, 444, 267, 301, 301, 264, 143, 251, 259, 395, 354, 219, 213, 213, 213, 213, 213, 219, 219, 252, 464, 464, 374, 139, 139, 153, 153, 182, 182, 182, 182, 182, 375, 98, 98, 98, 98, 321, 321, 23, 23, 23, 320, 7, 7, 309, 309, 309, 398, 398, 464, 464, 464, 464, 464, 443, 139, 139, 315, 450, 450, 450, 293, 293, 293, 43, 182, 122, 182, 497, 122, 122, 122, 431, 431, 331, 331, 496, 88, 88, 250, 250, 399, 473, 337, 337, 213, 213, 324, 324, 252, 252, 143, 310, 239, 239, 331, 371, 371, 213, 213, 213, 213, 213, 213, 246, 246, 246, 246, 19, 19, 454, 229, 414, 414, 126, 126, 126, 187, 80, 321, 320, 7, 345, 153, 153, 153, 250, 250, 43, 43, 43, 276, 346, 346, 346, 426, 426, 426, 426, 293, 293, 293, 43, 122, 276, 346, 346, 284, 284, 206, 206, 206, 175, 88, 251, 241, 431, 331, 486, 206, 206, 146, 146, 146, 169, 282, 150, 150, 342, 342, 224, 273, 106, 88, 406, 387, 319, 319, 290, 290, 388, 374, 259, 219, 219, 464, 464, 464, 464, 443, 315, 315, 486, 460, 460, 301, 301, 301, 416, 77, 395, 395, 400, 324, 324, 324, 301, 301, 143, 251, 251, 338, 441, 276, 276, 276, 346, 346, 346, 426, 426, 426, 426, 426, 426, 139, 413, 132, 250, 250, 250, 109, 236, 236, 236, 290, 434, 434, 434, 339, 251, 338, 338, 398, 398, 464, 434, 219, 219, 464, 464, 99, 139, 139, 139, 387, 387, 497, 98, 35, 35, 34, 34, 354, 284, 284, 284, 284, 284, 284, 284, 206, 206, 206, 206, 206, 206, 167, 35, 406, 406, 100, 100, 100, 153, 153, 153, 182, 182, 182, 182, 375, 98, 98, 98, 312, 312, 312, 23, 23, 23, 23, 63, 244, 392, 244, 392, 392, 244, 321, 320, 287, 287, 287, 284, 284, 460, 460, 460, 460, 169, 35, 77, 36, 232, 494, 224, 342, 342, 207, 324, 324, 324, 422, 422, 14, 14, 145, 145, 145, 486, 486, 206, 120, 120, 146, 146, 146, 146, 146, 468, 468, 239, 77, 77, 342, 342, 115, 267, 267, 213, 213, 213, 213, 246, 252, 3, 143, 310, 310, 371, 342, 342, 342, 342, 267, 267, 267, 213, 213, 213, 213, 246, 246, 246, 246, 246, 246, 19, 19, 19, 454, 19, 301, 264, 264, 264, 120, 120, 120, 120, 120, 120, 120, 120, 120, 120, 120, 120, 120, 120, 120, 120, 120, 120, 120, 120, 120, 120, 120, 120, 120, 120, 120, 120, 120, 120, 120, 120, 120, 120, 120, 120, 120, 120, 120, 120, 120, 120, 120, 120, 120, 120, 120, 120, 120, 120, 120, 120, 120, 120, 120, 120, 120, 120, 120, 120, 120, 120, 120, 120, 120, 120, 120, 120, 120, 120, 120, 120, 120, 120, 120, 120, 120, 120, 120, 120, 120, 120, 120, 120, 120, 120, 120, 120, 120, 120, 120, 120, 120, 120, 120, 120, 120, 120, 120, 120, 120, 120, 120, 120, 120, 120, 120, 120, 120, 120, 120, 120, 120, 120, 120, 120, 120, 120, 120, 120, 120, 120, 120, 120, 120, 120, 120, 120, 120, 120, 120, 120, 120, 120, 120, 120, 120, 120, 120, 120, 120, 120, 120, 120]

ep176
Train step Loss: [1.7662937641143799, 1.6482837200164795, 1.6101032495498657, 1.6977832317352295, 1.6816685199737549, 1.6341134309768677, 1.6889266967773438, 1.67357337474823, 1.7803523540496826, 1.6867600679397583, 1.6654738187789917, 1.5974576473236084, 1.7341984510421753, 1.7074613571166992, 1.6955476999282837, 1.672875165939331, 1.5917587280273438, 1.7936514616012573, 1.6090450286865234, 1.649780035018921, 1.6212553977966309, 1.615325927734375, 1.6291230916976929, 1.7798182964324951, 1.6543973684310913, 1.7267154455184937, 1.7260304689407349, 1.6333587169647217, 1.6449697017669678, 1.6833021640777588, 1.6475263833999634, 1.7077478170394897, 1.7421845197677612, 1.690280556678772, 1.754978895187378, 1.677154302597046, 1.715836524963379, 1.7685385942459106, 1.6761904954910278, 1.7004321813583374, 1.5538386106491089, 1.659190058708191, 1.7977159023284912, 1.6313354969024658, 1.7808936834335327, 1.633036494255066, 1.6322041749954224, 1.6743720769882202, 1.7790613174438477, 1.6737943887710571, 1.6723644733428955, 1.6975876092910767, 1.6289228200912476, 1.7757492065429688, 1.6959177255630493, 1.6613627672195435, 1.6967792510986328, 1.755753755569458, 1.6836423873901367, 1.5824534893035889, 1.571069598197937, 1.6948003768920898, 1.719545602798462]
val step Loss: [1.6301664113998413, 1.5828197002410889, 1.6088287830352783, 1.5967259407043457, 1.6352009773254395, 1.7052929401397705, 1.6634221076965332, 1.5926358699798584, 1.641776442527771, 1.5970442295074463, 1.600157380104065, 1.6781578063964844, 1.6539008617401123, 1.5923740863800049, 1.590725064277649, 1.606961965560913]
Train step Accs: [0.6178875354580343, 0.636759722446345, 0.650600745753349, 0.6250179933784368, 0.6255756831439976, 0.6350095480585615, 0.6210208562019759, 0.6369511184755592, 0.6105182926829268, 0.6265282911572363, 0.6330080610946118, 0.6470331588132635, 0.6221484262200404, 0.6170863047591326, 0.6207482993197279, 0.6320438085143968, 0.6521739130434783, 0.5934132645317954, 0.6499491205117023, 0.6327173169062286, 0.6511127063890882, 0.6448147638066382, 0.6429906542056075, 0.6005205940897259, 0.6318114874815906, 0.6122273742057359, 0.6185300207039337, 0.6396554754789946, 0.629996696399075, 0.6209942837346267, 0.6300326441784548, 0.6218500797448165, 0.6134169066576317, 0.630281182408075, 0.6063829787234043, 0.630272952853598, 0.6204914783987316, 0.5986480777355302, 0.6317464202667972, 0.6250756200846945, 0.6508662961752206, 0.6369697829479358, 0.6043904717421765, 0.6357874207703559, 0.5955510616784631, 0.6373129133310129, 0.6340539023020775, 0.6342549923195084, 0.6128484505447857, 0.6335837616976407, 0.6338415052877352, 0.6265157639450283, 0.6412325752017608, 0.5976950354609929, 0.6275908936459396, 0.6332840435542412, 0.6228571428571429, 0.6078524124881741, 0.6271021992238034, 0.6545831175556707, 0.6548824170689924, 0.6213087995251521, 0.5976894325518178]
val step Accs: [0.6484696880517952, 0.6550503675469643, 0.6497722932275599, 0.6492549533322417, 0.6474477651414969, 0.6188102893890676, 0.6349977905435263, 0.653924914675768, 0.6373887240356083, 0.6432329029172644, 0.6476683937823834, 0.6288059306327773, 0.6331370624795551, 0.6491754122938531, 0.6489422527158376, 0.6452742123687282]
Preds: [17, 17, 287, 30, 324, 301, 378, 395, 109, 109, 443, 284, 284, 319, 319, 264, 167, 240, 388, 35, 35, 426, 106, 106, 106, 426, 100, 100, 182, 293, 293, 293, 293, 293, 186, 186, 75, 219, 324, 324, 301, 378, 8, 374, 65, 428, 428, 319, 428, 428, 146, 240, 240, 35, 77, 236, 286, 286, 324, 468, 250, 354, 331, 426, 106, 106, 331, 426, 100, 293, 293, 293, 293, 43, 43, 276, 276, 346, 346, 284, 284, 206, 206, 206, 206, 167, 167, 35, 35, 413, 188, 278, 278, 171, 171, 171, 3, 3, 3, 434, 464, 171, 171, 171, 171, 252, 339, 143, 239, 239, 219, 213, 213, 213, 213, 213, 213, 246, 246, 246, 246, 301, 378, 43, 354, 354, 109, 109, 264, 286, 171, 171, 171, 171, 171, 171, 246, 3, 3, 143, 143, 251, 180, 443, 284, 486, 460, 460, 460, 169, 35, 35, 236, 434, 324, 324, 324, 301, 143, 239, 374, 374, 132, 100, 100, 100, 100, 100, 387, 387, 132, 132, 132, 122, 122, 414, 259, 48, 247, 126, 17, 47, 63, 80, 321, 7, 7, 331, 331, 84, 84, 374, 88, 132, 132, 132, 132, 132, 219, 219, 219, 213, 213, 213, 213, 324, 3, 3, 14, 14, 287, 145, 486, 486, 206, 460, 146, 146, 146, 219, 219, 219, 219, 213, 213, 246, 246, 374, 374, 374, 132, 132, 451, 186, 34, 107, 109, 109, 443, 443, 443, 443, 120, 120, 120, 468, 468, 35, 467, 115, 486, 486, 376, 315, 460, 460, 460, 167, 167, 35, 293, 293, 354, 354, 337, 337, 434, 171, 171, 252, 339, 143, 473, 36, 75, 36, 355, 355, 267, 267, 267, 213, 213, 213, 246, 246, 246, 246, 246, 246, 19, 19, 19, 197, 19, 301, 264, 264, 264, 120, 120, 120, 120, 120, 120, 120, 120, 120, 120, 120, 120, 120, 120, 120, 120, 120, 120, 120, 120, 120, 120, 120, 120, 120, 120, 120, 120, 120, 120, 120, 120, 120, 120, 120, 120, 120, 120, 120, 120, 120, 120, 120, 120, 120, 120, 120, 120, 120, 120, 120, 120, 120, 120, 120, 120, 120, 120, 120, 120, 120, 120, 120, 120, 120, 120, 120, 120, 120, 120, 120, 120, 120, 120, 120, 120, 120, 120, 120, 120, 120, 120, 120, 120, 120, 120, 120, 120, 120, 120, 120, 120, 120, 120, 120, 120, 120, 120, 120, 120, 120, 120, 120, 120, 120, 120, 120, 120, 120, 120, 120, 120, 120, 120, 120, 120, 120, 120, 120, 120, 120, 120, 120, 120, 120, 120, 120, 120, 120, 120, 120, 120, 120, 120, 120, 120, 120, 120, 120, 120, 120, 120, 120, 120, 120, 120, 120, 120, 120, 120, 120, 120, 120, 120, 120, 120, 120, 120, 120, 120, 120, 120, 120, 120, 120, 120, 120, 120, 120, 120, 120, 120, 120, 120, 120, 120, 120, 120, 120, 120, 120, 120, 120, 120, 120, 120, 120, 120, 120, 120, 120, 120, 120, 120, 120, 120, 120, 120, 120, 120, 120, 120, 120, 120, 120, 120, 120, 120, 120, 120, 120, 120, 120, 120, 120, 120, 120, 120, 120, 120, 120, 120, 120, 120, 120, 120, 120, 120, 120, 120, 120, 120, 120, 120, 120, 120, 120, 120, 120, 120, 120, 120, 120, 120, 120, 120, 120, 120, 120, 120, 120, 120, 120, 120, 120, 120, 120, 120, 120, 120, 120, 120, 120, 120, 120, 120, 120, 120, 120, 120, 120, 120, 120, 120, 120, 120, 120, 120, 120, 120, 120, 120, 120, 120, 120, 120, 120, 120, 120, 120, 120, 120, 120, 120, 120, 120, 120, 120, 120, 120, 120]

ep177
Train step Loss: [1.6686733961105347, 1.678460717201233, 1.6552226543426514, 1.7352737188339233, 1.5836318731307983, 1.6347001791000366, 1.702181339263916, 1.7182531356811523, 1.6591297388076782, 1.7351830005645752, 1.7054169178009033, 1.6292821168899536, 1.6861077547073364, 1.6063188314437866, 1.692641258239746, 1.700217843055725, 1.6705873012542725, 1.6276178359985352, 1.617052435874939, 1.5633167028427124, 1.700724482536316, 1.6960852146148682, 1.7037111520767212, 1.5867276191711426, 1.6230621337890625, 1.6293209791183472, 1.696284532546997, 1.623982310295105, 1.630904197692871, 1.6485041379928589, 1.6954786777496338, 1.6967006921768188, 1.7922765016555786, 1.6795421838760376, 1.7151299715042114, 1.6751148700714111, 1.6717486381530762, 1.7879638671875, 1.688615083694458, 1.7406375408172607, 1.6897518634796143, 1.7126871347427368, 1.6460715532302856, 1.6699845790863037, 1.6753662824630737, 1.6982172727584839, 1.6305513381958008, 1.6916747093200684, 1.6667231321334839, 1.5868446826934814, 1.6513384580612183, 1.6718693971633911, 1.6532704830169678, 1.6807314157485962, 1.765637755393982, 1.7020106315612793, 1.6918065547943115, 1.7527927160263062, 1.7157810926437378, 1.7173610925674438, 1.6133004426956177, 1.5998841524124146, 1.6544997692108154]
val step Loss: [1.6496785879135132, 1.510972261428833, 1.746108055114746, 1.5779123306274414, 1.578628420829773, 1.6354560852050781, 1.5367064476013184, 1.5807254314422607, 1.6207690238952637, 1.5784766674041748, 1.7026598453521729, 1.6654101610183716, 1.6904373168945312, 1.607016921043396, 1.5265296697616577, 1.6521681547164917]
Train step Accs: [0.6301239275500476, 0.635756853396901, 0.6248734390820114, 0.6088149822408783, 0.6609857978279031, 0.6450185807821625, 0.6272628810150085, 0.6223688904744916, 0.6285250557922499, 0.6070916905444126, 0.6225644248900063, 0.6401444043321299, 0.6235382308845577, 0.6407560039789683, 0.6296296296296297, 0.626684050412864, 0.6292881970681578, 0.633927356822201, 0.6424252068746021, 0.6581706726891434, 0.6277491175672006, 0.6187085288881696, 0.6170622193713919, 0.6550253265795788, 0.6315360807949177, 0.645531914893617, 0.6286157024793388, 0.6382262138647208, 0.6381282495667244, 0.6348122866894198, 0.626984126984127, 0.6283547257876313, 0.5983699343445777, 0.6258982035928143, 0.6131907308377896, 0.6350153426525742, 0.6334868518793642, 0.6056105610561056, 0.6348918353105374, 0.6130241599555679, 0.6221232368225686, 0.619430130342528, 0.6342247364361018, 0.6292751583391978, 0.6303069888961463, 0.6249811434605521, 0.6375497871171543, 0.6188905180840665, 0.6366636113657195, 0.6444553323534216, 0.6376950451683547, 0.6288626951258363, 0.6394313388533042, 0.6298938287989383, 0.6038132169978995, 0.6126440266828381, 0.6243654822335025, 0.6114617940199335, 0.6244571825603613, 0.6279346716570262, 0.6403992645127397, 0.644546027742749, 0.6337629676202452]
val step Accs: [0.635177382085089, 0.6669610007358352, 0.6085018309186435, 0.655224787363305, 0.6584465445953928, 0.6358234295415959, 0.6620099786172488, 0.6542603737725688, 0.6481506388702085, 0.6600951733514616, 0.6206369072451676, 0.628966639544345, 0.6222596964586846, 0.6462516733601071, 0.6686277393734372, 0.6461640211640212]
Preds: [17, 17, 287, 287, 111, 111, 460, 169, 167, 251, 186, 259, 338, 338, 338, 400, 400, 444, 267, 213, 246, 246, 246, 246, 246, 3, 3, 3, 14, 14, 14, 401, 287, 145, 111, 240, 240, 143, 406, 406, 406, 354, 337, 337, 286, 324, 219, 219, 219, 464, 464, 464, 35, 35, 250, 43, 43, 43, 276, 276, 276, 276, 276, 153, 153, 182, 182, 182, 182, 182, 497, 98, 122, 197, 14, 14, 320, 411, 287, 284, 284, 284, 284, 206, 206, 206, 167, 406, 406, 406, 406, 354, 276, 276, 276, 153, 153, 182, 182, 182, 182, 375, 98, 197, 197, 7, 7, 241, 331, 374, 374, 374, 309, 309, 35, 324, 324, 464, 464, 443, 315, 315, 450, 450, 406, 413, 250, 250, 250, 250, 250, 345, 345, 88, 109, 109, 250, 401, 293, 259, 188, 188, 278, 324, 36, 36, 374, 251, 338, 338, 398, 398, 219, 219, 219, 219, 219, 464, 374, 139, 88, 88, 387, 387, 387, 387, 98, 98, 82, 14, 82, 80, 63, 287, 287, 284, 284, 284, 206, 206, 167, 406, 406, 406, 406, 354, 354, 276, 276, 276, 153, 153, 182, 182, 182, 98, 98, 497, 414, 82, 20, 244, 312, 187, 47, 80, 80, 149, 73, 73, 320, 20, 20, 287, 287, 284, 284, 206, 206, 240, 35, 35, 36, 342, 35, 406, 342, 278, 464, 464, 443, 315, 315, 450, 450, 450, 43, 43, 250, 276, 276, 345, 331, 426, 319, 428, 428, 406, 406, 354, 109, 406, 180, 403, 240, 240, 143, 239, 371, 180, 443, 443, 443, 240, 240, 143, 239, 34, 34, 324, 324, 301, 374, 251, 338, 309, 398, 398, 213, 213, 213, 246, 246, 246, 246, 19, 3, 203, 197, 401, 80, 80, 80, 80, 287, 287, 284, 169, 450, 35, 35, 239, 374, 276, 100, 100, 497, 43, 10, 251, 251, 251, 251, 354, 338, 346, 346, 387, 387, 375, 98, 13, 83, 240, 240, 240, 240, 240, 240, 240, 240, 240, 240, 240, 240, 240, 240, 240, 240, 240, 240, 240, 240, 240, 240, 240, 240, 240, 240, 240, 240, 240, 240, 240, 240, 240, 240, 240, 240, 240, 240, 240, 240, 240, 240, 240, 240, 240, 240, 240, 240, 240, 240, 240, 240, 240, 240, 240, 240, 240, 240, 240, 240, 240, 240, 240, 240, 240, 240, 240, 240, 240, 240, 240, 240, 240, 240, 240, 240, 240, 240, 240, 240, 240, 240, 240, 240, 240, 240, 240, 240, 240, 240, 240, 240, 240, 240, 240, 240, 240, 240, 240, 240, 240, 240, 240, 240, 240, 240, 240, 240, 240, 240, 240, 240, 240, 240, 240, 240, 240, 240, 240, 240, 240, 240, 240, 240, 240, 240, 240, 240, 240, 240, 240, 240, 240, 240, 240, 240, 240, 240, 240, 240, 240, 240, 240, 240, 240, 240, 240, 240, 240, 240, 240, 240, 240, 240, 240, 240, 240, 240, 240, 240, 240, 240, 240, 240, 240, 240, 240, 240, 240, 240, 240, 240, 240, 240, 240, 240, 240, 240, 240, 240, 240, 240, 240, 240, 240, 240, 240, 240, 240, 240, 240, 240, 240, 240, 240, 240, 240, 240, 240, 240, 240, 240, 240, 240, 240, 240, 240, 240, 240, 240, 240, 240, 240, 240, 240, 240, 240, 240, 240, 240, 240, 240, 240, 240, 240, 240, 240, 240, 240, 240, 240, 240, 240, 240, 240, 240, 240, 240, 240, 240, 240, 240, 240, 240, 240, 240, 240, 240, 240, 240, 240, 240, 240, 240, 240, 240, 240, 240, 240, 240, 240, 240, 240, 240, 240, 240, 240, 240, 240, 240, 240, 240, 240, 240, 240, 240, 240]

ep178
Train step Loss: [1.724319338798523, 1.7203762531280518, 1.620749592781067, 1.537231683731079, 1.654449462890625, 1.6956123113632202, 1.6722348928451538, 1.7252602577209473, 1.6891719102859497, 1.673134684562683, 1.5622823238372803, 1.5398441553115845, 1.7096705436706543, 1.7888964414596558, 1.623646855354309, 1.724256992340088, 1.6939492225646973, 1.5947506427764893, 1.6458077430725098, 1.6236395835876465, 1.6538420915603638, 1.726593017578125, 1.6806422472000122, 1.697809100151062, 1.582484483718872, 1.6542489528656006, 1.7125300168991089, 1.5561130046844482, 1.7006218433380127, 1.7464226484298706, 1.6316320896148682, 1.6822601556777954, 1.5898689031600952, 1.8462556600570679, 1.6250431537628174, 1.7080295085906982, 1.608992576599121, 1.643406629562378, 1.7371854782104492, 1.6751257181167603, 1.678080677986145, 1.6956647634506226, 1.6568242311477661, 1.7093645334243774, 1.6162892580032349, 1.6479604244232178, 1.7456457614898682, 1.6460325717926025, 1.6016508340835571, 1.6907110214233398, 1.6066492795944214, 1.6769037246704102, 1.66994309425354, 1.6561126708984375, 1.635308027267456, 1.7110034227371216, 1.7744624614715576, 1.6865872144699097, 1.5650845766067505, 1.5920383930206299, 1.6931852102279663, 1.6291077136993408, 1.7826926708221436]
val step Loss: [1.5411368608474731, 1.59828782081604, 1.639037013053894, 1.5218855142593384, 1.5255849361419678, 1.6811052560806274, 1.5868895053863525, 1.6413050889968872, 1.6219556331634521, 1.6611337661743164, 1.6032739877700806, 1.5559759140014648, 1.622170329093933, 1.6376382112503052, 1.6259897947311401, 1.6586495637893677]
Train step Accs: [0.6237000146477223, 0.6051779935275081, 0.6479231421305454, 0.663728370878224, 0.6382282996432818, 0.6241166741843331, 0.6240484916831125, 0.6214455917394758, 0.6252948648158229, 0.629582448690729, 0.6507447354904982, 0.6644048628781454, 0.6200987959246681, 0.6042068361086766, 0.6426754451593596, 0.6252319109461967, 0.6318181818181818, 0.643568299482278, 0.6414090582314881, 0.6489942528735633, 0.6268109617734334, 0.6183581873461705, 0.6255161023947151, 0.6122628250175686, 0.6541213063763608, 0.6304548450889914, 0.6282230941704036, 0.6579107197084725, 0.6240438735748304, 0.6169418521177316, 0.6364875920370875, 0.6340699815837937, 0.6524151436031331, 0.582978025582158, 0.6380676622980799, 0.6140934020275886, 0.6436961628817541, 0.6402430790006752, 0.6201232032854209, 0.6311987504880906, 0.6258850184083828, 0.6221163863670189, 0.6325456103832496, 0.6077918078226054, 0.642577030812325, 0.6237690543639552, 0.5971438645980254, 0.641385644928487, 0.6490233144297417, 0.6286006726129552, 0.6398578811369509, 0.6309213236303721, 0.6287225160033398, 0.6299573392321062, 0.6396953831508805, 0.6162007168458782, 0.6064628820960699, 0.6270321963659548, 0.6472591631527733, 0.6600924499229583, 0.6349158653846154, 0.6397995705082319, 0.6020772476468679]
val step Accs: [0.6655808903365906, 0.6518796992481203, 0.6405871455037765, 0.6652187403040646, 0.6696070569366479, 0.6295112531628713, 0.648813653392535, 0.6416715200931858, 0.6456400742115028, 0.6364357063580149, 0.6468223287459409, 0.6675435711936862, 0.6506484641638225, 0.6544598085397356, 0.648078884733084, 0.6363379485730433]
Preds: [17, 17, 219, 213, 213, 301, 301, 378, 43, 276, 345, 109, 109, 278, 278, 278, 278, 278, 374, 374, 374, 374, 374, 276, 276, 276, 331, 331, 153, 132, 132, 132, 374, 219, 219, 219, 219, 219, 219, 464, 213, 246, 246, 246, 246, 246, 246, 246, 246, 339, 454, 197, 414, 197, 80, 80, 80, 63, 287, 145, 240, 240, 143, 239, 239, 354, 109, 284, 486, 460, 167, 167, 219, 219, 219, 219, 324, 324, 324, 3, 416, 349, 75, 374, 395, 354, 276, 276, 346, 346, 284, 315, 315, 450, 293, 43, 43, 276, 276, 276, 346, 331, 426, 426, 428, 293, 293, 293, 287, 284, 315, 206, 120, 146, 146, 468, 35, 36, 36, 494, 355, 355, 355, 115, 273, 106, 88, 375, 375, 375, 375, 98, 98, 13, 229, 229, 414, 82, 244, 408, 23, 23, 23, 63, 63, 63, 149, 392, 63, 73, 73, 73, 73, 63, 287, 287, 284, 284, 206, 35, 406, 406, 88, 88, 276, 276, 276, 346, 346, 413, 413, 182, 497, 43, 43, 406, 239, 107, 354, 106, 153, 153, 387, 387, 387, 387, 406, 406, 406, 250, 250, 250, 250, 250, 132, 132, 132, 122, 276, 250, 117, 48, 414, 414, 414, 414, 187, 187, 80, 244, 73, 73, 244, 63, 287, 284, 460, 460, 240, 169, 35, 36, 342, 342, 224, 224, 115, 324, 324, 301, 14, 14, 14, 411, 411, 331, 331, 236, 239, 239, 208, 276, 241, 107, 109, 132, 251, 251, 241, 431, 324, 422, 374, 251, 241, 431, 84, 496, 250, 75, 32, 32, 354, 106, 387, 346, 240, 236, 35, 35, 251, 239, 109, 180, 486, 376, 376, 376, 376, 376, 206, 206, 263, 263, 35, 35, 414, 414, 312, 312, 126, 23, 126, 187, 80, 244, 392, 392, 63, 63, 63, 63, 73, 73, 73, 244, 63, 83, 287, 287, 240, 468, 406, 406, 354, 354, 180, 35, 35, 406, 406, 88, 331, 34, 107, 203, 401, 303, 217, 473, 473, 188, 278, 278, 286, 236, 143, 239, 239, 239, 107, 107, 107, 213, 213, 213, 213, 213, 246, 3, 3, 143, 75, 374, 374, 398, 460, 240, 240, 35, 36, 36, 290, 342, 203, 303, 217, 132, 132, 65, 319, 145, 468, 406, 406, 467, 250, 250, 250, 313, 239, 239, 107, 371, 324, 301, 143, 239, 251, 431, 331, 496, 496, 250, 75, 32, 106, 32, 32, 354, 354, 100, 153, 153, 182, 182, 182, 375, 98, 98, 98, 414, 414, 312, 312, 312, 187, 187, 170, 244, 244, 392, 244, 392, 63, 63, 73, 73, 73, 244, 63, 83, 287, 287, 240, 35, 406, 406, 354, 354, 180, 35, 35, 35, 406, 406, 406, 331, 250, 153, 153, 153, 387, 387, 387, 497, 35, 406, 239, 107, 354, 106, 106, 387, 387, 387, 387, 406, 406, 250, 250, 250, 250, 132, 132, 132, 132, 132, 250, 98, 98, 98, 401, 197, 320, 320, 287, 145, 460, 460, 169, 150, 35, 77, 36, 224, 355, 342, 388, 217, 217, 473, 473, 278, 278, 171, 252, 236, 143, 239, 239, 395, 180, 106, 106, 153, 153, 182, 182, 182, 182, 182, 182, 375, 98, 98, 414, 414, 312, 312, 312, 23, 23, 23, 23, 149, 228, 73, 244, 63, 287, 287, 460, 460, 169, 35, 36, 36, 36, 355, 342, 203, 217, 217, 217, 473, 473, 65, 264, 330, 468, 35, 35, 259, 354, 398, 324, 324, 324, 374, 416, 251, 431, 324, 301, 251, 251, 241, 431, 84, 496, 496, 250, 75, 32, 32, 354, 106, 106, 387, 387, 387, 346, 355, 35, 35, 354, 278, 278, 278]

ep179
Train step Loss: [1.6983801126480103, 1.5441943407058716, 1.581627607345581, 1.5609480142593384, 1.7330784797668457, 1.6553239822387695, 1.752431869506836, 1.618751883506775, 1.6467276811599731, 1.6809884309768677, 1.7095279693603516, 1.5676085948944092, 1.5567084550857544, 1.6471881866455078, 1.7779794931411743, 1.650627613067627, 1.719159483909607, 1.7434093952178955, 1.6788614988327026, 1.5801869630813599, 1.7044087648391724, 1.7426263093948364, 1.6494413614273071, 1.6283565759658813, 1.6289702653884888, 1.6973165273666382, 1.6962653398513794, 1.6556912660598755, 1.6031455993652344, 1.7333122491836548, 1.699634313583374, 1.6297098398208618, 1.6232184171676636, 1.6924740076065063, 1.6758702993392944, 1.6061792373657227, 1.6935607194900513, 1.6865465641021729, 1.6324599981307983, 1.6405671834945679, 1.6121519804000854, 1.698532223701477, 1.5818209648132324, 1.7838168144226074, 1.5691739320755005, 1.6743921041488647, 1.6302590370178223, 1.6528894901275635, 1.6046756505966187, 1.6642192602157593, 1.6275050640106201, 1.5560466051101685, 1.6277790069580078, 1.6655575037002563, 1.7267439365386963, 1.6425544023513794, 1.704000473022461, 1.7399218082427979, 1.7155190706253052, 1.608588457107544, 1.7453197240829468, 1.6195379495620728, 1.7277884483337402]
val step Loss: [1.5487760305404663, 1.6054799556732178, 1.5279935598373413, 1.6531237363815308, 1.6027973890304565, 1.6675143241882324, 1.5796200037002563, 1.5927348136901855, 1.5774104595184326, 1.5914140939712524, 1.6636446714401245, 1.5892359018325806, 1.558356761932373, 1.5423675775527954, 1.6232824325561523, 1.6564537286758423]
Train step Accs: [0.6216135309085467, 0.6632501685772083, 0.6532730621128411, 0.6466302367941712, 0.6192513368983957, 0.6366160378899233, 0.6030794165316046, 0.6412053258584443, 0.6433792282848887, 0.6302469135802469, 0.624679438829386, 0.6499929547696209, 0.658704572098476, 0.6398718730933496, 0.6034296307739843, 0.6299582463465553, 0.6222188123369649, 0.6073351768301557, 0.6294218482156771, 0.6488103331067301, 0.6174071991001124, 0.6050696594427245, 0.6323705576999867, 0.6445119028598818, 0.6556902728024249, 0.6316408876933423, 0.6352598348712968, 0.6300067888662594, 0.642184280247277, 0.621587462082912, 0.6310990241561351, 0.6366803927779537, 0.6421267893660532, 0.6324170046567523, 0.6342236306020824, 0.6481342349110945, 0.6262449764109733, 0.6303675712813466, 0.6450040617384241, 0.6351500137627305, 0.641728685206946, 0.6207970112079702, 0.6509809301687475, 0.6036988110964333, 0.6577466721558941, 0.6252033990236847, 0.6357832009080591, 0.635539967850358, 0.649299861233758, 0.6283412669351885, 0.6416942803630601, 0.6515397082658023, 0.6357995967116489, 0.6335217825074826, 0.6127270042817068, 0.6398492544650172, 0.6219420398946179, 0.6141369047619047, 0.6240638228590036, 0.6510621557828482, 0.6063657615536774, 0.6430397727272728, 0.6029785688339993]
val step Accs: [0.6605788577619564, 0.6474809388548363, 0.6620400258231117, 0.6355350066050198, 0.648420394119487, 0.6352898419044157, 0.6502175264139217, 0.6545480672510419, 0.6608286498496928, 0.6542834267413931, 0.6373378454596729, 0.6591304347826087, 0.6610286981838347, 0.6614820249449743, 0.6516209089498992, 0.6520590178374808]
Preds: [17, 17, 451, 188, 278, 278, 240, 143, 75, 239, 331, 278, 278, 330, 330, 240, 240, 35, 77, 239, 371, 286, 286, 286, 324, 464, 464, 464, 464, 443, 486, 315, 450, 450, 460, 240, 468, 35, 35, 35, 35, 401, 473, 36, 371, 164, 164, 494, 355, 355, 115, 267, 267, 267, 267, 324, 422, 422, 468, 99, 395, 219, 219, 213, 213, 213, 213, 219, 219, 219, 252, 464, 374, 139, 106, 139, 100, 182, 182, 182, 375, 375, 98, 98, 98, 98, 321, 23, 23, 170, 320, 321, 7, 7, 63, 7, 374, 374, 398, 337, 398, 464, 443, 139, 139, 139, 139, 139, 293, 293, 43, 43, 43, 276, 345, 153, 387, 345, 406, 406, 467, 467, 496, 88, 338, 473, 107, 395, 337, 337, 213, 213, 213, 252, 252, 143, 239, 310, 239, 107, 107, 107, 213, 213, 213, 213, 213, 213, 246, 246, 246, 19, 454, 414, 414, 414, 126, 80, 80, 244, 321, 320, 345, 345, 354, 100, 153, 497, 43, 43, 43, 345, 109, 109, 84, 84, 84, 413, 100, 293, 293, 43, 122, 88, 346, 284, 284, 284, 206, 206, 240, 175, 88, 426, 426, 486, 206, 206, 206, 146, 146, 169, 282, 150, 342, 342, 77, 273, 106, 496, 88, 319, 319, 330, 330, 339, 94, 338, 219, 219, 464, 464, 464, 180, 443, 486, 486, 460, 460, 301, 301, 301, 99, 94, 395, 400, 324, 324, 324, 301, 301, 143, 251, 354, 441, 276, 346, 346, 139, 139, 284, 426, 426, 428, 206, 450, 450, 175, 496, 496, 431, 431, 355, 290, 286, 324, 301, 355, 355, 416, 75, 75, 464, 464, 434, 434, 434, 464, 464, 374, 139, 139, 139, 355, 293, 35, 35, 75, 34, 36, 354, 284, 284, 284, 284, 284, 284, 206, 206, 206, 206, 206, 282, 282, 35, 406, 100, 100, 100, 100, 100, 182, 182, 497, 375, 98, 98, 229, 229, 312, 312, 126, 23, 23, 23, 63, 392, 392, 392, 244, 244, 321, 320, 287, 287, 287, 486, 486, 460, 460, 460, 460, 169, 150, 150, 150, 150, 224, 342, 286, 324, 324, 324, 422, 464, 203, 145, 145, 145, 486, 486, 206, 206, 146, 146, 146, 146, 146, 468, 468, 468, 77, 77, 395, 36, 34, 290, 213, 213, 213, 213, 246, 252, 3, 416, 310, 310, 342, 342, 468, 224, 267, 213, 213, 213, 213, 246, 246, 246, 246, 246, 246, 246, 246, 19, 197, 19, 19, 301, 264, 264, 264, 264, 264, 264, 120, 120, 120, 120, 120, 120, 120, 120, 120, 120, 120, 120, 120, 120, 120, 120, 120, 120, 120, 120, 120, 120, 120, 120, 120, 120, 120, 120, 120, 120, 120, 120, 120, 120, 120, 120, 120, 120, 120, 120, 120, 120, 120, 120, 120, 120, 120, 120, 120, 120, 120, 120, 120, 120, 120, 120, 120, 120, 120, 120, 120, 120, 120, 120, 120, 120, 120, 120, 120, 120, 120, 120, 120, 120, 120, 120, 120, 120, 120, 120, 120, 120, 120, 120, 120, 120, 120, 120, 120, 120, 120, 120, 120, 120, 120, 120, 120, 120, 120, 120, 120, 120, 120, 120, 120, 120, 120, 120, 120, 120, 120, 120, 120, 120, 120, 120, 120, 120, 120, 120, 120, 120, 120, 120, 120, 120, 120, 120, 120, 120, 120, 120, 120, 120, 120, 120, 120, 120, 120, 120, 120, 120, 120, 120, 120, 120, 120, 120, 120, 120, 120, 120, 120, 120, 120, 120, 120, 120, 120, 120, 120, 120, 120, 120, 120, 120, 120, 120, 120, 120, 120, 120, 120, 120, 120, 120, 120, 120, 120, 120, 120, 120, 120, 120, 120]

ep180
Train step Loss: [1.687454104423523, 1.549365758895874, 1.7280068397521973, 1.6559104919433594, 1.6669590473175049, 1.7238914966583252, 1.6165024042129517, 1.5706098079681396, 1.6235383749008179, 1.6433343887329102, 1.6334402561187744, 1.6844124794006348, 1.663514494895935, 1.7204101085662842, 1.6341335773468018, 1.5106425285339355, 1.711024284362793, 1.6835240125656128, 1.6638984680175781, 1.7106943130493164, 1.7466521263122559, 1.5209403038024902, 1.6465380191802979, 1.5861278772354126, 1.6109553575515747, 1.608803153038025, 1.621406078338623, 1.6135176420211792, 1.7366663217544556, 1.698365330696106, 1.6461412906646729, 1.6364256143569946, 1.6544549465179443, 1.6779980659484863, 1.6720150709152222, 1.6892571449279785, 1.6495630741119385, 1.6255147457122803, 1.7130846977233887, 1.6248714923858643, 1.578549861907959, 1.6761773824691772, 1.6938685178756714, 1.5657073259353638, 1.6661252975463867, 1.7275582551956177, 1.6528186798095703, 1.6072787046432495, 1.7268272638320923, 1.618119478225708, 1.6220970153808594, 1.533023476600647, 1.566041111946106, 1.6447890996932983, 1.6351197957992554, 1.6411237716674805, 1.7118761539459229, 1.761480450630188, 1.5862007141113281, 1.6916061639785767, 1.6668307781219482, 1.646705150604248, 1.7493584156036377]
val step Loss: [1.5723389387130737, 1.6570872068405151, 1.5761148929595947, 1.6432017087936401, 1.6892462968826294, 1.492032527923584, 1.6240342855453491, 1.6021662950515747, 1.5720505714416504, 1.5910944938659668, 1.5541728734970093, 1.5728771686553955, 1.6099625825881958, 1.63652503490448, 1.5477821826934814, 1.5201739072799683]
Train step Accs: [0.6223061852784775, 0.6612344411651482, 0.6160639192598822, 0.6422185430463576, 0.6330205811138014, 0.6152105812739297, 0.6456469886702445, 0.6638112413585813, 0.6445919689119171, 0.6349112426035503, 0.6380739795918368, 0.6290487120632492, 0.6426930806775768, 0.6117274167987322, 0.641314073884699, 0.6704158145875937, 0.6168478260869565, 0.6192913916206385, 0.6324272640349679, 0.617804950790337, 0.6127279782693054, 0.6656866862662747, 0.6349952963311383, 0.6493071417694534, 0.6363373772385904, 0.6428002125398512, 0.6423272727272727, 0.6448643410852714, 0.6052442528735632, 0.6221093202522775, 0.6328241988619348, 0.6253098661378285, 0.6298837697801428, 0.6279787416423795, 0.631191535040638, 0.6385906040268456, 0.6338729763387297, 0.6476862980769231, 0.6171463943051687, 0.6385039238604108, 0.6512080428084969, 0.6276468238114263, 0.6184810628594091, 0.6473601260835303, 0.6298303151290461, 0.6224606580829757, 0.6365229582895198, 0.6342451874366768, 0.6186426819296811, 0.6429638482222886, 0.6456326268464997, 0.6734109562893682, 0.656844776540251, 0.6280487804878049, 0.6421084156933213, 0.6372577803875514, 0.628385698808234, 0.6141585295807007, 0.6471426535556506, 0.6295446523120367, 0.6361301369863014, 0.6308271856851357, 0.6034912718204489]
val step Accs: [0.6572900158478605, 0.6380124980948026, 0.6507811267161118, 0.637502144450163, 0.6314814814814815, 0.6798556515014822, 0.6506521380221232, 0.6462746259813361, 0.6547654616074097, 0.6576420588698253, 0.6695544554455446, 0.6568192254706873, 0.6548632218844985, 0.640387275242047, 0.6531518624641833, 0.6757114493712773]
Preds: [17, 17, 287, 287, 287, 284, 206, 206, 167, 169, 35, 164, 401, 374, 374, 354, 354, 276, 276, 387, 297, 132, 250, 411, 398, 398, 324, 324, 324, 301, 301, 422, 99, 354, 106, 346, 284, 284, 426, 355, 355, 355, 467, 467, 486, 460, 169, 150, 150, 232, 232, 232, 259, 77, 401, 354, 354, 106, 284, 284, 284, 315, 450, 450, 450, 293, 53, 303, 65, 276, 182, 43, 100, 182, 182, 182, 182, 375, 375, 98, 98, 13, 197, 197, 80, 321, 321, 7, 7, 219, 219, 213, 213, 324, 464, 464, 464, 315, 315, 450, 460, 167, 282, 35, 35, 406, 100, 100, 497, 497, 43, 43, 276, 276, 276, 153, 153, 497, 497, 43, 182, 182, 182, 182, 354, 387, 387, 387, 43, 413, 132, 122, 473, 331, 331, 35, 35, 426, 426, 426, 426, 375, 375, 98, 98, 35, 414, 312, 312, 187, 187, 187, 187, 187, 20, 228, 321, 320, 7, 219, 219, 219, 219, 152, 374, 374, 374, 346, 346, 36, 36, 36, 172, 172, 395, 400, 400, 213, 324, 374, 374, 10, 338, 398, 398, 464, 464, 324, 301, 301, 99, 251, 251, 374, 374, 374, 374, 374, 132, 132, 132, 182, 375, 98, 98, 98, 414, 414, 414, 414, 244, 392, 392, 392, 392, 392, 392, 392, 392, 392, 392, 321, 321, 320, 320, 7, 7, 309, 309, 109, 109, 109, 443, 443, 443, 450, 240, 240, 150, 35, 406, 406, 413, 132, 132, 406, 406, 406, 331, 34, 337, 337, 324, 324, 324, 246, 246, 246, 246, 246, 301, 143, 239, 354, 219, 422, 286, 286, 286, 286, 286, 286, 374, 374, 345, 34, 34, 34, 337, 286, 286, 286, 324, 324, 324, 324, 324, 324, 422, 422, 422, 301, 416, 143, 434, 286, 286, 286, 286, 286, 286, 374, 374, 138, 43, 43, 43, 276, 276, 497, 497, 497, 186, 36, 35, 35, 323, 371, 273, 106, 153, 153, 153, 122, 122, 88, 88, 375, 98, 13, 83, 188, 264, 264, 264, 264, 240, 240, 240, 240, 240, 240, 240, 240, 240, 240, 240, 240, 240, 240, 240, 240, 240, 264, 264, 264, 264, 264, 264, 264, 264, 264, 264, 264, 264, 264, 264, 264, 264, 264, 264, 264, 264, 264, 264, 264, 264, 264, 264, 264, 264, 264, 264, 264, 264, 264, 264, 264, 264, 264, 264, 264, 264, 264, 264, 264, 264, 264, 264, 264, 120, 120, 120, 120, 120, 120, 120, 120, 120, 120, 120, 120, 120, 120, 120, 120, 120, 120, 120, 120, 120, 120, 120, 120, 120, 120, 120, 120, 120, 120, 120, 120, 120, 120, 120, 120, 120, 120, 120, 120, 120, 120, 120, 120, 120, 120, 120, 120, 120, 120, 120, 120, 120, 120, 120, 120, 120, 120, 120, 120, 120, 120, 120, 120, 120, 120, 120, 120, 120, 120, 120, 120, 120, 120, 120, 120, 120, 120, 120, 120, 120, 120, 120, 120, 120, 120, 120, 120, 120, 120, 120, 120, 120, 120, 120, 120, 120, 120, 120, 120, 120, 120, 120, 120, 120, 120, 120, 120, 120, 120, 120, 120, 120, 120, 120, 120, 120, 120, 120, 120, 120, 120, 120, 120, 120, 120, 120, 120, 120, 120, 120, 120, 120, 120, 120, 120, 120, 120, 120, 120, 120, 120, 120, 120, 120, 120, 120, 120, 120, 120, 120, 120, 120, 120, 120, 120, 120, 120, 120, 120, 120, 120, 120, 120, 120, 120, 120, 120, 120, 120, 120, 120, 120, 120, 120, 120, 120, 120, 120, 120, 120, 120, 120, 120, 120, 120, 120, 120, 120, 120, 120, 120, 120, 120, 120, 120, 120, 120, 120, 120]

ep181
Train step Loss: [1.6670244932174683, 1.6511399745941162, 1.5593198537826538, 1.5995721817016602, 1.8132140636444092, 1.653381109237671, 1.6034187078475952, 1.6464262008666992, 1.6418485641479492, 1.642431378364563, 1.6605569124221802, 1.5803351402282715, 1.643521785736084, 1.7087924480438232, 1.6296122074127197, 1.7656968832015991, 1.6388894319534302, 1.6580355167388916, 1.5988519191741943, 1.591962218284607, 1.6759450435638428, 1.6440038681030273, 1.744184970855713, 1.6298842430114746, 1.6777721643447876, 1.7158962488174438, 1.579896092414856, 1.682997465133667, 1.6544984579086304, 1.7311710119247437, 1.6933175325393677, 1.680321455001831, 1.6454299688339233, 1.6235153675079346, 1.7054290771484375, 1.6767505407333374, 1.6035984754562378, 1.6346124410629272, 1.6216787099838257, 1.607906460762024, 1.6280509233474731, 1.6428542137145996, 1.7140048742294312, 1.5901200771331787, 1.6660168170928955, 1.6207208633422852, 1.6542096138000488, 1.6542965173721313, 1.6139336824417114, 1.6388254165649414, 1.690112590789795, 1.6663914918899536, 1.5550681352615356, 1.5738009214401245, 1.6767901182174683, 1.5850938558578491, 1.628800868988037, 1.5071943998336792, 1.7095216512680054, 1.642943263053894, 1.5352563858032227, 1.6099637746810913, 1.50709867477417]
val step Loss: [1.6105667352676392, 1.563639521598816, 1.5634719133377075, 1.5543079376220703, 1.6406974792480469, 1.6360398530960083, 1.616651177406311, 1.6466304063796997, 1.4702152013778687, 1.6366033554077148, 1.5433192253112793, 1.6158958673477173, 1.5440659523010254, 1.532120943069458, 1.5355676412582397, 1.6004973649978638]
Train step Accs: [0.6247507643227436, 0.6353498745469752, 0.6621267679413305, 0.6518464880521362, 0.5920750782064651, 0.644299674267101, 0.6506771088268886, 0.642548596112311, 0.6415441176470589, 0.6346456692913386, 0.6291044776119403, 0.6550142360012654, 0.6310120979640012, 0.6137582350237475, 0.643371325734853, 0.6133806986382475, 0.6324972737186477, 0.6309268889568675, 0.6598360655737705, 0.6512942576614102, 0.6369309838472834, 0.6388842492066144, 0.6091265744373322, 0.6426862925482981, 0.6321612609881783, 0.6252155915833046, 0.6515073434681783, 0.6287128712871287, 0.6319370936035082, 0.610064043915828, 0.6235062774164272, 0.6216390275317984, 0.644534647723978, 0.6379831398123111, 0.6344269279931828, 0.6290348227063126, 0.6433956574185766, 0.6291666666666667, 0.6322836962919365, 0.6459968602825745, 0.6352591123233325, 0.6261494252873563, 0.6234452736318408, 0.6387058118633913, 0.6401390413465057, 0.6401956553013954, 0.6313328137178488, 0.6380802517702596, 0.6442166910688141, 0.6372287780738485, 0.6223460721868365, 0.6271648492623476, 0.6587484729197773, 0.6536193029490617, 0.6312346688470973, 0.6572384004458688, 0.6322328114363512, 0.6680660104226983, 0.6301148309881934, 0.6391797556719022, 0.6564906490649065, 0.6447090744648779, 0.6626074498567335]
val step Accs: [0.6597829363883027, 0.6572449642625081, 0.6525695029486099, 0.662657115826463, 0.6455298486146815, 0.6402388455796981, 0.6480201131363922, 0.6325114424922487, 0.6862184873949579, 0.6460142067876875, 0.6637892543533264, 0.6480718280836032, 0.6661585365853658, 0.6697359512525389, 0.6588235294117647, 0.6497844827586207]
Preds: [17, 17, 296, 7, 473, 65, 264, 264, 264, 264, 264, 264, 264, 468, 468, 35, 337, 286, 286, 464, 278, 203, 48, 75, 401, 401, 321, 320, 345, 109, 109, 264, 264, 171, 171, 171, 171, 171, 171, 171, 3, 301, 31, 468, 164, 164, 464, 464, 464, 464, 99, 259, 259, 250, 250, 331, 106, 106, 426, 426, 426, 426, 35, 293, 43, 43, 239, 374, 276, 276, 106, 106, 331, 426, 426, 426, 426, 413, 375, 375, 375, 98, 348, 303, 48, 48, 48, 244, 414, 170, 392, 392, 63, 63, 63, 63, 63, 63, 63, 63, 63, 63, 63, 63, 73, 73, 320, 320, 63, 287, 287, 348, 413, 293, 293, 43, 406, 406, 276, 276, 106, 346, 346, 284, 284, 426, 426, 426, 426, 426, 426, 206, 206, 460, 240, 468, 35, 36, 290, 224, 224, 224, 355, 388, 374, 217, 473, 473, 65, 264, 264, 450, 271, 290, 207, 207, 434, 339, 251, 75, 239, 107, 371, 278, 301, 301, 374, 75, 34, 338, 338, 431, 75, 32, 239, 239, 208, 208, 153, 100, 132, 132, 66, 239, 239, 239, 239, 107, 107, 107, 400, 400, 19, 19, 454, 229, 48, 82, 80, 80, 80, 80, 392, 244, 392, 392, 392, 392, 392, 73, 66, 7, 320, 320, 75, 395, 354, 65, 180, 443, 315, 315, 450, 450, 450, 88, 88, 346, 139, 413, 293, 426, 239, 35, 35, 276, 276, 100, 153, 43, 10, 401, 244, 244, 320, 276, 345, 345, 413, 387, 122, 88, 88, 88, 338, 431, 109, 109, 443, 443, 240, 240, 251, 251, 241, 431, 65, 428, 146, 146, 146, 240, 406, 406, 239, 354, 180, 180, 486, 486, 376, 376, 376, 376, 167, 282, 85, 264, 468, 35, 77, 239, 75, 107, 371, 278, 278, 324, 19, 454, 229, 229, 170, 392, 392, 392, 392, 392, 392, 392, 392, 392, 392, 73, 244, 320, 244, 7, 7, 309, 309, 398, 213, 213, 213, 213, 213, 252, 143, 401, 401, 401, 75, 7, 371, 400, 171, 171, 3, 416, 239, 303, 219, 219, 219, 252, 286, 286, 286, 35, 406, 467, 467, 355, 355, 355, 355, 301, 301, 301, 203, 330, 330, 240, 240, 240, 240, 240, 240, 240, 240, 240, 240, 240, 240, 240, 240, 240, 240, 240, 240, 240, 240, 240, 240, 240, 240, 240, 240, 240, 240, 240, 240, 240, 240, 240, 240, 240, 240, 240, 240, 240, 240, 240, 240, 240, 240, 240, 240, 240, 240, 240, 240, 240, 240, 240, 240, 240, 240, 240, 240, 240, 240, 240, 240, 240, 240, 240, 240, 240, 240, 240, 240, 240, 240, 240, 240, 240, 240, 240, 240, 240, 240, 240, 240, 240, 240, 240, 240, 240, 240, 240, 240, 240, 240, 240, 240, 240, 240, 240, 240, 240, 240, 240, 240, 240, 240, 240, 240, 240, 240, 240, 240, 240, 240, 240, 240, 240, 240, 240, 240, 240, 240, 240, 240, 240, 240, 240, 240, 240, 240, 240, 240, 240, 240, 240, 240, 240, 240, 240, 240, 240, 240, 240, 240, 240, 240, 240, 240, 240, 240, 240, 240, 240, 240, 240, 240, 240, 240, 240, 240, 240, 240, 240, 240, 240, 240, 240, 240, 240, 240, 240, 240, 240, 240, 240, 240, 240, 240, 240, 240, 240, 240, 240, 240, 240, 240, 240, 240, 240, 240, 240, 240, 240, 240, 240, 240, 240, 240, 240, 240, 240, 240, 240, 240, 240, 240, 240, 240, 240, 240, 240, 240, 240, 240, 240, 240, 240, 240, 240, 240, 240, 240, 240, 240, 240, 240, 240, 240, 240, 240, 240, 240, 240, 240, 240, 240, 240, 240, 240]

ep182
Train step Loss: [1.6431132555007935, 1.682254433631897, 1.5355298519134521, 1.5138156414031982, 1.6639060974121094, 1.6068987846374512, 1.687841534614563, 1.635918378829956, 1.5621416568756104, 1.6195321083068848, 1.7058217525482178, 1.6120184659957886, 1.604166865348816, 1.6352711915969849, 1.6906628608703613, 1.6906596422195435, 1.5371640920639038, 1.6191790103912354, 1.6917909383773804, 1.6232337951660156, 1.658974528312683, 1.6825830936431885, 1.5751299858093262, 1.6966415643692017, 1.5864787101745605, 1.686229944229126, 1.5388349294662476, 1.6204429864883423, 1.5244624614715576, 1.662676453590393, 1.71730637550354, 1.6514344215393066, 1.6368433237075806, 1.6489359140396118, 1.6268882751464844, 1.6507036685943604, 1.564488410949707, 1.6763052940368652, 1.653342366218567, 1.6604909896850586, 1.6381752490997314, 1.631149411201477, 1.5709909200668335, 1.7010968923568726, 1.6271759271621704, 1.6114329099655151, 1.6275875568389893, 1.6514170169830322, 1.6656386852264404, 1.662258267402649, 1.682618260383606, 1.6148109436035156, 1.6378438472747803, 1.7000271081924438, 1.6327377557754517, 1.5976135730743408, 1.5954970121383667, 1.6346778869628906, 1.5516153573989868, 1.621544599533081, 1.6407045125961304, 1.7273696660995483, 1.5590614080429077]
val step Loss: [1.5537824630737305, 1.591528296470642, 1.527640461921692, 1.5672084093093872, 1.5714951753616333, 1.5345059633255005, 1.629834771156311, 1.502197265625, 1.6003817319869995, 1.647314190864563, 1.6179693937301636, 1.543103575706482, 1.5837068557739258, 1.5269635915756226, 1.5780616998672485, 1.5841178894042969]
Train step Accs: [0.6432229429839535, 0.630636292223095, 0.6644554149953718, 0.6622043150506889, 0.6329449933638106, 0.6500135025654874, 0.6247587947157488, 0.6327898550724638, 0.6567624614385452, 0.6421543895055499, 0.6263181345611168, 0.6347982945227943, 0.649949560455397, 0.6324349442379182, 0.617773530817009, 0.6188448985383851, 0.659219685931682, 0.6371253625523686, 0.6167429692609548, 0.6434567901234568, 0.6356564019448947, 0.6320095195597204, 0.6567933032839666, 0.6273073989321128, 0.6564142194744976, 0.6317260656883298, 0.6611290570681434, 0.6291586831562446, 0.6676401056876652, 0.6260744985673352, 0.6227560718057022, 0.6386128574325695, 0.6353647817169645, 0.6304011017386814, 0.6439547694984054, 0.6233013227033883, 0.6623946629213483, 0.6392217679402228, 0.6376274328081557, 0.6260783481827181, 0.6375641966250917, 0.6415736455213722, 0.6528256374913852, 0.6299526907155529, 0.6354210452571109, 0.6417617689015692, 0.6389076196898179, 0.6422980150964496, 0.6232886795230385, 0.6284844601089394, 0.6297237218164496, 0.6419341392246769, 0.6303317535545023, 0.6258533042846768, 0.6493968450355707, 0.6482108673243999, 0.6500322372662798, 0.6388847249287963, 0.6626178679878536, 0.6402671755725191, 0.6385663806158506, 0.6089810532597344, 0.6603078982597055]
val step Accs: [0.659778812572759, 0.6503961516694963, 0.6713432835820895, 0.664287883389007, 0.6622240733027905, 0.6558086989267558, 0.6392405063291139, 0.6761980830670926, 0.6546658986175116, 0.6363636363636364, 0.6388759509392952, 0.6656186134255621, 0.657925578669792, 0.669441309255079, 0.6605901639344263, 0.6626402070750647]
Preds: [17, 17, 219, 152, 152, 378, 32, 354, 109, 139, 319, 428, 443, 240, 240, 240, 468, 35, 164, 443, 284, 284, 206, 206, 206, 206, 146, 146, 146, 120, 324, 219, 219, 219, 422, 434, 171, 171, 171, 171, 171, 171, 171, 171, 246, 246, 246, 246, 246, 246, 246, 246, 219, 219, 219, 219, 19, 152, 286, 378, 32, 32, 259, 354, 354, 346, 180, 428, 428, 146, 240, 240, 77, 34, 34, 84, 84, 84, 100, 293, 293, 293, 497, 98, 43, 43, 276, 276, 276, 153, 153, 346, 387, 387, 387, 387, 122, 122, 406, 106, 467, 337, 371, 150, 54, 434, 401, 411, 411, 400, 400, 400, 186, 290, 35, 77, 342, 342, 342, 115, 115, 267, 150, 271, 434, 464, 434, 434, 171, 171, 171, 252, 416, 416, 303, 395, 354, 354, 346, 284, 284, 284, 206, 426, 450, 293, 122, 88, 431, 331, 355, 355, 355, 264, 207, 207, 454, 454, 229, 229, 321, 82, 408, 126, 326, 80, 80, 408, 408, 408, 149, 149, 244, 244, 321, 66, 66, 68, 68, 115, 273, 267, 267, 264, 443, 443, 460, 460, 169, 35, 35, 406, 496, 496, 293, 293, 293, 186, 66, 36, 342, 342, 342, 355, 273, 273, 267, 267, 146, 146, 146, 450, 450, 450, 434, 434, 468, 468, 259, 496, 338, 338, 338, 338, 338, 398, 398, 398, 398, 464, 464, 374, 374, 374, 400, 106, 43, 345, 331, 426, 426, 486, 376, 315, 120, 146, 146, 282, 77, 342, 342, 224, 355, 324, 301, 8, 354, 331, 426, 355, 486, 376, 460, 460, 169, 169, 35, 239, 239, 107, 107, 395, 395, 395, 395, 374, 374, 374, 132, 132, 145, 337, 337, 301, 203, 197, 197, 401, 321, 321, 188, 188, 188, 171, 171, 171, 252, 3, 99, 251, 338, 338, 338, 338, 400, 400, 400, 213, 374, 241, 107, 338, 338, 401, 400, 19, 330, 330, 120, 120, 120, 120, 120, 120, 120, 120, 120, 120, 120, 120, 120, 120, 120, 120, 120, 120, 120, 120, 120, 120, 120, 120, 120, 120, 120, 120, 120, 120, 120, 120, 120, 120, 120, 120, 120, 120, 120, 120, 120, 120, 120, 120, 120, 120, 120, 120, 120, 120, 120, 120, 120, 120, 120, 120, 120, 120, 120, 120, 120, 120, 120, 120, 120, 120, 120, 120, 120, 120, 120, 120, 120, 120, 120, 120, 120, 120, 120, 120, 120, 120, 120, 120, 120, 120, 120, 120, 120, 120, 120, 120, 120, 120, 120, 120, 120, 120, 120, 120, 120, 120, 120, 120, 120, 120, 120, 120, 120, 120, 120, 120, 120, 120, 120, 120, 120, 120, 120, 120, 120, 120, 120, 120, 120, 120, 120, 120, 120, 120, 120, 120, 120, 120, 120, 120, 120, 120, 120, 120, 120, 120, 120, 120, 120, 120, 120, 120, 120, 120, 120, 120, 120, 120, 120, 120, 120, 120, 120, 120, 120, 120, 120, 120, 120, 120, 120, 120, 120, 120, 120, 120, 120, 120, 120, 120, 120, 120, 120, 120, 120, 120, 120, 120, 120, 120, 120, 120, 120, 120, 120, 120, 120, 120, 120, 120, 120, 120, 120, 120, 120, 120, 120, 120, 120, 120, 120, 120, 120, 120, 120, 120, 120, 120, 120, 120, 120, 120, 120, 120, 120, 120, 120, 120, 120, 120, 120, 120, 120, 120, 120, 120, 120, 120, 120, 120, 120, 120, 120, 120, 120, 120, 120, 120, 120, 120, 120, 120, 120, 120, 120, 120, 120, 120, 120, 120, 120, 120, 120, 120, 120, 120, 120, 120, 120, 120, 120, 120, 120, 120, 120, 120, 120, 120, 120, 120, 120, 120, 120, 120, 120, 120]

ep183
Train step Loss: [1.647520899772644, 1.6497267484664917, 1.664454698562622, 1.669211745262146, 1.6098990440368652, 1.6042462587356567, 1.6316375732421875, 1.635507345199585, 1.6007261276245117, 1.7663425207138062, 1.5966097116470337, 1.5496913194656372, 1.6314094066619873, 1.6396303176879883, 1.6698921918869019, 1.634254813194275, 1.5766798257827759, 1.613620638847351, 1.5797799825668335, 1.593475580215454, 1.4840000867843628, 1.6918420791625977, 1.588881492614746, 1.6244232654571533, 1.5704044103622437, 1.779293179512024, 1.6237636804580688, 1.668133020401001, 1.7403401136398315, 1.6000570058822632, 1.5598013401031494, 1.5780974626541138, 1.5783663988113403, 1.6582527160644531, 1.6257647275924683, 1.5073480606079102, 1.6041746139526367, 1.6344205141067505, 1.6158978939056396, 1.6418020725250244, 1.564705729484558, 1.7162466049194336, 1.7596640586853027, 1.6931465864181519, 1.6364377737045288, 1.6948590278625488, 1.673621654510498, 1.640640377998352, 1.5811169147491455, 1.5778002738952637, 1.5866073369979858, 1.6119810342788696, 1.627492070198059, 1.5631392002105713, 1.6515448093414307, 1.6815961599349976, 1.6046596765518188, 1.615525245666504, 1.6115845441818237, 1.692629337310791, 1.5542101860046387, 1.6406984329223633, 1.557465672492981]
val step Loss: [1.5527688264846802, 1.510530710220337, 1.5810508728027344, 1.6743451356887817, 1.4828585386276245, 1.5256032943725586, 1.5388853549957275, 1.5470534563064575, 1.489192008972168, 1.555505633354187, 1.491165280342102, 1.6162372827529907, 1.6850188970565796, 1.6951180696487427, 1.5530697107315063, 1.6024844646453857]
Train step Accs: [0.6390156453715776, 0.6264189886480909, 0.6301927776269346, 0.6217857142857143, 0.6494070002892681, 0.647717041800643, 0.6424878836833603, 0.635034175806708, 0.6475835225429776, 0.6078283209913858, 0.6554004408523145, 0.653523974581167, 0.6380860185313235, 0.6434222631094756, 0.6212871287128713, 0.632729905865315, 0.6567954220314736, 0.644453642384106, 0.6539318688315823, 0.6497142857142857, 0.6700628290032263, 0.6229821211595209, 0.6344434165895776, 0.6416315049226442, 0.6523623753792804, 0.6136331494838071, 0.633265771472004, 0.6334661354581673, 0.6124517374517374, 0.6402061855670103, 0.6511422254974207, 0.6543894389438943, 0.6489157692875055, 0.6317621006010756, 0.6466591166477916, 0.6788573222414064, 0.6479087452471483, 0.6500476341695777, 0.6430613961312027, 0.6375507835171214, 0.6603660366036603, 0.616849290461649, 0.6032716709983184, 0.6276276276276276, 0.6365475387727579, 0.6237369687249399, 0.6345881241140338, 0.6387450051798135, 0.6447655856158628, 0.6519072550486164, 0.648271585800651, 0.6462882096069869, 0.6429980276134122, 0.6578060165975104, 0.6387704074128548, 0.6292169134483285, 0.6458058124174373, 0.6468060727585219, 0.6457081831531171, 0.6247176508551145, 0.6595744680851063, 0.6373641682920034, 0.6495433789954338]
val step Accs: [0.6601210689502436, 0.6697750959956116, 0.6594681708299758, 0.6337460408868414, 0.6884699243298704, 0.6669526424159231, 0.666403162055336, 0.6675582728314864, 0.6824591088550479, 0.6601926163723917, 0.6775592380362397, 0.6442577030812325, 0.615609756097561, 0.6305563732705328, 0.6640949554896143, 0.6433197409450707]
Preds: [17, 17, 7, 309, 309, 479, 354, 398, 398, 213, 213, 246, 246, 246, 301, 378, 109, 109, 324, 324, 324, 3, 3, 271, 36, 36, 232, 232, 115, 273, 319, 319, 146, 146, 146, 146, 146, 207, 207, 207, 207, 120, 120, 120, 219, 219, 219, 252, 286, 286, 286, 468, 468, 468, 468, 467, 467, 467, 467, 180, 180, 486, 460, 240, 240, 468, 99, 426, 486, 486, 486, 206, 206, 282, 35, 35, 406, 100, 100, 497, 497, 497, 122, 406, 467, 109, 180, 264, 120, 120, 468, 468, 35, 337, 337, 286, 464, 464, 464, 315, 315, 315, 450, 450, 450, 450, 450, 150, 203, 203, 320, 276, 473, 338, 338, 374, 309, 331, 331, 331, 355, 355, 452, 263, 263, 263, 13, 13, 170, 244, 75, 75, 75, 75, 401, 244, 82, 20, 20, 392, 73, 244, 321, 321, 321, 83, 83, 83, 330, 150, 68, 36, 251, 338, 338, 338, 395, 395, 395, 65, 486, 486, 460, 450, 450, 35, 77, 34, 290, 236, 236, 236, 286, 213, 213, 464, 464, 282, 36, 36, 36, 168, 342, 342, 355, 355, 36, 36, 36, 464, 464, 464, 406, 284, 284, 284, 206, 206, 293, 293, 293, 122, 251, 241, 431, 331, 284, 284, 206, 206, 206, 206, 282, 35, 35, 406, 224, 496, 496, 496, 497, 406, 75, 34, 34, 34, 114, 109, 486, 486, 443, 146, 169, 450, 150, 150, 150, 342, 342, 35, 99, 259, 401, 401, 401, 188, 337, 286, 213, 213, 213, 246, 246, 246, 464, 464, 464, 464, 282, 282, 36, 36, 36, 168, 232, 355, 115, 115, 273, 273, 267, 264, 264, 443, 139, 450, 450, 450, 293, 271, 169, 77, 75, 224, 224, 355, 355, 290, 116, 374, 251, 338, 199, 398, 398, 464, 240, 120, 468, 468, 395, 354, 354, 106, 284, 284, 206, 206, 206, 206, 169, 263, 35, 229, 229, 229, 312, 312, 312, 126, 23, 23, 23, 149, 149, 149, 321, 321, 320, 7, 320, 441, 441, 441, 431, 241, 431, 36, 251, 251, 251, 338, 338, 338, 338, 400, 400, 400, 416, 35, 496, 331, 107, 107, 259, 259, 251, 251, 251, 338, 338, 338, 338, 338, 338, 338, 338, 431, 303, 400, 263, 48, 48, 17, 17, 80, 80, 80, 80, 80, 80, 80, 80, 392, 392, 244, 321, 75, 320, 320, 70, 70, 75, 75, 75, 354, 65, 428, 213, 213, 213, 213, 252, 301, 301, 252, 219, 219, 324, 324, 324, 464, 464, 464, 464, 464, 315, 486, 464, 464, 464, 464, 464, 207, 207, 246, 246, 246, 246, 246, 246, 318, 143, 310, 371, 371, 342, 342, 115, 115, 224, 267, 267, 434, 434, 19, 19, 19, 454, 48, 414, 414, 170, 82, 80, 80, 80, 80, 320, 320, 320, 287, 287, 426, 426, 293, 98, 35, 239, 208, 276, 276, 345, 293, 109, 293, 413, 132, 75, 239, 395, 395, 395, 371, 278, 416, 34, 331, 84, 84, 139, 293, 293, 293, 122, 406, 276, 276, 331, 331, 331, 426, 426, 413, 413, 98, 98, 13, 83, 188, 240, 240, 240, 240, 240, 240, 240, 240, 240, 240, 240, 240, 240, 240, 240, 240, 240, 240, 240, 240, 240, 240, 240, 240, 240, 240, 240, 240, 240, 240, 240, 240, 240, 240, 240, 240, 240, 240, 240, 240, 240, 240, 240, 240, 240, 240, 240, 240, 240, 240, 240, 240, 240, 240, 240, 240, 240, 240, 240, 240, 240, 240, 240, 240, 240, 240, 240, 240, 240, 240, 240, 240, 240, 240, 240, 240, 240, 240, 240, 240, 240, 240, 240, 240, 240, 240, 240, 240, 240, 240]

ep184
Train step Loss: [1.7304798364639282, 1.6360909938812256, 1.6208583116531372, 1.5662513971328735, 1.587831735610962, 1.53992760181427, 1.641188383102417, 1.5394459962844849, 1.6887460947036743, 1.584913730621338, 1.6470404863357544, 1.7374087572097778, 1.668501615524292, 1.6338194608688354, 1.549734115600586, 1.6715167760849, 1.734853744506836, 1.603094220161438, 1.682382583618164, 1.6613168716430664, 1.5767707824707031, 1.7182766199111938, 1.6021796464920044, 1.637395977973938, 1.6257877349853516, 1.6100990772247314, 1.5830000638961792, 1.673778772354126, 1.591489315032959, 1.5638412237167358, 1.6398926973342896, 1.6203256845474243, 1.6535093784332275, 1.6204701662063599, 1.5721091032028198, 1.5153627395629883, 1.5705658197402954, 1.536577582359314, 1.6212700605392456, 1.5971877574920654, 1.5780543088912964, 1.5839457511901855, 1.5428493022918701, 1.579943060874939, 1.563534140586853, 1.737420678138733, 1.6033333539962769, 1.637266993522644, 1.6428496837615967, 1.566912293434143, 1.6819220781326294, 1.693148136138916, 1.4964200258255005, 1.615268349647522, 1.6577454805374146, 1.695731282234192, 1.517820119857788, 1.6714951992034912, 1.572617769241333, 1.655195951461792, 1.645401120185852, 1.7045361995697021, 1.556637167930603]
val step Loss: [1.548402190208435, 1.5799224376678467, 1.5466465950012207, 1.5206652879714966, 1.6651853322982788, 1.586319923400879, 1.5748395919799805, 1.5587023496627808, 1.4838274717330933, 1.6064252853393555, 1.521224021911621, 1.5843007564544678, 1.5960005521774292, 1.5260601043701172, 1.4819514751434326, 1.5560506582260132]
Train step Accs: [0.6137887009256304, 0.64090837407349, 0.6388084402151427, 0.6575342465753424, 0.6628932666862687, 0.6611223971559167, 0.6348234333537457, 0.6629879983445992, 0.6268465909090909, 0.6540284360189573, 0.6460042540261319, 0.6204481792717087, 0.6271186440677966, 0.6314143567874911, 0.6576662143826323, 0.6317152103559871, 0.6082771896053898, 0.6470588235294118, 0.6328283617054505, 0.6275884039503027, 0.6517666392769105, 0.6236626809314034, 0.6360170783775542, 0.6394728584876059, 0.6306563391765185, 0.640432612312812, 0.6580165289256198, 0.6253069478549762, 0.6430733019502354, 0.6586916513300987, 0.6419364079060441, 0.6365937443500271, 0.6408931844692551, 0.6425211665098777, 0.6559078629318925, 0.6671063478977741, 0.6550660249290386, 0.6537102473498233, 0.6442191283292978, 0.6447581953911068, 0.6497175141242938, 0.6496399263105007, 0.664777606044994, 0.6483359746434232, 0.6595674426283639, 0.6176422093981864, 0.6457855504587156, 0.6428355957767723, 0.6385542168674698, 0.6486849970113568, 0.6288963774220725, 0.6186734880321578, 0.6723654708520179, 0.6478467277043065, 0.6356224521793665, 0.6211791974503839, 0.6637316561844864, 0.6288373612018289, 0.6507151450340863, 0.6345010947763529, 0.6292018170019468, 0.6253874140951354, 0.6494597839135654]
val step Accs: [0.6545688132326963, 0.6546610169491526, 0.6595630612518429, 0.6744876744876744, 0.6380489087562451, 0.6488338192419825, 0.6709277807063785, 0.6647654356195637, 0.6837593011970237, 0.6483637507866583, 0.6680491990846682, 0.6568062827225131, 0.6529147982062781, 0.6680301047120419, 0.6869259859535386, 0.6664319248826291]
Preds: [17, 17, 83, 30, 30, 301, 464, 464, 464, 464, 464, 378, 264, 167, 251, 36, 259, 338, 338, 395, 319, 319, 428, 403, 146, 146, 146, 171, 252, 171, 252, 3, 3, 3, 219, 219, 252, 252, 252, 252, 120, 120, 120, 264, 468, 468, 180, 443, 460, 169, 169, 150, 77, 342, 355, 355, 115, 115, 267, 267, 374, 406, 406, 88, 88, 88, 88, 346, 346, 346, 319, 428, 428, 428, 139, 271, 290, 290, 339, 251, 398, 464, 464, 324, 464, 203, 14, 145, 145, 284, 284, 284, 319, 319, 319, 293, 203, 14, 411, 411, 250, 293, 48, 414, 321, 122, 276, 276, 153, 153, 182, 182, 43, 43, 276, 251, 338, 276, 276, 276, 153, 153, 153, 387, 387, 387, 122, 122, 122, 122, 431, 331, 331, 331, 426, 467, 467, 346, 139, 290, 278, 278, 434, 434, 434, 434, 434, 434, 434, 434, 434, 434, 434, 19, 454, 197, 14, 287, 287, 99, 319, 319, 175, 400, 35, 35, 34, 34, 354, 354, 354, 65, 428, 428, 146, 146, 146, 146, 468, 464, 171, 171, 171, 3, 301, 271, 150, 77, 75, 75, 395, 164, 371, 224, 374, 374, 374, 374, 132, 132, 132, 212, 75, 354, 346, 355, 355, 443, 443, 443, 450, 450, 150, 99, 338, 338, 338, 338, 395, 395, 395, 395, 34, 302, 84, 496, 496, 88, 88, 346, 371, 77, 77, 342, 342, 342, 342, 224, 355, 267, 267, 267, 301, 120, 143, 203, 293, 75, 371, 290, 286, 286, 213, 213, 213, 213, 19, 19, 454, 339, 197, 83, 301, 422, 264, 264, 264, 264, 264, 264, 264, 240, 240, 240, 240, 240, 240, 240, 240, 240, 240, 240, 240, 240, 240, 240, 240, 240, 240, 240, 240, 240, 240, 240, 240, 240, 240, 240, 240, 240, 240, 240, 240, 240, 240, 240, 240, 240, 240, 240, 240, 240, 240, 240, 240, 240, 240, 240, 240, 240, 240, 240, 240, 240, 240, 240, 240, 240, 240, 240, 240, 240, 240, 240, 240, 240, 240, 240, 240, 240, 240, 240, 240, 240, 240, 240, 240, 240, 240, 240, 240, 240, 240, 240, 240, 240, 240, 240, 240, 240, 240, 240, 240, 240, 240, 240, 240, 120, 120, 120, 120, 120, 120, 120, 120, 120, 120, 120, 120, 120, 120, 120, 120, 120, 120, 120, 120, 120, 120, 120, 120, 120, 120, 120, 120, 120, 120, 120, 120, 120, 120, 120, 120, 120, 120, 120, 120, 120, 120, 120, 120, 120, 120, 120, 120, 120, 120, 120, 120, 120, 120, 120, 120, 120, 120, 120, 120, 120, 120, 120, 120, 120, 120, 120, 120, 120, 120, 120, 120, 120, 120, 120, 120, 120, 120, 120, 120, 120, 120, 120, 120, 120, 120, 120, 120, 120, 120, 120, 120, 120, 120, 120, 120, 120, 120, 120, 120, 120, 120, 120, 120, 120, 120, 120, 120, 120, 120, 120, 120, 120, 120, 120, 120, 120, 120, 120, 120, 120, 120, 120, 120, 120, 120, 120, 120, 120, 120, 120, 120, 120, 120, 120, 120, 120, 120, 120, 120, 120, 120, 120, 120, 120, 120, 120, 120, 120, 120, 120, 120, 120, 120, 120, 120, 120, 120, 120, 120, 120, 120, 120, 120, 120, 120, 120, 120, 120, 120, 120, 120, 120, 120, 120, 120, 120, 120, 120, 120, 120, 120, 120, 120, 120, 120, 120, 120, 120, 120, 120, 120, 120, 120, 120, 120, 120, 120, 120, 120, 120, 120, 120, 120, 120, 120, 120, 120, 120, 120, 120, 120, 120, 120, 120, 120, 120, 120, 120, 120, 120, 120, 120, 120, 120, 120, 120, 120, 120, 120, 120, 120, 120]

ep185
Train step Loss: [1.679155707359314, 1.535101294517517, 1.7091866731643677, 1.5934261083602905, 1.6087998151779175, 1.60636568069458, 1.73087477684021, 1.5755361318588257, 1.6345126628875732, 1.7003623247146606, 1.6634907722473145, 1.5662089586257935, 1.5442075729370117, 1.6423579454421997, 1.6357671022415161, 1.5438547134399414, 1.6181331872940063, 1.593529462814331, 1.6772584915161133, 1.60164475440979, 1.6271817684173584, 1.5956168174743652, 1.5719549655914307, 1.6037347316741943, 1.6562358140945435, 1.565018653869629, 1.6783621311187744, 1.5521279573440552, 1.505443811416626, 1.6291587352752686, 1.6066131591796875, 1.6600368022918701, 1.652835726737976, 1.5577789545059204, 1.5928977727890015, 1.626163363456726, 1.5376861095428467, 1.5339499711990356, 1.7249904870986938, 1.5374033451080322, 1.6471918821334839, 1.584008812904358, 1.548524022102356, 1.7169413566589355, 1.693435788154602, 1.6596546173095703, 1.6203651428222656, 1.4885261058807373, 1.5647238492965698, 1.526932954788208, 1.6624466180801392, 1.690994381904602, 1.5505659580230713, 1.5056486129760742, 1.6507478952407837, 1.5483341217041016, 1.6393080949783325, 1.6651787757873535, 1.7411901950836182, 1.55557119846344, 1.5937775373458862, 1.6336640119552612, 1.6085600852966309]
val step Loss: [1.5627995729446411, 1.583667516708374, 1.6188172101974487, 1.5580934286117554, 1.491828441619873, 1.5294692516326904, 1.6089729070663452, 1.5036053657531738, 1.5502744913101196, 1.540907859802246, 1.5136476755142212, 1.557728886604309, 1.6171168088912964, 1.493172287940979, 1.6087161302566528, 1.5311094522476196]
Train step Accs: [0.6292550918672554, 0.6619737561509021, 0.6154427034170286, 0.6486747653230259, 0.6520100502512562, 0.6435146443514644, 0.6131158345691218, 0.6502811536368583, 0.6343686070299424, 0.6212669683257919, 0.6378178835110746, 0.6622168891555422, 0.6567825494205862, 0.6348225602027884, 0.6408427339084274, 0.6557138232437683, 0.635322692574601, 0.6618122977346278, 0.6274669933306112, 0.6521480600564887, 0.6491418247515809, 0.6518324607329843, 0.6613816534541337, 0.6513421325819369, 0.6300686213349969, 0.65947836223226, 0.6230981017243877, 0.6554918394353771, 0.6682044433653029, 0.6368122009569378, 0.6400750821210699, 0.6292436974789916, 0.6360582306830908, 0.6526237989652623, 0.648184303006638, 0.6290903141361257, 0.6709440879926672, 0.6655532965437119, 0.6259422110552764, 0.6703091301222143, 0.6376210235131397, 0.6519823788546255, 0.6615002193303114, 0.6211567732115677, 0.6287995517579493, 0.631386327038501, 0.6336326530612245, 0.6782130139203626, 0.651698709507506, 0.6688590220188734, 0.6349206349206349, 0.6261682242990654, 0.6494011976047904, 0.6749844042420462, 0.6310176270182195, 0.6585006446859458, 0.6394524959742351, 0.6377352368591823, 0.6118663041739965, 0.6620181761203384, 0.6467921896792189, 0.6405051871898962, 0.6448887637285272]
val step Accs: [0.6626622479977907, 0.6482758620689655, 0.645385685577369, 0.6675882870428553, 0.6720581688677846, 0.676008804108584, 0.6427976686094921, 0.6677306581547348, 0.6669761273209549, 0.6628712871287129, 0.6755090335531976, 0.6568951279933939, 0.6400192246074976, 0.6679171132547338, 0.6428360849056604, 0.6739957716701903]
Preds: [17, 296, 276, 132, 297, 297, 297, 297, 293, 293, 122, 35, 35, 35, 239, 107, 354, 354, 293, 426, 426, 106, 88, 88, 88, 287, 284, 206, 460, 240, 468, 35, 36, 77, 342, 342, 342, 115, 273, 273, 224, 450, 115, 115, 450, 450, 450, 293, 250, 276, 331, 109, 264, 146, 271, 330, 330, 330, 454, 197, 197, 82, 82, 75, 75, 114, 278, 264, 240, 143, 251, 251, 241, 371, 337, 286, 464, 464, 468, 35, 443, 486, 486, 460, 240, 468, 35, 36, 290, 290, 224, 224, 77, 278, 374, 374, 374, 250, 276, 346, 239, 239, 107, 395, 467, 467, 496, 395, 374, 374, 132, 132, 132, 250, 186, 186, 251, 338, 338, 338, 338, 338, 338, 338, 338, 431, 278, 251, 251, 338, 338, 338, 338, 338, 338, 338, 338, 431, 431, 400, 263, 263, 229, 82, 170, 82, 244, 63, 80, 63, 63, 63, 80, 80, 20, 20, 20, 408, 408, 149, 392, 392, 73, 73, 73, 244, 320, 83, 83, 83, 301, 330, 330, 278, 264, 150, 150, 342, 342, 342, 342, 115, 115, 267, 267, 267, 213, 301, 301, 8, 32, 239, 239, 354, 420, 286, 324, 324, 464, 464, 464, 120, 464, 464, 464, 464, 207, 207, 468, 406, 406, 467, 337, 286, 468, 34, 259, 75, 75, 75, 251, 374, 374, 441, 431, 346, 346, 355, 278, 278, 150, 34, 77, 77, 36, 338, 338, 109, 338, 395, 75, 401, 401, 401, 188, 188, 171, 171, 171, 171, 171, 246, 246, 246, 246, 246, 246, 246, 246, 246, 246, 3, 3, 3, 434, 434, 464, 120, 120, 120, 120, 468, 143, 349, 310, 310, 310, 310, 401, 17, 401, 48, 408, 126, 326, 326, 326, 326, 408, 408, 149, 149, 149, 149, 392, 244, 320, 83, 188, 171, 75, 75, 239, 239, 354, 354, 180, 264, 264, 120, 240, 468, 406, 467, 406, 107, 401, 303, 217, 473, 473, 398, 278, 337, 236, 239, 36, 290, 107, 395, 355, 374, 400, 416, 75, 464, 324, 324, 301, 143, 251, 251, 241, 431, 106, 496, 497, 75, 32, 106, 239, 208, 208, 106, 106, 387, 387, 122, 88, 406, 406, 406, 467, 337, 278, 19, 19, 454, 48, 414, 414, 170, 170, 170, 244, 187, 187, 20, 20, 408, 149, 244, 149, 73, 73, 73, 73, 320, 83, 83, 83, 171, 416, 75, 32, 239, 354, 180, 264, 264, 264, 468, 468, 406, 467, 467, 406, 496, 203, 303, 217, 473, 65, 65, 443, 240, 330, 169, 468, 349, 303, 303, 303, 303, 473, 354, 354, 106, 284, 376, 376, 355, 355, 263, 263, 263, 414, 414, 170, 170, 170, 170, 187, 187, 23, 392, 244, 392, 63, 63, 63, 73, 244, 244, 320, 188, 188, 171, 301, 236, 143, 36, 310, 371, 19, 171, 171, 252, 416, 416, 32, 239, 354, 354, 180, 264, 264, 264, 264, 468, 468, 35, 406, 496, 374, 303, 303, 303, 48, 48, 48, 414, 414, 414, 170, 170, 244, 392, 392, 392, 63, 73, 73, 73, 244, 63, 287, 387, 244, 153, 182, 43, 43, 43, 406, 406, 406, 406, 208, 208, 276, 276, 250, 250, 250, 98, 401, 14, 287, 145, 460, 240, 35, 35, 36, 77, 36, 342, 342, 224, 273, 267, 355, 324, 464, 464, 416, 301, 416, 75, 303, 303, 303, 303, 473, 354, 106, 65, 460, 169, 388, 400, 330, 240, 240, 240, 240, 240, 240, 240, 240, 240, 240, 240, 240, 240, 240, 240, 240, 240, 240, 240, 240, 240, 240, 240, 240, 240, 240, 240, 240, 240, 240, 240, 240, 240, 240, 240, 240, 240]

ep186
Train step Loss: [1.5463143587112427, 1.731611728668213, 1.5752809047698975, 1.6024030447006226, 1.6025670766830444, 1.6589674949645996, 1.6172257661819458, 1.6249924898147583, 1.5853697061538696, 1.6809840202331543, 1.6416741609573364, 1.5725687742233276, 1.6427679061889648, 1.6454488039016724, 1.6373590230941772, 1.6341350078582764, 1.5369982719421387, 1.664253830909729, 1.6464837789535522, 1.6639512777328491, 1.6332980394363403, 1.6790906190872192, 1.6844089031219482, 1.6063742637634277, 1.5235635042190552, 1.6765210628509521, 1.6402289867401123, 1.6060220003128052, 1.5491530895233154, 1.5511151552200317, 1.684759259223938, 1.5467274188995361, 1.5981141328811646, 1.6415683031082153, 1.5417925119400024, 1.633074402809143, 1.5250574350357056, 1.5976814031600952, 1.6768344640731812, 1.5201823711395264, 1.7208473682403564, 1.5618009567260742, 1.490793228149414, 1.6014039516448975, 1.569015622138977, 1.5478395223617554, 1.6385107040405273, 1.6152307987213135, 1.5377057790756226, 1.5504474639892578, 1.5448455810546875, 1.584636926651001, 1.5457326173782349, 1.572978138923645, 1.5869872570037842, 1.5859793424606323, 1.595568060874939, 1.4782419204711914, 1.6112366914749146, 1.6086552143096924, 1.5930414199829102, 1.6457973718643188, 1.7466692924499512]
val step Loss: [1.541171908378601, 1.5706707239151, 1.5856138467788696, 1.5599374771118164, 1.5372977256774902, 1.5979243516921997, 1.5051023960113525, 1.510301113128662, 1.5346384048461914, 1.5741297006607056, 1.5870671272277832, 1.539976954460144, 1.4414516687393188, 1.5315985679626465, 1.609817385673523, 1.479048252105713]
Train step Accs: [0.6576292559899117, 0.6130912724850099, 0.6543284484061036, 0.6365336658354115, 0.6405460060667341, 0.6405652045922873, 0.6452840445773308, 0.6478135637601466, 0.6506067741351205, 0.6341730558598029, 0.6478304742684158, 0.6473298997018162, 0.6428896991795807, 0.6347740019795447, 0.6429389859639072, 0.6409210142815506, 0.664265857973212, 0.6288291090032654, 0.6383616383616384, 0.6390099845310083, 0.6363509360156469, 0.63059219032842, 0.6283708313387586, 0.6398595552583181, 0.6596980255516841, 0.6307425213675214, 0.6430785123966942, 0.6436824450242266, 0.6556611119763277, 0.6602757090793852, 0.6297151655119323, 0.65818285226788, 0.6524268871535752, 0.6308599367270635, 0.6639100231558055, 0.6370211102423768, 0.6557377049180327, 0.6517945109078114, 0.6140202702702703, 0.6688280110228562, 0.6200562879573397, 0.66150620867602, 0.6712425700537786, 0.6489514967184249, 0.6575792178133029, 0.6555509811993961, 0.6369491525423728, 0.6474348191757779, 0.6712911871354249, 0.6550899887514061, 0.6607142857142857, 0.6538763956596949, 0.649896265560166, 0.6612284069097889, 0.6442257897462454, 0.6541053921568627, 0.6482683982683982, 0.6778532086588959, 0.6396452466158394, 0.6428141912206855, 0.6430754383142995, 0.6375227686703097, 0.6009174311926605]
val step Accs: [0.656084656084656, 0.6582650378846451, 0.6563088512241054, 0.6537193636233338, 0.6679193285732181, 0.6511489992587102, 0.6723015103228488, 0.6764257395547423, 0.6699130955948457, 0.6617525489115459, 0.6520642924676961, 0.668166304685076, 0.6908685968819599, 0.6629689096482265, 0.6408623932860656, 0.6770233024304686]
Preds: [17, 17, 219, 152, 152, 378, 32, 354, 109, 139, 319, 428, 443, 240, 240, 240, 468, 35, 164, 443, 284, 284, 206, 206, 206, 206, 146, 146, 146, 120, 324, 219, 219, 219, 3, 434, 171, 171, 171, 171, 171, 171, 171, 171, 246, 246, 246, 246, 246, 246, 246, 246, 219, 219, 219, 219, 19, 152, 286, 378, 32, 32, 259, 354, 354, 346, 180, 428, 428, 146, 240, 240, 77, 34, 34, 84, 84, 84, 100, 293, 293, 293, 497, 98, 43, 43, 276, 276, 276, 153, 153, 346, 387, 387, 387, 387, 122, 122, 406, 406, 467, 337, 371, 150, 494, 434, 401, 259, 374, 400, 400, 400, 186, 290, 35, 77, 342, 342, 342, 115, 115, 267, 282, 282, 434, 464, 434, 434, 171, 171, 171, 252, 416, 416, 303, 395, 354, 354, 346, 284, 284, 284, 206, 426, 450, 293, 122, 88, 431, 331, 355, 355, 355, 264, 207, 207, 454, 454, 229, 229, 321, 82, 408, 126, 126, 80, 80, 408, 408, 408, 149, 149, 244, 244, 321, 66, 66, 68, 68, 115, 273, 267, 267, 264, 443, 443, 460, 460, 169, 35, 35, 406, 496, 496, 293, 293, 293, 186, 66, 36, 342, 342, 342, 355, 273, 273, 267, 267, 146, 146, 146, 450, 450, 450, 434, 434, 468, 468, 496, 496, 338, 338, 338, 338, 338, 398, 398, 398, 398, 464, 464, 374, 374, 374, 400, 106, 43, 345, 331, 426, 426, 486, 376, 315, 120, 146, 146, 282, 77, 342, 342, 224, 355, 324, 301, 8, 354, 331, 355, 355, 486, 376, 460, 460, 169, 169, 35, 239, 239, 107, 107, 395, 395, 395, 395, 374, 374, 374, 132, 132, 337, 337, 337, 301, 203, 197, 197, 401, 321, 321, 188, 188, 188, 171, 171, 171, 252, 3, 99, 251, 338, 338, 338, 338, 400, 400, 400, 213, 374, 241, 107, 338, 338, 401, 400, 19, 330, 330, 240, 240, 240, 240, 240, 240, 240, 240, 240, 240, 240, 240, 240, 240, 240, 240, 240, 240, 240, 240, 240, 240, 240, 240, 240, 240, 240, 240, 240, 240, 240, 240, 240, 240, 240, 240, 240, 240, 240, 240, 240, 240, 240, 240, 240, 240, 240, 240, 240, 240, 240, 240, 240, 240, 240, 240, 240, 240, 240, 240, 240, 240, 240, 240, 240, 240, 240, 240, 240, 240, 240, 240, 240, 240, 240, 240, 240, 240, 240, 240, 240, 240, 240, 240, 240, 240, 240, 240, 240, 240, 240, 240, 240, 240, 240, 240, 240, 240, 240, 240, 240, 240, 240, 240, 240, 240, 240, 240, 240, 240, 240, 240, 240, 240, 240, 240, 240, 240, 240, 240, 240, 240, 240, 240, 240, 240, 240, 240, 240, 240, 240, 240, 240, 240, 240, 240, 240, 240, 240, 240, 240, 240, 240, 240, 240, 240, 240, 240, 240, 240, 240, 240, 240, 240, 240, 240, 240, 240, 240, 240, 240, 240, 240, 240, 240, 240, 240, 240, 240, 240, 240, 240, 240, 240, 240, 240, 240, 240, 240, 240, 240, 240, 240, 240, 240, 240, 240, 240, 240, 240, 240, 240, 240, 240, 240, 240, 240, 240, 240, 240, 240, 240, 240, 240, 240, 240, 240, 240, 240, 240, 240, 240, 240, 240, 240, 240, 240, 240, 240, 240, 240, 240, 240, 240, 240, 240, 240, 240, 240, 240, 240, 240, 240, 240, 240, 240, 240, 240, 240, 240, 240, 240, 240, 240, 240, 240, 240, 240, 240, 240, 240, 240, 240, 240, 240, 240, 240, 240, 240, 240, 240, 240, 240, 240, 240, 240, 240, 240, 240, 240, 240, 240, 240, 240, 240, 240, 240, 240, 240, 240, 240, 240]

ep187
Train step Loss: [1.5455344915390015, 1.612908124923706, 1.6239299774169922, 1.6180639266967773, 1.6823266744613647, 1.5337164402008057, 1.5310028791427612, 1.6095465421676636, 1.6004852056503296, 1.6683402061462402, 1.6624560356140137, 1.534734845161438, 1.636415958404541, 1.6024410724639893, 1.5744237899780273, 1.6174988746643066, 1.6304214000701904, 1.5288715362548828, 1.6070579290390015, 1.570829153060913, 1.541811227798462, 1.574511170387268, 1.6092647314071655, 1.6808947324752808, 1.5556620359420776, 1.6845473051071167, 1.5457175970077515, 1.571847677230835, 1.5017468929290771, 1.685227870941162, 1.6161681413650513, 1.5329822301864624, 1.5868433713912964, 1.6513482332229614, 1.6738845109939575, 1.6853554248809814, 1.5795252323150635, 1.612748146057129, 1.6650207042694092, 1.5228760242462158, 1.6186972856521606, 1.6371545791625977, 1.6099255084991455, 1.5310567617416382, 1.5888612270355225, 1.561283826828003, 1.6792998313903809, 1.7071311473846436, 1.5566799640655518, 1.5082709789276123, 1.5731816291809082, 1.6552845239639282, 1.6153699159622192, 1.5859692096710205, 1.5336800813674927, 1.561073899269104, 1.6094754934310913, 1.5656880140304565, 1.566278338432312, 1.5942373275756836, 1.5458937883377075, 1.6285337209701538, 1.6712125539779663]
val step Loss: [1.503037929534912, 1.498700737953186, 1.5634483098983765, 1.6471037864685059, 1.548720121383667, 1.5854130983352661, 1.5310276746749878, 1.5177584886550903, 1.5924776792526245, 1.4807102680206299, 1.5631004571914673, 1.4684031009674072, 1.502867579460144, 1.468410849571228, 1.5625709295272827, 1.566383719444275]
Train step Accs: [0.6633963353051507, 0.6391047559838359, 0.646353482260184, 0.6448326055312955, 0.617950370609088, 0.6699029126213593, 0.6703649635036496, 0.6419251957089012, 0.6486405287667117, 0.6308008982035929, 0.6268230818008877, 0.6668053821611875, 0.6331212324179505, 0.6460203926343022, 0.6540976128934165, 0.6444104134762634, 0.6469853728148413, 0.6618789388831892, 0.6529834335141474, 0.6516341923318667, 0.6578683115765314, 0.6544106521410198, 0.6463511160360931, 0.6255845527228843, 0.6615057680631451, 0.6229655069434075, 0.6565624504046976, 0.6491420727522306, 0.6518302113765252, 0.6346326836581709, 0.6360873169383807, 0.6564400221116639, 0.6499669312169312, 0.6314475873544093, 0.6398809523809523, 0.6259937780850329, 0.646169069833192, 0.6451279933938894, 0.6335951495108172, 0.6656151419558359, 0.6453879503662729, 0.6432588539291686, 0.649670651378385, 0.6654954321855235, 0.6513722730471498, 0.6644196951934349, 0.6290660072284573, 0.6117118615870903, 0.6577190946024376, 0.6684013660757847, 0.6636575422248108, 0.6343087436481514, 0.6411154913126004, 0.6535129932627527, 0.6575612503520135, 0.6648567119155354, 0.6515055467511885, 0.6508914100486224, 0.6542214679677556, 0.6518624641833811, 0.6529421044328758, 0.640666355285692, 0.6294964028776978]
val step Accs: [0.6635972077825635, 0.672899926953981, 0.6637454496427126, 0.6381983426891206, 0.6666666666666666, 0.656343917418006, 0.6640255980496724, 0.6659793814432989, 0.6556206256249107, 0.6857958148383005, 0.6569024113934293, 0.6823439878234399, 0.6717628705148206, 0.6780397022332506, 0.6555676010531206, 0.6446833236490412]
Preds: [17, 17, 296, 287, 35, 293, 293, 35, 35, 35, 276, 276, 331, 426, 293, 122, 239, 354, 35, 35, 374, 354, 109, 109, 278, 286, 264, 468, 35, 164, 164, 164, 164, 278, 278, 171, 171, 171, 171, 19, 19, 339, 411, 338, 398, 324, 324, 301, 339, 259, 479, 331, 106, 88, 106, 387, 387, 387, 497, 75, 406, 106, 239, 107, 354, 106, 106, 88, 387, 387, 354, 413, 413, 413, 250, 250, 250, 250, 250, 122, 122, 132, 132, 122, 276, 441, 117, 48, 48, 48, 414, 414, 414, 47, 82, 47, 47, 80, 73, 73, 244, 320, 7, 7, 398, 398, 360, 271, 339, 251, 441, 354, 473, 467, 346, 403, 403, 171, 171, 416, 416, 32, 32, 239, 354, 354, 65, 264, 264, 264, 264, 271, 143, 239, 239, 107, 107, 100, 100, 8, 497, 186, 75, 251, 251, 354, 106, 319, 319, 428, 428, 146, 468, 406, 406, 337, 286, 207, 120, 143, 36, 251, 34, 109, 106, 106, 88, 331, 387, 387, 98, 98, 35, 35, 414, 414, 414, 414, 47, 47, 392, 392, 392, 63, 73, 73, 244, 7, 7, 309, 309, 35, 35, 398, 213, 213, 213, 213, 246, 246, 246, 246, 19, 454, 454, 414, 414, 414, 414, 414, 47, 244, 47, 80, 47, 80, 244, 244, 7, 320, 441, 441, 441, 431, 387, 293, 186, 35, 35, 401, 401, 354, 354, 284, 406, 206, 240, 240, 143, 239, 239, 371, 180, 315, 319, 319, 319, 388, 251, 251, 199, 250, 250, 250, 250, 186, 36, 36, 342, 355, 355, 355, 115, 267, 267, 213, 213, 213, 246, 246, 3, 14, 14, 14, 14, 145, 145, 486, 460, 460, 450, 35, 35, 35, 77, 342, 267, 434, 171, 301, 468, 251, 75, 232, 278, 434, 324, 246, 246, 246, 3, 454, 143, 239, 48, 126, 126, 80, 20, 20, 320, 7, 241, 241, 431, 331, 319, 319, 264, 264, 146, 146, 450, 271, 207, 207, 464, 464, 35, 355, 496, 35, 35, 34, 239, 32, 239, 107, 395, 395, 106, 106, 106, 331, 387, 293, 250, 239, 345, 251, 251, 251, 208, 208, 208, 354, 354, 153, 426, 426, 426, 426, 426, 139, 450, 229, 98, 35, 414, 414, 312, 312, 23, 23, 149, 149, 149, 228, 244, 63, 287, 287, 486, 460, 460, 169, 150, 35, 36, 36, 224, 290, 203, 217, 217, 473, 473, 278, 278, 286, 143, 310, 239, 371, 371, 290, 116, 241, 212, 77, 371, 371, 324, 324, 143, 251, 251, 431, 331, 84, 496, 496, 250, 75, 106, 106, 106, 208, 208, 473, 65, 65, 153, 153, 182, 375, 375, 98, 98, 98, 98, 414, 414, 414, 312, 170, 170, 20, 392, 392, 392, 63, 392, 63, 63, 63, 392, 63, 63, 73, 73, 73, 63, 287, 287, 284, 460, 460, 167, 35, 35, 77, 36, 342, 355, 355, 115, 169, 267, 213, 213, 324, 3, 464, 14, 14, 411, 287, 426, 426, 293, 186, 251, 251, 241, 32, 208, 354, 354, 276, 153, 426, 426, 426, 182, 182, 182, 182, 375, 98, 98, 98, 303, 414, 414, 414, 414, 47, 170, 80, 244, 392, 392, 392, 392, 63, 63, 63, 63, 73, 73, 73, 244, 320, 345, 441, 153, 153, 250, 122, 122, 32, 239, 239, 473, 371, 374, 374, 132, 132, 132, 182, 182, 182, 182, 182, 182, 182, 182, 182, 182, 182, 182, 182, 182, 98, 98, 13, 17, 83, 83, 240, 240, 240, 240, 240, 240, 240, 240, 240, 240, 240, 240, 240, 240, 240, 240, 240, 240, 240, 240, 240, 240, 240, 240, 240, 240, 240, 240, 240]

ep188
Train step Loss: [1.5350415706634521, 1.6132586002349854, 1.6809073686599731, 1.6471096277236938, 1.5669609308242798, 1.5050368309020996, 1.6862374544143677, 1.5857008695602417, 1.5963457822799683, 1.5549914836883545, 1.6291757822036743, 1.5031728744506836, 1.5241392850875854, 1.6479917764663696, 1.6261814832687378, 1.57384192943573, 1.6732531785964966, 1.692876935005188, 1.5534169673919678, 1.5109461545944214, 1.6240332126617432, 1.5070445537567139, 1.6244213581085205, 1.6395878791809082, 1.637768268585205, 1.6132253408432007, 1.5941472053527832, 1.533364176750183, 1.6020272970199585, 1.59023118019104, 1.597638726234436, 1.6389392614364624, 1.6615369319915771, 1.4924689531326294, 1.510529637336731, 1.6847693920135498, 1.5813772678375244, 1.580491542816162, 1.487989902496338, 1.446102499961853, 1.6106830835342407, 1.559421181678772, 1.459751844406128, 1.6565349102020264, 1.6588008403778076, 1.5252716541290283, 1.6294920444488525, 1.5832215547561646, 1.529168963432312, 1.6200324296951294, 1.5652729272842407, 1.6659936904907227, 1.63731050491333, 1.6151474714279175, 1.5391432046890259, 1.5608412027359009, 1.5492217540740967, 1.5271868705749512, 1.7070258855819702, 1.6582626104354858, 1.526429295539856, 1.5953401327133179, 1.6588608026504517]
val step Loss: [1.477842926979065, 1.5871446132659912, 1.6288429498672485, 1.3765851259231567, 1.5576716661453247, 1.521824836730957, 1.4602279663085938, 1.493205189704895, 1.5026689767837524, 1.676926851272583, 1.5478081703186035, 1.5175435543060303, 1.5307680368423462, 1.5516518354415894, 1.531665563583374, 1.589167833328247]
Train step Accs: [0.6664056382145653, 0.6497649429147079, 0.6333797801517262, 0.6329173166926677, 0.6576053756872328, 0.6668675606448696, 0.632982816106694, 0.6395931603773585, 0.6499205087440382, 0.6648139570788946, 0.6367473894690069, 0.674207492795389, 0.661530815109344, 0.6350803633822502, 0.6297632115414772, 0.6551471664958266, 0.6176916596461668, 0.6283969465648855, 0.6485819975339088, 0.6717119764878766, 0.6486121530382596, 0.6729012614180079, 0.6361759568048277, 0.6405309461336626, 0.6337574488645514, 0.6378951024661341, 0.6512470391528494, 0.657135292560233, 0.6454763220932375, 0.6542986425339367, 0.6437138422463666, 0.6397768395657418, 0.6400293255131965, 0.6792254578204743, 0.6761110312095499, 0.6247136092866962, 0.6516889738687062, 0.6440074105743195, 0.6748674130819092, 0.6769088751153897, 0.6323851203501094, 0.6583160391343018, 0.6750129511310654, 0.6439252336448598, 0.6428344455036543, 0.6651729700663201, 0.6264591439688716, 0.6551995798319328, 0.6664534288638689, 0.6414364640883978, 0.6550683190340006, 0.6309719934102141, 0.6353975334557859, 0.6387021338789828, 0.6601166717838501, 0.6527289546716004, 0.6655703393631335, 0.6722214171859151, 0.6111004784688995, 0.6251552795031056, 0.6659264399722415, 0.6509110837100973, 0.6361031518624641]
val step Accs: [0.6843408594319009, 0.6509933774834437, 0.6406398264877321, 0.7002953520907819, 0.6634925510674243, 0.6645093317278747, 0.6778404512489927, 0.6756465517241379, 0.6764620729588883, 0.6351426972579742, 0.6592392169345854, 0.6705898643035171, 0.6625526791089705, 0.6662358178945856, 0.6586559217153547, 0.6596026490066225]
Preds: [17, 17, 296, 30, 213, 213, 213, 213, 246, 219, 219, 246, 246, 246, 324, 252, 464, 464, 443, 443, 355, 355, 450, 293, 43, 43, 43, 276, 276, 276, 331, 331, 319, 319, 319, 374, 251, 251, 251, 241, 431, 65, 428, 428, 146, 146, 146, 468, 282, 282, 342, 342, 224, 273, 106, 88, 153, 387, 387, 14, 122, 259, 401, 321, 354, 420, 213, 213, 422, 143, 239, 251, 75, 395, 278, 213, 213, 213, 213, 213, 213, 301, 143, 239, 239, 107, 395, 395, 420, 286, 264, 264, 264, 264, 203, 14, 411, 411, 411, 473, 497, 497, 43, 8, 239, 374, 354, 153, 153, 153, 387, 387, 387, 406, 406, 88, 88, 43, 276, 303, 303, 303, 303, 303, 303, 303, 117, 117, 48, 48, 414, 392, 392, 392, 392, 392, 392, 63, 73, 73, 73, 63, 63, 287, 287, 284, 460, 460, 167, 35, 35, 35, 35, 36, 36, 35, 224, 224, 267, 213, 213, 213, 213, 213, 213, 246, 3, 3, 339, 14, 401, 401, 217, 132, 287, 287, 284, 284, 284, 284, 284, 284, 284, 284, 206, 206, 206, 206, 35, 450, 35, 239, 77, 371, 106, 106, 106, 387, 122, 406, 406, 406, 406, 313, 278, 278, 213, 246, 246, 246, 246, 19, 19, 19, 454, 414, 414, 392, 392, 392, 392, 392, 392, 392, 392, 63, 63, 73, 73, 73, 63, 63, 287, 287, 460, 460, 240, 35, 35, 36, 36, 36, 219, 219, 434, 286, 464, 139, 106, 387, 293, 497, 43, 75, 406, 239, 107, 208, 354, 153, 153, 153, 387, 387, 387, 387, 406, 406, 406, 413, 413, 411, 411, 208, 208, 303, 303, 303, 122, 276, 276, 117, 48, 414, 414, 392, 392, 392, 392, 392, 392, 392, 392, 392, 392, 63, 73, 73, 73, 63, 287, 287, 284, 460, 460, 240, 167, 35, 35, 35, 35, 224, 219, 213, 213, 324, 324, 301, 14, 303, 217, 217, 473, 473, 65, 264, 264, 264, 468, 468, 35, 406, 337, 286, 324, 324, 422, 19, 143, 239, 107, 371, 286, 416, 400, 374, 251, 251, 241, 431, 106, 284, 284, 284, 206, 206, 206, 206, 206, 355, 468, 35, 35, 75, 371, 180, 106, 106, 139, 387, 406, 406, 406, 313, 337, 278, 278, 246, 246, 246, 246, 19, 19, 19, 454, 229, 414, 414, 392, 392, 392, 392, 392, 392, 392, 73, 244, 244, 7, 320, 7, 241, 431, 284, 206, 206, 167, 35, 35, 36, 36, 77, 219, 219, 464, 464, 180, 315, 315, 450, 450, 450, 450, 293, 43, 43, 345, 88, 109, 109, 403, 171, 171, 171, 3, 416, 143, 401, 14, 354, 354, 180, 360, 434, 171, 171, 171, 252, 252, 143, 143, 75, 395, 34, 84, 84, 153, 43, 43, 43, 276, 276, 276, 276, 153, 153, 153, 182, 98, 98, 13, 414, 414, 170, 392, 392, 392, 392, 392, 392, 244, 73, 63, 63, 287, 287, 460, 460, 169, 35, 35, 35, 35, 36, 400, 213, 213, 213, 324, 3, 3, 14, 14, 411, 145, 145, 284, 460, 460, 169, 169, 314, 77, 239, 239, 473, 395, 395, 77, 208, 441, 276, 354, 109, 43, 337, 286, 286, 286, 207, 468, 35, 35, 35, 180, 443, 284, 284, 284, 206, 206, 206, 169, 263, 263, 414, 414, 170, 392, 392, 392, 392, 392, 392, 244, 73, 73, 321, 7, 75, 65, 287, 443, 450, 150, 150, 342, 342, 342, 115, 273, 267, 171, 171, 171, 171, 301, 301, 36, 342, 342, 342, 342, 342, 115, 273, 267, 267, 264, 264, 264, 264, 264, 264, 264, 207, 355, 468, 263, 401]

ep189
Train step Loss: [1.5982683897018433, 1.5341750383377075, 1.6729549169540405, 1.6192572116851807, 1.554155945777893, 1.6618428230285645, 1.6019093990325928, 1.5829600095748901, 1.5961517095565796, 1.6182774305343628, 1.6113229990005493, 1.5751384496688843, 1.625518560409546, 1.5720186233520508, 1.671595573425293, 1.5188429355621338, 1.5360325574874878, 1.580161690711975, 1.556301236152649, 1.5833709239959717, 1.5692198276519775, 1.5715636014938354, 1.5647410154342651, 1.5461512804031372, 1.4938405752182007, 1.5102709531784058, 1.5458976030349731, 1.656138300895691, 1.6815649271011353, 1.7005656957626343, 1.5493953227996826, 1.6191749572753906, 1.6057676076889038, 1.5649868249893188, 1.568305492401123, 1.5542566776275635, 1.5400503873825073, 1.6482877731323242, 1.5827205181121826, 1.6557390689849854, 1.5795373916625977, 1.613897442817688, 1.528695821762085, 1.6257365942001343, 1.5260249376296997, 1.597322702407837, 1.503687858581543, 1.5981431007385254, 1.5623440742492676, 1.5826112031936646, 1.6187474727630615, 1.5703322887420654, 1.5680993795394897, 1.5495274066925049, 1.6260223388671875, 1.5387710332870483, 1.5087989568710327, 1.5808502435684204, 1.5529704093933105, 1.603660225868225, 1.6365917921066284, 1.6186425685882568, 1.3976454734802246]
val step Loss: [1.6125235557556152, 1.5008870363235474, 1.4720224142074585, 1.4501993656158447, 1.5417786836624146, 1.4756413698196411, 1.5370709896087646, 1.4980758428573608, 1.5407729148864746, 1.6087594032287598, 1.6418564319610596, 1.5346381664276123, 1.4488061666488647, 1.5264636278152466, 1.527530550956726, 1.436967134475708]
Train step Accs: [0.6424167694204685, 0.6620542082738944, 0.6375571911676945, 0.6280217069560927, 0.6635632002524854, 0.6329113924050633, 0.6472203157172272, 0.6567984129406379, 0.645460358056266, 0.6502862595419847, 0.6416167204548947, 0.6536109493302271, 0.6414446805033502, 0.6492789745415702, 0.6257258490234031, 0.6675272518646013, 0.6590973602043713, 0.644865433769358, 0.6585333510144543, 0.6499333629498001, 0.6591636197440585, 0.6585154353104405, 0.6516245487364621, 0.6652488302849852, 0.6763049764115051, 0.6615184757505773, 0.6596293311845286, 0.642084879780539, 0.6233873635461462, 0.6154753131908622, 0.6629550321199144, 0.6354654186167447, 0.6449397038620058, 0.6545713832990018, 0.6508083752981713, 0.6539959704499664, 0.6607882226652354, 0.6452865351762697, 0.6519321260516184, 0.6229331416247305, 0.6395069633424043, 0.6439753737906773, 0.6674275680421422, 0.6363931235809277, 0.6643681396003377, 0.6368731563421829, 0.6727895392278954, 0.6510782021304234, 0.6583251782468894, 0.6435371954171373, 0.6487016168544831, 0.651291237498134, 0.6480914801095184, 0.656870171186184, 0.6400778210116731, 0.6697492163009404, 0.6706518645032735, 0.6541990119971771, 0.6586618545252637, 0.6540384109444883, 0.6323466323466324, 0.6480129764801298, 0.7039088950446292]
val step Accs: [0.6508215962441315, 0.674504041146216, 0.6727705821051064, 0.6867421180274859, 0.656, 0.6801433691756272, 0.670750819205015, 0.6716669475813248, 0.6683876677976103, 0.649430594028932, 0.6366116491610967, 0.6592559656143471, 0.6893982808022923, 0.6733085501858737, 0.6737664725712534, 0.6944387441001436]
Preds: [17, 296, 354, 153, 250, 122, 122, 32, 239, 239, 384, 371, 374, 132, 132, 250, 239, 251, 251, 251, 241, 431, 374, 374, 374, 374, 309, 420, 337, 286, 468, 239, 239, 164, 324, 324, 324, 301, 99, 259, 331, 331, 153, 153, 153, 182, 387, 497, 497, 122, 32, 239, 239, 32, 354, 106, 153, 387, 387, 387, 387, 413, 413, 348, 122, 122, 276, 276, 132, 303, 122, 276, 276, 276, 276, 117, 48, 48, 197, 170, 47, 47, 392, 392, 80, 80, 73, 73, 73, 63, 287, 287, 284, 284, 35, 293, 43, 43, 276, 276, 346, 346, 284, 284, 206, 206, 206, 175, 251, 251, 251, 251, 241, 431, 331, 428, 428, 428, 146, 146, 146, 468, 349, 36, 36, 164, 164, 164, 164, 273, 106, 106, 153, 182, 182, 182, 375, 375, 98, 98, 13, 244, 170, 170, 63, 392, 63, 63, 63, 63, 63, 63, 63, 63, 63, 63, 63, 63, 63, 63, 63, 63, 63, 63, 63, 63, 63, 63, 63, 244, 392, 63, 63, 73, 73, 73, 63, 287, 287, 284, 284, 284, 293, 43, 43, 43, 276, 276, 346, 346, 284, 284, 206, 206, 175, 251, 251, 241, 431, 65, 428, 428, 146, 146, 468, 36, 36, 342, 342, 224, 273, 355, 175, 497, 14, 197, 303, 303, 65, 65, 284, 284, 319, 426, 426, 406, 406, 406, 406, 406, 413, 413, 122, 338, 338, 32, 32, 212, 219, 219, 213, 324, 301, 143, 32, 36, 374, 473, 473, 371, 403, 171, 171, 301, 416, 239, 239, 239, 354, 395, 331, 180, 171, 171, 171, 252, 143, 239, 239, 107, 395, 106, 84, 496, 497, 43, 43, 43, 276, 276, 276, 276, 153, 153, 153, 182, 497, 98, 197, 197, 197, 80, 80, 321, 63, 287, 287, 460, 460, 167, 150, 35, 35, 239, 239, 107, 395, 180, 180, 486, 450, 450, 43, 43, 43, 276, 276, 346, 346, 284, 206, 240, 175, 251, 241, 431, 65, 428, 146, 146, 146, 468, 36, 36, 342, 342, 224, 273, 355, 273, 203, 203, 217, 217, 473, 473, 188, 180, 278, 271, 150, 355, 494, 342, 342, 224, 273, 106, 496, 88, 100, 375, 375, 375, 98, 98, 13, 229, 170, 170, 47, 47, 47, 80, 80, 244, 320, 320, 188, 188, 66, 66, 251, 251, 354, 374, 374, 346, 355, 171, 416, 75, 239, 239, 354, 180, 278, 434, 236, 143, 239, 239, 107, 208, 100, 100, 497, 497, 186, 251, 251, 354, 354, 346, 319, 319, 428, 468, 355, 35, 35, 337, 286, 324, 422, 236, 143, 401, 244, 239, 109, 106, 106, 100, 387, 387, 98, 98, 82, 47, 170, 392, 392, 392, 392, 392, 392, 392, 392, 244, 73, 244, 7, 7, 7, 441, 441, 276, 276, 276, 153, 153, 387, 497, 239, 251, 345, 276, 276, 346, 346, 428, 428, 355, 150, 35, 35, 34, 180, 443, 284, 284, 206, 240, 348, 413, 138, 138, 276, 276, 10, 10, 395, 212, 371, 342, 342, 342, 342, 115, 267, 267, 213, 213, 213, 213, 246, 3, 14, 14, 145, 145, 486, 460, 460, 450, 35, 35, 35, 75, 114, 428, 278, 171, 434, 36, 36, 355, 349, 434, 434, 434, 246, 246, 246, 19, 19, 454, 229, 229, 414, 392, 392, 392, 392, 392, 392, 392, 392, 73, 73, 73, 244, 7, 309, 7, 213, 324, 301, 301, 8, 32, 354, 354, 180, 180, 443, 403, 146, 240, 240, 43, 43, 276, 276, 109, 109, 428, 428, 240, 240, 35, 35, 77, 219, 219, 324, 301, 99, 34, 106, 331, 331, 106, 106, 153, 153, 182, 182, 182]

ep190
Train step Loss: [1.5349681377410889, 1.562615990638733, 1.5469863414764404, 1.604090690612793, 1.5286461114883423, 1.5784715414047241, 1.5668411254882812, 1.6025140285491943, 1.5762479305267334, 1.5858358144760132, 1.5845032930374146, 1.5918172597885132, 1.6437305212020874, 1.599362850189209, 1.6615862846374512, 1.4849817752838135, 1.6323742866516113, 1.5063823461532593, 1.6019562482833862, 1.5640300512313843, 1.4902280569076538, 1.5393643379211426, 1.5283702611923218, 1.5237761735916138, 1.4904104471206665, 1.5799108743667603, 1.6169042587280273, 1.6246235370635986, 1.6190906763076782, 1.5391416549682617, 1.6005159616470337, 1.5380642414093018, 1.5484362840652466, 1.6247141361236572, 1.5991936922073364, 1.6266969442367554, 1.6487061977386475, 1.709053874015808, 1.5443569421768188, 1.575452208518982, 1.510573387145996, 1.594894289970398, 1.61449134349823, 1.582266092300415, 1.6273125410079956, 1.570391297340393, 1.550290584564209, 1.6262032985687256, 1.589350700378418, 1.6072895526885986, 1.6390286684036255, 1.6198441982269287, 1.5295436382293701, 1.5606141090393066, 1.567417025566101, 1.5857869386672974, 1.4847326278686523, 1.535419225692749, 1.5260542631149292, 1.6086878776550293, 1.5311181545257568, 1.523407220840454, 1.6057854890823364]
val step Loss: [1.4943287372589111, 1.4814447164535522, 1.543769121170044, 1.495357871055603, 1.6206167936325073, 1.4086610078811646, 1.4815434217453003, 1.514470100402832, 1.4488005638122559, 1.4876693487167358, 1.5167052745819092, 1.5328435897827148, 1.6250178813934326, 1.5060445070266724, 1.5896052122116089, 1.4992505311965942]
Train step Accs: [0.6611349829604386, 0.6640480591497228, 0.6637575757575758, 0.655192966770973, 0.6625461550810724, 0.6457344156838719, 0.6456747404844291, 0.6411853847449065, 0.6468804159445407, 0.6507804945434452, 0.6461870947823403, 0.6496430532674354, 0.6353460507646225, 0.6582335329341318, 0.6283967391304348, 0.6758899424840665, 0.6403708987161199, 0.6724840023269343, 0.6483855265292877, 0.6549936965961619, 0.6717787014476135, 0.6616816218012629, 0.6616042465349454, 0.6784508793746669, 0.6780071174377225, 0.6564693418090319, 0.6502890173410405, 0.6499377113365368, 0.6380096948959224, 0.6654501216545012, 0.6318173897891619, 0.6666130329847144, 0.6507773352177824, 0.637901277183293, 0.658265627590781, 0.6459859256067787, 0.6288106144368978, 0.6209777227722773, 0.6602110324562576, 0.6480428780250121, 0.6718266253869969, 0.6511893124796351, 0.6432926829268293, 0.660876993166287, 0.6445585508486664, 0.6544477800600411, 0.659781121751026, 0.6400312744331509, 0.6515061316823432, 0.6432748538011696, 0.637524734664508, 0.6416144745998609, 0.6670733360444625, 0.6567491387409959, 0.6526742301458671, 0.647264970287978, 0.679640277163497, 0.6574753804834378, 0.6562687462507498, 0.6442321202753969, 0.6677506775067751, 0.6753106428957321, 0.6368030937802127]
val step Accs: [0.6726089785296031, 0.6884717747583695, 0.6554110157763632, 0.6714591618231875, 0.6446018210724093, 0.6998728948204639, 0.6782802075611564, 0.6709129511677282, 0.6869565217391305, 0.6754897562434574, 0.6658183553364084, 0.6659646849181922, 0.6473924688829368, 0.6770939921064172, 0.6510769230769231, 0.6646891314665401]
Preds: [17, 17, 219, 213, 213, 252, 301, 378, 32, 43, 43, 276, 276, 276, 346, 346, 346, 284, 284, 284, 284, 284, 206, 206, 206, 206, 206, 167, 293, 287, 443, 443, 443, 284, 206, 206, 175, 251, 251, 241, 431, 331, 428, 428, 428, 264, 146, 146, 146, 468, 468, 36, 36, 342, 342, 342, 224, 273, 175, 88, 100, 100, 375, 98, 98, 98, 98, 98, 13, 83, 188, 240, 240, 240, 240, 240, 240, 240, 240, 240, 240, 240, 240, 240, 240, 240, 240, 240, 240, 240, 240, 240, 240, 240, 240, 240, 240, 240, 240, 240, 240, 240, 240, 240, 240, 240, 240, 240, 240, 240, 240, 240, 240, 240, 240, 240, 240, 240, 240, 240, 240, 240, 240, 240, 240, 240, 240, 240, 240, 240, 240, 240, 240, 240, 240, 240, 240, 240, 240, 240, 240, 240, 240, 240, 240, 240, 240, 240, 240, 240, 240, 240, 240, 240, 240, 240, 240, 240, 240, 240, 240, 240, 240, 240, 240, 240, 240, 240, 240, 240, 240, 240, 240, 240, 240, 240, 240, 240, 240, 240, 240, 240, 240, 240, 240, 240, 240, 240, 240, 240, 240, 240, 240, 240, 240, 240, 240, 240, 240, 240, 240, 240, 240, 240, 240, 240, 240, 240, 240, 240, 240, 240, 240, 240, 240, 240, 240, 240, 240, 240, 240, 240, 240, 240, 240, 240, 240, 240, 240, 240, 240, 240, 240, 240, 240, 240, 240, 240, 240, 240, 240, 240, 240, 240, 240, 240, 240, 240, 240, 240, 240, 240, 240, 240, 240, 240, 240, 240, 240, 240, 240, 240, 240, 240, 240, 240, 240, 240, 240, 240, 240, 240, 240, 240, 240, 240, 240, 240, 240, 240, 240, 240, 240, 240, 240, 240, 240, 240, 240, 240, 240, 240, 240, 240, 240, 240, 240, 240, 240, 240, 240, 240, 240, 240, 240, 240, 240, 240, 240, 240, 240, 240, 240, 240, 240, 240, 240, 240, 240, 240, 240, 240, 240, 240, 240, 240, 240, 240, 240, 240, 240, 240, 240, 240, 240, 240, 240, 240, 240, 240, 240, 240, 240, 240, 240, 240, 240, 240, 240, 240, 240, 240, 240, 240, 240, 240, 240, 240, 240, 240, 240, 240, 240, 240, 240, 240, 240, 240, 240, 240, 240, 240, 240, 240, 240, 240, 240, 240, 240, 240, 240, 240, 240, 240, 240, 240, 240, 240, 240, 240, 240, 240, 240, 240, 240, 240, 240, 240, 240, 240, 240, 240, 240, 240, 240, 240, 240, 240, 240, 240, 240, 240, 240, 240, 240, 240, 240, 240, 240, 240, 240, 240, 240, 240, 240, 240, 240, 240, 240, 240, 240, 240, 240, 240, 240, 240, 240, 240, 240, 240, 240, 240, 240, 240, 240, 240, 240, 240, 240, 240, 240, 240, 240, 240, 240, 240, 240, 240, 240, 240, 240, 240, 240, 240, 240, 240, 240, 240, 240, 240, 240, 240, 240, 240, 240, 240, 240, 240, 240, 240, 240, 240, 240, 240, 240, 240, 240, 240, 240, 240, 240, 240, 240, 240, 240, 240, 240, 240, 240, 240, 240, 240, 240, 240, 240, 240, 240, 240, 240, 240, 240, 240, 240, 240, 240, 240, 240, 240, 240, 240, 240, 240, 240, 240, 240, 240, 240, 240, 240, 240, 240, 240, 240, 240, 240, 240, 240, 240, 240, 240, 240, 240, 240, 240, 240, 240, 240, 240, 240, 240, 240, 240, 240, 240, 240, 240, 240, 240, 240, 240, 240, 240, 240, 240, 240, 240, 240, 240, 240, 240, 240, 240, 240, 240, 240, 240, 240, 240, 240, 240, 240, 240, 240, 240, 240, 240, 240, 240, 240, 240, 240, 240, 240, 240, 240, 240, 240, 240, 240, 240]

ep191
Train step Loss: [1.6170035600662231, 1.5621592998504639, 1.6096274852752686, 1.6047499179840088, 1.6144146919250488, 1.5167186260223389, 1.632463812828064, 1.6692454814910889, 1.5370745658874512, 1.5720973014831543, 1.5906010866165161, 1.5667893886566162, 1.6066744327545166, 1.5173909664154053, 1.5068843364715576, 1.5735580921173096, 1.5832613706588745, 1.5129399299621582, 1.6373367309570312, 1.6434835195541382, 1.6084085702896118, 1.4261417388916016, 1.5564887523651123, 1.5768792629241943, 1.5845201015472412, 1.5818980932235718, 1.5114351511001587, 1.518303394317627, 1.529375433921814, 1.4944995641708374, 1.5521866083145142, 1.5376938581466675, 1.6213957071304321, 1.5729091167449951, 1.5633866786956787, 1.5059911012649536, 1.4731954336166382, 1.5548690557479858, 1.5955523252487183, 1.612564206123352, 1.5222477912902832, 1.6202712059020996, 1.5583505630493164, 1.5938761234283447, 1.5344853401184082, 1.5433871746063232, 1.7319424152374268, 1.6511192321777344, 1.596002459526062, 1.5637850761413574, 1.5422645807266235, 1.504493236541748, 1.5060027837753296, 1.6059763431549072, 1.6307978630065918, 1.5344675779342651, 1.6058486700057983, 1.4659351110458374, 1.5122876167297363, 1.5880179405212402, 1.5370965003967285, 1.6320428848266602, 1.6221266984939575]
val step Loss: [1.5019152164459229, 1.5459105968475342, 1.565950632095337, 1.4755220413208008, 1.5672624111175537, 1.4418177604675293, 1.517875075340271, 1.5742071866989136, 1.4193803071975708, 1.436776041984558, 1.6345372200012207, 1.4798943996429443, 1.4122567176818848, 1.4725679159164429, 1.5671371221542358, 1.5159316062927246]
Train step Accs: [0.6416519363650972, 0.6581031145521732, 0.6459170013386881, 0.6426858513189448, 0.6455507773734701, 0.6759800427655025, 0.642464078263528, 0.6269007965242578, 0.6686436709848603, 0.6551563951687829, 0.6490588949605343, 0.6613025656596326, 0.6499187232156052, 0.6679342865835108, 0.6722372779283349, 0.6579092412272644, 0.6562067374250116, 0.6723179167231792, 0.6229306093694963, 0.635593220338983, 0.6359760159893404, 0.6966242226828546, 0.6549094375595805, 0.6592562651576395, 0.6461562548927509, 0.6530206112295665, 0.6590489709013485, 0.6553646075243846, 0.6596317280453258, 0.6776258868316317, 0.6537619699042407, 0.6614886731391586, 0.6523183809092282, 0.6579676674364896, 0.6579037800687285, 0.6771872444807849, 0.6724459091560395, 0.6552549236149458, 0.6470299459990182, 0.637647401368467, 0.6684137505780793, 0.6490772385509228, 0.6645064054257724, 0.6498982800073978, 0.6641835518474374, 0.6626163799905318, 0.6062793215445688, 0.6424611973392461, 0.6468692449355433, 0.6490621915103653, 0.6568934951588709, 0.6654700854700855, 0.6719497199070912, 0.656237077877326, 0.6367503190131859, 0.6661608497723824, 0.6528709308032062, 0.6763967771760666, 0.65761710507807, 0.6525371287128713, 0.6611918604651162, 0.6404782237403929, 0.6466584158415841]
val step Accs: [0.6686764705882353, 0.6646260314080383, 0.6569198200582165, 0.6764069264069265, 0.6547158583754835, 0.7007968726507292, 0.6739746457867263, 0.6571749193435265, 0.6994959286545173, 0.6949431478156792, 0.6379475703324808, 0.672244094488189, 0.6912919939829517, 0.6805509459010952, 0.6565920601208953, 0.6713675213675213]
Preds: [17, 17, 17, 17, 17, 296, 244, 296, 320, 296, 83, 83, 443, 443, 240, 468, 239, 32, 32, 354, 473, 65, 264, 264, 330, 330, 468, 348, 259, 250, 250, 250, 217, 217, 217, 473, 473, 400, 171, 171, 252, 252, 143, 239, 239, 239, 107, 107, 395, 395, 398, 398, 180, 486, 206, 240, 468, 468, 36, 77, 232, 355, 355, 224, 355, 267, 150, 464, 464, 464, 120, 450, 450, 120, 468, 468, 35, 337, 286, 468, 355, 164, 164, 164, 164, 164, 239, 331, 355, 355, 355, 355, 452, 263, 197, 197, 82, 244, 244, 320, 287, 387, 387, 35, 251, 251, 241, 431, 486, 486, 460, 240, 240, 143, 239, 239, 401, 473, 371, 371, 286, 374, 132, 251, 251, 251, 401, 251, 354, 346, 346, 428, 428, 428, 206, 206, 240, 468, 35, 36, 77, 34, 494, 224, 224, 494, 36, 464, 464, 139, 426, 426, 426, 413, 276, 250, 345, 331, 290, 290, 290, 342, 77, 310, 106, 371, 36, 413, 132, 32, 106, 303, 217, 217, 219, 219, 219, 219, 464, 374, 331, 331, 139, 139, 387, 497, 98, 98, 263, 13, 414, 170, 170, 244, 244, 244, 292, 63, 23, 23, 83, 83, 188, 240, 240, 240, 240, 240, 240, 240, 240, 240, 240, 240, 240, 240, 240, 240, 240, 240, 240, 240, 240, 240, 240, 240, 240, 240, 240, 240, 240, 240, 240, 240, 240, 240, 240, 240, 240, 240, 240, 240, 240, 240, 240, 240, 240, 240, 240, 240, 240, 240, 240, 240, 240, 240, 240, 240, 240, 240, 240, 240, 240, 240, 240, 240, 240, 240, 240, 240, 240, 240, 240, 240, 240, 240, 240, 240, 240, 240, 240, 240, 240, 240, 240, 240, 240, 240, 240, 240, 240, 240, 240, 240, 240, 240, 240, 240, 240, 240, 240, 240, 240, 240, 240, 240, 240, 240, 240, 240, 240, 240, 240, 240, 240, 240, 240, 240, 240, 240, 240, 240, 240, 240, 240, 240, 240, 240, 240, 240, 240, 240, 240, 240, 240, 240, 240, 240, 240, 240, 240, 240, 240, 240, 240, 240, 240, 240, 240, 240, 240, 240, 240, 240, 240, 240, 240, 240, 240, 240, 240, 240, 240, 240, 240, 240, 240, 240, 240, 240, 240, 240, 240, 240, 240, 240, 240, 240, 240, 240, 240, 240, 240, 240, 240, 240, 240, 240, 240, 240, 240, 240, 240, 240, 240, 240, 240, 240, 240, 240, 240, 240, 240, 240, 240, 240, 240, 240, 240, 240, 240, 240, 240, 240, 240, 240, 240, 240, 240, 240, 240, 240, 240, 240, 240, 240, 240, 240, 240, 240, 240, 240, 240, 240, 240, 240, 240, 240, 240, 240, 240, 240, 240, 240, 240, 240, 240, 240, 240, 240, 240, 240, 240, 240, 240, 240, 240, 240, 240, 240, 240, 240, 240, 240, 240, 240, 240, 240, 240, 240, 240, 240, 240, 240, 240, 240, 240, 240, 240, 240, 240, 240, 240, 240, 240, 240, 240, 240, 240, 240, 240, 240, 240, 240, 240, 240, 240, 240, 240, 240, 240, 240, 240, 240, 240, 240, 240, 240, 240, 240, 240, 240, 240, 240, 240, 240, 240, 240, 240, 240, 240, 240, 240, 240, 240, 240, 240, 240, 240, 240, 240, 240, 240, 240, 240, 240, 240, 240, 240, 240, 240, 240, 240, 240, 240, 240, 240, 240, 240, 240, 240, 240, 240, 240, 240, 240, 240, 240, 240, 240, 240, 240, 240, 240, 240, 240, 240, 240, 240, 240, 240, 240, 240, 240, 240, 240, 240, 240, 240, 240, 240, 240, 240, 240, 240, 240, 240, 240, 240, 240, 240, 240, 240, 240, 240, 240, 240, 240, 240, 240]

ep192
Train step Loss: [1.6039568185806274, 1.6026225090026855, 1.664320468902588, 1.5763901472091675, 1.5268778800964355, 1.513898253440857, 1.645885944366455, 1.5246942043304443, 1.5132826566696167, 1.6545814275741577, 1.5831952095031738, 1.5476958751678467, 1.6219223737716675, 1.5577987432479858, 1.589735507965088, 1.5372933149337769, 1.5826829671859741, 1.4991508722305298, 1.585553765296936, 1.466156244277954, 1.5467694997787476, 1.5671859979629517, 1.552720546722412, 1.5447016954421997, 1.6039085388183594, 1.6944286823272705, 1.4972443580627441, 1.634621024131775, 1.5023044347763062, 1.5850008726119995, 1.5888068675994873, 1.6292309761047363, 1.6214743852615356, 1.4722836017608643, 1.5298179388046265, 1.5701193809509277, 1.5560861825942993, 1.5406564474105835, 1.4581518173217773, 1.5753355026245117, 1.5710623264312744, 1.5750771760940552, 1.5384929180145264, 1.6394962072372437, 1.5752582550048828, 1.5844860076904297, 1.4875235557556152, 1.5485165119171143, 1.4941519498825073, 1.56266188621521, 1.5904000997543335, 1.6151372194290161, 1.532759428024292, 1.5793979167938232, 1.5228382349014282, 1.563765287399292, 1.4821594953536987, 1.5465407371520996, 1.5880948305130005, 1.543522596359253, 1.4916408061981201, 1.4844341278076172, 1.600457787513733]
val step Loss: [1.520142912864685, 1.427979826927185, 1.5489420890808105, 1.543838620185852, 1.3938202857971191, 1.433583378791809, 1.495926022529602, 1.5973244905471802, 1.50473952293396, 1.5681922435760498, 1.55570650100708, 1.5879887342453003, 1.4736427068710327, 1.5049768686294556, 1.480446696281433, 1.3647085428237915]
Train step Accs: [0.6409836065573771, 0.6427963939445483, 0.6298884558527079, 0.6608949082804731, 0.6663809115587941, 0.6644450883801797, 0.6331511839708561, 0.6686797517195101, 0.6639515059670392, 0.6363952276149658, 0.6482522275531186, 0.665605556359427, 0.6478647427488704, 0.6688147940599608, 0.6484531322148684, 0.6607216922438822, 0.6388592344059784, 0.6792146242383209, 0.6491639777060721, 0.673352435530086, 0.6600828289264097, 0.6541510221109721, 0.6556732740943267, 0.6679892305512257, 0.635806916426513, 0.6174902239601848, 0.6801433691756272, 0.6342514521266629, 0.6678205682965527, 0.6505723510419724, 0.654132539091586, 0.6430059285370934, 0.64716081491114, 0.6704476709013915, 0.6684931506849315, 0.6565762004175365, 0.6482558139534884, 0.6618832634633989, 0.6841787439613527, 0.6569194683346364, 0.6575505350772889, 0.6617596713454297, 0.6502177068214804, 0.6381015161502966, 0.6571771565769164, 0.6501079913606912, 0.6809156094870381, 0.6640474425500371, 0.6773894215898546, 0.6613847251962883, 0.6522177419354839, 0.6409365558912387, 0.6629749269343178, 0.6483689244071793, 0.6601656425327278, 0.658947970268725, 0.6739949748743719, 0.6533069186223712, 0.6485623003194888, 0.6607115821347465, 0.676657060518732, 0.6730694856258863, 0.6381578947368421]
val step Accs: [0.6751929771454518, 0.6908668987236863, 0.6618906712350101, 0.6618759455370651, 0.7005734571272528, 0.6880139152435167, 0.670185873605948, 0.6574564234990317, 0.6710069444444444, 0.6456043956043956, 0.6634000852151682, 0.6573426573426573, 0.6819642037631941, 0.6765704584040747, 0.6747395480990394, 0.7021125089010206]
Preds: [17, 17, 296, 296, 317, 296, 296, 296, 461, 63, 63, 461, 244, 309, 461, 461, 461, 461, 461, 244, 244, 392, 392, 73, 73, 244, 321, 321, 287, 287, 287, 287, 284, 111, 460, 460, 460, 169, 167, 77, 167, 172, 68, 286, 286, 286, 286, 374, 374, 374, 132, 132, 132, 132, 132, 153, 153, 153, 182, 182, 497, 250, 250, 122, 186, 186, 172, 68, 68, 342, 172, 267, 213, 213, 324, 3, 3, 14, 14, 411, 145, 145, 145, 486, 486, 376, 85, 120, 146, 207, 207, 207, 207, 207, 468, 349, 468, 14, 411, 398, 398, 464, 324, 324, 324, 301, 301, 99, 251, 354, 106, 106, 284, 319, 319, 428, 264, 146, 146, 146, 219, 219, 219, 219, 219, 219, 152, 374, 374, 374, 374, 374, 374, 276, 153, 250, 250, 250, 250, 250, 122, 345, 219, 219, 219, 324, 219, 422, 143, 468, 355, 84, 84, 84, 139, 139, 293, 293, 43, 43, 43, 276, 276, 276, 153, 182, 182, 182, 182, 497, 497, 497, 35, 75, 75, 395, 354, 337, 337, 213, 213, 422, 99, 36, 36, 172, 395, 273, 273, 139, 224, 460, 460, 450, 450, 35, 239, 208, 100, 100, 100, 100, 426, 375, 375, 375, 413, 122, 250, 186, 251, 208, 106, 106, 106, 426, 426, 426, 426, 182, 182, 182, 182, 182, 375, 375, 413, 98, 98, 13, 83, 240, 240, 240, 240, 240, 240, 240, 240, 240, 240, 240, 240, 240, 240, 240, 240, 240, 240, 240, 240, 240, 240, 240, 240, 240, 240, 240, 240, 240, 240, 240, 240, 240, 240, 240, 240, 240, 240, 240, 240, 240, 240, 240, 240, 240, 240, 240, 240, 240, 240, 240, 240, 240, 240, 240, 240, 240, 240, 240, 240, 240, 240, 240, 240, 240, 240, 240, 240, 240, 240, 240, 240, 240, 240, 240, 240, 240, 240, 240, 240, 240, 240, 240, 240, 240, 240, 240, 240, 240, 240, 240, 240, 240, 240, 240, 240, 240, 240, 240, 240, 240, 240, 240, 240, 240, 240, 240, 240, 240, 240, 240, 240, 240, 240, 240, 240, 240, 240, 240, 240, 240, 240, 240, 240, 240, 240, 240, 240, 240, 240, 240, 240, 240, 240, 240, 240, 240, 240, 240, 240, 240, 240, 240, 240, 240, 240, 240, 240, 240, 240, 240, 240, 240, 240, 240, 240, 240, 240, 240, 240, 240, 240, 240, 240, 240, 240, 240, 240, 240, 240, 240, 240, 240, 240, 240, 240, 240, 240, 240, 240, 240, 240, 240, 240, 240, 240, 240, 240, 240, 240, 240, 240, 240, 240, 240, 240, 240, 240, 240, 240, 240, 240, 240, 240, 240, 240, 240, 240, 240, 240, 240, 240, 240, 240, 240, 240, 240, 240, 240, 240, 240, 240, 240, 240, 240, 240, 240, 240, 240, 240, 240, 240, 240, 240, 240, 240, 240, 240, 240, 240, 240, 240, 240, 240, 240, 240, 240, 240, 240, 240, 240, 240, 240, 240, 240, 240, 240, 240, 240, 240, 240, 240, 240, 240, 240, 240, 240, 240, 240, 240, 240, 240, 240, 240, 240, 240, 240, 240, 240, 240, 240, 240, 240, 240, 240, 240, 240, 240, 240, 240, 240, 240, 240, 240, 240, 240, 240, 240, 240, 240, 240, 240, 240, 240, 240, 240, 240, 240, 240, 240, 240, 240, 240, 240, 240, 240, 240, 240, 240, 240, 240, 240, 240, 240, 240, 240, 240, 240, 240, 240, 240, 240, 240, 240, 240, 240, 240, 240, 240, 240, 240, 240, 240, 240, 240, 240, 240, 240, 240, 240, 240, 240, 240, 240, 240, 240, 240, 240, 240, 240, 240, 240, 240, 240, 240, 240, 240, 240, 240]

