ep376
Train step Loss: [0.2919703423976898, 0.3013405203819275, 0.3133752942085266, 0.3033981919288635, 0.27760690450668335, 0.2617395520210266, 0.2792617976665497, 0.3262086808681488, 0.28403976559638977, 0.3166141211986542, 0.28362929821014404, 0.28545624017715454, 0.36376482248306274, 0.30048635601997375, 0.32302209734916687, 0.25530123710632324, 0.31186267733573914, 0.2864406108856201, 0.2823745608329773, 0.3269369900226593, 0.2789771556854248, 0.2983630299568176, 0.31577301025390625, 0.2811613976955414, 0.2866116166114807, 0.2688615024089813, 0.2685704827308655, 0.29775094985961914, 0.29272568225860596, 0.2929275929927826, 0.2722448706626892, 0.29374557733535767, 0.2718849778175354, 0.3474312424659729, 0.3499380946159363, 0.30555033683776855, 0.32643672823905945, 0.3060287833213806, 0.2712353467941284, 0.24790772795677185, 0.3110411763191223, 0.26959678530693054, 0.3341347873210907, 0.283638596534729, 0.2855987250804901, 0.3062690794467926, 0.2584228813648224, 0.26943129301071167, 0.3125288784503937, 0.30070894956588745, 0.30718499422073364, 0.27337878942489624, 0.26817238330841064, 0.29482629895210266, 0.2687464654445648, 0.29086118936538696, 0.29919734597206116, 0.26740843057632446, 0.3122396767139435, 0.28310278058052063, 0.28909650444984436, 0.2916857600212097, 0.2855990529060364, 0.3213494122028351, 0.2519700229167938, 0.32268092036247253, 0.30424267053604126, 0.2816840410232544, 0.25763192772865295, 0.26594728231430054, 0.3483875095844269, 0.2816160023212433, 0.27199453115463257, 0.27269378304481506, 0.3159189820289612, 0.31296998262405396, 0.28374484181404114, 0.32111912965774536, 0.306700736284256, 0.2942579984664917, 0.32823505997657776, 0.28817111253738403, 0.27394741773605347, 0.3204696476459503, 0.2916865348815918, 0.2805624306201935, 0.27625933289527893, 0.24129916727542877, 0.2916756570339203, 0.27144578099250793, 0.27513429522514343, 0.299771785736084, 0.2866209149360657, 0.2998966872692108, 0.3183518648147583, 0.2892872393131256, 0.2728886604309082, 0.27995213866233826]
val step Loss: [0.2547607421875, 0.25008589029312134, 0.24246680736541748, 0.31365910172462463, 0.24311143159866333, 0.2516946792602539, 0.2685755491256714, 0.26933252811431885, 0.27739769220352173, 0.2829396724700928, 0.26749280095100403, 0.2670948803424835, 0.25227904319763184, 0.2839548885822296, 0.2586830258369446, 0.31194597482681274, 0.28037750720977783, 0.24571622908115387, 0.2628345191478729, 0.2860870361328125, 0.26396214962005615, 0.2575995624065399, 0.23973305523395538, 0.259141743183136, 0.2683533728122711]
Train step Accs: [0.9611884368308351, 0.9605355884425651, 0.9600060141332131, 0.9588094230497954, 0.9664604363399544, 0.9690493736182756, 0.9630057803468208, 0.9565435820145692, 0.9622423980400634, 0.954855994641661, 0.9628706376279191, 0.9613143412107478, 0.9471715755025713, 0.9606552581541612, 0.9510215126505209, 0.9703638864574216, 0.9625873646704125, 0.9625668449197861, 0.9611549337699062, 0.9513856634153893, 0.9632996632996633, 0.9610664409648751, 0.957835877285779, 0.9612253958857481, 0.9607513316512476, 0.9672477548864237, 0.9665703673132481, 0.961046511627907, 0.9593613933236574, 0.9628740824392998, 0.9673740053050398, 0.9593136617704406, 0.9661806703742672, 0.9525125194266966, 0.9519923187710033, 0.9628760695556169, 0.9553684879288437, 0.9607276231779304, 0.9667461974351327, 0.9694966190833959, 0.9584101079231376, 0.9699496538703587, 0.9531612727024443, 0.9658861839044813, 0.9643517296012675, 0.9534732389783634, 0.9693091109276081, 0.9644145621515251, 0.9571290277969852, 0.9589646464646465, 0.9587976539589442, 0.9679496351409358, 0.9660461909686315, 0.9590956418265655, 0.9687015002586653, 0.9606508875739646, 0.9632716853347226, 0.9656315422191207, 0.9567552678694394, 0.9642911643522051, 0.9624185272500346, 0.9631305736723014, 0.9587646652864045, 0.9566026926382125, 0.964487632508834, 0.9555345316934721, 0.9596142254370102, 0.9628337582181672, 0.971342383107089, 0.9684843729567151, 0.952080123266564, 0.966657085369359, 0.9680945722638872, 0.9665388176167173, 0.95294293397072, 0.956055453832069, 0.9640277376480786, 0.9560903913283116, 0.9589111453518233, 0.9616104868913857, 0.9548611111111112, 0.9645281737949762, 0.9671302149178256, 0.9547144754316069, 0.9601395785800564, 0.968344053474587, 0.9686511360368133, 0.9712438084755091, 0.9618138424821002, 0.963953179036978, 0.9657991324657992, 0.959659090909091, 0.9635706340378198, 0.9625119715419346, 0.9574300973923972, 0.9643783267367272, 0.9673202614379085, 0.9612492770387507]
val step Accs: [0.9693399574166075, 0.9709829988495462, 0.9702513966480447, 0.9542682926829268, 0.9703206562266965, 0.9723204674765493, 0.9667237932019423, 0.9633438818565401, 0.9669008376114564, 0.9624639076034649, 0.968665724926159, 0.9643742255266419, 0.9681900263925545, 0.9632847074250123, 0.9659143968871595, 0.9593375963272668, 0.9610476830087307, 0.9699354838709677, 0.9645436638214051, 0.9601184600197433, 0.9650674010726192, 0.9661370566522227, 0.9728395061728395, 0.9680790960451977, 0.9651070578905631]
Preds: [17, 196, 217, 473, 473, 65, 290, 290, 171, 171, 171, 252, 252, 76, 239, 75, 310, 107, 107, 395, 84, 84, 84, 496, 496, 274, 274, 98, 197, 197, 321, 188, 188, 188, 171, 171, 171, 368, 368, 342, 9, 168, 444, 444, 324, 318, 368, 453, 168, 168, 494, 494, 77, 34, 374, 374, 139, 496, 274, 274, 173, 8, 196, 196, 196, 116, 195, 195, 195, 195, 117, 117, 197, 197, 226, 320, 209, 287, 287, 287, 287, 481, 481, 293, 43, 43, 345, 345, 100, 387, 387, 348, 442, 169, 35, 216, 127, 168, 355, 355, 355, 355, 355, 355, 452, 263, 263, 13, 78, 170, 244, 392, 392, 392, 244, 244, 321, 320, 321, 412, 83, 83, 403, 290, 171, 171, 171, 19, 19, 349, 349, 234, 261, 25, 106, 499, 284, 284, 405, 206, 460, 169, 169, 263, 35, 225, 320, 320, 100, 100, 100, 497, 497, 497, 43, 8, 345, 109, 346, 174, 139, 388, 388, 216, 216, 216, 127, 114, 355, 355, 355, 355, 355, 355, 263, 263, 13, 170, 170, 392, 392, 187, 244, 391, 244, 321, 320, 320, 320, 7, 188, 66, 340, 162, 368, 31, 54, 54, 54, 224, 400, 301, 301, 325, 77, 34, 374, 374, 374, 374, 374, 374, 132, 132, 43, 43, 208, 208, 345, 345, 132, 132, 132, 132, 132, 186, 99, 99, 99, 436, 436, 107, 400, 400, 213, 19, 19, 454, 454, 48, 414, 170, 249, 47, 47, 47, 80, 80, 321, 320, 320, 412, 83, 55, 55, 171, 19, 464, 216, 114, 145, 486, 486, 428, 240, 240, 240, 34, 34, 324, 464, 464, 180, 486, 486, 486, 486, 486, 460, 85, 240, 240, 285, 34, 139, 106, 106, 153, 387, 387, 387, 372, 467, 467, 207, 207, 207, 207, 19, 339, 417, 442, 169, 240, 240, 240, 240, 240, 240, 240, 240, 240, 240, 240, 240, 240, 240, 240, 240, 240, 240, 240, 240, 240, 240, 240, 240, 240, 240, 240, 240, 240, 240, 240, 240, 240, 240, 240, 240, 240, 240, 240, 240, 240, 240, 240, 240, 240, 240, 240, 240, 240, 240, 240, 240, 240, 240, 240, 240, 240, 240, 240, 240, 240, 240, 240, 240, 240, 240, 240, 240, 240, 240, 240, 240, 240, 240, 240, 240, 240, 240, 240, 240, 240, 240, 240, 240, 240, 240, 240, 240, 240, 240, 240, 240, 240, 240, 240, 240, 240, 240, 240, 240, 240, 240, 240, 240, 240, 240, 240, 240, 240, 240, 240, 240, 240, 240, 240, 240, 240, 240, 240, 240, 240, 240, 240, 240, 240, 240, 240, 240, 240, 240, 240, 240, 240, 240, 240, 240, 240, 240, 240, 240, 240, 240, 240, 240, 240, 240, 240, 240, 240, 240, 240, 240, 240, 240, 240, 240, 240, 240, 240, 240, 240, 240, 240, 240, 240, 240, 240, 240, 240, 240, 240, 240, 240, 240, 240, 240, 240, 240, 240, 240, 240, 240, 240, 240, 240, 240, 240, 240, 240, 240, 240, 240, 240, 240, 240, 240, 240, 240, 240, 240, 240, 240, 240, 240, 240, 240, 240, 240, 240, 240, 240, 240, 240, 240, 240, 240, 240, 240, 240, 240, 240, 240, 240, 240, 240, 240, 240, 240, 240, 240, 240, 240, 240, 240, 240, 240, 240, 240, 240, 240, 240, 240, 240, 240, 240, 240, 240, 240, 240, 240, 240, 240, 240, 240, 240, 240, 240, 240, 240, 240, 240, 240, 240, 240, 240, 240, 240, 240, 240, 240, 240, 240, 240, 240, 240, 240, 240, 240, 240, 240, 240, 240, 240, 240, 240, 240, 240, 240, 240, 240, 240, 240, 240, 240, 240, 240, 240]

ep377
Train step Loss: [0.2864880859851837, 0.2790842056274414, 0.2808554470539093, 0.28858399391174316, 0.2862313687801361, 0.2838137447834015, 0.2808934152126312, 0.27653366327285767, 0.27834370732307434, 0.2920401692390442, 0.2943222224712372, 0.27384892106056213, 0.30181455612182617, 0.27020660042762756, 0.3078950345516205, 0.2721703052520752, 0.2984444797039032, 0.2575504779815674, 0.26173657178878784, 0.2528095543384552, 0.3062020540237427, 0.3121584951877594, 0.2893195152282715, 0.2614504098892212, 0.28870877623558044, 0.30954068899154663, 0.3248838782310486, 0.32093870639801025, 0.316864550113678, 0.33183717727661133, 0.27539241313934326, 0.24289260804653168, 0.3014548718929291, 0.3053327798843384, 0.2815207242965698, 0.28459006547927856, 0.2569744288921356, 0.29676422476768494, 0.2831864058971405, 0.29709336161613464, 0.2805297374725342, 0.2815238833427429, 0.31216317415237427, 0.2791215181350708, 0.3068706691265106, 0.2732207477092743, 0.2801428437232971, 0.26551559567451477, 0.32959115505218506, 0.30321699380874634, 0.298322856426239, 0.30063971877098083, 0.28545260429382324, 0.2694128751754761, 0.263449490070343, 0.2806769907474518, 0.303526371717453, 0.2950494587421417, 0.3112088143825531, 0.3062787353992462, 0.28472310304641724, 0.32380616664886475, 0.2927992641925812, 0.2782961428165436, 0.2758510112762451, 0.31040358543395996, 0.2782064974308014, 0.301118403673172, 0.223915696144104, 0.3084159195423126, 0.28349873423576355, 0.27537742257118225, 0.2915714681148529, 0.2543542981147766, 0.29232680797576904, 0.2690671682357788, 0.2908630967140198, 0.30130648612976074, 0.3235471844673157, 0.2744852304458618, 0.2836534082889557, 0.3152495324611664, 0.252662718296051, 0.30994153022766113, 0.32020556926727295, 0.2717418372631073, 0.26758235692977905, 0.2992100119590759, 0.2843089997768402, 0.29126715660095215, 0.29155614972114563, 0.28504201769828796, 0.3059476912021637, 0.30573269724845886, 0.2894991338253021, 0.30530214309692383, 0.2834055423736572, 0.27332988381385803]
val step Loss: [0.23978149890899658, 0.26049110293388367, 0.2414189875125885, 0.2392091602087021, 0.2812606990337372, 0.2452159970998764, 0.2775660455226898, 0.272213339805603, 0.2643505334854126, 0.27482181787490845, 0.2568054497241974, 0.24833691120147705, 0.2566279172897339, 0.25052887201309204, 0.276521235704422, 0.27684682607650757, 0.2706809341907501, 0.27223876118659973, 0.24488313496112823, 0.27429383993148804, 0.28395339846611023, 0.27168697118759155, 0.2536638081073761, 0.25122693181037903, 0.2582361400127411]
Train step Accs: [0.9572150299968425, 0.9649354460093896, 0.963932107496464, 0.9607991906929692, 0.9643300248138957, 0.961038961038961, 0.9633338034127767, 0.9696741098370549, 0.9625180897250362, 0.9614380979994201, 0.9621575826037843, 0.9666163141993958, 0.9565850815850816, 0.9659817662266975, 0.9595825984714874, 0.9613146721182576, 0.960836820083682, 0.971399237312995, 0.9666083209909788, 0.9685602482795844, 0.9601000973168358, 0.9588979223125564, 0.9607174621998221, 0.9688400104739461, 0.9653401797175867, 0.9581962719298246, 0.955502310456957, 0.9578341372335459, 0.9618840579710145, 0.953821371039914, 0.9660716718899033, 0.973380137487202, 0.9611294896030246, 0.9608089260808926, 0.9663838120104439, 0.9619526202440776, 0.9704635761589404, 0.9596546077117761, 0.9608333333333333, 0.9587897756911842, 0.9637275140076673, 0.9653179190751445, 0.9586921617282148, 0.9622215532811559, 0.9597427652733119, 0.9657822067475087, 0.9626380766731644, 0.9645490196078431, 0.9548169704395773, 0.9607259744123773, 0.9597562930896264, 0.9613046701260193, 0.9605144694533762, 0.9699941451990632, 0.9651316757392967, 0.964737108190091, 0.9587343441001978, 0.960075329566855, 0.9601294498381877, 0.9585324711835816, 0.9674617196702002, 0.9530665669409125, 0.9655224104332184, 0.9648420115709835, 0.9597232897770945, 0.9581203861442362, 0.962099563844187, 0.9567840606145643, 0.9739976757699013, 0.9612855007473842, 0.9624319660161954, 0.9619232907170651, 0.9642619680851063, 0.9685722411831627, 0.9603726362625139, 0.9675858732462506, 0.9629683840749415, 0.9623525609953143, 0.9605280186359518, 0.9636528262837926, 0.9621254946297343, 0.9552958363769175, 0.9710456651224355, 0.9579272054287477, 0.9564252891776264, 0.9640344018764659, 0.9645674555421848, 0.9612264763140818, 0.9600814026299311, 0.9622511061946902, 0.9631424375917768, 0.962457337883959, 0.9579843471097076, 0.9596385542168675, 0.9616385806274832, 0.9585121602288984, 0.9615337648064477, 0.9651066186651897]
val step Accs: [0.9690909090909091, 0.9638810198300283, 0.9654507190459488, 0.9702103628406042, 0.9634031904910854, 0.9707006369426752, 0.9633941093969145, 0.9626279104256266, 0.9658160050409578, 0.9654576856649395, 0.969054441260745, 0.9717506063632473, 0.9695256047753692, 0.9687867310957294, 0.9625735912531539, 0.9645690834473324, 0.9641113982199253, 0.9637213801999355, 0.9664401608653446, 0.9659631391200951, 0.9660973744583227, 0.9628655423178091, 0.9688490696071674, 0.9690163712623461, 0.9687870406953774]
Preds: [17, 17, 296, 217, 217, 217, 473, 473, 65, 278, 278, 278, 169, 349, 349, 234, 261, 25, 25, 284, 405, 206, 460, 167, 35, 35, 401, 320, 354, 109, 109, 286, 286, 286, 468, 468, 406, 406, 337, 337, 337, 324, 324, 252, 116, 94, 94, 398, 324, 324, 301, 116, 33, 250, 250, 106, 153, 153, 153, 182, 182, 497, 43, 43, 32, 239, 144, 208, 106, 153, 153, 387, 387, 387, 413, 348, 413, 413, 303, 303, 303, 381, 381, 381, 381, 381, 381, 381, 381, 48, 48, 48, 170, 170, 392, 63, 63, 63, 63, 63, 63, 392, 63, 63, 73, 73, 244, 321, 7, 473, 398, 213, 301, 116, 33, 33, 381, 199, 495, 495, 495, 406, 88, 88, 467, 335, 335, 14, 440, 188, 171, 171, 171, 416, 416, 416, 32, 32, 354, 354, 288, 288, 403, 403, 403, 171, 171, 171, 252, 143, 143, 259, 75, 384, 371, 106, 84, 84, 293, 43, 43, 43, 43, 364, 276, 276, 276, 153, 153, 153, 182, 182, 98, 98, 197, 414, 170, 47, 392, 392, 392, 392, 392, 392, 73, 73, 73, 320, 320, 7, 241, 431, 486, 460, 460, 215, 215, 35, 35, 354, 346, 284, 206, 240, 240, 240, 24, 384, 34, 180, 180, 486, 460, 240, 240, 348, 348, 199, 199, 302, 302, 497, 122, 122, 478, 478, 68, 68, 68, 68, 261, 261, 444, 213, 213, 213, 213, 213, 213, 252, 454, 197, 226, 80, 80, 80, 209, 209, 287, 287, 460, 460, 240, 35, 35, 35, 75, 384, 114, 240, 171, 171, 171, 416, 416, 219, 219, 219, 41, 41, 41, 324, 246, 246, 3, 3, 454, 143, 401, 401, 244, 320, 7, 196, 473, 398, 398, 464, 139, 139, 387, 387, 313, 313, 236, 239, 239, 75, 384, 395, 180, 106, 106, 387, 387, 387, 167, 98, 233, 233, 170, 170, 392, 392, 392, 392, 392, 392, 392, 244, 392, 73, 73, 244, 244, 7, 217, 473, 473, 476, 476, 171, 252, 24, 239, 310, 310, 107, 107, 213, 324, 301, 26, 26, 77, 34, 420, 324, 301, 301, 24, 24, 34, 331, 374, 132, 43, 43, 8, 239, 208, 345, 345, 387, 313, 313, 236, 24, 239, 310, 107, 107, 107, 395, 213, 213, 213, 246, 246, 246, 19, 454, 17, 169, 240, 240, 240, 240, 240, 240, 240, 240, 240, 240, 240, 240, 240, 240, 240, 240, 240, 240, 240, 240, 240, 240, 240, 240, 240, 240, 240, 240, 240, 240, 240, 240, 240, 240, 240, 240, 240, 240, 240, 240, 240, 240, 240, 240, 240, 240, 240, 240, 240, 240, 240, 240, 240, 240, 240, 240, 240, 240, 240, 240, 240, 240, 240, 240, 240, 240, 240, 240, 240, 240, 240, 240, 240, 240, 240, 240, 240, 240, 240, 240, 240, 240, 240, 240, 240, 240, 240, 240, 240, 240, 240, 240, 240, 240, 240, 240, 240, 240, 240, 240, 240, 240, 240, 240, 240, 240, 240, 240, 240, 240, 240, 240, 240, 240, 240, 240, 240, 240, 240, 240, 240, 240, 240, 240, 240, 240, 240, 240, 240, 240, 240, 240, 240, 240, 240, 240, 240, 240, 240, 240, 240, 240, 240, 240, 240, 240, 240, 240, 240, 240, 240, 240, 240, 240, 240, 240, 240, 240, 240, 240, 240, 240, 240, 240, 240, 240, 240, 240, 240, 240, 240, 240, 240, 240, 240, 240, 240, 240, 240, 240, 240, 240, 240, 240, 240, 240, 240, 240, 240, 240, 240, 240, 240, 240, 240, 240, 240, 240, 240, 240, 240, 240, 240, 240, 240, 240, 240, 240, 240, 240, 240, 240, 240, 240, 240, 240]

ep378
Train step Loss: [0.30694130063056946, 0.2843655049800873, 0.27460381388664246, 0.3186897039413452, 0.2948884963989258, 0.2871662378311157, 0.2932749092578888, 0.30182915925979614, 0.27696892619132996, 0.2834916114807129, 0.28709396719932556, 0.2666570544242859, 0.3190292418003082, 0.26618024706840515, 0.29540443420410156, 0.2746272683143616, 0.26361972093582153, 0.28328952193260193, 0.29318544268608093, 0.3051743507385254, 0.23257161676883698, 0.31476345658302307, 0.2848641574382782, 0.2831597626209259, 0.29515722393989563, 0.34475505352020264, 0.3088935911655426, 0.28022530674934387, 0.2633192539215088, 0.2400597482919693, 0.2818588316440582, 0.26781630516052246, 0.22509974241256714, 0.2572583258152008, 0.2860499322414398, 0.3095085620880127, 0.25184866786003113, 0.2894231379032135, 0.2804551124572754, 0.27520132064819336, 0.2974492907524109, 0.26853904128074646, 0.3383212387561798, 0.24998462200164795, 0.32015782594680786, 0.26746630668640137, 0.26300978660583496, 0.27854686975479126, 0.2937631607055664, 0.26993033289909363, 0.2847169041633606, 0.2936951220035553, 0.2554057240486145, 0.27260643243789673, 0.3249475359916687, 0.28969255089759827, 0.25635895133018494, 0.31489089131355286, 0.278568297624588, 0.30638235807418823, 0.36423373222351074, 0.308843731880188, 0.2785760164260864, 0.2908213138580322, 0.28367066383361816, 0.27779415249824524, 0.2720648944377899, 0.2834867537021637, 0.28009721636772156, 0.275511771440506, 0.28304359316825867, 0.25127872824668884, 0.2850995659828186, 0.29422152042388916, 0.3040677011013031, 0.2782805263996124, 0.2563627064228058, 0.2592742443084717, 0.29744455218315125, 0.29112881422042847, 0.2822335660457611, 0.28158754110336304, 0.2794332504272461, 0.27852314710617065, 0.2586626410484314, 0.2690054476261139, 0.28545302152633667, 0.28329479694366455, 0.2840377986431122, 0.2731165289878845, 0.2739793658256531, 0.2965608239173889, 0.2739648222923279, 0.3025842607021332, 0.3125552833080292, 0.2748090624809265, 0.3015387952327728, 0.3364705741405487]
val step Loss: [0.25823459029197693, 0.2530713677406311, 0.2879956066608429, 0.27119073271751404, 0.24133151769638062, 0.2758532464504242, 0.24771320819854736, 0.2515125274658203, 0.2602808177471161, 0.2747214138507843, 0.2502344846725464, 0.25259485840797424, 0.25875937938690186, 0.2650221288204193, 0.267326295375824, 0.23245835304260254, 0.2341075837612152, 0.24479620158672333, 0.26942378282546997, 0.23996560275554657, 0.25778213143348694, 0.29641497135162354, 0.26364865899086, 0.24868163466453552, 0.22790436446666718]
Train step Accs: [0.9594894561598224, 0.9619100193210047, 0.9677824267782427, 0.9559066967644846, 0.96, 0.9616267628730731, 0.9619732785200411, 0.9593632716448816, 0.9663817663817664, 0.9626525510954271, 0.9622539035980991, 0.9649633014817892, 0.9553089844351981, 0.9688524590163935, 0.9575794621026895, 0.9658564001686104, 0.9679738562091503, 0.9611493322541481, 0.9618115827678713, 0.9566216604424016, 0.9755901287553648, 0.9547565543071161, 0.9636963696369637, 0.9618580060422961, 0.9654678133958822, 0.9512723335138061, 0.9559614839988672, 0.9636272209185384, 0.9692768236962345, 0.9709369577790631, 0.9621776504297994, 0.9705837055290313, 0.9738830486202366, 0.9694762937713046, 0.9622397702799713, 0.9606664845670582, 0.968212779759974, 0.9634329376449721, 0.9621703713930692, 0.9656740501686959, 0.9630322882545624, 0.9647475369458128, 0.9475498276637194, 0.971977240398293, 0.9571560196560197, 0.9635215261665377, 0.9651950162513543, 0.9646754738655945, 0.9649376992176181, 0.9627388972913515, 0.9631244549644948, 0.9624497094322754, 0.9690917043300773, 0.965314219889927, 0.9555355071529836, 0.966519174041298, 0.9668835008870491, 0.9540127388535032, 0.9663506227923406, 0.9591926283457657, 0.943923368589104, 0.9604096606542342, 0.9645416823840061, 0.9601368436709802, 0.9632309509746013, 0.9637791286727457, 0.9652478448275862, 0.9651162790697675, 0.9605242381177956, 0.9655688622754491, 0.9635343618513323, 0.970276008492569, 0.9597782831154065, 0.963008442056792, 0.957014157014157, 0.9623442808607021, 0.970846830171217, 0.9729834539813857, 0.9588602773122048, 0.9605537362310211, 0.9648211370046015, 0.9646271510516252, 0.9621475473155658, 0.96468289750526, 0.9669458570146575, 0.9635496985840459, 0.9595919448860626, 0.961087975013014, 0.9610354223433243, 0.966481223922114, 0.9653799549939415, 0.9605225380419179, 0.9648468708388815, 0.9595594279138583, 0.9588853357697579, 0.967001629549158, 0.9586158928881934, 0.9545823195458232]
val step Accs: [0.9677319267762954, 0.9697763801537387, 0.9584190420217455, 0.965394474508687, 0.973009046418508, 0.9572673601349452, 0.968936533073456, 0.9697343193645577, 0.9688873264194059, 0.9630546225914796, 0.9664227292294447, 0.9682731530442665, 0.964728173735607, 0.9633911368015414, 0.9692556634304207, 0.9757043163608168, 0.9733218588640276, 0.971890474803379, 0.9623973490851462, 0.9695547019490681, 0.9665806451612903, 0.9635564745412252, 0.9621818181818181, 0.9691705790297339, 0.9717514124293786]
Preds: [17, 17, 17, 17, 17, 296, 244, 51, 289, 289, 320, 7, 30, 177, 301, 76, 349, 114, 240, 240, 171, 422, 186, 99, 99, 338, 338, 338, 395, 273, 470, 403, 403, 403, 171, 171, 171, 252, 252, 219, 219, 219, 286, 286, 286, 286, 264, 468, 468, 467, 467, 145, 460, 240, 385, 35, 36, 77, 342, 172, 172, 224, 485, 485, 464, 139, 139, 88, 43, 43, 276, 109, 109, 428, 428, 428, 330, 388, 94, 33, 381, 466, 398, 398, 324, 3, 3, 14, 14, 145, 145, 284, 319, 319, 203, 53, 53, 53, 250, 250, 250, 76, 129, 82, 82, 144, 208, 441, 441, 148, 43, 129, 129, 401, 244, 208, 208, 441, 148, 148, 153, 387, 387, 42, 42, 42, 147, 147, 380, 495, 495, 406, 467, 467, 337, 360, 434, 434, 434, 434, 434, 434, 434, 434, 434, 434, 19, 422, 76, 129, 82, 82, 144, 27, 319, 378, 169, 76, 129, 82, 144, 27, 437, 437, 428, 111, 146, 438, 175, 175, 175, 34, 443, 443, 240, 37, 314, 36, 36, 108, 323, 54, 142, 485, 152, 374, 374, 132, 274, 8, 239, 239, 144, 27, 180, 355, 355, 240, 240, 24, 24, 239, 310, 107, 107, 395, 494, 26, 251, 251, 241, 331, 106, 387, 313, 240, 314, 36, 77, 351, 68, 68, 68, 224, 273, 444, 422, 422, 143, 129, 401, 401, 244, 75, 74, 74, 420, 213, 213, 213, 213, 19, 454, 170, 244, 392, 170, 392, 392, 392, 392, 392, 392, 392, 392, 392, 442, 17, 17, 17, 169, 240, 240, 240, 240, 240, 240, 240, 240, 240, 240, 240, 240, 240, 240, 240, 240, 240, 240, 240, 240, 240, 240, 240, 240, 240, 240, 240, 240, 240, 240, 240, 240, 240, 240, 240, 240, 240, 240, 240, 240, 240, 240, 240, 240, 240, 240, 240, 240, 240, 240, 240, 240, 240, 240, 240, 240, 240, 240, 240, 240, 240, 240, 240, 240, 240, 240, 240, 240, 240, 240, 240, 240, 240, 240, 240, 240, 240, 240, 240, 240, 240, 240, 240, 240, 240, 240, 240, 240, 240, 240, 240, 240, 240, 240, 240, 240, 240, 240, 240, 240, 240, 240, 240, 240, 240, 240, 240, 240, 240, 240, 240, 240, 240, 240, 240, 240, 240, 240, 240, 240, 240, 240, 240, 240, 240, 240, 240, 240, 240, 240, 240, 240, 240, 240, 240, 240, 240, 240, 240, 240, 240, 240, 240, 240, 240, 240, 240, 240, 240, 240, 240, 240, 240, 240, 240, 240, 240, 240, 240, 240, 240, 240, 240, 240, 240, 240, 240, 240, 240, 240, 240, 240, 240, 240, 240, 240, 240, 240, 240, 240, 240, 240, 240, 240, 240, 240, 240, 240, 240, 240, 240, 240, 240, 240, 240, 240, 240, 240, 240, 240, 240, 240, 240, 240, 240, 240, 240, 240, 240, 240, 240, 240, 240, 240, 240, 240, 240, 240, 240, 240, 240, 240, 240, 240, 240, 240, 240, 240, 240, 240, 240, 240, 240, 240, 240, 240, 240, 240, 240, 240, 240, 240, 240, 240, 240, 240, 240, 240, 240, 240, 240, 240, 240, 240, 240, 240, 240, 240, 240, 240, 240, 240, 240, 240, 240, 240, 240, 240, 240, 240, 240, 240, 240, 240, 240, 240, 240, 240, 240, 240, 240, 240, 240, 240, 240, 240, 240, 240, 240, 240, 240, 240, 240, 240, 240, 240, 240, 240, 240, 240, 240, 240, 240, 240, 240, 240, 240, 240, 240, 240, 240, 240, 240, 240, 240, 240, 240, 240, 240, 240, 240, 240, 240, 240, 240, 240, 240, 240, 240, 240, 240, 240, 240, 240, 240, 240, 240, 240, 240]

ep379
Train step Loss: [0.2651192843914032, 0.2796560823917389, 0.291952908039093, 0.2502642571926117, 0.30783531069755554, 0.30482614040374756, 0.25406667590141296, 0.2879204750061035, 0.29233071208000183, 0.2624722123146057, 0.24804948270320892, 0.30223286151885986, 0.2922959625720978, 0.268525630235672, 0.30202731490135193, 0.2858765721321106, 0.28202924132347107, 0.2925693094730377, 0.2606855630874634, 0.267390638589859, 0.2695578932762146, 0.2801934480667114, 0.2643885314464569, 0.2728732228279114, 0.3090860843658447, 0.2899641692638397, 0.2729378640651703, 0.29030677676200867, 0.27800577878952026, 0.26179802417755127, 0.275520920753479, 0.2758020758628845, 0.26801732182502747, 0.31014198064804077, 0.2743110954761505, 0.3010939657688141, 0.22825801372528076, 0.2905106842517853, 0.29398050904273987, 0.24938300251960754, 0.27906444668769836, 0.25246766209602356, 0.29331931471824646, 0.31784579157829285, 0.28629806637763977, 0.2776195704936981, 0.2715764045715332, 0.26629307866096497, 0.2670389413833618, 0.3085881769657135, 0.3098059296607971, 0.2999626696109772, 0.26907798647880554, 0.2622672915458679, 0.2644166350364685, 0.28959888219833374, 0.2900688350200653, 0.279468834400177, 0.27745985984802246, 0.2672361433506012, 0.29410403966903687, 0.28027471899986267, 0.2919765114784241, 0.27051860094070435, 0.27675604820251465, 0.33542516827583313, 0.2720043659210205, 0.2689555287361145, 0.3014916479587555, 0.25345659255981445, 0.2831920087337494, 0.2856796979904175, 0.2930724322795868, 0.2785458564758301, 0.2346665859222412, 0.25151434540748596, 0.28042593598365784, 0.3118521273136139, 0.25691062211990356, 0.3026655912399292, 0.28908488154411316, 0.28345009684562683, 0.28161144256591797, 0.27836480736732483, 0.2652412950992584, 0.2864590287208557, 0.2668967545032501, 0.30221548676490784, 0.2738651931285858, 0.28471097350120544, 0.28471389412879944, 0.31109267473220825, 0.27242207527160645, 0.2687143087387085, 0.27644670009613037, 0.30636993050575256, 0.25543832778930664, 0.28429681062698364]
val step Loss: [0.28669053316116333, 0.272612601518631, 0.2669995129108429, 0.2637023627758026, 0.22771063446998596, 0.252858966588974, 0.2323502004146576, 0.26694169640541077, 0.2671305239200592, 0.23010385036468506, 0.25450682640075684, 0.26975953578948975, 0.2307269424200058, 0.2762922942638397, 0.2686464786529541, 0.24219176173210144, 0.24516721069812775, 0.22979386150836945, 0.22326183319091797, 0.2606395184993744, 0.2706657350063324, 0.2245071530342102, 0.2541719079017639, 0.2741480767726898, 0.2713239789009094]
Train step Accs: [0.9654669969401136, 0.9665649631324689, 0.9598453301606187, 0.9692942846084376, 0.9536273115220484, 0.9587250293772033, 0.9715048975957258, 0.9618560755013763, 0.9652281134401973, 0.9658045478215588, 0.9684666395994045, 0.9592248062015504, 0.960577456968351, 0.9660467737390814, 0.9580188679245283, 0.9631153563556208, 0.9670871393359431, 0.959908032763328, 0.9653107062640379, 0.9642108657101403, 0.9659335920655455, 0.9614348504182617, 0.9668026445350963, 0.9619910726362776, 0.9578977932636469, 0.9604527869322252, 0.962002682163612, 0.9599374021909233, 0.9642406394615061, 0.9706939452585015, 0.9666240409207161, 0.9646233607807259, 0.9639357648339685, 0.9604427804004558, 0.9655217619297326, 0.962015503875969, 0.976657096492323, 0.9603074772886093, 0.9597057882954909, 0.9723789723789724, 0.9643515673017824, 0.9688784497944803, 0.9615384615384616, 0.9530258146424038, 0.9635870341282308, 0.9643378181228724, 0.9663865546218487, 0.9669024045261669, 0.9683908045977011, 0.9580960724193313, 0.9577781104955831, 0.9604034929238181, 0.9656430908633274, 0.9655072882089768, 0.9638397924436517, 0.9619981200483416, 0.9650191021967526, 0.9657377049180328, 0.9677259185700099, 0.9680907877169559, 0.958047535492104, 0.9609068449353292, 0.963270303360087, 0.9648477717311369, 0.9671645808101198, 0.9508732074400114, 0.9683220590661606, 0.9656593406593407, 0.9586362901922766, 0.9663255199735886, 0.9608906651441621, 0.9636018357335021, 0.9625826417217611, 0.9670699954051156, 0.9738572323105823, 0.965165832870113, 0.9625, 0.9520718232044199, 0.96397550904172, 0.960807804210166, 0.9624104139242358, 0.9624036979969184, 0.9655224787363305, 0.9681770560502881, 0.9658320652925716, 0.9643976075192253, 0.9661108122646584, 0.9627881892948632, 0.9666945373467113, 0.9669156883671292, 0.9631041317273975, 0.956860395446375, 0.9639353323200222, 0.9675256376544833, 0.9654874892148404, 0.9582982308340354, 0.969287123133277, 0.9646381578947368]
val step Accs: [0.9617851066614318, 0.9600589294483549, 0.9635449402891263, 0.9658390004744584, 0.9708180513474725, 0.9698275862068966, 0.973775433308214, 0.9657874905802563, 0.9649695078712239, 0.9732441471571907, 0.9678024833958995, 0.9655172413793104, 0.9744588070394019, 0.9644377317039682, 0.9681547186273084, 0.968863361547763, 0.9678749111584932, 0.971473231731145, 0.976790984706198, 0.9687047232686178, 0.9637858894820373, 0.9701325889741801, 0.9676834793113863, 0.9615046838407494, 0.9664723032069971]
Preds: [17, 287, 297, 297, 297, 293, 293, 98, 98, 98, 14, 129, 259, 259, 208, 441, 437, 297, 297, 297, 297, 297, 297, 481, 182, 426, 98, 98, 98, 98, 98, 98, 13, 13, 414, 414, 414, 102, 102, 102, 102, 414, 187, 305, 305, 187, 187, 391, 391, 289, 66, 66, 66, 66, 66, 66, 68, 68, 68, 172, 172, 115, 115, 267, 267, 267, 267, 267, 360, 360, 360, 434, 434, 246, 246, 3, 3, 3, 3, 188, 188, 145, 443, 443, 443, 240, 271, 271, 150, 54, 54, 86, 86, 86, 115, 273, 349, 273, 145, 486, 486, 486, 85, 146, 146, 468, 468, 406, 406, 406, 406, 406, 406, 467, 14, 183, 188, 188, 188, 171, 171, 171, 171, 318, 318, 368, 77, 453, 342, 342, 168, 273, 273, 180, 486, 486, 376, 376, 460, 282, 263, 263, 263, 263, 229, 414, 414, 312, 312, 312, 23, 23, 23, 23, 23, 201, 391, 391, 20, 321, 289, 289, 289, 287, 321, 287, 287, 287, 287, 287, 284, 284, 284, 284, 284, 265, 265, 265, 265, 85, 85, 85, 146, 146, 299, 299, 324, 324, 324, 324, 464, 464, 464, 464, 464, 315, 355, 319, 319, 460, 167, 14, 14, 411, 411, 411, 145, 145, 443, 443, 443, 443, 120, 240, 271, 271, 31, 54, 162, 54, 54, 54, 482, 482, 142, 142, 494, 494, 374, 374, 374, 467, 467, 337, 337, 337, 285, 313, 236, 143, 129, 259, 259, 354, 100, 100, 100, 497, 497, 497, 31, 31, 342, 224, 168, 494, 494, 257, 38, 368, 31, 31, 269, 342, 342, 224, 224, 267, 444, 444, 58, 349, 349, 358, 358, 183, 183, 183, 183, 183, 183, 183, 399, 427, 78, 78, 170, 312, 187, 187, 12, 12, 408, 408, 408, 391, 244, 75, 373, 66, 66, 66, 66, 66, 66, 68, 68, 68, 115, 115, 267, 267, 267, 267, 213, 213, 213, 246, 246, 246, 3, 3, 3, 188, 188, 188, 145, 443, 443, 240, 271, 271, 31, 31, 162, 342, 86, 433, 6, 336, 14, 287, 287, 139, 139, 306, 306, 468, 468, 468, 468, 494, 406, 406, 406, 242, 348, 94, 94, 199, 398, 398, 290, 290, 328, 328, 164, 465, 465, 465, 278, 360, 360, 34, 34, 77, 77, 77, 342, 342, 224, 168, 267, 267, 444, 213, 246, 246, 246, 303, 303, 303, 303, 303, 117, 417, 417, 417, 414, 414, 414, 170, 170, 170, 244, 187, 187, 187, 187, 201, 201, 244, 391, 73, 244, 321, 321, 287, 287, 287, 287, 284, 284, 284, 265, 480, 480, 85, 85, 85, 85, 85, 85, 299, 299, 299, 299, 219, 219, 219, 464, 464, 464, 464, 319, 319, 319, 282, 282, 282, 335, 14, 14, 411, 411, 188, 145, 443, 443, 443, 443, 240, 271, 150, 150, 54, 54, 54, 54, 482, 482, 142, 142, 395, 395, 487, 395, 487, 467, 288, 290, 290, 290, 290, 171, 171, 434, 434, 339, 339, 10, 309, 398, 398, 398, 398, 324, 324, 3, 3, 183, 183, 183, 451, 213, 324, 324, 252, 422, 325, 77, 342, 342, 342, 224, 267, 267, 267, 324, 246, 246, 19, 19, 19, 17, 169, 240, 240, 240, 240, 240, 240, 240, 240, 240, 240, 240, 240, 240, 240, 240, 240, 240, 240, 240, 240, 240, 240, 240, 240, 240, 240, 240, 240, 240, 240, 240, 240, 240, 240, 240, 240, 240, 240, 240, 240, 240, 240, 240, 240, 240, 240, 240, 240, 240, 240, 240, 240, 240, 240, 240, 240, 240, 240, 240, 240, 240, 240, 240, 240, 240, 240, 240, 240, 240, 240, 240, 240, 240, 240]

ep380
Train step Loss: [0.282879501581192, 0.254886269569397, 0.24538306891918182, 0.26927733421325684, 0.2889808416366577, 0.2455935776233673, 0.2499803602695465, 0.3164958655834198, 0.2824079990386963, 0.2707100808620453, 0.2891101539134979, 0.25752463936805725, 0.30416786670684814, 0.27713629603385925, 0.2578970789909363, 0.28802427649497986, 0.3219909071922302, 0.2694719731807709, 0.28395286202430725, 0.2717561423778534, 0.26936084032058716, 0.2718398869037628, 0.28632646799087524, 0.2698042690753937, 0.2644914984703064, 0.2631041407585144, 0.28873690962791443, 0.2832390069961548, 0.2599739730358124, 0.26453137397766113, 0.29313334822654724, 0.25969386100769043, 0.27624833583831787, 0.2877640426158905, 0.27253788709640503, 0.25653332471847534, 0.2887621223926544, 0.2706584632396698, 0.25406399369239807, 0.2526407837867737, 0.28114864230155945, 0.25951042771339417, 0.26583537459373474, 0.2990913689136505, 0.2723980247974396, 0.2714890241622925, 0.2511740028858185, 0.2660082280635834, 0.2559781074523926, 0.2808434069156647, 0.28987887501716614, 0.2895500957965851, 0.27243855595588684, 0.30300289392471313, 0.2838439345359802, 0.27015429735183716, 0.2603566646575928, 0.2703607380390167, 0.29754936695098877, 0.29339003562927246, 0.26325178146362305, 0.276680052280426, 0.2969082295894623, 0.27896031737327576, 0.26366060972213745, 0.29314303398132324, 0.2752757668495178, 0.26552814245224, 0.26245275139808655, 0.3286310136318207, 0.27445900440216064, 0.2916567027568817, 0.2886017858982086, 0.26179707050323486, 0.3068443834781647, 0.30149269104003906, 0.302145391702652, 0.2551003098487854, 0.2728196680545807, 0.2559710741043091, 0.2878555655479431, 0.2655058801174164, 0.24620932340621948, 0.2732556164264679, 0.24525195360183716, 0.3088672161102295, 0.26572686433792114, 0.2707759737968445, 0.2858043313026428, 0.2890099287033081, 0.27271440625190735, 0.24673043191432953, 0.2983892261981964, 0.30315181612968445, 0.2623983919620514, 0.2628072202205658, 0.28558483719825745, 0.3566862642765045]
val step Loss: [0.2545180916786194, 0.2803395688533783, 0.24402500689029694, 0.2583407163619995, 0.2239265739917755, 0.2546028196811676, 0.23978646099567413, 0.25427985191345215, 0.26024970412254333, 0.24770356714725494, 0.2525651454925537, 0.2540832459926605, 0.2602829039096832, 0.27084341645240784, 0.23023530840873718, 0.26397502422332764, 0.2233954519033432, 0.2198527306318283, 0.2409973293542862, 0.24699100852012634, 0.2601173520088196, 0.2539230287075043, 0.2763797640800476, 0.2426857352256775, 0.2369379848241806]
Train step Accs: [0.964968152866242, 0.9685151042405332, 0.968503937007874, 0.9637646304312971, 0.9614035087719298, 0.9715370018975332, 0.9685517613713052, 0.9589966957044157, 0.9654912787049819, 0.9670545564455191, 0.9652751180901314, 0.9681081081081081, 0.9609046283309958, 0.9678998128688643, 0.9676081886499093, 0.9592966911255711, 0.9521306032097399, 0.9661760543447495, 0.9628466056549652, 0.9629850746268657, 0.9640893470790378, 0.9650692840646651, 0.9632869864083737, 0.9644621295279913, 0.969543973941368, 0.9655280476339705, 0.9617804340987732, 0.9610249494268375, 0.9655639913232104, 0.9665835411471322, 0.9604733131923464, 0.967979952666017, 0.9657510431154381, 0.9623759443045474, 0.9683306494900698, 0.9690635451505016, 0.9639389736477115, 0.9650340317629788, 0.9643054024255788, 0.9680392448342501, 0.9671361502347418, 0.966309110137483, 0.9652451054788284, 0.9626014024474082, 0.9659723120714193, 0.9620002825257805, 0.9715498938428875, 0.9683828861493836, 0.9670078103959062, 0.964, 0.9612103439082911, 0.9583393606249095, 0.9630130045600406, 0.9586953425437972, 0.9647009385067936, 0.9651741293532339, 0.9680835416973085, 0.9649167087329632, 0.9593051310921666, 0.9639106641029433, 0.9663714364793801, 0.9654097849797445, 0.9628363312026164, 0.9660642309192563, 0.9664694280078896, 0.9591865357643758, 0.9639572458364405, 0.9669421487603306, 0.9681191925664852, 0.9517889630078835, 0.9660181582360571, 0.9615685252735799, 0.9629786632753992, 0.9666915608663181, 0.9570346454737365, 0.9590797661700924, 0.9562591508052709, 0.9680490349504434, 0.9660419670030435, 0.9669490348562699, 0.9603530210454854, 0.9681038627985254, 0.9714847590953786, 0.9641116526362428, 0.9670379289584587, 0.953293931094133, 0.9646695325094036, 0.9653936302219771, 0.9648724455723253, 0.9590402742073694, 0.9653287296791828, 0.971756398940865, 0.9609871434904684, 0.9635301547205557, 0.9681159420289855, 0.9667515752781874, 0.9599308157970596, 0.9527027027027027]
val step Accs: [0.9673003802281369, 0.9637911136757069, 0.9687454145267792, 0.9675650982183646, 0.9729991692052063, 0.9653242320819113, 0.9707379134860051, 0.9709141274238227, 0.9661275556911809, 0.9705576208178439, 0.9713853141559424, 0.9700410396716826, 0.9668, 0.9631868131868132, 0.9675415437179686, 0.9666288676494411, 0.9728081740276863, 0.9764041209704221, 0.9716935870782024, 0.9709561466570812, 0.9643166714822305, 0.9713748735000722, 0.9660181236673774, 0.9713153940718481, 0.9721448467966574]
Preds: [17, 196, 217, 473, 65, 443, 330, 385, 143, 17, 259, 75, 127, 114, 151, 365, 460, 215, 215, 35, 29, 29, 109, 109, 288, 313, 337, 337, 337, 337, 337, 324, 434, 434, 434, 434, 434, 434, 434, 10, 479, 479, 331, 351, 284, 426, 426, 293, 293, 293, 43, 43, 259, 208, 276, 346, 346, 346, 284, 284, 306, 306, 306, 372, 372, 396, 313, 313, 94, 331, 145, 486, 486, 443, 460, 169, 169, 150, 54, 342, 224, 224, 494, 38, 38, 38, 99, 99, 338, 338, 338, 436, 436, 221, 221, 336, 75, 445, 445, 445, 445, 171, 171, 171, 271, 271, 31, 31, 342, 232, 172, 172, 115, 273, 273, 273, 319, 319, 319, 162, 162, 449, 77, 77, 36, 36, 232, 232, 172, 172, 115, 115, 273, 273, 374, 374, 374, 99, 99, 99, 436, 436, 60, 395, 397, 336, 100, 100, 100, 100, 497, 497, 497, 122, 349, 164, 437, 437, 437, 319, 319, 240, 285, 285, 199, 355, 355, 355, 355, 355, 355, 452, 263, 13, 229, 229, 312, 312, 23, 23, 23, 101, 101, 149, 149, 82, 321, 321, 412, 287, 287, 313, 240, 368, 368, 395, 395, 395, 168, 290, 330, 330, 339, 192, 212, 219, 398, 464, 464, 264, 264, 264, 468, 468, 203, 203, 203, 217, 217, 217, 217, 473, 473, 212, 360, 434, 434, 339, 76, 36, 310, 338, 338, 395, 395, 395, 464, 464, 443, 443, 443, 169, 150, 150, 342, 342, 224, 224, 485, 464, 464, 139, 139, 293, 293, 293, 35, 35, 29, 106, 125, 125, 319, 146, 146, 146, 324, 324, 324, 301, 301, 477, 374, 495, 132, 100, 100, 497, 122, 122, 196, 196, 195, 195, 195, 117, 117, 48, 229, 229, 414, 312, 126, 126, 292, 292, 23, 408, 408, 408, 391, 249, 320, 320, 7, 7, 479, 398, 360, 360, 360, 360, 324, 301, 143, 259, 354, 420, 420, 251, 251, 241, 278, 278, 403, 171, 171, 171, 171, 171, 252, 252, 143, 143, 401, 196, 196, 196, 196, 196, 303, 195, 303, 117, 117, 197, 197, 197, 414, 102, 7, 32, 32, 364, 208, 208, 345, 141, 186, 186, 186, 186, 482, 482, 482, 482, 142, 397, 397, 487, 374, 374, 374, 213, 477, 374, 374, 132, 43, 43, 43, 276, 276, 153, 153, 153, 182, 182, 182, 182, 182, 372, 372, 372, 59, 59, 303, 303, 48, 48, 48, 48, 48, 170, 170, 170, 392, 392, 392, 244, 244, 321, 321, 320, 83, 83, 55, 290, 290, 290, 290, 434, 434, 434, 94, 186, 310, 107, 107, 395, 395, 485, 477, 286, 286, 286, 464, 264, 486, 376, 376, 376, 460, 460, 460, 263, 263, 229, 170, 170, 312, 187, 391, 244, 244, 244, 321, 320, 320, 320, 345, 345, 345, 109, 213, 324, 324, 246, 246, 246, 246, 301, 301, 378, 43, 345, 345, 109, 109, 84, 84, 240, 285, 285, 34, 376, 376, 376, 376, 460, 169, 169, 150, 77, 342, 342, 224, 196, 273, 331, 331, 331, 315, 426, 426, 426, 450, 85, 85, 85, 85, 146, 207, 207, 252, 325, 325, 34, 132, 303, 303, 303, 303, 10, 219, 398, 398, 398, 222, 255, 255, 468, 59, 59, 59, 450, 98, 98, 17, 169, 240, 240, 240, 240, 240, 240, 240, 240, 240, 240, 240, 240, 240, 240, 240, 240, 240, 240, 240, 240, 240, 240, 240, 240, 240, 240, 240, 240, 240, 240, 240, 240, 240, 240, 240, 240, 240, 240, 240, 240, 240, 240, 240, 240, 240, 240, 240, 240, 240, 240, 240, 240, 240, 240, 240, 240, 240, 240, 240, 240]

ep381
Train step Loss: [0.2434411197900772, 0.2674506902694702, 0.25449123978614807, 0.26365259289741516, 0.324165016412735, 0.2871827185153961, 0.28677040338516235, 0.31122687458992004, 0.23975342512130737, 0.25292477011680603, 0.282004714012146, 0.30687886476516724, 0.2606077194213867, 0.29694586992263794, 0.27428489923477173, 0.2525317966938019, 0.2615187466144562, 0.28772392868995667, 0.24481545388698578, 0.25237125158309937, 0.30064937472343445, 0.2517945170402527, 0.27586162090301514, 0.29355159401893616, 0.27102506160736084, 0.29817894101142883, 0.30543574690818787, 0.29451724886894226, 0.2538047134876251, 0.30643168091773987, 0.27242061495780945, 0.26594701409339905, 0.26019352674484253, 0.2788926362991333, 0.30939969420433044, 0.27198362350463867, 0.24919173121452332, 0.2560221552848816, 0.27337807416915894, 0.26787498593330383, 0.27720311284065247, 0.28553494811058044, 0.2809857726097107, 0.2716921865940094, 0.27585047483444214, 0.254892498254776, 0.2859514355659485, 0.26373177766799927, 0.29643744230270386, 0.2731955945491791, 0.2715323865413666, 0.3125532567501068, 0.30060499906539917, 0.25023317337036133, 0.2670755088329315, 0.3035956919193268, 0.28097155690193176, 0.2811238765716553, 0.25368553400039673, 0.2638145685195923, 0.2793367803096771, 0.25523841381073, 0.27785414457321167, 0.28998029232025146, 0.24120469391345978, 0.2879802882671356, 0.2597961127758026, 0.2625565826892853, 0.26523569226264954, 0.25959476828575134, 0.24418126046657562, 0.2656313478946686, 0.2509644031524658, 0.283861368894577, 0.2505209147930145, 0.2783966362476349, 0.2447996437549591, 0.29651668667793274, 0.27153655886650085, 0.2848872244358063, 0.24747160077095032, 0.25465521216392517, 0.29709795117378235, 0.2284022569656372, 0.3105829060077667, 0.26370853185653687, 0.24202722311019897, 0.24135878682136536, 0.25326818227767944, 0.23238597810268402, 0.24168509244918823, 0.2554292380809784, 0.2588098645210266, 0.2509211599826813, 0.28414061665534973, 0.2890188992023468, 0.3050106167793274, 0.3222755193710327]
val step Loss: [0.22989946603775024, 0.2587816119194031, 0.2306874841451645, 0.23764094710350037, 0.24031014740467072, 0.2339443862438202, 0.24528294801712036, 0.23469321429729462, 0.24608813226222992, 0.2280130535364151, 0.22037182748317719, 0.24399641156196594, 0.23762637376785278, 0.2448868751525879, 0.251497358083725, 0.27514147758483887, 0.23627851903438568, 0.24054212868213654, 0.2524527311325073, 0.24233654141426086, 0.26726099848747253, 0.2781628966331482, 0.24896939098834991, 0.26156458258628845, 0.2866884469985962]
Train step Accs: [0.9671002295332823, 0.9670297321165734, 0.9693987597735239, 0.9628259337561663, 0.9548197965166408, 0.9613259668508287, 0.9584030907920155, 0.9544537815126051, 0.9692505720823799, 0.9670421360033375, 0.9591218773656321, 0.9623578407816755, 0.9701057795492871, 0.9613579474342928, 0.9639458517624984, 0.9691950014530659, 0.9664448944171247, 0.9613440380612548, 0.9694831829368334, 0.9718686354378818, 0.9577587458266802, 0.968442118226601, 0.9614088820826953, 0.9608969100355482, 0.9655172413793104, 0.9584769664681918, 0.9596656494626509, 0.9609124537607892, 0.9683711857322, 0.9540399084069349, 0.9671637706936653, 0.9670658682634731, 0.9697338197540872, 0.9655797101449275, 0.9575368651010376, 0.9655430711610486, 0.9703427719821163, 0.9667711598746082, 0.9692536909115536, 0.9642342460369449, 0.9637806637806637, 0.960197600564573, 0.9628935030140656, 0.9634146341463414, 0.9647583643122677, 0.969753957060022, 0.962597893599784, 0.9678089304257529, 0.9576518691588785, 0.9701716153636611, 0.9631518551574653, 0.9517816527672479, 0.9580278855828662, 0.9698334698334699, 0.9687781447012909, 0.9571410720979633, 0.9610824382759102, 0.963451453996504, 0.9694852416939969, 0.9629403690712216, 0.9656269113149847, 0.9708547266686801, 0.9634146341463414, 0.9629734313171283, 0.9726270885175968, 0.9613037447988905, 0.9679529103989536, 0.9645989974937343, 0.9694189602446484, 0.9686240644789867, 0.970916883514465, 0.9670462156731413, 0.9715736040609138, 0.9612788179849701, 0.9693036041539401, 0.9645675632146884, 0.9711135269451778, 0.9605685465382852, 0.9656627382511276, 0.9599363610066531, 0.9712885154061625, 0.9695950679557237, 0.9618840579710145, 0.9732035928143713, 0.9597708307385727, 0.9658728954952222, 0.9732321214542549, 0.9727089916690607, 0.9703125, 0.9741641337386018, 0.9733297047217309, 0.963236337828247, 0.9684935521688159, 0.9698179097031678, 0.9613099550789741, 0.9608413811350708, 0.9581802769143826, 0.9530943025540275]
val step Accs: [0.9726339794754846, 0.9655887230514096, 0.9694421988682296, 0.965627864344638, 0.9700934579439252, 0.9723981900452489, 0.9680163320857434, 0.9708609271523179, 0.9729845016351486, 0.9723946422737667, 0.9774981495188749, 0.9713948687702743, 0.9709578330075398, 0.9756174296051596, 0.9671494699119009, 0.9624014554275319, 0.9737583395107487, 0.9686415984459553, 0.9720369056068133, 0.9668771929824561, 0.9680202290644058, 0.9649973074851912, 0.9700924415443176, 0.9663526244952894, 0.9658414290191163]
Preds: [17, 17, 70, 65, 65, 480, 480, 480, 480, 480, 480, 480, 85, 468, 468, 468, 467, 467, 467, 467, 467, 84, 350, 302, 350, 98, 98, 98, 98, 98, 98, 197, 197, 414, 321, 320, 320, 320, 127, 109, 109, 240, 240, 264, 264, 264, 468, 468, 468, 337, 337, 337, 337, 360, 360, 360, 434, 358, 349, 398, 324, 324, 324, 324, 434, 301, 339, 250, 199, 331, 380, 134, 302, 302, 293, 497, 497, 98, 14, 14, 14, 411, 287, 287, 481, 481, 481, 293, 293, 122, 35, 458, 144, 106, 106, 284, 284, 284, 284, 284, 426, 206, 319, 396, 348, 467, 467, 467, 467, 134, 275, 203, 375, 375, 375, 375, 98, 98, 98, 98, 98, 48, 13, 414, 170, 170, 170, 170, 170, 187, 187, 201, 28, 2, 2, 392, 392, 2, 2, 63, 392, 63, 63, 63, 392, 63, 63, 63, 244, 73, 73, 244, 321, 321, 320, 7, 7, 7, 451, 324, 464, 464, 464, 464, 464, 464, 264, 264, 315, 315, 315, 315, 315, 315, 315, 460, 460, 169, 169, 35, 35, 35, 401, 401, 320, 320, 441, 148, 148, 153, 153, 182, 387, 387, 122, 186, 99, 338, 338, 338, 338, 338, 338, 400, 400, 400, 213, 213, 213, 360, 434, 434, 3, 3, 14, 14, 145, 145, 145, 486, 460, 460, 460, 215, 35, 259, 441, 100, 100, 497, 497, 122, 122, 186, 310, 107, 395, 395, 106, 106, 84, 84, 496, 496, 375, 98, 98, 98, 8, 364, 364, 276, 100, 100, 100, 98, 98, 98, 98, 98, 13, 13, 170, 170, 170, 170, 28, 28, 28, 2, 2, 2, 2, 2, 2, 244, 2, 2, 2, 163, 102, 73, 73, 244, 321, 320, 320, 7, 451, 30, 30, 324, 301, 301, 378, 14, 287, 287, 287, 284, 284, 284, 169, 169, 150, 150, 232, 232, 232, 172, 115, 115, 273, 273, 241, 431, 470, 443, 443, 486, 443, 443, 146, 146, 146, 358, 186, 186, 183, 116, 397, 397, 397, 441, 100, 141, 141, 141, 141, 162, 453, 453, 232, 168, 494, 162, 66, 368, 77, 77, 342, 342, 224, 168, 444, 444, 444, 324, 324, 246, 301, 422, 349, 349, 107, 433, 320, 7, 7, 251, 241, 241, 241, 431, 431, 486, 486, 428, 428, 428, 428, 85, 146, 146, 146, 299, 358, 358, 358, 77, 342, 433, 433, 68, 68, 68, 26, 26, 127, 444, 444, 444, 213, 213, 246, 246, 246, 246, 246, 246, 246, 246, 246, 246, 3, 3, 14, 259, 440, 287, 287, 284, 284, 460, 460, 169, 150, 150, 342, 86, 77, 384, 115, 115, 494, 494, 26, 251, 251, 241, 431, 486, 486, 486, 486, 428, 428, 146, 146, 146, 146, 358, 358, 186, 186, 449, 447, 196, 374, 388, 336, 29, 106, 106, 302, 496, 293, 169, 186, 31, 342, 342, 224, 224, 494, 494, 271, 31, 77, 342, 433, 160, 224, 267, 267, 41, 41, 19, 19, 19, 454, 17, 169, 240, 240, 240, 240, 240, 240, 240, 240, 240, 240, 240, 240, 240, 240, 240, 240, 240, 240, 240, 240, 240, 240, 240, 240, 240, 240, 240, 240, 240, 240, 240, 240, 240, 240, 240, 240, 240, 240, 240, 240, 240, 240, 240, 240, 240, 240, 240, 240, 240, 240, 240, 240, 240, 240, 240, 240, 240, 240, 240, 240, 240, 240, 240, 240, 240, 240, 240, 240, 240, 240, 240, 240, 240, 240, 240, 240, 240, 240, 240, 240, 240, 240, 240, 240, 240, 240, 240, 240, 240, 240, 240, 240, 240, 240, 240, 240, 240, 240, 240, 240, 240, 240, 240, 240, 240, 240, 240]

ep382
Train step Loss: [0.2644626796245575, 0.2598530650138855, 0.27064138650894165, 0.2527046203613281, 0.3032257556915283, 0.287757933139801, 0.24865388870239258, 0.28842735290527344, 0.2564264237880707, 0.28518298268318176, 0.284900426864624, 0.24058714509010315, 0.29764169454574585, 0.2846263349056244, 0.28531789779663086, 0.26331740617752075, 0.2701815664768219, 0.24233846366405487, 0.25909435749053955, 0.26330628991127014, 0.2733052670955658, 0.2871675491333008, 0.285060316324234, 0.2396104484796524, 0.2546519637107849, 0.24714432656764984, 0.2820555567741394, 0.3023666739463806, 0.2766511142253876, 0.2955794930458069, 0.243216872215271, 0.31023675203323364, 0.28282782435417175, 0.2490062713623047, 0.27050769329071045, 0.2649640440940857, 0.23888139426708221, 0.2400471717119217, 0.2745591700077057, 0.2351652830839157, 0.28641244769096375, 0.2848973870277405, 0.23016737401485443, 0.2595858871936798, 0.27298811078071594, 0.29101231694221497, 0.26962700486183167, 0.276717871427536, 0.2771878242492676, 0.2640622854232788, 0.2744988799095154, 0.27238190174102783, 0.2255544364452362, 0.26522091031074524, 0.2682211101055145, 0.26582494378089905, 0.27552133798599243, 0.2720039188861847, 0.27148449420928955, 0.2515656352043152, 0.2743151783943176, 0.2553742825984955, 0.2611248791217804, 0.27245432138442993, 0.24760183691978455, 0.28931376338005066, 0.30017948150634766, 0.30159735679626465, 0.2452758550643921, 0.2503068149089813, 0.2675178050994873, 0.24094168841838837, 0.26725485920906067, 0.2606983184814453, 0.2622511386871338, 0.27675411105155945, 0.2545555531978607, 0.33114469051361084, 0.29244160652160645, 0.2872166037559509, 0.26511597633361816, 0.2793787121772766, 0.24867841601371765, 0.26911014318466187, 0.27761512994766235, 0.2746983468532562, 0.22162654995918274, 0.25249728560447693, 0.2800869941711426, 0.2519502639770508, 0.25718504190444946, 0.25722044706344604, 0.2537746727466583, 0.24824602901935577, 0.280416339635849, 0.25540250539779663, 0.2788797914981842, 0.31242281198501587]
val step Loss: [0.27286291122436523, 0.24082399904727936, 0.22907237708568573, 0.24596983194351196, 0.24929644167423248, 0.24542585015296936, 0.23487573862075806, 0.23121950030326843, 0.2211092710494995, 0.25067639350891113, 0.2603742480278015, 0.2664162218570709, 0.2464989572763443, 0.2063099443912506, 0.25333455204963684, 0.2138058990240097, 0.228828564286232, 0.24489259719848633, 0.22919346392154694, 0.2579573690891266, 0.2383096069097519, 0.2587556540966034, 0.2590672969818115, 0.24910250306129456, 0.294889360666275]
Train step Accs: [0.9645380615917878, 0.9691934040649367, 0.9672400897531788, 0.9710846707249585, 0.9607081174438687, 0.9635538261997406, 0.9703958691910499, 0.9635108481262328, 0.9667328699106256, 0.9624171961606056, 0.9611464968152866, 0.9714804976932756, 0.9565395095367848, 0.9623183777742296, 0.9597195490789112, 0.965948275862069, 0.9674339523934083, 0.9698944350319302, 0.9703618167821401, 0.9658496282015974, 0.9641389615240942, 0.9622641509433962, 0.9601910828025477, 0.97301753859991, 0.9688671086768521, 0.9708305199189736, 0.9682926829268292, 0.9580212506531963, 0.9619894343512434, 0.9597232897770945, 0.9709111649793241, 0.955003248862898, 0.9657782684119224, 0.9698389810141793, 0.964765601672141, 0.9633888048411497, 0.9738535249828885, 0.9708839861924058, 0.964290735273443, 0.970094512625194, 0.964963503649635, 0.9619696969696969, 0.9694011365292147, 0.9687040256787481, 0.966134730174199, 0.962677317173943, 0.9654384461582405, 0.9641215526046987, 0.9617879300620418, 0.9644822411205602, 0.9644216448783717, 0.9633870156014092, 0.9763537148453897, 0.9678833999742036, 0.9660740740740741, 0.9662701006667538, 0.9643103210693124, 0.9639827355261199, 0.9646229739252995, 0.9686377452334899, 0.9635715392962332, 0.9685410334346505, 0.968103448275862, 0.9658005029337804, 0.970906068162926, 0.9609399809463322, 0.9605849830568932, 0.9575575027382256, 0.9687316500293599, 0.9719016557952835, 0.966789667896679, 0.9702615549982085, 0.9667116509221773, 0.9657990314769975, 0.9659682539682539, 0.9616326530612245, 0.9665046858729608, 0.9568387284922718, 0.9642052233859207, 0.9604428044280443, 0.964959917248513, 0.9615880751039129, 0.971279055616405, 0.9649435531788473, 0.9636270491803278, 0.9649045521292218, 0.9756866868182416, 0.9722550177095631, 0.9646958740961293, 0.9704971234695383, 0.963770207852194, 0.9682200370528716, 0.9693468143155192, 0.9680418361417781, 0.9637254901960784, 0.9698477310417609, 0.9652315632215129, 0.9557011795543906]
val step Accs: [0.9635025754231052, 0.9709498924070089, 0.9728533490705222, 0.9708049492562213, 0.9676100628930817, 0.9660847880299251, 0.9692466726967308, 0.974982332155477, 0.9741944483191519, 0.9709243697478992, 0.9639251781472684, 0.9661615418567014, 0.9625286041189931, 0.978418212922753, 0.9708781362007168, 0.9804892253931276, 0.9722437587222825, 0.9691745799853908, 0.9738988580750407, 0.9681461352657005, 0.9733516483516483, 0.9666413949962093, 0.9646936656282451, 0.9691807340870373, 0.963855421686747]
Preds: [17, 196, 217, 217, 217, 473, 473, 476, 171, 171, 252, 143, 35, 458, 458, 127, 437, 437, 486, 486, 486, 460, 460, 167, 215, 35, 259, 354, 354, 29, 288, 288, 286, 286, 286, 468, 286, 34, 337, 337, 337, 337, 337, 337, 324, 360, 434, 324, 324, 434, 434, 434, 195, 195, 195, 331, 331, 331, 138, 84, 481, 424, 497, 293, 497, 497, 43, 43, 208, 441, 441, 346, 346, 306, 306, 306, 372, 396, 406, 467, 467, 313, 313, 467, 335, 440, 188, 188, 278, 340, 368, 31, 31, 342, 342, 172, 115, 273, 273, 278, 278, 271, 31, 31, 162, 54, 54, 224, 224, 273, 41, 41, 41, 41, 19, 19, 454, 454, 414, 170, 170, 244, 392, 244, 244, 392, 392, 392, 392, 244, 201, 201, 201, 201, 201, 201, 289, 320, 7, 7, 7, 479, 331, 331, 331, 486, 486, 486, 460, 460, 460, 169, 150, 77, 323, 323, 224, 224, 494, 494, 77, 467, 468, 406, 406, 467, 337, 337, 337, 337, 324, 324, 324, 219, 219, 324, 324, 324, 301, 301, 339, 399, 53, 53, 53, 399, 399, 53, 473, 398, 398, 219, 477, 477, 477, 374, 116, 94, 199, 331, 426, 426, 426, 426, 426, 413, 348, 275, 76, 76, 259, 192, 192, 30, 30, 324, 324, 324, 464, 464, 464, 464, 264, 365, 330, 330, 330, 388, 399, 473, 473, 110, 290, 403, 171, 171, 171, 252, 252, 143, 36, 310, 310, 310, 107, 107, 395, 400, 400, 464, 464, 464, 464, 443, 120, 365, 282, 282, 282, 282, 282, 282, 413, 250, 43, 241, 346, 346, 480, 480, 319, 85, 85, 85, 282, 263, 263, 229, 259, 229, 312, 187, 187, 23, 12, 12, 392, 244, 392, 392, 244, 321, 321, 321, 320, 320, 127, 114, 331, 331, 331, 315, 315, 315, 315, 450, 450, 450, 293, 293, 43, 43, 276, 346, 346, 346, 428, 428, 110, 443, 146, 146, 438, 368, 368, 453, 453, 323, 224, 168, 494, 494, 359, 359, 81, 81, 81, 81, 444, 213, 213, 213, 246, 358, 422, 36, 36, 66, 390, 482, 482, 196, 433, 336, 336, 354, 420, 420, 420, 374, 374, 301, 422, 458, 208, 437, 437, 437, 405, 405, 206, 169, 150, 150, 150, 54, 224, 224, 494, 494, 494, 8, 259, 354, 106, 106, 284, 284, 315, 315, 315, 315, 450, 450, 450, 450, 450, 450, 413, 375, 98, 98, 98, 17, 169, 240, 240, 240, 240, 240, 240, 240, 240, 240, 240, 240, 240, 240, 240, 240, 240, 240, 240, 240, 240, 240, 240, 240, 240, 240, 240, 240, 240, 240, 240, 240, 240, 240, 240, 240, 240, 240, 240, 240, 240, 240, 240, 240, 240, 240, 240, 240, 240, 240, 240, 240, 240, 240, 240, 240, 240, 240, 240, 240, 240, 240, 240, 240, 240, 240, 240, 240, 240, 240, 240, 240, 240, 240, 240, 240, 240, 240, 240, 240, 240, 240, 240, 240, 240, 240, 240, 240, 240, 240, 240, 240, 240, 240, 240, 240, 240, 240, 240, 240, 240, 240, 240, 240, 240, 240, 240, 240, 240, 240, 240, 240, 240, 240, 240, 240, 240, 240, 240, 240, 240, 240, 240, 240, 240, 240, 240, 240, 240, 240, 240, 240, 240, 240, 240, 240, 240, 240, 240, 240, 240, 240, 240, 240, 240, 240, 240, 240, 240, 240, 240, 240, 240, 240, 240, 240, 240, 240, 240, 240, 240, 240, 240, 240, 240, 240, 240, 240, 240, 240, 240, 240, 240, 240, 240, 240, 240, 240, 240, 240, 240, 240, 240, 240, 240, 240, 240, 240, 240, 240, 240, 240, 240, 240, 240, 240]

ep383
Train step Loss: [0.27146458625793457, 0.26841452717781067, 0.24932269752025604, 0.27818408608436584, 0.26811856031417847, 0.2331869751214981, 0.255461722612381, 0.27333375811576843, 0.26392701268196106, 0.2787557542324066, 0.2620547413825989, 0.3088284730911255, 0.2931425869464874, 0.25682497024536133, 0.25289034843444824, 0.2528493404388428, 0.2682091295719147, 0.24061039090156555, 0.2447153627872467, 0.252733439207077, 0.24103017151355743, 0.2825135588645935, 0.29153817892074585, 0.2689012289047241, 0.27500537037849426, 0.25557225942611694, 0.256963312625885, 0.24122558534145355, 0.24407650530338287, 0.26760080456733704, 0.2585662603378296, 0.28739720582962036, 0.22596114873886108, 0.28362950682640076, 0.23846158385276794, 0.23901991546154022, 0.24119123816490173, 0.30361226201057434, 0.2516063153743744, 0.2691520154476166, 0.25038066506385803, 0.2524130344390869, 0.26703664660453796, 0.27495497465133667, 0.2695130705833435, 0.25286874175071716, 0.27744433283805847, 0.2701612710952759, 0.2908923625946045, 0.29405370354652405, 0.2681434750556946, 0.3228205442428589, 0.2853378355503082, 0.2704659700393677, 0.22318987548351288, 0.273694783449173, 0.24237588047981262, 0.2457849383354187, 0.25635993480682373, 0.2532259523868561, 0.25362256169319153, 0.27440810203552246, 0.2533414661884308, 0.31263911724090576, 0.2563955783843994, 0.2805068790912628, 0.26303353905677795, 0.25155124068260193, 0.2555205821990967, 0.2701163589954376, 0.2704829275608063, 0.2611198425292969, 0.25309038162231445, 0.24398326873779297, 0.26420265436172485, 0.2626698315143585, 0.30191171169281006, 0.24273772537708282, 0.28006380796432495, 0.28825679421424866, 0.2695389688014984, 0.24292011559009552, 0.2600294351577759, 0.2370414435863495, 0.3004162311553955, 0.28211709856987, 0.2682093679904938, 0.2462124079465866, 0.23560583591461182, 0.24946723878383636, 0.2581583261489868, 0.29242539405822754, 0.2902289628982544, 0.2974785566329956, 0.25535136461257935, 0.22729285061359406, 0.2631304860115051, 0.255561500787735]
val step Loss: [0.2284972071647644, 0.2504546642303467, 0.23706963658332825, 0.2529142200946808, 0.25291457772254944, 0.23765762150287628, 0.21254990994930267, 0.25245028734207153, 0.2628237307071686, 0.2288721799850464, 0.24035383760929108, 0.24940717220306396, 0.2368735671043396, 0.2402384877204895, 0.20767416059970856, 0.25650346279144287, 0.22312399744987488, 0.23168551921844482, 0.23285748064517975, 0.22183725237846375, 0.23531575500965118, 0.2536850571632385, 0.24287950992584229, 0.23314954340457916, 0.27742642164230347]
Train step Accs: [0.9674556213017751, 0.9655690668124061, 0.9692333277897888, 0.9619084763390535, 0.9659969088098919, 0.9724663908996898, 0.9685060933862796, 0.9645615629259428, 0.9659295448701466, 0.9631646380525304, 0.967665302890326, 0.9609248242293131, 0.9594000908953189, 0.967880978865406, 0.9679555084745762, 0.9706429901188601, 0.9648105703114467, 0.9712469296344459, 0.9685902118334551, 0.9681767648693719, 0.9728929047548511, 0.9640072980593797, 0.9584476675813407, 0.967828418230563, 0.9666800481734243, 0.9620081411126187, 0.9695095642168848, 0.9688509758304252, 0.9704909355564377, 0.966176010021923, 0.968296957145133, 0.9590627153687112, 0.9729035938391329, 0.9614982578397212, 0.9733072916666666, 0.9708928805559197, 0.9723449750534569, 0.9593160377358491, 0.9659284497444633, 0.9669367485624674, 0.9701195219123506, 0.9708849812626117, 0.9641200545702592, 0.9655671761866452, 0.9632187877741323, 0.9700900350984282, 0.961499493414387, 0.9662704309063893, 0.9590916411660493, 0.9591865960189031, 0.9661237785016287, 0.953414505029116, 0.9610192372595343, 0.9669141591767617, 0.9738323948327261, 0.9623420796890184, 0.9710882077365814, 0.9716136994754705, 0.9640190088255262, 0.9686942416869424, 0.9708480565371025, 0.9662748390708088, 0.9691413815364751, 0.9521862779950231, 0.9671569327431101, 0.9610019023462271, 0.9635574837310196, 0.9668540988458124, 0.968944099378882, 0.9654930565296675, 0.9681922855497985, 0.9676320272572402, 0.9672059466550066, 0.9708299096138044, 0.9650468883205456, 0.9665749656121045, 0.9576069730586371, 0.9723291969761803, 0.960506251906069, 0.9622877817979404, 0.9681137724550898, 0.96997228210656, 0.9660222612770943, 0.9738471061590839, 0.9573263995105536, 0.9641421450393954, 0.9639000308546745, 0.9699865611467822, 0.9724177560695303, 0.966410076976907, 0.9682253364784238, 0.9613899613899614, 0.9643223819301848, 0.9574759945130316, 0.9662966430386518, 0.9734422880490297, 0.9702192371055633, 0.9687778768956289]
val step Accs: [0.976310802274163, 0.9671418873048201, 0.9702658262537681, 0.9661816751867872, 0.9695191757298226, 0.9746129167247872, 0.9733269445775435, 0.9641664136046159, 0.9697928653624857, 0.9687640113585413, 0.9703096281634385, 0.9701334141904184, 0.9671617161716172, 0.973345961304289, 0.9782308753640963, 0.9651616499442587, 0.9721353002533154, 0.970059093893631, 0.9739292364990689, 0.9733656174334141, 0.9675885911840968, 0.9668674698795181, 0.968675111263266, 0.9720835932626326, 0.9698924731182795]
Preds: [17, 17, 320, 345, 109, 324, 464, 464, 464, 464, 240, 143, 143, 36, 342, 172, 115, 115, 273, 273, 486, 486, 428, 460, 240, 240, 35, 36, 449, 449, 487, 467, 328, 116, 164, 275, 275, 250, 473, 331, 106, 106, 284, 284, 284, 206, 206, 293, 293, 122, 216, 8, 280, 29, 106, 106, 106, 481, 481, 426, 426, 426, 375, 98, 98, 98, 98, 13, 442, 48, 48, 442, 442, 442, 442, 170, 170, 128, 2, 2, 2, 2, 244, 2, 2, 391, 73, 244, 244, 73, 321, 321, 321, 287, 287, 287, 284, 284, 376, 376, 376, 460, 460, 169, 169, 150, 150, 342, 232, 232, 172, 115, 115, 273, 267, 267, 267, 267, 213, 246, 246, 246, 246, 246, 246, 3, 3, 197, 197, 321, 321, 7, 219, 219, 219, 152, 152, 152, 374, 374, 42, 42, 42, 147, 147, 153, 153, 153, 88, 387, 387, 387, 387, 337, 171, 171, 171, 324, 464, 464, 301, 301, 374, 42, 250, 250, 250, 250, 153, 153, 153, 182, 182, 182, 182, 182, 375, 98, 98, 98, 98, 98, 13, 225, 225, 82, 321, 320, 7, 188, 213, 213, 213, 213, 324, 301, 301, 339, 250, 250, 250, 250, 250, 138, 138, 138, 153, 182, 387, 98, 98, 98, 442, 17, 169, 240, 240, 240, 240, 240, 240, 240, 240, 240, 240, 240, 240, 240, 240, 240, 240, 240, 240, 240, 240, 240, 240, 240, 240, 240, 240, 240, 240, 240, 240, 240, 240, 240, 240, 240, 240, 240, 240, 240, 240, 240, 240, 240, 240, 240, 240, 240, 240, 240, 240, 240, 240, 240, 240, 240, 240, 240, 240, 240, 240, 240, 240, 240, 240, 240, 240, 240, 240, 240, 240, 240, 240, 240, 240, 240, 240, 240, 240, 240, 240, 240, 240, 240, 240, 240, 240, 240, 240, 240, 240, 240, 240, 240, 240, 240, 240, 240, 240, 240, 240, 240, 240, 240, 240, 240, 240, 240, 240, 240, 240, 240, 240, 240, 240, 240, 240, 240, 240, 240, 240, 240, 240, 240, 240, 240, 240, 240, 240, 240, 240, 240, 240, 240, 240, 240, 240, 240, 240, 240, 240, 240, 240, 240, 240, 240, 240, 240, 240, 240, 240, 240, 240, 240, 240, 240, 240, 240, 240, 240, 240, 240, 240, 240, 240, 240, 240, 240, 240, 240, 240, 240, 240, 240, 240, 240, 240, 240, 240, 240, 240, 240, 240, 240, 240, 240, 240, 240, 240, 240, 240, 240, 240, 240, 240, 240, 240, 240, 240, 240, 240, 240, 240, 240, 240, 240, 240, 240, 240, 240, 240, 240, 240, 240, 240, 240, 240, 240, 240, 240, 240, 240, 240, 240, 240, 240, 240, 240, 240, 240, 240, 240, 240, 240, 240, 240, 240, 240, 240, 240, 240, 240, 240, 240, 240, 240, 240, 240, 240, 240, 240, 240, 240, 240, 240, 240, 240, 240, 240, 240, 240, 240, 240, 240, 240, 240, 240, 240, 240, 240, 240, 240, 240, 240, 240, 240, 240, 240, 240, 240, 240, 240, 240, 240, 240, 240, 240, 240, 240, 240, 240, 240, 240, 240, 240, 240, 240, 240, 240, 240, 240, 240, 240, 240, 240, 240, 240, 240, 240, 240, 240, 240, 240, 240, 240, 240, 240, 240, 240, 240, 240, 240, 240, 240, 240, 240, 240, 240, 240, 240, 240, 240, 240, 240, 240, 240, 240, 240, 240, 240, 240, 240, 240, 240, 240, 240, 240, 240, 240, 240, 240, 240, 240, 240, 240, 240, 240, 240, 240, 240, 240, 240, 240, 240, 240, 240, 240, 240, 240, 240, 240, 240, 240, 240, 240, 240, 240, 240, 240, 240, 240, 240, 240, 240, 240, 240]

ep384
Train step Loss: [0.2469266951084137, 0.23776233196258545, 0.25874534249305725, 0.26656392216682434, 0.23066289722919464, 0.28560665249824524, 0.2587415277957916, 0.26577210426330566, 0.2711089551448822, 0.2934676706790924, 0.280428946018219, 0.2667088210582733, 0.2794457674026489, 0.24361343681812286, 0.26528626680374146, 0.2642025053501129, 0.2607128322124481, 0.2536630928516388, 0.23032927513122559, 0.2670356333255768, 0.24873822927474976, 0.26474979519844055, 0.26721853017807007, 0.23822270333766937, 0.31794002652168274, 0.24191056191921234, 0.19242307543754578, 0.25089213252067566, 0.2379673719406128, 0.2530285120010376, 0.26383763551712036, 0.25652748346328735, 0.25668227672576904, 0.23681145906448364, 0.2977396249771118, 0.23848678171634674, 0.2859798073768616, 0.264639288187027, 0.24843397736549377, 0.27175816893577576, 0.2598903477191925, 0.22192521393299103, 0.2709590196609497, 0.2662939429283142, 0.27431318163871765, 0.24085114896297455, 0.2890685498714447, 0.2555195987224579, 0.28265389800071716, 0.25385910272598267, 0.2764148414134979, 0.27765733003616333, 0.23991043865680695, 0.2616351246833801, 0.30605530738830566, 0.24571125209331512, 0.23823945224285126, 0.260015070438385, 0.25284117460250854, 0.29190659523010254, 0.25310441851615906, 0.27269694209098816, 0.21980097889900208, 0.2764589190483093, 0.21097198128700256, 0.26050397753715515, 0.25007322430610657, 0.2598080039024353, 0.2532750070095062, 0.26450487971305847, 0.2438480705022812, 0.27456870675086975, 0.29797664284706116, 0.25800585746765137, 0.2680806517601013, 0.29716065526008606, 0.2522130012512207, 0.2580653429031372, 0.30224180221557617, 0.2292356938123703, 0.27196869254112244, 0.2560526430606842, 0.2668094038963318, 0.2372591495513916, 0.29338958859443665, 0.2480684071779251, 0.2731621563434601, 0.2414429634809494, 0.2914985716342926, 0.2634047269821167, 0.25409209728240967, 0.29142168164253235, 0.22854337096214294, 0.23800615966320038, 0.24982021749019623, 0.2903306484222412, 0.2563823461532593, 0.26993516087532043]
val step Loss: [0.23866337537765503, 0.25159722566604614, 0.22560207545757294, 0.24369068443775177, 0.23586955666542053, 0.22406505048274994, 0.23456545174121857, 0.23693478107452393, 0.2408861517906189, 0.2522648572921753, 0.2279975265264511, 0.23714639246463776, 0.22583945095539093, 0.2551879584789276, 0.1913979947566986, 0.2551773488521576, 0.23799589276313782, 0.21954746544361115, 0.22617366909980774, 0.2364197075366974, 0.23779265582561493, 0.2379741072654724, 0.23926331102848053, 0.23392519354820251, 0.24354016780853271]
Train step Accs: [0.9677279930845699, 0.9714562167392357, 0.9678430303856111, 0.9682657741415645, 0.9715819800942902, 0.9644429946175175, 0.9702940284934829, 0.9653742110009017, 0.9685820587019429, 0.9613786360303105, 0.9598429186724095, 0.9659090909090909, 0.9662367772786553, 0.9723870967741935, 0.9621856683683115, 0.9650772330423103, 0.9687692307692307, 0.9707044556479084, 0.9731726283048211, 0.9635488308115543, 0.9688037337263572, 0.9661332340900632, 0.9645876535332589, 0.9731229408704699, 0.9573560767590619, 0.9732281245596731, 0.9808416571147863, 0.97130870212478, 0.9713299707990444, 0.9664317745035234, 0.9671611695232608, 0.9691193853427896, 0.9658004778972521, 0.9723994452149792, 0.9607604562737643, 0.9724544333287652, 0.9601435345379982, 0.9681218794008449, 0.9714084009883516, 0.9637435704428553, 0.9664548919949174, 0.9760114107883817, 0.962438176714343, 0.9660506502395619, 0.9599803985625612, 0.9698751800288046, 0.9627203244423647, 0.9684456029633695, 0.9613621480026195, 0.9676741554873121, 0.9636576787807737, 0.9670578255337198, 0.9722260797111513, 0.9656716417910448, 0.9567983924983255, 0.9702292348913367, 0.9708165166097485, 0.9687546718493049, 0.9677366524729774, 0.9608307524139188, 0.9709226770630279, 0.9631586894156726, 0.9738184747583244, 0.9625017489855884, 0.9764401666427237, 0.9684085823351323, 0.9691493481347618, 0.9665359843181182, 0.9721940622737147, 0.9636363636363636, 0.9675932593979548, 0.964025092817821, 0.9578767610644656, 0.969751966122202, 0.9666781767955801, 0.9591543218754495, 0.972012012012012, 0.9681528662420382, 0.9560106856634016, 0.9714584578601315, 0.9641041931385006, 0.9683481701285855, 0.9655074922250495, 0.9737046632124352, 0.9584276018099548, 0.9676996944565692, 0.9645462503647505, 0.9706766917293234, 0.9637401376531811, 0.9659509202453987, 0.9648579507203446, 0.9596463022508038, 0.972763954270343, 0.973421926910299, 0.9701633165829145, 0.9633501096915731, 0.9622297107554058, 0.9631721090105573]
val step Accs: [0.9684760620364127, 0.969386322145766, 0.9745454545454545, 0.9684270140167068, 0.9733663672963766, 0.9772542648253453, 0.9702956806104374, 0.9707429744642628, 0.9710438685391631, 0.9701710194882672, 0.9717824110362125, 0.9688062387522496, 0.9747838616714697, 0.9666849465313957, 0.9790424263077185, 0.9681998089258905, 0.968685376661743, 0.9763381201044387, 0.9760515812097021, 0.970226911403382, 0.9683372183372183, 0.9719303747843814, 0.9703937913193447, 0.9725625319040326, 0.967328370554177]
Preds: [17, 17, 7, 479, 398, 213, 213, 434, 339, 33, 33, 250, 495, 147, 109, 288, 403, 403, 171, 171, 416, 143, 32, 32, 32, 32, 354, 473, 288, 264, 264, 264, 264, 264, 171, 171, 178, 143, 458, 259, 144, 27, 100, 100, 497, 43, 43, 76, 129, 259, 354, 346, 265, 265, 428, 85, 146, 313, 313, 285, 34, 34, 324, 324, 422, 236, 129, 259, 321, 384, 106, 106, 100, 100, 182, 182, 182, 375, 98, 98, 98, 13, 170, 392, 392, 392, 73, 73, 73, 321, 287, 287, 284, 111, 240, 251, 251, 251, 241, 431, 428, 428, 428, 146, 146, 146, 271, 150, 54, 342, 68, 224, 224, 494, 64, 196, 280, 129, 129, 401, 321, 208, 441, 441, 153, 387, 387, 387, 319, 348, 348, 10, 10, 10, 309, 398, 398, 213, 213, 213, 213, 213, 3, 3, 14, 321, 411, 440, 145, 443, 443, 240, 240, 271, 31, 77, 164, 68, 68, 68, 25, 219, 219, 213, 213, 213, 286, 286, 286, 120, 120, 120, 37, 271, 173, 183, 183, 183, 170, 170, 392, 392, 244, 392, 392, 73, 244, 244, 244, 7, 309, 309, 398, 398, 398, 464, 139, 496, 496, 387, 313, 313, 236, 236, 239, 321, 384, 107, 395, 180, 106, 106, 481, 481, 293, 293, 293, 14, 14, 14, 209, 287, 287, 481, 293, 215, 215, 59, 59, 437, 437, 437, 206, 206, 167, 285, 251, 219, 219, 324, 324, 251, 251, 251, 374, 374, 374, 132, 43, 43, 43, 8, 239, 364, 196, 276, 276, 153, 153, 350, 413, 413, 413, 413, 381, 381, 381, 48, 229, 17, 169, 240, 240, 240, 240, 240, 240, 240, 240, 240, 240, 240, 240, 240, 240, 240, 240, 240, 240, 240, 240, 240, 240, 240, 240, 240, 240, 240, 240, 240, 240, 240, 240, 240, 240, 240, 240, 240, 240, 240, 240, 240, 240, 240, 240, 240, 240, 240, 240, 240, 240, 240, 240, 240, 240, 240, 240, 240, 240, 240, 240, 240, 240, 240, 240, 240, 240, 240, 240, 240, 240, 240, 240, 240, 240, 240, 240, 240, 240, 240, 240, 240, 240, 240, 240, 240, 240, 240, 240, 240, 240, 240, 240, 240, 240, 240, 240, 240, 240, 240, 240, 240, 240, 240, 240, 240, 240, 240, 240, 240, 240, 240, 240, 240, 240, 240, 240, 240, 240, 240, 240, 240, 240, 240, 240, 240, 240, 240, 240, 240, 240, 240, 240, 240, 240, 240, 240, 240, 240, 240, 240, 240, 240, 240, 240, 240, 240, 240, 240, 240, 240, 240, 240, 240, 240, 240, 240, 240, 240, 240, 240, 240, 240, 240, 240, 240, 240, 240, 240, 240, 240, 240, 240, 240, 240, 240, 240, 240, 240, 240, 240, 240, 240, 240, 240, 240, 240, 240, 240, 240, 240, 240, 240, 240, 240, 240, 240, 240, 240, 240, 240, 240, 240, 240, 240, 240, 240, 240, 240, 240, 240, 240, 240, 240, 240, 240, 240, 240, 240, 240, 240, 240, 240, 240, 240, 240, 240, 240, 240, 240, 240, 240, 240, 240, 240, 240, 240, 240, 240, 240, 240, 240, 240, 240, 240, 240, 240, 240, 240, 240, 240, 240, 240, 240, 240, 240, 240, 240, 240, 240, 240, 240, 240, 240, 240, 240, 240, 240, 240, 240, 240, 240, 240, 240, 240, 240, 240, 240, 240, 240, 240, 240, 240, 240, 240, 240, 240, 240, 240, 240, 240, 240, 240, 240, 240, 240, 240, 240, 240, 240, 240, 240, 240, 240, 240, 240, 240, 240, 240, 240, 240, 240, 240, 240, 240, 240, 240, 240, 240, 240, 240, 240, 240, 240, 240, 240, 240, 240, 240, 240]

ep385
Train step Loss: [0.24677583575248718, 0.24048784375190735, 0.278335303068161, 0.24729958176612854, 0.23440895974636078, 0.24668648838996887, 0.27289170026779175, 0.2497892677783966, 0.26890984177589417, 0.27182143926620483, 0.2547183632850647, 0.2616482973098755, 0.2472035437822342, 0.24420762062072754, 0.24658603966236115, 0.2692232131958008, 0.2433362603187561, 0.25145241618156433, 0.2812262177467346, 0.2790374457836151, 0.26232895255088806, 0.2833572030067444, 0.24372150003910065, 0.26443585753440857, 0.2674613296985626, 0.25610315799713135, 0.2612761855125427, 0.27814605832099915, 0.2769603133201599, 0.26565563678741455, 0.264331579208374, 0.2656325697898865, 0.25836676359176636, 0.2645300328731537, 0.2263173758983612, 0.27382558584213257, 0.22965067625045776, 0.26687607169151306, 0.2669430673122406, 0.23056629300117493, 0.2713945508003235, 0.29126012325286865, 0.2582137882709503, 0.2737390100955963, 0.268964022397995, 0.2606135606765747, 0.2588013708591461, 0.31527990102767944, 0.27856844663619995, 0.25762245059013367, 0.22105924785137177, 0.26160547137260437, 0.23781335353851318, 0.24987263977527618, 0.23880070447921753, 0.2558310329914093, 0.23958075046539307, 0.2793673574924469, 0.25441813468933105, 0.23317193984985352, 0.253816157579422, 0.2590259611606598, 0.25344526767730713, 0.242206409573555, 0.3071262240409851, 0.27142298221588135, 0.2545442581176758, 0.20956334471702576, 0.21624791622161865, 0.2607164680957794, 0.24630893766880035, 0.2427758425474167, 0.2719482183456421, 0.272693932056427, 0.26427775621414185, 0.2232448309659958, 0.25266990065574646, 0.23404449224472046, 0.2746914029121399, 0.23652543127536774, 0.2257024496793747, 0.2242392748594284, 0.25386106967926025, 0.2574465870857239, 0.24536414444446564, 0.27290692925453186, 0.25224876403808594, 0.269917368888855, 0.25924280285835266, 0.24194860458374023, 0.23970596492290497, 0.247053325176239, 0.2953548729419708, 0.23656027019023895, 0.25607481598854065, 0.2619841992855072, 0.23333773016929626, 0.23825761675834656]
val step Loss: [0.23194733262062073, 0.2522357404232025, 0.2464291900396347, 0.2285776138305664, 0.23906965553760529, 0.22651727497577667, 0.21335899829864502, 0.2527310848236084, 0.22067208588123322, 0.23701754212379456, 0.23954585194587708, 0.23772944509983063, 0.23245303332805634, 0.20375122129917145, 0.23539786040782928, 0.22810806334018707, 0.24732933938503265, 0.1962239146232605, 0.22994261980056763, 0.24155327677726746, 0.23856298625469208, 0.22592274844646454, 0.22392718493938446, 0.25355491042137146, 0.18685920536518097]
Train step Accs: [0.9707011804864173, 0.9714977910788086, 0.9639190378410091, 0.966461229754909, 0.9737917429899958, 0.9680154142581888, 0.9684044233807267, 0.9714484679665738, 0.9672869147659063, 0.9659927910985739, 0.9684829808096372, 0.9640821736249172, 0.9718213994010346, 0.9711013450526036, 0.97198606271777, 0.9614904895541004, 0.9675630718048239, 0.9692288049029623, 0.9669625964197351, 0.9630996309963099, 0.9649188514357053, 0.9676570139150057, 0.9722397476340694, 0.9660570795234137, 0.9664969177164299, 0.9669780292066833, 0.9640681143571317, 0.9648376577342974, 0.964692188308329, 0.9676515894132475, 0.9674595623215985, 0.9636536890824938, 0.970579126664602, 0.9648247801548759, 0.9747205503009458, 0.9622590279663318, 0.975328947368421, 0.9680219278209228, 0.9702710580005829, 0.9724331926863572, 0.9681759004773615, 0.9596358118361153, 0.9680688601971401, 0.9610094805715049, 0.9642749924947464, 0.9648979591836735, 0.96923511148744, 0.9589255258669699, 0.9632884479092841, 0.9630709426627794, 0.9742031501922361, 0.9640916920630714, 0.9704679691049523, 0.9692398698609879, 0.9684073860357761, 0.9700918964076859, 0.9696609161213563, 0.9665706051873199, 0.9648522550544324, 0.9734599804441961, 0.9646360351058337, 0.9687119057293783, 0.9677296404522933, 0.9688452421266509, 0.958861280236959, 0.9680505415162455, 0.9703806015960712, 0.9778240809644292, 0.9769220264918749, 0.965073233542572, 0.970292360892801, 0.9692387008076989, 0.9639862542955326, 0.9634655532359081, 0.965553235908142, 0.9730507587650444, 0.9653828161546858, 0.9746914544602406, 0.9621018367821437, 0.9712986643932936, 0.975011222504863, 0.977240599378004, 0.967720151269584, 0.9674225487064836, 0.973227639844451, 0.9617515880524395, 0.9672890827313616, 0.9636496350364964, 0.9684813753581661, 0.9702928870292887, 0.9722598939711503, 0.9693118831958902, 0.9561076071566482, 0.9708211143695015, 0.9665547520661157, 0.9631910837366183, 0.9707858603564125, 0.9693823216187434]
val step Accs: [0.9746105020196192, 0.9648615130219099, 0.9685288360186719, 0.9721934625055465, 0.9725390156062425, 0.9728610198543065, 0.9756574004507889, 0.9691745799853908, 0.9762202753441802, 0.9730648535564853, 0.9697583562436695, 0.9709208400646203, 0.967112340556324, 0.977615349474646, 0.9697542533081286, 0.9714244686961516, 0.9683497718239364, 0.9787948131197559, 0.975355969331873, 0.9659563061251842, 0.9696377574026754, 0.9746439192361872, 0.971554683668465, 0.9660541450413803, 0.9777327935222672]
Preds: [17, 287, 287, 313, 293, 215, 35, 259, 144, 27, 106, 106, 481, 426, 348, 285, 426, 413, 413, 413, 413, 413, 250, 250, 250, 250, 250, 250, 250, 250, 413, 413, 413, 195, 117, 335, 335, 197, 259, 287, 287, 287, 145, 284, 460, 460, 460, 167, 169, 35, 310, 449, 107, 219, 219, 219, 152, 374, 139, 139, 302, 497, 497, 497, 497, 43, 43, 364, 196, 70, 65, 350, 350, 350, 350, 350, 413, 413, 413, 195, 195, 117, 117, 414, 414, 414, 414, 414, 414, 47, 80, 73, 244, 321, 209, 83, 83, 145, 145, 403, 403, 403, 146, 146, 378, 378, 378, 345, 100, 100, 100, 497, 497, 497, 122, 8, 239, 29, 280, 374, 374, 374, 374, 374, 374, 374, 374, 132, 132, 132, 173, 239, 280, 219, 420, 213, 213, 360, 360, 360, 434, 434, 434, 434, 434, 246, 19, 19, 454, 414, 414, 414, 414, 126, 126, 187, 47, 47, 244, 201, 201, 201, 201, 7, 7, 32, 239, 310, 107, 107, 395, 213, 485, 286, 286, 286, 286, 285, 468, 180, 315, 315, 315, 315, 450, 450, 450, 413, 203, 53, 53, 70, 70, 65, 350, 413, 413, 413, 413, 117, 98, 98, 197, 414, 414, 414, 393, 393, 234, 234, 234, 155, 261, 25, 25, 148, 148, 148, 481, 297, 182, 182, 182, 182, 206, 206, 206, 293, 167, 35, 35, 35, 312, 312, 187, 149, 149, 228, 7, 7, 7, 188, 188, 147, 147, 464, 171, 171, 171, 171, 271, 271, 31, 342, 342, 68, 68, 68, 115, 267, 444, 444, 213, 213, 213, 246, 246, 246, 246, 252, 252, 58, 75, 114, 114, 180, 486, 486, 376, 376, 376, 460, 460, 460, 167, 35, 35, 35, 225, 225, 149, 149, 149, 321, 320, 287, 287, 287, 297, 297, 297, 481, 481, 293, 293, 122, 35, 458, 441, 441, 106, 106, 481, 297, 481, 297, 297, 297, 297, 426, 426, 426, 426, 375, 375, 98, 98, 35, 414, 414, 312, 312, 187, 187, 260, 201, 392, 392, 392, 392, 321, 320, 7, 7, 7, 7, 32, 32, 239, 310, 453, 107, 107, 213, 213, 213, 213, 213, 213, 213, 246, 246, 246, 246, 246, 19, 454, 454, 414, 414, 414, 414, 414, 170, 170, 392, 392, 392, 392, 392, 392, 392, 392, 392, 392, 320, 440, 234, 234, 234, 68, 68, 115, 115, 38, 125, 241, 241, 431, 431, 376, 376, 376, 376, 460, 460, 169, 150, 150, 150, 436, 436, 436, 436, 384, 384, 427, 32, 32, 212, 465, 219, 219, 213, 213, 213, 213, 213, 324, 324, 3, 3, 14, 14, 411, 411, 145, 403, 403, 403, 403, 403, 403, 207, 207, 207, 207, 207, 207, 37, 37, 358, 454, 414, 414, 414, 414, 170, 170, 170, 392, 392, 392, 392, 392, 392, 392, 392, 73, 392, 321, 321, 320, 188, 188, 171, 171, 213, 213, 252, 246, 310, 453, 9, 9, 324, 324, 301, 325, 114, 114, 114, 180, 486, 486, 376, 376, 376, 376, 376, 376, 376, 376, 376, 376, 376, 376, 460, 460, 460, 339, 169, 240, 240, 240, 240, 240, 240, 240, 240, 240, 240, 240, 240, 240, 240, 240, 240, 240, 240, 240, 240, 240, 240, 240, 240, 240, 240, 240, 240, 240, 240, 240, 240, 240, 240, 240, 240, 240, 240, 240, 240, 240, 240, 240, 240, 240, 240, 240, 240, 240, 240, 240, 240, 240, 240, 240, 240, 240, 240, 240, 240, 240, 240, 240, 240, 240, 240, 240, 240, 240, 240, 240, 240, 240, 240, 240, 240, 240, 240, 240, 240, 240, 240, 240, 240, 240, 240, 240, 240]

ep386
Train step Loss: [0.23558999598026276, 0.22417014837265015, 0.2657639682292938, 0.25895532965660095, 0.26408931612968445, 0.276843398809433, 0.2908583879470825, 0.24480003118515015, 0.23789644241333008, 0.25172796845436096, 0.24518927931785583, 0.24624544382095337, 0.255869597196579, 0.25539499521255493, 0.25609666109085083, 0.26266226172447205, 0.27884379029273987, 0.2532750368118286, 0.24256637692451477, 0.24296247959136963, 0.23429115116596222, 0.2587827444076538, 0.26423394680023193, 0.22754351794719696, 0.24863582849502563, 0.2525390088558197, 0.23147843778133392, 0.27231284976005554, 0.24093642830848694, 0.2541303038597107, 0.2457730919122696, 0.2543184757232666, 0.2538903057575226, 0.2560637593269348, 0.25622066855430603, 0.24536457657814026, 0.24563907086849213, 0.2449837327003479, 0.24355606734752655, 0.2400176078081131, 0.2662166655063629, 0.24883638322353363, 0.2563251852989197, 0.2504465579986572, 0.2679627537727356, 0.253775030374527, 0.24573113024234772, 0.2404658943414688, 0.262393057346344, 0.2485048472881317, 0.27114781737327576, 0.25041094422340393, 0.23103122413158417, 0.27259165048599243, 0.23987694084644318, 0.24335822463035583, 0.2527233064174652, 0.2457273006439209, 0.26647552847862244, 0.23872490227222443, 0.2695141136646271, 0.2472512274980545, 0.2505665719509125, 0.2622005343437195, 0.24144409596920013, 0.23870210349559784, 0.23561179637908936, 0.27386268973350525, 0.24575945734977722, 0.2459246963262558, 0.28433772921562195, 0.2801641821861267, 0.27100440859794617, 0.24498626589775085, 0.23865219950675964, 0.2828007936477661, 0.25447773933410645, 0.2615172266960144, 0.2723526358604431, 0.2520178556442261, 0.2752799987792969, 0.26093220710754395, 0.26900458335876465, 0.2605593502521515, 0.23737947642803192, 0.25091516971588135, 0.24713462591171265, 0.24742944538593292, 0.2552632987499237, 0.2511325180530548, 0.23500923812389374, 0.26965954899787903, 0.24819236993789673, 0.2585020363330841, 0.22904305160045624, 0.24981608986854553, 0.22676299512386322, 0.26015400886535645]
val step Loss: [0.2483801245689392, 0.24867890775203705, 0.22064164280891418, 0.23555365204811096, 0.2242273986339569, 0.2230890989303589, 0.23287932574748993, 0.23454903066158295, 0.22506852447986603, 0.23517218232154846, 0.20632286369800568, 0.23712275922298431, 0.2356308400630951, 0.20198774337768555, 0.23002688586711884, 0.2257298082113266, 0.23348863422870636, 0.2312793880701065, 0.23120303452014923, 0.23129902780056, 0.24140159785747528, 0.213692769408226, 0.2289160043001175, 0.228594571352005, 0.22543929517269135]
Train step Accs: [0.9737883283877349, 0.9757980115122973, 0.9637273295809882, 0.9679866289534584, 0.9695431472081218, 0.9603926878808395, 0.9614046711943018, 0.9698292973402144, 0.9728206827974809, 0.9697968149368479, 0.9687740347638825, 0.9725463280713795, 0.9712242465520177, 0.9662600570983649, 0.9681442153352265, 0.9681719260065288, 0.9626543209876544, 0.9667054376272172, 0.9701702052991753, 0.9714943116451489, 0.9718990981571036, 0.9669540229885057, 0.9673542309566348, 0.9713284086640791, 0.9705556435016622, 0.9672286119426501, 0.9707952673356298, 0.9644808743169399, 0.9670518425983761, 0.9712382190445239, 0.9710693729172978, 0.9660930528999363, 0.9678526048284625, 0.9691611260432876, 0.9667185069984447, 0.9675616737086002, 0.9694767441860465, 0.9699727024567789, 0.9694904251866278, 0.9717707442258341, 0.965817376167115, 0.9686664686664687, 0.9651748892622575, 0.9669524830296534, 0.9627913710728246, 0.966905615292712, 0.9667794153177096, 0.970045280390108, 0.9662273476112027, 0.9674092409240924, 0.9661300708306504, 0.9678842177808408, 0.9704326597043266, 0.963882618510158, 0.9690836653386454, 0.9693481076413872, 0.9640690620625292, 0.9728965960179833, 0.9650967840268252, 0.9731407942238267, 0.96666152183979, 0.9719577635450926, 0.9689677010766308, 0.9671850699844479, 0.9722222222222222, 0.9731334841628959, 0.9729085664116393, 0.9662784398699892, 0.969208966761144, 0.9701673866090713, 0.9608228709726214, 0.9617151607963247, 0.9644108427069887, 0.9675440838231536, 0.9711799115423028, 0.9624563003495972, 0.9677597134196748, 0.9657996838626239, 0.9624442050177004, 0.9702094445167165, 0.9650505846800683, 0.9670781893004116, 0.9613837489943685, 0.9673581452104942, 0.967233174711081, 0.9640230252638311, 0.9671689989235738, 0.9682377049180327, 0.9704604691572546, 0.9695464645144426, 0.9729657027572293, 0.9685005701254276, 0.9705648369132857, 0.9692354094405067, 0.9720410065237651, 0.9687279898577265, 0.9709938859661595, 0.9658800113733296]
val step Accs: [0.9660136539032353, 0.9683691236215902, 0.9758107389686337, 0.9717735612356908, 0.9743893412287195, 0.9722831193235202, 0.97082075607302, 0.9742322097378278, 0.9705642973412913, 0.9725132671111716, 0.9769066286528867, 0.9714093054619015, 0.9726277372262774, 0.9780412823891085, 0.9713001884331063, 0.9763504058214386, 0.9750115687181861, 0.9690271524082412, 0.9686893876420061, 0.9693017337362813, 0.9696171136257945, 0.9756524785426519, 0.9706780696395846, 0.9726257837589846, 0.9693693693693693]
Preds: [17, 296, 287, 481, 481, 293, 497, 122, 8, 259, 208, 27, 106, 153, 387, 387, 387, 495, 348, 348, 348, 250, 250, 250, 250, 250, 250, 195, 195, 195, 195, 195, 195, 117, 117, 197, 414, 197, 197, 414, 209, 287, 287, 287, 284, 284, 460, 460, 167, 167, 35, 35, 449, 342, 224, 30, 30, 324, 301, 339, 10, 94, 479, 331, 331, 403, 403, 403, 403, 171, 171, 171, 171, 434, 434, 246, 219, 219, 219, 219, 219, 152, 374, 374, 374, 132, 132, 132, 132, 8, 345, 345, 345, 387, 387, 374, 313, 313, 310, 310, 107, 107, 213, 213, 213, 213, 213, 246, 246, 19, 454, 454, 414, 414, 197, 80, 80, 80, 320, 7, 219, 219, 219, 152, 152, 374, 374, 378, 43, 43, 276, 276, 276, 153, 153, 182, 182, 182, 182, 387, 387, 387, 387, 387, 167, 167, 35, 219, 219, 219, 152, 152, 378, 43, 364, 364, 364, 364, 364, 276, 276, 153, 153, 497, 497, 43, 8, 354, 109, 109, 106, 499, 306, 468, 499, 499, 486, 460, 206, 206, 282, 150, 342, 273, 273, 470, 428, 403, 403, 403, 146, 146, 358, 358, 358, 358, 108, 433, 433, 427, 427, 56, 247, 126, 126, 126, 23, 408, 149, 412, 287, 287, 287, 460, 460, 460, 460, 240, 35, 280, 473, 420, 420, 324, 324, 252, 219, 246, 324, 324, 324, 301, 325, 325, 199, 398, 213, 213, 213, 213, 252, 310, 310, 107, 213, 213, 213, 213, 213, 246, 246, 246, 19, 454, 197, 197, 197, 414, 209, 209, 287, 287, 287, 284, 284, 428, 428, 428, 146, 146, 146, 146, 358, 358, 35, 36, 310, 219, 219, 219, 485, 152, 477, 374, 374, 132, 132, 132, 132, 88, 88, 14, 14, 14, 145, 145, 284, 113, 113, 113, 113, 450, 450, 450, 206, 167, 167, 167, 233, 414, 414, 414, 414, 170, 170, 187, 187, 187, 187, 392, 392, 392, 63, 63, 73, 73, 244, 321, 412, 83, 83, 55, 403, 403, 144, 240, 173, 173, 29, 29, 77, 467, 84, 84, 245, 42, 42, 42, 250, 42, 42, 217, 473, 473, 346, 278, 278, 213, 213, 213, 213, 310, 107, 107, 213, 213, 213, 213, 213, 246, 246, 246, 3, 454, 197, 414, 259, 209, 287, 287, 145, 284, 460, 460, 167, 169, 35, 77, 342, 86, 224, 400, 213, 213, 213, 324, 324, 3, 464, 14, 14, 14, 411, 481, 481, 293, 293, 497, 175, 241, 106, 174, 350, 495, 495, 495, 495, 495, 413, 413, 250, 250, 250, 250, 303, 381, 303, 303, 303, 303, 303, 117, 48, 414, 414, 312, 187, 187, 149, 149, 321, 209, 287, 287, 287, 486, 460, 460, 460, 169, 35, 342, 224, 168, 494, 301, 399, 94, 473, 473, 398, 360, 213, 252, 246, 246, 107, 324, 219, 219, 477, 477, 477, 374, 374, 374, 374, 374, 374, 132, 132, 43, 43, 345, 345, 345, 109, 109, 374, 313, 313, 368, 310, 107, 107, 213, 213, 213, 213, 213, 246, 19, 19, 454, 454, 414, 414, 414, 187, 187, 187, 47, 392, 392, 392, 392, 392, 392, 392, 73, 244, 320, 320, 412, 83, 83, 55, 403, 378, 275, 240, 173, 280, 29, 77, 77, 84, 468, 245, 245, 42, 42, 250, 250, 147, 473, 473, 65, 278, 278, 278, 443, 240, 240, 216, 127, 114, 106, 284, 284, 284, 284, 405, 206, 206, 206, 167, 167, 35, 35, 287, 287, 284, 284, 460, 460, 167, 35, 449, 449, 324, 324, 324, 301, 3, 14, 14, 411, 297, 297, 297, 182, 387, 387, 387, 387, 387, 240, 146, 188]

ep387
Train step Loss: [0.24539342522621155, 0.21816010773181915, 0.26456698775291443, 0.2606160342693329, 0.25290194153785706, 0.23142866790294647, 0.26169493794441223, 0.24592670798301697, 0.2561768889427185, 0.24363045394420624, 0.24674661457538605, 0.2405949980020523, 0.25084757804870605, 0.24180494248867035, 0.24921654164791107, 0.26494380831718445, 0.21683144569396973, 0.2524636685848236, 0.2651139795780182, 0.2539772391319275, 0.23924626410007477, 0.2232123762369156, 0.25777700543403625, 0.23625463247299194, 0.23497602343559265, 0.23060089349746704, 0.2694926857948303, 0.24482084810733795, 0.269137978553772, 0.24506020545959473, 0.23087196052074432, 0.26720812916755676, 0.26723048090934753, 0.2400907725095749, 0.27852383255958557, 0.24018995463848114, 0.25187525153160095, 0.2580338716506958, 0.23994016647338867, 0.24851442873477936, 0.2914281487464905, 0.25604087114334106, 0.2687924802303314, 0.23059765994548798, 0.25854286551475525, 0.26304110884666443, 0.25037071108818054, 0.23055845499038696, 0.25861045718193054, 0.23841941356658936, 0.23666858673095703, 0.22978238761425018, 0.23916004598140717, 0.23725253343582153, 0.25777682662010193, 0.24578411877155304, 0.2405763864517212, 0.25937575101852417, 0.2506793737411499, 0.2571992874145508, 0.25222352147102356, 0.2504781186580658, 0.22763457894325256, 0.24857434630393982, 0.2530258595943451, 0.23648644983768463, 0.2589260935783386, 0.2637028396129608, 0.2539899945259094, 0.2593347728252411, 0.22453705966472626, 0.25166112184524536, 0.25041550397872925, 0.22712227702140808, 0.24177636206150055, 0.253995418548584, 0.2516128718852997, 0.2633010447025299, 0.25333911180496216, 0.2661643326282501, 0.2420913279056549, 0.24684329330921173, 0.2422686666250229, 0.23468104004859924, 0.25482848286628723, 0.2590557038784027, 0.26417750120162964, 0.2891339659690857, 0.25095638632774353, 0.26429319381713867, 0.24675574898719788, 0.2688834071159363, 0.25263699889183044, 0.24856624007225037, 0.27246999740600586, 0.2458348125219345, 0.23222139477729797, 0.19118832051753998]
val step Loss: [0.23653201758861542, 0.24389179050922394, 0.2207777053117752, 0.20843689143657684, 0.21289792656898499, 0.24177883565425873, 0.2285914421081543, 0.2251749336719513, 0.2379421442747116, 0.22376228868961334, 0.2192031741142273, 0.22553573548793793, 0.21973396837711334, 0.215668186545372, 0.19814015924930573, 0.24727419018745422, 0.23278646171092987, 0.24292582273483276, 0.21951498091220856, 0.2290940284729004, 0.2222820520401001, 0.2172739952802658, 0.20292238891124725, 0.24415576457977295, 0.23469863831996918]
Train step Accs: [0.9699461298554012, 0.9762762389765246, 0.9651715039577836, 0.9673637937924604, 0.9693691162006464, 0.9742489270386266, 0.9668537126451782, 0.9714019686086726, 0.9653708372031312, 0.9679952585568232, 0.9665793931926691, 0.9695121951219512, 0.969856237440099, 0.9681650700073692, 0.9702026221692491, 0.9687551120562735, 0.9746664869963617, 0.9666388657214345, 0.9644931143188983, 0.9648670427074939, 0.9743437639033071, 0.9728506787330317, 0.9683437834531274, 0.9688947716743879, 0.9727948631294356, 0.973806275579809, 0.9626388421406934, 0.9686743556884523, 0.9628215767634855, 0.967415563160244, 0.9732243517474634, 0.9688868042526579, 0.9668955802077831, 0.9702505219206681, 0.9619078626078463, 0.9707442258340462, 0.9678068410462777, 0.9683001531393568, 0.9693796604791369, 0.9697007326462188, 0.9617670899756823, 0.9673157162726008, 0.9610467439073113, 0.9769045709703288, 0.9674359785014227, 0.9639291465378422, 0.9690432833730215, 0.971398778489498, 0.9700503959683225, 0.9712982042979099, 0.9721180295073768, 0.9723262032085561, 0.9691907435300562, 0.9738791423001949, 0.9675640609795654, 0.9698594406607738, 0.9700097134531326, 0.9685555191614805, 0.9704244031830239, 0.9689265536723164, 0.9668113352055144, 0.9700890372843628, 0.9727713539723983, 0.9718430034129693, 0.969586865832324, 0.9717039800995025, 0.9671513193322563, 0.9648837790552361, 0.9673554956573824, 0.9692581300813008, 0.9716144293317563, 0.9682438869482375, 0.9684456029633695, 0.9697201406942958, 0.9705282959711553, 0.9689339437540876, 0.9688978070804071, 0.9672350791717418, 0.9661123313460935, 0.9623192436040044, 0.9721448467966574, 0.967330469868541, 0.974571661680718, 0.9740364025695931, 0.9683724718338537, 0.9676599350374241, 0.9649334945586457, 0.9607167470709855, 0.9684144818976279, 0.9647983079014957, 0.967762167586553, 0.9659592061742006, 0.9696072319201995, 0.9689933872152828, 0.9622436506858617, 0.9717752234993614, 0.9710050708620466, 0.980876728449544]
val step Accs: [0.971102863202545, 0.9693080357142857, 0.97170071783545, 0.9733980011757789, 0.9770601050877867, 0.9727154612386314, 0.9726131033439249, 0.9759156334615933, 0.9703584273843483, 0.9747668678003292, 0.9733754512635379, 0.9705403645833334, 0.9720149253731343, 0.9761549925484352, 0.9789850560398505, 0.9659414853713428, 0.9731920199501247, 0.9723325766174802, 0.974136725849294, 0.9734100450940756, 0.9708680142687277, 0.970848767917539, 0.9765449438202247, 0.9670878636497209, 0.9708029197080292]
Preds: [17, 17, 17, 317, 317, 317, 317, 317, 317, 461, 461, 461, 461, 461, 461, 461, 461, 461, 461, 461, 461, 51, 102, 102, 102, 102, 102, 102, 102, 102, 102, 102, 102, 102, 102, 218, 218, 63, 63, 63, 63, 63, 63, 63, 63, 40, 218, 63, 63, 63, 63, 63, 63, 63, 63, 63, 244, 40, 40, 40, 218, 218, 218, 63, 63, 63, 63, 63, 63, 63, 63, 63, 63, 63, 63, 63, 63, 63, 63, 63, 63, 63, 63, 63, 63, 63, 63, 63, 63, 63, 63, 63, 63, 63, 63, 63, 63, 63, 63, 63, 63, 63, 63, 63, 63, 73, 73, 244, 209, 287, 287, 481, 293, 293, 122, 416, 8, 144, 27, 106, 106, 387, 387, 387, 387, 495, 406, 406, 406, 406, 250, 250, 250, 250, 132, 132, 132, 132, 195, 195, 195, 117, 117, 48, 414, 414, 197, 197, 197, 197, 197, 225, 226, 226, 82, 287, 287, 284, 284, 206, 167, 167, 35, 35, 77, 342, 342, 115, 267, 267, 324, 301, 301, 399, 217, 217, 473, 473, 65, 264, 264, 264, 264, 468, 468, 468, 337, 337, 324, 324, 252, 24, 384, 371, 371, 324, 301, 116, 251, 241, 331, 255, 496, 274, 43, 8, 8, 208, 345, 345, 88, 132, 313, 236, 24, 24, 239, 310, 107, 395, 213, 213, 213, 213, 213, 246, 19, 454, 143, 414, 414, 414, 126, 187, 187, 391, 391, 244, 73, 73, 244, 320, 188, 219, 152, 152, 301, 378, 43, 43, 276, 276, 276, 276, 153, 276, 346, 182, 182, 387, 387, 387, 387, 387, 387, 167, 335, 457, 457, 219, 219, 152, 152, 132, 42, 42, 364, 364, 364, 42, 42, 364, 276, 276, 276, 153, 153, 497, 497, 215, 129, 259, 354, 354, 106, 284, 486, 460, 468, 406, 467, 499, 206, 206, 169, 150, 150, 342, 68, 115, 273, 273, 428, 428, 428, 146, 146, 146, 358, 358, 358, 35, 36, 38, 433, 427, 427, 229, 82, 247, 126, 126, 126, 326, 23, 23, 101, 149, 149, 228, 412, 287, 284, 206, 206, 240, 314, 314, 32, 8, 354, 109, 420, 324, 422, 24, 239, 384, 371, 324, 301, 301, 399, 217, 217, 473, 398, 213, 213, 213, 236, 24, 239, 310, 310, 107, 213, 213, 213, 213, 213, 246, 19, 19, 454, 414, 414, 414, 414, 226, 226, 80, 80, 80, 209, 209, 287, 287, 284, 265, 428, 85, 146, 146, 146, 358, 358, 143, 143, 35, 458, 192, 445, 445, 445, 445, 219, 477, 477, 374, 374, 132, 132, 132, 132, 132, 335, 14, 14, 14, 411, 411, 145, 284, 284, 284, 284, 113, 450, 206, 206, 59, 452, 452, 452, 233, 414, 414, 414, 414, 414, 170, 187, 187, 187, 187, 187, 187, 392, 392, 63, 63, 63, 63, 63, 63, 63, 73, 73, 73, 244, 209, 83, 55, 443, 438, 416, 8, 8, 8, 354, 109, 264, 84, 84, 406, 406, 42, 42, 147, 147, 147, 132, 399, 217, 217, 473, 473, 278, 278, 252, 252, 236, 24, 239, 310, 107, 107, 213, 213, 213, 213, 213, 246, 246, 454, 454, 414, 414, 197, 226, 226, 226, 226, 82, 287, 287, 460, 206, 240, 167, 35, 35, 77, 342, 342, 86, 224, 224, 213, 213, 213, 324, 324, 3, 3, 14, 14, 14, 411, 287, 481, 387, 387, 497, 416, 8, 239, 144, 27, 106, 387, 387, 387, 495, 495, 413, 406, 406, 250, 250, 250, 413, 413, 381, 381, 381, 381, 381, 117, 117, 48, 229, 414, 247, 312, 126, 23, 23, 149, 149, 149, 228, 73, 244, 209, 287, 284, 460, 460]

ep388
Train step Loss: [0.24512134492397308, 0.25182044506073, 0.24056775867938995, 0.2484750747680664, 0.25789207220077515, 0.2243775576353073, 0.2653666138648987, 0.25928795337677, 0.24849186837673187, 0.2473183274269104, 0.26634156703948975, 0.2445906549692154, 0.25488221645355225, 0.2313838005065918, 0.23532353341579437, 0.24227957427501678, 0.22854720056056976, 0.23383940756320953, 0.21495015919208527, 0.2503490746021271, 0.23879438638687134, 0.26185551285743713, 0.24430185556411743, 0.25676223635673523, 0.24420061707496643, 0.23197796940803528, 0.24603979289531708, 0.2337353527545929, 0.26645803451538086, 0.26273995637893677, 0.22665755450725555, 0.2542808949947357, 0.21824264526367188, 0.22914594411849976, 0.2419828623533249, 0.2470041662454605, 0.24100808799266815, 0.24027633666992188, 0.25726237893104553, 0.23383843898773193, 0.2302505373954773, 0.2193758338689804, 0.2394489347934723, 0.2739826738834381, 0.2264569252729416, 0.24229465425014496, 0.2631724178791046, 0.28958624601364136, 0.2461186647415161, 0.2648872435092926, 0.22362524271011353, 0.25308117270469666, 0.24249368906021118, 0.2444334775209427, 0.23904208838939667, 0.24944229423999786, 0.2630169987678528, 0.25636401772499084, 0.2745875418186188, 0.2399822473526001, 0.22937610745429993, 0.24956272542476654, 0.24789360165596008, 0.23855189979076385, 0.2329249382019043, 0.246432825922966, 0.22537845373153687, 0.22514328360557556, 0.24466362595558167, 0.23295119404792786, 0.2500913441181183, 0.2379636913537979, 0.2697334587574005, 0.227025106549263, 0.27323582768440247, 0.22739514708518982, 0.2614063322544098, 0.23332440853118896, 0.23966464400291443, 0.2415630966424942, 0.23667046427726746, 0.23828475177288055, 0.22722215950489044, 0.25558269023895264, 0.23355355858802795, 0.29435259103775024, 0.22786842286586761, 0.2559090852737427, 0.2669019103050232, 0.24928565323352814, 0.25172480940818787, 0.258545458316803, 0.27639642357826233, 0.27078691124916077, 0.21302349865436554, 0.22362664341926575, 0.27368640899658203, 0.24701690673828125]
val step Loss: [0.2288367748260498, 0.22469006478786469, 0.23502734303474426, 0.21330204606056213, 0.20426714420318604, 0.20910796523094177, 0.22258296608924866, 0.21929356455802917, 0.20677129924297333, 0.21680031716823578, 0.20686480402946472, 0.22180385887622833, 0.2480655163526535, 0.2124147266149521, 0.22876596450805664, 0.2519550025463104, 0.23281501233577728, 0.20948393642902374, 0.23846662044525146, 0.21908514201641083, 0.23377221822738647, 0.2034435272216797, 0.2357981652021408, 0.21998873353004456, 0.2204636186361313]
Train step Accs: [0.9672798552472859, 0.9655303030303031, 0.9722031099490849, 0.9721194879089616, 0.9696969696969697, 0.9738396624472574, 0.9646693412708683, 0.9670342988728639, 0.9682303636609436, 0.9718384697130712, 0.9608150470219435, 0.9685605526575497, 0.9699985576229626, 0.9725200060395591, 0.9729807415924117, 0.9695238095238096, 0.9735565639180097, 0.97430686601829, 0.9746619403964816, 0.9703075291622482, 0.9712377317339149, 0.9669882423876998, 0.9696180555555556, 0.9666716935605489, 0.9686411149825784, 0.9726420010422094, 0.96685444779248, 0.969793082615919, 0.964195513296687, 0.9664629109532463, 0.9725848563968669, 0.9677769171185128, 0.9724218619421695, 0.9736234751071546, 0.9693002257336343, 0.9671790610718737, 0.9717049227659882, 0.9725726019360517, 0.9682350942755223, 0.9722067039106145, 0.9729579808625711, 0.975767366720517, 0.9701867252471363, 0.9656406585540444, 0.9737644905430141, 0.9681557500754603, 0.9661500815660685, 0.9611807521229276, 0.9662252640976046, 0.9628235294117647, 0.9767541357672561, 0.9675794368380264, 0.9726154253208096, 0.9701120797011208, 0.9709260588657573, 0.9705222205596289, 0.9658712171710438, 0.9649729404690318, 0.9657992565055762, 0.9688555898339944, 0.9708507670850767, 0.974076561450638, 0.9701610356804546, 0.9730115664715122, 0.9696852922286449, 0.9690889370932755, 0.9715727948990436, 0.9711243984249672, 0.9666814094058677, 0.9731367957018873, 0.967326464208243, 0.9719356796116505, 0.9659506762132061, 0.9731988854982089, 0.9640976543800862, 0.97114556416882, 0.9656678211112785, 0.9697236919459141, 0.97121742512641, 0.9701736162635406, 0.9717335738986619, 0.9716907962771458, 0.9711761297798378, 0.9691884095974826, 0.972823717482924, 0.9615969056499517, 0.9745511098543758, 0.9647676161919041, 0.9665600465251527, 0.9648545478478346, 0.9635800648776173, 0.9672795714492544, 0.9610586648685098, 0.9664630183283505, 0.9776773486715968, 0.9747921340900092, 0.9611621701749185, 0.966796875]
val step Accs: [0.9697624190064795, 0.9739971460282226, 0.9715212181023545, 0.9754098360655737, 0.9800819324763385, 0.9737757559539738, 0.9732432051823687, 0.9754276827371695, 0.9754974754974755, 0.9718800214247456, 0.9773934152632378, 0.9731334421849488, 0.9682378535170413, 0.9741090909090909, 0.970045781556573, 0.9666286830538825, 0.9691706469821971, 0.9763770180436847, 0.9699761173660867, 0.977685729556387, 0.9704230006609386, 0.9787749287749288, 0.9713285547591265, 0.9746423006091515, 0.9748620478234212]
Preds: [17, 239, 371, 240, 278, 278, 240, 416, 416, 239, 192, 464, 278, 443, 240, 240, 314, 239, 239, 420, 420, 324, 324, 324, 324, 464, 464, 464, 443, 443, 365, 365, 240, 167, 385, 35, 35, 35, 36, 478, 482, 482, 482, 172, 172, 115, 267, 267, 267, 444, 444, 301, 422, 173, 280, 280, 219, 213, 213, 219, 219, 219, 219, 477, 286, 374, 139, 106, 153, 153, 182, 182, 182, 375, 375, 98, 98, 98, 197, 197, 197, 321, 321, 7, 217, 309, 309, 309, 398, 398, 398, 331, 331, 84, 84, 84, 84, 139, 293, 293, 43, 43, 182, 497, 497, 122, 42, 406, 406, 380, 134, 134, 196, 280, 173, 280, 337, 337, 213, 213, 213, 213, 252, 24, 310, 310, 453, 168, 213, 213, 213, 213, 213, 213, 246, 246, 246, 19, 19, 229, 229, 187, 80, 80, 82, 321, 320, 345, 345, 345, 153, 153, 132, 43, 43, 345, 345, 109, 346, 84, 284, 84, 16, 293, 88, 88, 88, 346, 346, 284, 284, 206, 206, 175, 175, 175, 431, 428, 428, 428, 146, 146, 438, 368, 368, 453, 342, 224, 168, 302, 302, 125, 319, 348, 348, 348, 10, 10, 219, 219, 398, 464, 464, 443, 443, 443, 460, 460, 169, 169, 349, 183, 25, 400, 400, 324, 324, 301, 301, 143, 259, 364, 276, 276, 276, 346, 346, 284, 426, 426, 426, 495, 450, 413, 413, 413, 250, 250, 109, 299, 299, 324, 328, 328, 328, 58, 195, 195, 195, 195, 195, 195, 195, 199, 331, 84, 84, 496, 88, 88, 58, 58, 127, 127, 437, 284, 284, 284, 405, 405, 405, 206, 206, 206, 206, 215, 215, 29, 100, 100, 100, 100, 182, 182, 182, 497, 98, 98, 229, 229, 312, 312, 187, 23, 23, 23, 201, 392, 244, 244, 321, 321, 287, 287, 287, 284, 284, 460, 460, 460, 169, 150, 342, 342, 224, 224, 30, 324, 324, 324, 3, 464, 464, 331, 145, 265, 265, 428, 428, 428, 146, 146, 146, 146, 358, 358, 35, 36, 77, 108, 449, 444, 213, 213, 213, 213, 213, 246, 422, 325, 77, 77, 68, 68, 68, 115, 267, 267, 213, 213, 213, 246, 246, 246, 246, 246, 19, 19, 17, 169, 240, 240, 240, 240, 240, 240, 240, 240, 240, 240, 240, 240, 240, 240, 240, 240, 240, 240, 240, 240, 240, 240, 240, 240, 240, 240, 240, 240, 240, 240, 240, 240, 240, 240, 240, 240, 240, 240, 240, 240, 240, 240, 240, 240, 240, 240, 240, 240, 240, 240, 240, 240, 240, 240, 240, 240, 240, 240, 240, 240, 240, 240, 240, 240, 240, 240, 240, 240, 240, 240, 240, 240, 240, 240, 240, 240, 240, 240, 240, 240, 240, 240, 240, 240, 240, 240, 240, 240, 240, 240, 240, 240, 240, 240, 240, 240, 240, 240, 240, 240, 240, 240, 240, 240, 240, 240, 240, 240, 240, 240, 240, 240, 240, 240, 240, 240, 240, 240, 240, 240, 240, 240, 240, 240, 240, 240, 240, 240, 240, 240, 240, 240, 240, 240, 240, 240, 240, 240, 240, 240, 240, 240, 240, 240, 240, 240, 240, 240, 240, 240, 240, 240, 240, 240, 240, 240, 240, 240, 240, 240, 240, 240, 240, 240, 240, 240, 240, 240, 240, 240, 240, 240, 240, 240, 240, 240, 240, 240, 240, 240, 240, 240, 240, 240, 240, 240, 240, 240, 240, 240, 240, 240, 240, 240, 240, 240, 240, 240, 240, 240, 240, 240, 240, 240, 240, 240, 240, 240, 240, 240, 240, 240, 240, 240, 240, 240, 240, 240, 240, 240, 240, 240, 240, 240, 240, 240, 240, 240, 240, 240]

ep389
Train step Loss: [0.24157804250717163, 0.23768626153469086, 0.25496363639831543, 0.25591301918029785, 0.25640979409217834, 0.23746761679649353, 0.24505013227462769, 0.2790120244026184, 0.2659325897693634, 0.2582969665527344, 0.2579704523086548, 0.24386519193649292, 0.2248011976480484, 0.21745264530181885, 0.22470322251319885, 0.26133835315704346, 0.25228697061538696, 0.24280813336372375, 0.23562242090702057, 0.2279863953590393, 0.25348079204559326, 0.23455321788787842, 0.21429017186164856, 0.23236164450645447, 0.23283305764198303, 0.23069797456264496, 0.2622235417366028, 0.23093579709529877, 0.24628642201423645, 0.2717417776584625, 0.236075758934021, 0.2427407205104828, 0.2515029311180115, 0.2385217696428299, 0.2498781532049179, 0.22055043280124664, 0.20573285222053528, 0.26866090297698975, 0.1839977353811264, 0.2372715175151825, 0.24160058796405792, 0.22244657576084137, 0.22197376191616058, 0.22993110120296478, 0.2329397052526474, 0.2179480940103531, 0.23986132442951202, 0.24521248042583466, 0.21492578089237213, 0.25281092524528503, 0.23510031402111053, 0.2565290629863739, 0.22684980928897858, 0.2760506570339203, 0.22859355807304382, 0.25951698422431946, 0.22125233709812164, 0.26115918159484863, 0.2591630518436432, 0.25145241618156433, 0.26044145226478577, 0.26486241817474365, 0.26951083540916443, 0.20758844912052155, 0.23166435956954956, 0.23063762485980988, 0.22927922010421753, 0.24903397262096405, 0.2490949034690857, 0.2712915539741516, 0.28654128313064575, 0.2331966757774353, 0.2546527087688446, 0.28681012988090515, 0.24327252805233002, 0.2543830871582031, 0.2541847825050354, 0.24816611409187317, 0.25765520334243774, 0.22620849311351776, 0.24163556098937988, 0.22530248761177063, 0.2336995005607605, 0.2103056162595749, 0.2501015365123749, 0.24588994681835175, 0.2652251124382019, 0.22943997383117676, 0.23715883493423462, 0.20943395793437958, 0.25413739681243896, 0.21071164309978485, 0.22146745026111603, 0.2482173889875412, 0.22322407364845276, 0.2677130401134491, 0.24267522990703583, 0.2720491290092468]
val step Loss: [0.22786946594715118, 0.20854750275611877, 0.2303469479084015, 0.21711084246635437, 0.2270180881023407, 0.21245220303535461, 0.22219274938106537, 0.22218355536460876, 0.19927172362804413, 0.2301018238067627, 0.22339676320552826, 0.21633663773536682, 0.21842242777347565, 0.21760962903499603, 0.21714751422405243, 0.2240576148033142, 0.2269255518913269, 0.2266474962234497, 0.20065699517726898, 0.2160654515028, 0.205868661403656, 0.2199867069721222, 0.2047695815563202, 0.21556700766086578, 0.24774618446826935]
Train step Accs: [0.9672031211899537, 0.9710664447573935, 0.9656147662994939, 0.9701127564189648, 0.9704913336198252, 0.9695024077046549, 0.967755803955288, 0.9642638973732437, 0.9670508474576271, 0.9687647893989588, 0.9667197452229299, 0.9689160467587673, 0.973494630963708, 0.9737153371008017, 0.9730797366495977, 0.9654837141468158, 0.9678996865203762, 0.9703798185941043, 0.973975276512687, 0.9745367095770264, 0.9657150853624406, 0.9719656992084432, 0.9763366589920696, 0.9727566171723693, 0.9715033887861984, 0.9736628849270664, 0.9656126482213438, 0.970086035737922, 0.9659511472982976, 0.9613182732477178, 0.9690029012062911, 0.9701602234308393, 0.9684107987753966, 0.9682234702926397, 0.9656019656019657, 0.975867719350514, 0.9773610407163372, 0.9678111587982833, 0.9810880829015544, 0.9692284599219454, 0.9673644305257952, 0.9738257961320343, 0.9751482632024852, 0.9687269145530657, 0.9752966820053282, 0.9765327075388677, 0.967431130411182, 0.9683805334066539, 0.9731640455922667, 0.9672216441207075, 0.9741537435384359, 0.9655506364139458, 0.9720135513330388, 0.9591554606007289, 0.9732316227461858, 0.9698604060913706, 0.9750442762840122, 0.9679182851388289, 0.9675204647478215, 0.965472027972028, 0.9659648110758581, 0.964605137963844, 0.9669257950530036, 0.9744321707831699, 0.9709633649932158, 0.9722184206924867, 0.9710743801652892, 0.9686105554700724, 0.9693243593062387, 0.9647793726741095, 0.9627886453890278, 0.9732225300092336, 0.9687675070028011, 0.9610367020351366, 0.9740163325909429, 0.9677231753416691, 0.9697937844902701, 0.9701447977310046, 0.9641591177628988, 0.9722775092408302, 0.9691889442682374, 0.9733936410802182, 0.9717480871100648, 0.9785495403472931, 0.9683137911781128, 0.9712438992217386, 0.966321243523316, 0.9717411121239745, 0.9669218989280245, 0.9760487144790257, 0.9690768531150523, 0.9777473467990414, 0.9744680851063829, 0.9705251875669882, 0.96916784646846, 0.9647710779786252, 0.9672106146103401, 0.964221824686941]
val step Accs: [0.9757207890743551, 0.977373417721519, 0.9712082262210797, 0.9738795318298601, 0.9744854806879053, 0.9741341516878562, 0.9725135049253257, 0.9766767523953606, 0.9765937788728056, 0.9736058473199783, 0.9735382665187767, 0.972181551976574, 0.9752171691364333, 0.9734168406402227, 0.9720731875085982, 0.9712949733731654, 0.971589991928975, 0.9724462365591398, 0.977967416602017, 0.9738529847064628, 0.9788532500709622, 0.9723165760869565, 0.9788402519786787, 0.9768618944323934, 0.9710867397806581]
Preds: [17, 296, 239, 310, 107, 107, 395, 395, 374, 132, 8, 32, 239, 75, 354, 180, 180, 470, 403, 403, 171, 171, 171, 171, 252, 285, 285, 34, 84, 84, 84, 375, 375, 375, 98, 98, 98, 13, 13, 170, 442, 442, 442, 442, 442, 442, 442, 442, 442, 442, 442, 244, 321, 321, 412, 287, 287, 287, 284, 284, 284, 284, 450, 450, 88, 88, 88, 109, 379, 299, 299, 324, 219, 219, 219, 219, 152, 30, 152, 378, 378, 88, 14, 109, 145, 145, 443, 443, 443, 240, 240, 34, 34, 34, 215, 330, 330, 388, 388, 94, 398, 398, 331, 331, 315, 315, 315, 315, 450, 450, 450, 450, 413, 352, 413, 413, 413, 195, 250, 212, 259, 208, 345, 280, 374, 374, 58, 34, 285, 34, 139, 139, 139, 139, 293, 169, 150, 150, 54, 54, 54, 142, 397, 336, 336, 276, 153, 100, 375, 98, 98, 98, 122, 196, 196, 275, 275, 275, 195, 195, 195, 195, 48, 48, 229, 229, 244, 244, 244, 12, 12, 12, 23, 408, 408, 392, 244, 321, 321, 412, 83, 83, 55, 55, 460, 322, 169, 150, 77, 342, 68, 115, 115, 267, 267, 290, 290, 171, 171, 171, 171, 252, 252, 310, 310, 107, 107, 395, 395, 139, 139, 139, 88, 81, 81, 151, 151, 151, 151, 151, 271, 271, 31, 54, 342, 232, 232, 390, 390, 160, 112, 112, 427, 56, 56, 312, 312, 126, 292, 23, 23, 101, 149, 149, 321, 321, 83, 83, 145, 145, 486, 460, 460, 169, 169, 77, 342, 342, 224, 224, 273, 485, 222, 464, 139, 139, 481, 293, 293, 497, 122, 175, 276, 106, 106, 153, 346, 346, 372, 372, 372, 372, 372, 396, 396, 203, 203, 381, 381, 303, 303, 48, 48, 229, 229, 321, 247, 312, 126, 292, 292, 408, 408, 408, 408, 321, 321, 83, 83, 145, 486, 460, 460, 169, 169, 35, 342, 224, 224, 168, 232, 487, 499, 499, 499, 481, 424, 424, 293, 293, 497, 497, 122, 8, 70, 473, 65, 84, 84, 319, 413, 348, 413, 76, 183, 445, 445, 445, 451, 213, 213, 213, 213, 252, 252, 19, 454, 454, 414, 414, 414, 170, 249, 47, 47, 47, 187, 80, 73, 73, 73, 320, 320, 320, 83, 188, 286, 286, 286, 468, 468, 313, 285, 199, 331, 180, 284, 284, 284, 284, 206, 450, 293, 348, 43, 250, 276, 174, 174, 174, 387, 167, 167, 457, 219, 219, 219, 219, 213, 324, 324, 301, 8, 345, 345, 345, 100, 497, 497, 122, 183, 183, 445, 445, 451, 30, 30, 324, 301, 301, 364, 345, 345, 345, 153, 387, 387, 132, 285, 285, 285, 134, 134, 134, 134, 43, 43, 43, 43, 364, 364, 364, 276, 276, 276, 153, 387, 122, 122, 8, 239, 75, 161, 487, 487, 374, 374, 374, 132, 132, 132, 186, 453, 169, 240, 240, 240, 240, 240, 240, 240, 240, 240, 240, 240, 240, 240, 240, 240, 240, 240, 240, 240, 240, 240, 240, 240, 240, 240, 240, 240, 240, 240, 240, 240, 240, 240, 240, 240, 240, 240, 240, 240, 240, 240, 240, 240, 240, 240, 240, 240, 240, 240, 240, 240, 240, 240, 240, 240, 240, 240, 240, 240, 240, 240, 240, 240, 240, 240, 240, 240, 240, 240, 240, 240, 240, 240, 240, 240, 240, 240, 240, 240, 240, 240, 240, 240, 240, 240, 240, 240, 240, 240, 240, 240, 240, 240, 240, 240, 240, 240, 240, 240, 240, 240, 240, 240, 240, 240, 240, 240, 240, 240, 240, 240, 240, 240, 240, 240, 240, 240, 240, 240, 240, 240, 240, 240, 240, 240, 240]

ep390
Train step Loss: [0.24664685130119324, 0.242576003074646, 0.2596341669559479, 0.23206894099712372, 0.23124341666698456, 0.2563692033290863, 0.23964226245880127, 0.22406257688999176, 0.24342569708824158, 0.22018194198608398, 0.270975798368454, 0.22717086970806122, 0.23979470133781433, 0.23616069555282593, 0.24176204204559326, 0.22727984189987183, 0.2505668103694916, 0.21691842377185822, 0.2393559068441391, 0.25055932998657227, 0.21665136516094208, 0.23821194469928741, 0.21987806260585785, 0.2664126455783844, 0.23635967075824738, 0.2626798450946808, 0.24070046842098236, 0.2371114194393158, 0.22813063859939575, 0.2301991581916809, 0.2222914844751358, 0.22824037075042725, 0.23069791495800018, 0.2278159260749817, 0.23016810417175293, 0.22515463829040527, 0.26877012848854065, 0.22444720566272736, 0.24335689842700958, 0.21025538444519043, 0.2466302216053009, 0.24917328357696533, 0.23238439857959747, 0.26022353768348694, 0.22976668179035187, 0.25063011050224304, 0.22750665247440338, 0.22165802121162415, 0.25081774592399597, 0.22506490349769592, 0.26627641916275024, 0.25577878952026367, 0.23245495557785034, 0.20544230937957764, 0.2676146328449249, 0.24477562308311462, 0.25050050020217896, 0.22565606236457825, 0.24371981620788574, 0.22242242097854614, 0.23022863268852234, 0.21521541476249695, 0.26801177859306335, 0.2272683084011078, 0.2498660832643509, 0.25736573338508606, 0.23625585436820984, 0.24560347199440002, 0.26201096177101135, 0.24504783749580383, 0.21489861607551575, 0.22617103159427643, 0.23730096220970154, 0.24044756591320038, 0.2628268599510193, 0.2198326289653778, 0.2308683693408966, 0.2342023253440857, 0.24442942440509796, 0.2582690119743347, 0.22290703654289246, 0.24592983722686768, 0.23963259160518646, 0.23072196543216705, 0.23391860723495483, 0.2487715184688568, 0.26419901847839355, 0.23574689030647278, 0.22821103036403656, 0.24732305109500885, 0.24369266629219055, 0.24094916880130768, 0.24895747005939484, 0.2590673267841339, 0.19971978664398193, 0.2618701457977295, 0.25000908970832825, 0.19999542832374573]
val step Loss: [0.23249128460884094, 0.2225925624370575, 0.2361537665128708, 0.1969175487756729, 0.18324853479862213, 0.20536379516124725, 0.23352229595184326, 0.20770594477653503, 0.24022068083286285, 0.19678738713264465, 0.17740494012832642, 0.2156202644109726, 0.2298039197921753, 0.2381763756275177, 0.24813301861286163, 0.22512733936309814, 0.2305830866098404, 0.21815209090709686, 0.19704847037792206, 0.19498898088932037, 0.23477913439273834, 0.2076844424009323, 0.2064954787492752, 0.20619896054267883, 0.22220143675804138]
Train step Accs: [0.9720654627539503, 0.9708898944193062, 0.9644444444444444, 0.9697885196374623, 0.9721056194989844, 0.9657104736490995, 0.9718054837040869, 0.9736417428725122, 0.971012402653591, 0.9709302325581395, 0.9628655423178091, 0.9740518962075848, 0.9707280832095097, 0.9726967440502263, 0.9714906326364376, 0.9730374947338857, 0.9718207037523726, 0.9730128893662728, 0.9714403973509934, 0.9684727719394022, 0.9734125742883953, 0.9692330558858502, 0.9773071104387292, 0.9643687064291248, 0.9703544219940378, 0.9632664208657654, 0.9696495242683367, 0.9725484646950615, 0.9735217450953492, 0.9712959054453356, 0.9749925127283617, 0.971781033153431, 0.9731296101159115, 0.9739292364990689, 0.9742682096664398, 0.9746297312122875, 0.9612823292550721, 0.9735573952798715, 0.9670237929595102, 0.9723636363636363, 0.9690609734032929, 0.9730010384215991, 0.9721741864486716, 0.9652576722640417, 0.9721828718609143, 0.9680487442413435, 0.9759919493962047, 0.9735905856595511, 0.9660009902624196, 0.9757635191930513, 0.9644385907145209, 0.9652339738888074, 0.9723225030084236, 0.9751467977604806, 0.9688427299703264, 0.9702100572883514, 0.9689632107023411, 0.9723863344464423, 0.9675221799746515, 0.9701492537313433, 0.9730327755497165, 0.9747936984246062, 0.9641655696943103, 0.9767269493032908, 0.969763687068839, 0.9691892659378106, 0.9734170451509484, 0.9682539682539683, 0.9697425610163825, 0.9700272479564033, 0.9743622448979592, 0.9731506849315068, 0.966373098478783, 0.9678839256602543, 0.9657789019491148, 0.974024024024024, 0.9715974625144176, 0.9751389295115531, 0.9714799588900308, 0.9663068844807468, 0.9727810650887574, 0.9700939903161493, 0.972370486656201, 0.9716227018385292, 0.9694533762057878, 0.9710580204778158, 0.9637650389242746, 0.9676022693341296, 0.973677213507046, 0.9647961486384835, 0.9682875264270613, 0.9712488769092543, 0.968843697040803, 0.9676102340773, 0.9762311414745232, 0.96773654296222, 0.9672954061454213, 0.9823529411764705]
val step Accs: [0.9724157543011517, 0.9742513294150573, 0.9693938489101225, 0.9774043214235277, 0.9801964256963452, 0.976245924545878, 0.9712292938099389, 0.9791469194312796, 0.9705273219690935, 0.9800640279394645, 0.9831039651178635, 0.9761362112883765, 0.9696465696465697, 0.9673568082212483, 0.9682206565732274, 0.9728260869565217, 0.9707081383059036, 0.9717376133984648, 0.9786807840892832, 0.9796819787985865, 0.9690911668793422, 0.9749119718309859, 0.9773945804955804, 0.9730855495033643, 0.9747109826589595]
Preds: [17, 17, 217, 217, 217, 473, 473, 65, 443, 240, 240, 314, 314, 35, 259, 127, 180, 486, 460, 460, 178, 35, 35, 35, 35, 345, 345, 109, 286, 286, 286, 468, 313, 406, 285, 34, 337, 337, 171, 171, 171, 252, 116, 116, 94, 398, 398, 324, 324, 301, 10, 10, 479, 331, 106, 88, 153, 387, 387, 387, 43, 416, 8, 32, 239, 208, 27, 106, 153, 387, 387, 387, 348, 348, 413, 413, 250, 250, 250, 182, 182, 182, 132, 303, 303, 303, 303, 303, 303, 117, 117, 117, 48, 229, 414, 47, 47, 20, 80, 80, 80, 80, 20, 7, 7, 7, 309, 398, 152, 301, 116, 10, 10, 250, 250, 88, 109, 109, 403, 403, 443, 171, 328, 416, 416, 32, 32, 32, 32, 354, 354, 470, 278, 403, 403, 171, 171, 171, 171, 252, 143, 143, 239, 259, 131, 180, 106, 84, 481, 293, 497, 43, 43, 276, 276, 276, 276, 153, 153, 153, 182, 182, 497, 98, 129, 129, 401, 197, 226, 226, 226, 226, 209, 209, 287, 145, 460, 460, 460, 169, 35, 35, 77, 342, 172, 224, 494, 324, 301, 399, 217, 217, 217, 473, 473, 443, 443, 443, 271, 31, 162, 54, 54, 172, 172, 115, 273, 106, 106, 481, 481, 481, 182, 182, 182, 182, 182, 182, 426, 426, 426, 375, 375, 98, 98, 263, 13, 13, 82, 170, 170, 170, 28, 20, 28, 28, 20, 28, 28, 2, 2, 2, 2, 2, 2, 2, 20, 2, 163, 163, 316, 20, 316, 316, 73, 73, 20, 73, 289, 320, 7, 70, 70, 70, 65, 65, 315, 315, 315, 450, 450, 406, 406, 406, 406, 406, 495, 375, 375, 375, 303, 303, 303, 303, 303, 303, 303, 303, 303, 303, 303, 303, 303, 98, 98, 98, 98, 17, 169, 240, 240, 240, 240, 240, 240, 240, 240, 240, 240, 240, 240, 240, 240, 240, 240, 240, 240, 240, 240, 240, 240, 240, 240, 240, 240, 240, 240, 240, 240, 240, 240, 240, 240, 240, 240, 240, 240, 240, 240, 240, 240, 240, 240, 240, 240, 240, 240, 240, 240, 240, 240, 240, 240, 240, 240, 240, 240, 240, 240, 240, 240, 240, 240, 240, 240, 240, 240, 240, 240, 240, 240, 240, 240, 240, 240, 240, 240, 240, 240, 240, 240, 240, 240, 240, 240, 240, 240, 240, 240, 240, 240, 240, 240, 240, 240, 240, 240, 240, 240, 240, 240, 240, 240, 240, 240, 240, 240, 240, 240, 240, 240, 240, 240, 240, 240, 240, 240, 240, 240, 240, 240, 240, 240, 240, 240, 240, 240, 240, 240, 240, 240, 240, 240, 240, 240, 240, 240, 240, 240, 240, 240, 240, 240, 240, 240, 240, 240, 240, 240, 240, 240, 240, 240, 240, 240, 240, 240, 240, 240, 240, 240, 240, 240, 240, 240, 240, 240, 240, 240, 240, 240, 240, 240, 240, 240, 240, 240, 240, 240, 240, 240, 240, 240, 240, 240, 240, 240, 240, 240, 240, 240, 240, 240, 240, 240, 240, 240, 240, 240, 240, 240, 240, 240, 240, 240, 240, 240, 240, 240, 240, 240, 240, 240, 240, 240, 240, 240, 240, 240, 240, 240, 240, 240, 240, 240, 240, 240, 240, 240, 240, 240, 240, 240, 240, 240, 240, 240, 240, 240, 240, 240, 240, 240, 240, 240, 240, 240, 240, 240, 240, 240, 240, 240, 240, 240, 240, 240, 240, 240, 240, 240, 240, 240, 240, 240, 240, 240, 240, 240, 240, 240, 240, 240, 240, 240, 240, 240, 240, 240, 240, 240, 240, 240, 240, 240, 240, 240, 240, 240, 240, 240, 240, 240, 240, 240, 240, 240, 240, 240, 240]

ep391
Train step Loss: [0.2330228090286255, 0.25796180963516235, 0.25002747774124146, 0.21605822443962097, 0.2143610268831253, 0.23073303699493408, 0.23823371529579163, 0.2251584529876709, 0.2302091270685196, 0.22213710844516754, 0.2683568596839905, 0.23449964821338654, 0.23156975209712982, 0.2327665239572525, 0.26268166303634644, 0.24821652472019196, 0.228774756193161, 0.23745153844356537, 0.2009430080652237, 0.2348025143146515, 0.24410218000411987, 0.22038151323795319, 0.20351968705654144, 0.23454833030700684, 0.22596891224384308, 0.27830585837364197, 0.2566388249397278, 0.2612162232398987, 0.23860803246498108, 0.24760901927947998, 0.2409287989139557, 0.21267281472682953, 0.23342376947402954, 0.2277519702911377, 0.2158585786819458, 0.22693176567554474, 0.22740596532821655, 0.23320402204990387, 0.22767342627048492, 0.24379388988018036, 0.22642171382904053, 0.22338749468326569, 0.2631131410598755, 0.24528254568576813, 0.2331538051366806, 0.25839027762413025, 0.23242628574371338, 0.253288209438324, 0.25900477170944214, 0.23675602674484253, 0.21455620229244232, 0.2086704671382904, 0.22131870687007904, 0.24330399930477142, 0.2387089729309082, 0.23329724371433258, 0.22094830870628357, 0.2357672154903412, 0.23772618174552917, 0.23874428868293762, 0.24688632786273956, 0.2421000599861145, 0.23569904267787933, 0.21101273596286774, 0.2197876274585724, 0.23502987623214722, 0.23249587416648865, 0.23519404232501984, 0.2661614418029785, 0.21480703353881836, 0.2066354900598526, 0.24824383854866028, 0.2677716314792633, 0.2519281804561615, 0.24893073737621307, 0.23812873661518097, 0.23946473002433777, 0.22531455755233765, 0.24609866738319397, 0.22333817183971405, 0.269517183303833, 0.25506165623664856, 0.23257699608802795, 0.2119966596364975, 0.22968518733978271, 0.2331060916185379, 0.22991041839122772, 0.2322489321231842, 0.2609015703201294, 0.24767202138900757, 0.23474140465259552, 0.20511354506015778, 0.20584647357463837, 0.21152183413505554, 0.2407369315624237, 0.21018879115581512, 0.23829564452171326, 0.2248736172914505]
val step Loss: [0.21295015513896942, 0.23006503283977509, 0.2206156849861145, 0.21047250926494598, 0.2035520225763321, 0.20711570978164673, 0.20963682234287262, 0.21853648126125336, 0.20282170176506042, 0.21261072158813477, 0.19542351365089417, 0.2380058467388153, 0.2001408338546753, 0.21734371781349182, 0.2093752920627594, 0.22034628689289093, 0.2107958346605301, 0.20980915427207947, 0.2302185595035553, 0.20609638094902039, 0.18989773094654083, 0.2029838263988495, 0.23857954144477844, 0.21622595191001892, 0.19149212539196014]
Train step Accs: [0.9760207388204796, 0.9671766342141863, 0.9650222965440357, 0.9784267298079453, 0.9780107761759138, 0.9754981152396338, 0.9722297480357627, 0.9716783216783217, 0.9709983268265476, 0.9754678806272129, 0.965001411233418, 0.9668296089385475, 0.9698813982521848, 0.974094834116043, 0.9640005603025634, 0.9673930853678518, 0.9715112075198843, 0.9719175076788065, 0.9766634254757606, 0.9759001161440186, 0.9681857265692175, 0.9736200060994206, 0.9800050942435048, 0.9733545085583201, 0.9755466052934407, 0.9587786259541985, 0.967373811265545, 0.9639709293335396, 0.9715854495538778, 0.9672215769776745, 0.9682957005876894, 0.9770218925275919, 0.9682493445965628, 0.9725445796773281, 0.9730700179533214, 0.9716351501668521, 0.9709794437726723, 0.9736680955296999, 0.9721478307445099, 0.9709586605423025, 0.9720501170315297, 0.9733077717150863, 0.9645151869158879, 0.9717941261994766, 0.9728105323411562, 0.9641787468551576, 0.9755597603279722, 0.9680511182108626, 0.9665979988228369, 0.9707101014430632, 0.9740925266903915, 0.9766142652981681, 0.9737955507028797, 0.9683171234895372, 0.9708282950423216, 0.9723385167464115, 0.9732295925095609, 0.9725796568627451, 0.9669607056936648, 0.9693835333057509, 0.9662813102119461, 0.9717680122636689, 0.9735169491525424, 0.9758064516129032, 0.9732770745428974, 0.9719414693015538, 0.9740010469377072, 0.9726636143280366, 0.9648586707410237, 0.977058644788818, 0.9753446447507953, 0.9670505904650823, 0.9651696861444246, 0.9635835185501795, 0.9666769041769042, 0.9688083177819248, 0.9693567560427949, 0.9748138117806364, 0.9667605633802817, 0.9732641142115509, 0.9641025641025641, 0.9689193496971629, 0.9687354176388241, 0.9733151803948265, 0.9692995099452292, 0.9713349713349714, 0.968854748603352, 0.9710570469798657, 0.9630945872061236, 0.9703660662405578, 0.9731995807755652, 0.9752427848447545, 0.9774989772262376, 0.9725358559658224, 0.9694656488549618, 0.9737667051641643, 0.969845013477089, 0.9700867484295543]
val step Accs: [0.9736184393224104, 0.9677173747525506, 0.9704099307159353, 0.9747090099152177, 0.9776140549730802, 0.9767272727272728, 0.975249169435216, 0.9728463128876637, 0.978481588119412, 0.9729912221471978, 0.9809843400447428, 0.9680091402456441, 0.9741772151898734, 0.9759947814742336, 0.9797801601302755, 0.9738071640945773, 0.9752201821167339, 0.9764299182903834, 0.9742725880551302, 0.9759303012404017, 0.9773746432939258, 0.9760832864378165, 0.9703471911786619, 0.9754195850403066, 0.9792611795204148]
Preds: [17, 17, 451, 451, 30, 422, 422, 186, 54, 68, 68, 68, 115, 273, 444, 278, 422, 143, 143, 401, 75, 75, 384, 371, 106, 106, 293, 293, 293, 387, 58, 58, 58, 34, 110, 110, 110, 110, 443, 139, 139, 139, 293, 293, 122, 122, 36, 36, 108, 110, 196, 221, 129, 401, 244, 75, 208, 441, 441, 153, 153, 387, 387, 122, 281, 49, 269, 323, 196, 6, 352, 270, 323, 323, 142, 359, 269, 14, 411, 287, 287, 76, 372, 406, 406, 467, 467, 337, 337, 146, 146, 358, 143, 401, 401, 401, 75, 354, 180, 180, 486, 376, 376, 376, 460, 460, 263, 13, 225, 183, 170, 170, 392, 392, 63, 63, 63, 63, 63, 63, 392, 63, 73, 244, 73, 244, 321, 188, 209, 188, 188, 171, 171, 290, 240, 236, 143, 36, 36, 310, 107, 107, 338, 338, 338, 447, 436, 397, 196, 196, 217, 217, 473, 473, 65, 65, 360, 360, 252, 339, 24, 239, 239, 310, 107, 107, 395, 395, 41, 41, 41, 19, 19, 19, 48, 229, 170, 170, 392, 392, 392, 392, 392, 392, 392, 392, 244, 73, 73, 244, 320, 7, 32, 310, 395, 395, 180, 443, 443, 443, 240, 271, 99, 99, 338, 338, 338, 436, 60, 395, 84, 139, 496, 399, 399, 70, 70, 65, 65, 65, 496, 313, 313, 313, 374, 374, 132, 132, 132, 132, 65, 236, 239, 75, 310, 310, 107, 107, 107, 395, 219, 213, 213, 213, 246, 246, 246, 246, 246, 24, 24, 24, 310, 310, 107, 447, 384, 239, 239, 445, 464, 464, 443, 240, 416, 416, 416, 464, 464, 464, 443, 240, 240, 8, 8, 239, 354, 180, 464, 443, 443, 443, 460, 240, 186, 99, 436, 436, 436, 400, 400, 324, 324, 422, 422, 349, 349, 205, 261, 25, 25, 360, 360, 434, 434, 434, 434, 464, 282, 282, 282, 452, 48, 48, 170, 170, 170, 392, 392, 392, 63, 63, 63, 63, 63, 63, 63, 73, 73, 244, 320, 7, 7, 309, 309, 309, 309, 309, 309, 479, 331, 331, 106, 106, 284, 284, 284, 284, 284, 206, 206, 450, 293, 43, 43, 43, 276, 276, 276, 276, 276, 345, 241, 241, 81, 355, 355, 355, 375, 98, 98, 98, 13, 305, 17, 169, 240, 240, 240, 240, 240, 240, 240, 240, 240, 240, 240, 240, 240, 240, 240, 240, 240, 240, 240, 240, 240, 240, 240, 240, 240, 240, 240, 240, 240, 240, 240, 240, 240, 240, 240, 240, 240, 240, 240, 240, 240, 240, 240, 240, 240, 240, 240, 240, 240, 240, 240, 240, 240, 240, 240, 240, 240, 240, 240, 240, 240, 240, 240, 240, 240, 240, 240, 240, 240, 240, 240, 240, 240, 240, 240, 240, 240, 240, 240, 240, 240, 240, 240, 240, 240, 240, 240, 240, 240, 240, 240, 240, 240, 240, 240, 240, 240, 240, 240, 240, 240, 240, 240, 240, 240, 240, 240, 240, 240, 240, 240, 240, 240, 240, 240, 240, 240, 240, 240, 240, 240, 240, 240, 240, 240, 240, 240, 240, 240, 240, 240, 240, 240, 240, 240, 240, 240, 240, 240, 240, 240, 240, 240, 240, 240, 240, 240, 240, 240, 240, 240, 240, 240, 240, 240, 240, 240, 240, 240, 240, 240, 240, 240, 240, 240, 240, 240, 240, 240, 240, 240, 240, 240, 240, 240, 240, 240, 240, 240, 240, 240, 240, 240, 240, 240, 240, 240, 240, 240, 240, 240, 240, 240, 240, 240, 240, 240, 240, 240, 240, 240, 240, 240, 240, 240, 240, 240, 240, 240, 240, 240, 240, 240, 240, 240, 240, 240, 240, 240, 240, 240, 240, 240, 240]

ep392
Train step Loss: [0.22248487174510956, 0.23029732704162598, 0.24078403413295746, 0.2328195869922638, 0.22403943538665771, 0.24320116639137268, 0.24417050182819366, 0.25338882207870483, 0.24602052569389343, 0.19700244069099426, 0.25406551361083984, 0.21335376799106598, 0.25562354922294617, 0.2370920479297638, 0.24645349383354187, 0.24542175233364105, 0.26533880829811096, 0.2549258768558502, 0.25485217571258545, 0.22668671607971191, 0.24100275337696075, 0.21252168715000153, 0.1971101462841034, 0.2286033034324646, 0.20644907653331757, 0.2529453933238983, 0.21237768232822418, 0.20719078183174133, 0.22721223533153534, 0.21845734119415283, 0.22759291529655457, 0.22756753861904144, 0.24235834181308746, 0.20474864542484283, 0.24578751623630524, 0.246310755610466, 0.21397143602371216, 0.21193712949752808, 0.2547741234302521, 0.25057223439216614, 0.2168467491865158, 0.22303976118564606, 0.23120607435703278, 0.23487652838230133, 0.22761030495166779, 0.2155149281024933, 0.24618355929851532, 0.1964019387960434, 0.2506318688392639, 0.23572443425655365, 0.2543136477470398, 0.20812538266181946, 0.2254611700773239, 0.23496636748313904, 0.24988044798374176, 0.23154738545417786, 0.23593437671661377, 0.20081055164337158, 0.2346157729625702, 0.21862903237342834, 0.22291013598442078, 0.22808119654655457, 0.20686742663383484, 0.22681592404842377, 0.2144169956445694, 0.260895699262619, 0.2506822347640991, 0.26693642139434814, 0.23194408416748047, 0.22250987589359283, 0.2196025848388672, 0.22238831222057343, 0.24877099692821503, 0.1949874311685562, 0.23169882595539093, 0.2786268889904022, 0.22610491514205933, 0.19925735890865326, 0.2546332776546478, 0.24760127067565918, 0.22782474756240845, 0.24781076610088348, 0.24098484218120575, 0.2196042537689209, 0.2143937200307846, 0.24940352141857147, 0.22939948737621307, 0.2138921320438385, 0.21656788885593414, 0.22540642321109772, 0.24153724312782288, 0.24540118873119354, 0.24417605996131897, 0.2243683785200119, 0.2334822565317154, 0.23477493226528168, 0.22751370072364807, 0.25418320298194885]
val step Loss: [0.18066562712192535, 0.1995813399553299, 0.23603470623493195, 0.2002284973859787, 0.20822341740131378, 0.2108985185623169, 0.22199808061122894, 0.22563934326171875, 0.20490172505378723, 0.22643017768859863, 0.22194285690784454, 0.20203180611133575, 0.2026289701461792, 0.21639856696128845, 0.218825101852417, 0.21603552997112274, 0.2213023453950882, 0.2168378233909607, 0.19454196095466614, 0.20547759532928467, 0.20274454355239868, 0.19785654544830322, 0.20874235033988953, 0.20166020095348358, 0.17029055953025818]
Train step Accs: [0.9729336437718277, 0.9739251040221913, 0.966133448623721, 0.9727689803167086, 0.97643362136685, 0.967479674796748, 0.9689596212021571, 0.9690486378547996, 0.9671397519498786, 0.9766996018286388, 0.9683631361760661, 0.9798424776398345, 0.9665484815785417, 0.970243971231138, 0.9693317058285017, 0.9706147699445805, 0.9680111265646731, 0.9659143251957624, 0.9676925432552442, 0.9730869944719232, 0.9667440061871616, 0.9747123170904958, 0.9791354152461476, 0.9724585436193223, 0.9759342301943199, 0.9646674584323041, 0.9754216237416655, 0.9749862561847169, 0.9739903280616913, 0.9729166666666667, 0.976842374616172, 0.9727869377301105, 0.9677472984206151, 0.977761413843888, 0.9715749039692702, 0.9698878475956368, 0.9773296244784423, 0.9730071699704765, 0.9666003411028994, 0.9674400717856685, 0.9733452365769673, 0.9741379310344828, 0.9725935828877005, 0.9739766081871345, 0.973595651048408, 0.9743121841661988, 0.9705133961981739, 0.9780334728033473, 0.9682752457551386, 0.9731634182908546, 0.9663256606990622, 0.9752640355753196, 0.9696345856922285, 0.973568281938326, 0.9659301496792587, 0.9725573379292058, 0.9717457114026236, 0.9793740083657868, 0.9742261365108147, 0.9751276560698402, 0.9718807219461156, 0.9697449706953905, 0.9766890557092058, 0.9734657574859176, 0.9762131303520457, 0.9658297429802407, 0.9700171707832519, 0.965041782729805, 0.9707484051657072, 0.9753186872796311, 0.9747021380773625, 0.973109243697479, 0.9674818597151303, 0.9772942289498581, 0.9691228070175438, 0.9621928166351607, 0.9754208754208754, 0.9800058377116171, 0.9680295112204119, 0.9678201157937256, 0.9770426351062312, 0.9670347515427087, 0.967457829526795, 0.9713740458015268, 0.9759594496741492, 0.9673353452867034, 0.9745877264125439, 0.9722264611628262, 0.972634133189539, 0.9718718283311585, 0.9701631701631701, 0.969639468690702, 0.969571802285557, 0.9734424920127795, 0.969066366704162, 0.9692500347850285, 0.9723223295372639, 0.9697144505336025]
val step Accs: [0.9818835569077583, 0.9773156899810964, 0.9715056482886528, 0.9764451062677677, 0.9744050291872475, 0.9767472761094871, 0.9733371153027939, 0.9709932610606504, 0.9791837403704311, 0.9697916666666667, 0.9731563866686774, 0.9795081967213115, 0.9789725845089167, 0.9723234777912785, 0.9745347698334965, 0.9738658053149317, 0.9702618099032442, 0.9744283995186522, 0.9784288004664043, 0.9745222929936306, 0.9752234593068841, 0.9747048903878583, 0.9753893214682982, 0.9787835926449788, 0.9869936826458565]
Preds: [17, 296, 345, 387, 274, 122, 122, 314, 32, 239, 384, 371, 374, 132, 274, 416, 143, 129, 129, 259, 354, 109, 374, 374, 468, 468, 313, 467, 337, 337, 236, 314, 196, 199, 398, 324, 301, 339, 10, 10, 331, 398, 153, 153, 182, 387, 387, 497, 497, 122, 416, 32, 239, 144, 27, 106, 153, 387, 387, 387, 387, 406, 413, 250, 250, 250, 250, 250, 250, 250, 195, 195, 195, 195, 195, 98, 48, 48, 197, 414, 414, 197, 197, 244, 392, 80, 73, 73, 392, 209, 287, 287, 284, 284, 481, 43, 43, 43, 276, 276, 276, 346, 346, 284, 206, 206, 206, 175, 251, 251, 251, 251, 241, 431, 431, 428, 428, 428, 146, 146, 146, 358, 358, 186, 54, 54, 482, 172, 115, 273, 273, 106, 153, 182, 182, 182, 182, 375, 375, 98, 98, 13, 13, 13, 78, 170, 244, 244, 28, 392, 63, 63, 63, 63, 63, 63, 63, 63, 63, 244, 341, 128, 26, 260, 260, 260, 260, 260, 244, 392, 63, 63, 73, 73, 73, 244, 244, 287, 287, 284, 284, 284, 293, 43, 43, 43, 276, 276, 346, 346, 284, 284, 206, 206, 175, 251, 251, 241, 431, 428, 428, 428, 146, 146, 358, 186, 54, 342, 342, 224, 273, 494, 302, 497, 399, 399, 70, 70, 65, 65, 284, 284, 284, 306, 406, 406, 406, 406, 406, 406, 406, 413, 413, 413, 413, 413, 10, 10, 219, 398, 398, 324, 339, 10, 10, 250, 132, 132, 109, 467, 278, 171, 171, 301, 416, 416, 32, 239, 354, 354, 278, 403, 171, 171, 171, 37, 314, 314, 239, 384, 371, 106, 84, 350, 497, 43, 43, 43, 276, 276, 276, 153, 153, 182, 182, 182, 182, 98, 98, 197, 197, 197, 226, 82, 209, 287, 287, 284, 206, 240, 167, 35, 77, 77, 68, 115, 168, 180, 180, 315, 113, 450, 43, 43, 43, 276, 276, 346, 346, 284, 206, 240, 175, 251, 241, 431, 428, 428, 146, 146, 146, 186, 31, 54, 54, 86, 224, 273, 494, 319, 203, 399, 217, 217, 473, 473, 278, 443, 278, 31, 31, 54, 54, 172, 172, 115, 273, 273, 302, 302, 426, 375, 375, 375, 98, 98, 229, 229, 247, 126, 126, 326, 101, 101, 149, 228, 244, 320, 219, 152, 152, 116, 94, 94, 199, 374, 346, 355, 171, 171, 416, 416, 32, 239, 354, 180, 278, 278, 178, 143, 143, 458, 458, 208, 100, 100, 125, 497, 53, 76, 129, 259, 354, 106, 499, 265, 428, 85, 396, 313, 285, 337, 337, 324, 422, 422, 143, 36, 259, 384, 114, 106, 106, 302, 387, 375, 98, 98, 35, 229, 414, 247, 312, 312, 23, 23, 23, 260, 391, 228, 244, 320, 7, 7, 479, 250, 250, 250, 276, 138, 138, 387, 387, 215, 215, 35, 35, 35, 259, 354, 346, 206, 206, 240, 240, 24, 24, 384, 180, 180, 284, 319, 319, 388, 348, 94, 195, 195, 195, 250, 250, 132, 76, 478, 162, 68, 68, 68, 68, 115, 267, 267, 213, 213, 213, 246, 3, 3, 14, 14, 440, 145, 145, 460, 460, 215, 35, 35, 35, 384, 127, 470, 278, 171, 37, 359, 359, 251, 359, 41, 41, 41, 246, 246, 246, 19, 19, 19, 454, 454, 414, 414, 414, 170, 392, 392, 244, 392, 392, 392, 73, 244, 320, 7, 309, 479, 398, 324, 301, 301, 8, 32, 354, 354, 180, 443, 443, 403, 146, 438, 301, 378, 43, 364, 276, 109, 109, 428, 428, 240, 240, 24, 24, 384, 219, 219, 324, 301, 10, 10, 309, 331, 331, 106, 84, 153, 426, 426, 182, 182]

ep393
Train step Loss: [0.24712860584259033, 0.21266426146030426, 0.25499123334884644, 0.21170265972614288, 0.2596166431903839, 0.22434291243553162, 0.245388925075531, 0.2270756959915161, 0.24261906743049622, 0.2219998985528946, 0.22940200567245483, 0.22695347666740417, 0.2207820564508438, 0.2439413070678711, 0.22593961656093597, 0.224371537566185, 0.2250431776046753, 0.25498342514038086, 0.23588402569293976, 0.24086375534534454, 0.20885597169399261, 0.23840975761413574, 0.2166883647441864, 0.23537205159664154, 0.2326924204826355, 0.2176760733127594, 0.2378809154033661, 0.22121968865394592, 0.2079695165157318, 0.22394338250160217, 0.25081443786621094, 0.23395512998104095, 0.19676783680915833, 0.2146594375371933, 0.2545677721500397, 0.2244744598865509, 0.23003365099430084, 0.23148076236248016, 0.24494941532611847, 0.21818213164806366, 0.24333061277866364, 0.24625088274478912, 0.23631279170513153, 0.24599678814411163, 0.24712465703487396, 0.23070375621318817, 0.24074912071228027, 0.21729764342308044, 0.24693095684051514, 0.21362635493278503, 0.22740793228149414, 0.19169573485851288, 0.22059476375579834, 0.2451322227716446, 0.20126000046730042, 0.22483143210411072, 0.23953160643577576, 0.2583000063896179, 0.21458692848682404, 0.24684925377368927, 0.23844069242477417, 0.24432243406772614, 0.23647184669971466, 0.2220999151468277, 0.22256161272525787, 0.21839557588100433, 0.2517545819282532, 0.21602016687393188, 0.23599068820476532, 0.22100676596164703, 0.25453194975852966, 0.23926882445812225, 0.20195217430591583, 0.219774067401886, 0.21707576513290405, 0.20145228505134583, 0.2331652194261551, 0.2112097144126892, 0.26673969626426697, 0.22086448967456818, 0.21908585727214813, 0.22830751538276672, 0.22303250432014465, 0.21454747021198273, 0.2212013304233551, 0.2347307801246643, 0.23855331540107727, 0.22089529037475586, 0.2052859216928482, 0.20214611291885376, 0.19981838762760162, 0.235798642039299, 0.21319936215877533, 0.206442192196846, 0.2341833859682083, 0.24494008719921112, 0.2001037448644638, 0.22209835052490234]
val step Loss: [0.19560456275939941, 0.22471071779727936, 0.20546458661556244, 0.20820485055446625, 0.19139158725738525, 0.2044232338666916, 0.21688032150268555, 0.1997101902961731, 0.21417632699012756, 0.209509015083313, 0.1973399817943573, 0.1970047801733017, 0.1943160742521286, 0.21503281593322754, 0.2054620385169983, 0.2004309594631195, 0.21127238869667053, 0.18710361421108246, 0.20843417942523956, 0.2040541023015976, 0.22354504466056824, 0.23595774173736572, 0.21310819685459137, 0.21043579280376434, 0.16646119952201843]
Train step Accs: [0.9658712942877802, 0.9750919898103595, 0.9657082563967291, 0.9787175234936429, 0.9623370352486721, 0.9697014925373134, 0.9708306911857958, 0.9726148409893993, 0.9700657894736842, 0.971746807932627, 0.9701846965699208, 0.9742369084290115, 0.9746774193548388, 0.9689456869009585, 0.9720451201569397, 0.976613014169762, 0.9739744701945718, 0.9666614737498053, 0.968511934992382, 0.9693165969316597, 0.9786358601044469, 0.968609865470852, 0.9742940357097633, 0.9703286670724285, 0.9708352420216827, 0.9760714826593972, 0.9659606656580938, 0.9747468273298295, 0.9752777343138789, 0.9707459028947771, 0.9674571805006588, 0.9704361659817049, 0.9791362126245847, 0.98, 0.968020304568528, 0.9740400216333153, 0.9705478107205969, 0.969600222098834, 0.967741935483871, 0.9765909728062798, 0.9682637498074257, 0.9691643539932162, 0.9699055546662398, 0.9687022900763359, 0.9690393918451969, 0.9719515795689401, 0.9737553068313393, 0.9727425003806913, 0.9681788511749347, 0.9737915881983679, 0.9712334737759698, 0.9808162739796575, 0.9747273893521489, 0.968665724926159, 0.9761044734648513, 0.9717762817193164, 0.9685561805856051, 0.96487237806419, 0.9763084546299163, 0.9692181069958847, 0.9688741721854305, 0.9684601113172542, 0.9696598972351358, 0.9719907091132668, 0.9739791317789515, 0.9760716382853788, 0.9657007687758723, 0.9734618431476102, 0.9728882833787466, 0.9743589743589743, 0.9657039711191335, 0.9721083939193655, 0.9784931316775357, 0.974711451173648, 0.9732959395195708, 0.9773536072468457, 0.9705792215752375, 0.9779570667050858, 0.969585816903561, 0.9731784874879027, 0.9729814149617367, 0.9695932064100808, 0.9740159901599016, 0.9728415079043372, 0.9729568205587927, 0.9740535248041775, 0.9684612934055432, 0.9729149463253509, 0.9749093107617895, 0.9761587639850826, 0.9763691521635, 0.9684845163058372, 0.9741855328547764, 0.9733030389094007, 0.9715385673037261, 0.9702078186310129, 0.9790465476023062, 0.980105688529686]
val step Accs: [0.9764339706536238, 0.9733807829181494, 0.9749965078921637, 0.9737605485232067, 0.9806480648064807, 0.9756466495235214, 0.9755677907777013, 0.9771997973315318, 0.9752545027407987, 0.9762007788836001, 0.9767305722230353, 0.9783407718561302, 0.9785684846819618, 0.9731658578361404, 0.9749060654857756, 0.9800164248562825, 0.9732422430970681, 0.979226589964845, 0.9765277777777778, 0.9778656126482214, 0.9725302849343116, 0.9703032197561738, 0.972146192239575, 0.9727198697068404, 0.983451536643026]
Preds: [17, 17, 486, 486, 486, 460, 460, 215, 35, 35, 458, 208, 208, 441, 100, 100, 153, 497, 497, 143, 129, 458, 208, 208, 441, 437, 346, 481, 405, 405, 206, 206, 169, 263, 263, 233, 417, 237, 78, 170, 392, 392, 392, 63, 63, 63, 63, 63, 63, 63, 63, 63, 63, 63, 63, 63, 63, 40, 435, 40, 40, 40, 435, 40, 40, 40, 40, 56, 40, 63, 63, 392, 63, 63, 63, 244, 73, 289, 321, 83, 287, 287, 111, 460, 460, 169, 186, 99, 99, 338, 338, 338, 338, 338, 400, 400, 400, 400, 213, 213, 213, 213, 246, 246, 246, 246, 246, 422, 99, 99, 338, 338, 338, 338, 338, 400, 400, 400, 485, 286, 374, 374, 374, 374, 374, 132, 132, 132, 132, 132, 132, 132, 132, 132, 132, 132, 132, 98, 98, 98, 48, 197, 414, 82, 80, 80, 392, 80, 244, 80, 80, 320, 320, 74, 420, 213, 213, 213, 246, 246, 246, 246, 301, 378, 378, 43, 43, 43, 43, 276, 346, 346, 346, 346, 480, 480, 480, 480, 85, 282, 282, 282, 388, 303, 303, 303, 309, 479, 398, 398, 324, 301, 143, 129, 401, 321, 7, 7, 276, 276, 346, 265, 428, 428, 428, 146, 146, 207, 3, 3, 358, 358, 454, 143, 401, 401, 321, 197, 320, 7, 280, 487, 288, 288, 374, 374, 374, 374, 132, 132, 43, 132, 132, 132, 132, 132, 132, 132, 132, 122, 251, 241, 345, 65, 98, 98, 98, 129, 129, 196, 7, 196, 217, 473, 398, 328, 41, 324, 246, 246, 19, 19, 19, 454, 454, 229, 229, 170, 170, 392, 392, 392, 392, 392, 392, 63, 63, 63, 63, 63, 63, 63, 63, 63, 63, 392, 244, 289, 289, 209, 83, 287, 287, 284, 319, 319, 450, 203, 43, 250, 250, 276, 345, 109, 109, 403, 171, 324, 324, 324, 3, 464, 26, 359, 251, 251, 241, 241, 331, 443, 443, 282, 282, 388, 388, 303, 466, 199, 199, 467, 403, 403, 290, 207, 207, 171, 246, 3, 301, 143, 129, 129, 401, 321, 354, 354, 106, 284, 206, 206, 240, 215, 36, 36, 77, 323, 323, 224, 224, 494, 374, 374, 374, 132, 132, 88, 497, 497, 43, 43, 43, 276, 346, 346, 346, 428, 428, 428, 85, 388, 388, 94, 199, 398, 324, 340, 339, 116, 303, 479, 147, 250, 185, 43, 43, 43, 276, 276, 276, 153, 387, 387, 387, 387, 240, 240, 385, 129, 458, 374, 374, 164, 164, 192, 125, 302, 302, 302, 497, 122, 122, 36, 77, 125, 142, 384, 336, 336, 336, 287, 287, 287, 319, 319, 240, 240, 94, 199, 464, 464, 464, 464, 120, 330, 388, 314, 8, 192, 335, 125, 125, 278, 99, 99, 436, 436, 395, 395, 106, 125, 125, 125, 413, 348, 64, 394, 32, 75, 310, 107, 395, 395, 485, 286, 374, 139, 139, 139, 134, 134, 122, 236, 129, 458, 208, 208, 441, 437, 346, 405, 426, 426, 413, 413, 303, 303, 303, 303, 48, 48, 401, 401, 401, 321, 7, 7, 473, 286, 286, 286, 374, 374, 468, 337, 337, 41, 41, 324, 19, 454, 454, 229, 229, 170, 170, 392, 392, 392, 392, 392, 392, 63, 63, 63, 63, 63, 63, 63, 63, 63, 392, 244, 305, 305, 392, 392, 392, 289, 289, 320, 320, 188, 420, 324, 324, 301, 399, 399, 217, 217, 473, 65, 65, 138, 153, 497, 497, 122, 416, 129, 144, 208, 208, 106, 346, 346, 496, 372, 372, 406, 413, 381, 381, 381, 303, 48, 48, 414, 414, 170, 170, 392, 392, 392, 392, 392, 392, 392, 392, 73]

ep394
Train step Loss: [0.20913241803646088, 0.21499092876911163, 0.22615262866020203, 0.2303987741470337, 0.2303360551595688, 0.22168919444084167, 0.2435246706008911, 0.25894978642463684, 0.23901374638080597, 0.2482110559940338, 0.23517772555351257, 0.22228345274925232, 0.21617214381694794, 0.22289569675922394, 0.21436890959739685, 0.2173178791999817, 0.20591548085212708, 0.21165955066680908, 0.22556404769420624, 0.22371891140937805, 0.2197301834821701, 0.20573198795318604, 0.22422853112220764, 0.23086737096309662, 0.2049202024936676, 0.2225317806005478, 0.23507003486156464, 0.26130402088165283, 0.2568502724170685, 0.24754847586154938, 0.22729457914829254, 0.23011860251426697, 0.22346264123916626, 0.23082147538661957, 0.2131938487291336, 0.20448037981987, 0.21199892461299896, 0.2227664440870285, 0.208710715174675, 0.22268496453762054, 0.21112559735774994, 0.21107570827007294, 0.22641806304454803, 0.20942546427249908, 0.24817200005054474, 0.2092064917087555, 0.23852556943893433, 0.2339254766702652, 0.21555562317371368, 0.2118816375732422, 0.2080320566892624, 0.24004881083965302, 0.23604179918766022, 0.2177720069885254, 0.2448711395263672, 0.19696083664894104, 0.22437971830368042, 0.22119763493537903, 0.21957042813301086, 0.23631201684474945, 0.2389657348394394, 0.25291553139686584, 0.24421530961990356, 0.22065553069114685, 0.21885904669761658, 0.23514628410339355, 0.23024065792560577, 0.2178352177143097, 0.20823927223682404, 0.21650917828083038, 0.2253194898366928, 0.2438618391752243, 0.22733327746391296, 0.22859463095664978, 0.2221749722957611, 0.2492535561323166, 0.22497236728668213, 0.2446044534444809, 0.2088039070367813, 0.21865154802799225, 0.21954508125782013, 0.2451167106628418, 0.2008502334356308, 0.23697662353515625, 0.20573295652866364, 0.2478480488061905, 0.23122645914554596, 0.2211892306804657, 0.19431668519973755, 0.19310800731182098, 0.2414620965719223, 0.21681581437587738, 0.21233907341957092, 0.2266654223203659, 0.22595418989658356, 0.21650053560733795, 0.24535994231700897, 0.23083703219890594]
val step Loss: [0.1958092600107193, 0.21191661059856415, 0.2363445907831192, 0.20036594569683075, 0.1868317872285843, 0.19811727106571198, 0.22575075924396515, 0.17476697266101837, 0.20573219656944275, 0.22372759878635406, 0.20597994327545166, 0.22046542167663574, 0.22478052973747253, 0.19520001113414764, 0.1965356469154358, 0.18947555124759674, 0.20773091912269592, 0.19080546498298645, 0.2002277821302414, 0.19950219988822937, 0.2081679403781891, 0.1798059642314911, 0.20735187828540802, 0.19453702867031097, 0.23774860799312592]
Train step Accs: [0.97639192139738, 0.975482912332838, 0.9736806586583885, 0.9673001676914478, 0.9738482384823848, 0.9750369077976111, 0.9706597503647268, 0.9668566286742651, 0.9663093415007658, 0.9684945757170457, 0.9707584050039093, 0.9720198675496688, 0.9757714868655956, 0.973466724662897, 0.9718456725755996, 0.9744071717755928, 0.9758183032732131, 0.9764540776547638, 0.9680321285140562, 0.9735586752078507, 0.9731772377000593, 0.9777445855115758, 0.9689431396786156, 0.9699257909126415, 0.9789904502046385, 0.9719074965078379, 0.9690271524082412, 0.9653619136377757, 0.96745382985165, 0.9698535745047373, 0.97571468220927, 0.9716713881019831, 0.9709367945823928, 0.9729933614966807, 0.9758969386341598, 0.9757628596338274, 0.9764839212353025, 0.9746483001172332, 0.9766531713900135, 0.974633685205609, 0.9772963347677697, 0.9757905885913148, 0.9713033644331355, 0.9745270370922091, 0.9637395554154186, 0.9754676063973977, 0.9722312439103605, 0.9711991138188867, 0.9735398958047711, 0.9752042425111079, 0.9763297510542783, 0.9691926832622748, 0.9706076182944511, 0.9736919459141682, 0.9687878787878788, 0.9793080054274084, 0.9770014556040757, 0.972968725443973, 0.9715302491103203, 0.971064654575661, 0.9703981385729059, 0.9662904439428142, 0.9662778904665315, 0.9764434180138568, 0.9743389140979503, 0.9672779007271578, 0.9673758865248226, 0.9765489673550966, 0.974435196195006, 0.974563856705287, 0.9745685740236149, 0.9677723840345199, 0.9706199460916443, 0.9707739756205023, 0.9710658399763803, 0.9731503579952268, 0.9729244370769443, 0.9645577491061713, 0.9766217680755535, 0.9703436807095344, 0.9740447007930786, 0.9693554514372547, 0.9760859694263659, 0.9694667431192661, 0.9775641025641025, 0.9687366775614609, 0.9703332926382615, 0.9708791974362547, 0.9803716304632295, 0.9812680115273775, 0.9716312056737588, 0.9749423520368947, 0.9763673193787981, 0.9738629651506202, 0.9713278135541245, 0.9753369272237197, 0.9713653136531365, 0.9732171668280091]
val step Accs: [0.9783266932270916, 0.9780388865575605, 0.9682240278583866, 0.9798911400060478, 0.9783354114713217, 0.9769854995343887, 0.9737582005623243, 0.9815643215399213, 0.9779973057925461, 0.9711237553342816, 0.9765695404025233, 0.969847775175644, 0.9719988084599345, 0.9773546805134862, 0.9759930161501528, 0.982078853046595, 0.9757454039857871, 0.9787293201723898, 0.9799506477483035, 0.978321781448164, 0.9765525081710956, 0.9806265457543281, 0.9740518962075848, 0.9761254134905796, 0.9698518140010219]
Preds: [17, 17, 217, 217, 217, 473, 473, 65, 443, 240, 240, 314, 314, 35, 259, 127, 180, 486, 460, 460, 178, 35, 35, 35, 35, 345, 345, 109, 286, 286, 286, 468, 313, 406, 285, 34, 337, 337, 171, 171, 171, 252, 116, 116, 94, 398, 398, 324, 324, 301, 10, 10, 479, 331, 106, 88, 153, 387, 387, 387, 43, 416, 8, 32, 239, 208, 27, 106, 153, 387, 387, 387, 348, 348, 413, 413, 250, 250, 250, 182, 182, 182, 132, 303, 303, 303, 303, 303, 303, 117, 117, 117, 48, 229, 414, 47, 47, 20, 80, 80, 80, 80, 20, 7, 7, 7, 309, 398, 152, 301, 116, 10, 10, 250, 250, 88, 109, 109, 403, 403, 443, 171, 328, 416, 416, 32, 32, 32, 32, 354, 354, 470, 278, 403, 403, 171, 171, 171, 171, 252, 143, 143, 239, 259, 131, 180, 106, 84, 481, 293, 497, 43, 43, 276, 276, 276, 276, 153, 153, 153, 182, 182, 497, 98, 129, 129, 401, 197, 226, 226, 226, 226, 209, 209, 287, 145, 460, 460, 460, 169, 35, 35, 77, 342, 172, 224, 494, 324, 301, 399, 217, 217, 217, 473, 473, 443, 443, 443, 271, 31, 162, 54, 54, 172, 172, 115, 273, 106, 106, 481, 481, 481, 182, 182, 182, 182, 182, 182, 426, 426, 426, 375, 375, 98, 98, 263, 13, 13, 82, 170, 170, 170, 28, 20, 28, 28, 20, 28, 28, 2, 2, 2, 2, 2, 2, 2, 20, 2, 163, 163, 316, 20, 316, 316, 73, 73, 20, 73, 289, 320, 7, 70, 70, 70, 65, 65, 315, 315, 315, 450, 450, 406, 406, 406, 406, 406, 495, 375, 375, 375, 303, 303, 303, 303, 303, 303, 303, 303, 303, 303, 303, 303, 303, 98, 98, 98, 98, 17, 169, 240, 240, 240, 240, 240, 240, 240, 240, 240, 240, 240, 240, 240, 240, 240, 240, 240, 240, 240, 240, 240, 240, 240, 240, 240, 240, 240, 240, 240, 240, 240, 240, 240, 240, 240, 240, 240, 240, 240, 240, 240, 240, 240, 240, 240, 240, 240, 240, 240, 240, 240, 240, 240, 240, 240, 240, 240, 240, 240, 240, 240, 240, 240, 240, 240, 240, 240, 240, 240, 240, 240, 240, 240, 240, 240, 240, 240, 240, 240, 240, 240, 240, 240, 240, 240, 240, 240, 240, 240, 240, 240, 240, 240, 240, 240, 240, 240, 240, 240, 240, 240, 240, 240, 240, 240, 240, 240, 240, 240, 240, 240, 240, 240, 240, 240, 240, 240, 240, 240, 240, 240, 240, 240, 240, 240, 240, 240, 240, 240, 240, 240, 240, 240, 240, 240, 240, 240, 240, 240, 240, 240, 240, 240, 240, 240, 240, 240, 240, 240, 240, 240, 240, 240, 240, 240, 240, 240, 240, 240, 240, 240, 240, 240, 240, 240, 240, 240, 240, 240, 240, 240, 240, 240, 240, 240, 240, 240, 240, 240, 240, 240, 240, 240, 240, 240, 240, 240, 240, 240, 240, 240, 240, 240, 240, 240, 240, 240, 240, 240, 240, 240, 240, 240, 240, 240, 240, 240, 240, 240, 240, 240, 240, 240, 240, 240, 240, 240, 240, 240, 240, 240, 240, 240, 240, 240, 240, 240, 240, 240, 240, 240, 240, 240, 240, 240, 240, 240, 240, 240, 240, 240, 240, 240, 240, 240, 240, 240, 240, 240, 240, 240, 240, 240, 240, 240, 240, 240, 240, 240, 240, 240, 240, 240, 240, 240, 240, 240, 240, 240, 240, 240, 240, 240, 240, 240, 240, 240, 240, 240, 240, 240, 240, 240, 240, 240, 240, 240, 240, 240, 240, 240, 240, 240, 240, 240, 240, 240, 240, 240, 240, 240]

ep395
Train step Loss: [0.2376955896615982, 0.22172580659389496, 0.22730673849582672, 0.24586497247219086, 0.21603873372077942, 0.2397160530090332, 0.2072622925043106, 0.2361108958721161, 0.22662925720214844, 0.2294946312904358, 0.20050309598445892, 0.24454352259635925, 0.22291216254234314, 0.21064543724060059, 0.2482568621635437, 0.24445246160030365, 0.2369132936000824, 0.22497117519378662, 0.2387019842863083, 0.22586944699287415, 0.22610564529895782, 0.24377550184726715, 0.20737925171852112, 0.22991764545440674, 0.22017335891723633, 0.2285921722650528, 0.20865203440189362, 0.23248107731342316, 0.2159561961889267, 0.23780371248722076, 0.22469672560691833, 0.24488143622875214, 0.21540944278240204, 0.22571642696857452, 0.20211197435855865, 0.24260784685611725, 0.1853685826063156, 0.2140464186668396, 0.21542339026927948, 0.20778733491897583, 0.2369680404663086, 0.23137228190898895, 0.22228433191776276, 0.2140846848487854, 0.2023290991783142, 0.218455508351326, 0.21987861394882202, 0.24798272550106049, 0.20991188287734985, 0.2548406720161438, 0.2120520919561386, 0.2194083034992218, 0.20587977766990662, 0.2161155641078949, 0.24754387140274048, 0.21493110060691833, 0.2055298089981079, 0.19867905974388123, 0.23321203887462616, 0.22545897960662842, 0.2295829951763153, 0.20172220468521118, 0.2316134124994278, 0.24090729653835297, 0.20676839351654053, 0.22028310596942902, 0.1955910474061966, 0.21454614400863647, 0.19680097699165344, 0.2350473254919052, 0.1911308467388153, 0.22499696910381317, 0.22099310159683228, 0.22965878248214722, 0.21458850800991058, 0.2277047336101532, 0.2230040431022644, 0.20280449092388153, 0.2266215682029724, 0.22649626433849335, 0.2125229835510254, 0.21413661539554596, 0.21912530064582825, 0.19848448038101196, 0.25431713461875916, 0.2160758525133133, 0.20032846927642822, 0.24250921607017517, 0.22738943994045258, 0.22906151413917542, 0.20975512266159058, 0.2281024158000946, 0.20210906863212585, 0.21114975214004517, 0.24772821366786957, 0.21312010288238525, 0.22142481803894043, 0.20230035483837128]
val step Loss: [0.19429327547550201, 0.1954292207956314, 0.20603637397289276, 0.20132805407047272, 0.2026534080505371, 0.20698462426662445, 0.21388565003871918, 0.17668190598487854, 0.20551545917987823, 0.21122880280017853, 0.1971830576658249, 0.18974056839942932, 0.19945387542247772, 0.2243204414844513, 0.20096123218536377, 0.2059108167886734, 0.1830560564994812, 0.21585232019424438, 0.1918758749961853, 0.19956688582897186, 0.19740457832813263, 0.1908750981092453, 0.2257692664861679, 0.1817237138748169, 0.19747595489025116]
Train step Accs: [0.96928376632697, 0.9739728269765919, 0.9717041800643087, 0.9670608108108109, 0.974344274043285, 0.9653627225384522, 0.9782094594594595, 0.9697534976682212, 0.9708465945257797, 0.9725671383193762, 0.9784971926890456, 0.9685552818432112, 0.9764525567785983, 0.9726785405498876, 0.9652909687446037, 0.9699949571356531, 0.9715149586250795, 0.9724176752040529, 0.9709493342555767, 0.971265189421015, 0.9694110920526015, 0.969342844134163, 0.9761223906205319, 0.9711861927746087, 0.976895014187272, 0.9720998531571219, 0.9759725400457666, 0.9704858232465594, 0.97525741509144, 0.971611071682044, 0.9760944270132975, 0.9689134224288205, 0.9761703565996281, 0.9716652136006975, 0.9772943575798776, 0.9708216619981326, 0.9807483731019523, 0.9745901639344262, 0.9749587644324487, 0.9721898417985012, 0.9693276185373694, 0.9723589001447178, 0.9741648106904232, 0.9753686598606385, 0.9752870693959061, 0.9724252491694352, 0.9725548902195609, 0.9668781922303049, 0.9785178777393311, 0.9706578324656886, 0.9725659758461309, 0.9723332800255877, 0.9773210489014883, 0.9714321990858303, 0.9675691327638627, 0.9728610198543065, 0.9730609293075393, 0.9794112916197523, 0.9701991366105, 0.9757351759601478, 0.9733788395904437, 0.9750032047173439, 0.971634540040746, 0.970125786163522, 0.9764885496183207, 0.9736842105263158, 0.9786028057248123, 0.9735406437534098, 0.9766244057052298, 0.9693362660111269, 0.97997790665562, 0.970715314450312, 0.9719757780594283, 0.9734826163818503, 0.9732551487414187, 0.9689150445148634, 0.9727891156462585, 0.977622185612301, 0.9723267060720043, 0.9699634690840211, 0.9785361334156887, 0.9732195409064155, 0.9748527087225176, 0.979549114331723, 0.9658615136876006, 0.9744988408564026, 0.9780202889640331, 0.971042471042471, 0.9720130522088354, 0.9713759387841859, 0.9744413407821229, 0.9685788411646008, 0.9756403118040089, 0.978382706164932, 0.9665700483091787, 0.9745085605580216, 0.9708154506437768, 0.9736303123399898]
val step Accs: [0.9799539482595151, 0.9794979629386253, 0.9699969068976183, 0.9761357101782634, 0.9766347285258027, 0.9740703803960679, 0.9719336331214141, 0.9779077322936972, 0.9767768079800498, 0.9757521899200203, 0.9767506227511763, 0.9778754356720716, 0.9798219584569733, 0.9720586221065608, 0.9788649127992906, 0.972840925420319, 0.9800945152513246, 0.9750079592486469, 0.981376172874609, 0.9757038179714617, 0.9750856431018374, 0.9786358601044469, 0.9722564734895192, 0.9808167417526522, 0.9761730205278593]
Preds: [17, 17, 309, 479, 331, 264, 264, 264, 264, 264, 264, 264, 264, 264, 468, 468, 468, 468, 467, 337, 337, 290, 328, 328, 328, 434, 385, 117, 117, 117, 117, 76, 478, 478, 66, 66, 68, 68, 68, 115, 115, 267, 267, 267, 444, 213, 213, 252, 252, 219, 324, 324, 464, 464, 464, 145, 145, 145, 403, 403, 403, 403, 403, 171, 171, 171, 434, 246, 246, 246, 246, 246, 358, 77, 77, 351, 433, 433, 433, 433, 160, 168, 275, 303, 303, 303, 303, 48, 48, 229, 229, 247, 312, 126, 23, 23, 23, 101, 101, 391, 391, 244, 392, 244, 321, 321, 321, 320, 473, 331, 65, 476, 476, 171, 171, 252, 143, 143, 458, 14, 287, 145, 284, 284, 284, 284, 450, 293, 293, 293, 122, 122, 144, 208, 106, 106, 346, 481, 481, 481, 387, 387, 215, 372, 372, 372, 467, 467, 59, 59, 59, 59, 381, 381, 48, 48, 48, 414, 414, 414, 414, 47, 244, 244, 321, 321, 321, 83, 83, 55, 55, 460, 169, 169, 150, 77, 342, 342, 342, 115, 267, 267, 448, 464, 464, 139, 139, 139, 139, 293, 293, 497, 58, 127, 437, 437, 437, 319, 319, 319, 348, 348, 76, 384, 371, 485, 278, 278, 286, 34, 34, 84, 84, 84, 84, 139, 293, 293, 216, 8, 345, 100, 100, 100, 100, 350, 350, 98, 98, 98, 98, 13, 13, 414, 170, 312, 249, 249, 249, 249, 187, 187, 249, 73, 73, 244, 320, 320, 320, 320, 320, 473, 46, 288, 171, 171, 360, 360, 252, 368, 99, 54, 54, 447, 400, 400, 30, 301, 301, 325, 324, 324, 324, 324, 464, 464, 464, 464, 34, 139, 84, 84, 139, 293, 216, 216, 144, 81, 81, 81, 139, 355, 240, 167, 385, 35, 259, 114, 145, 145, 486, 376, 376, 376, 376, 460, 460, 263, 263, 13, 414, 170, 170, 170, 244, 187, 408, 408, 75, 373, 66, 66, 66, 68, 68, 68, 115, 115, 267, 267, 267, 213, 213, 213, 252, 252, 246, 324, 219, 219, 464, 464, 464, 145, 145, 486, 403, 403, 403, 146, 146, 434, 252, 24, 325, 219, 213, 213, 213, 324, 19, 422, 325, 478, 162, 232, 232, 172, 115, 267, 267, 267, 267, 246, 434, 434, 399, 217, 473, 473, 65, 290, 290, 290, 264, 264, 264, 264, 264, 264, 468, 468, 468, 468, 337, 337, 337, 328, 434, 19, 76, 191, 374, 374, 393, 397, 441, 441, 276, 153, 153, 153, 153, 153, 497, 497, 122, 458, 259, 144, 208, 437, 437, 437, 437, 426, 426, 375, 98, 98, 98, 442, 17, 169, 240, 240, 240, 240, 240, 240, 240, 240, 240, 240, 240, 240, 240, 240, 240, 240, 240, 240, 240, 240, 240, 240, 240, 240, 240, 240, 240, 240, 240, 240, 240, 240, 240, 240, 240, 240, 240, 240, 240, 240, 240, 240, 240, 240, 240, 240, 240, 240, 240, 240, 240, 240, 240, 240, 240, 240, 240, 240, 240, 240, 240, 240, 240, 240, 240, 240, 240, 240, 240, 240, 240, 240, 240, 240, 240, 240, 240, 240, 240, 240, 240, 240, 240, 240, 240, 240, 240, 240, 240, 240, 240, 240, 240, 240, 240, 240, 240, 240, 240, 240, 240, 240, 240, 240, 240, 240, 240, 240, 240, 240, 240, 240, 240, 240, 240, 240, 240, 240, 240, 240, 240, 240, 240, 240, 240, 240, 240, 240, 240, 240, 240, 240, 240, 240, 240, 240, 240, 240, 240, 240, 240, 240, 240, 240, 240, 240, 240, 240, 240, 240, 240, 240, 240, 240, 240, 240, 240, 240, 240, 240, 240, 240, 240, 240, 240, 240]

ep396
Train step Loss: [0.1818905919790268, 0.2161102592945099, 0.2308223694562912, 0.2314435988664627, 0.22811658680438995, 0.2146265059709549, 0.2277069389820099, 0.24953193962574005, 0.23287154734134674, 0.22639402747154236, 0.22798897325992584, 0.2329738736152649, 0.18720389902591705, 0.19841600954532623, 0.21879160404205322, 0.22430773079395294, 0.1940784603357315, 0.203083798289299, 0.23318421840667725, 0.24019166827201843, 0.1805621087551117, 0.20782826840877533, 0.19910117983818054, 0.19185414910316467, 0.2074897438287735, 0.23512257635593414, 0.1945115178823471, 0.2008148729801178, 0.26554471254348755, 0.22149604558944702, 0.20831795036792755, 0.22152072191238403, 0.2180413454771042, 0.19928999245166779, 0.2230949103832245, 0.2088642716407776, 0.2299875169992447, 0.22704236209392548, 0.21646781265735626, 0.22765734791755676, 0.21006931364536285, 0.2219899296760559, 0.21668477356433868, 0.2443695217370987, 0.22325804829597473, 0.22112005949020386, 0.21543549001216888, 0.2234439104795456, 0.19925670325756073, 0.23098541796207428, 0.20852172374725342, 0.2222285121679306, 0.21759557723999023, 0.200517475605011, 0.20033377408981323, 0.20358586311340332, 0.20208318531513214, 0.22674560546875, 0.24312835931777954, 0.22255955636501312, 0.22141999006271362, 0.23712851107120514, 0.21850058436393738, 0.22625045478343964, 0.240102618932724, 0.21693731844425201, 0.20898351073265076, 0.21578997373580933, 0.22286616265773773, 0.23267674446105957, 0.20427240431308746, 0.1887875348329544, 0.21751688420772552, 0.22041678428649902, 0.24120180308818817, 0.23029594123363495, 0.1982594132423401, 0.20022934675216675, 0.214758962392807, 0.22573432326316833, 0.21431566774845123, 0.23190604150295258, 0.2007419466972351, 0.23100055754184723, 0.19756361842155457, 0.2361336648464203, 0.23017625510692596, 0.22455930709838867, 0.2557402551174164, 0.22003799676895142, 0.20668280124664307, 0.2269263118505478, 0.23012922704219818, 0.24686390161514282, 0.2401665598154068, 0.22758373618125916, 0.20184428989887238, 0.20738357305526733]
val step Loss: [0.18925654888153076, 0.19296716153621674, 0.2068108320236206, 0.1961933672428131, 0.2190939038991928, 0.18716967105865479, 0.212359219789505, 0.19454418122768402, 0.19183146953582764, 0.1761133074760437, 0.18428821861743927, 0.21889489889144897, 0.19294299185276031, 0.1883687824010849, 0.18518273532390594, 0.18054457008838654, 0.18425874412059784, 0.21956127882003784, 0.2054225355386734, 0.19814938306808472, 0.21165458858013153, 0.19151800870895386, 0.1876823455095291, 0.22442905604839325, 0.19729255139827728]
Train step Accs: [0.9776416975220735, 0.9744611750811928, 0.9714844842046407, 0.9722222222222222, 0.9733629300776915, 0.9764872521246459, 0.9723956621754847, 0.9701052631578947, 0.9715307582260372, 0.972197442759441, 0.9690518783542039, 0.9690163712623461, 0.9800437749452813, 0.9781802624073017, 0.9763854763854763, 0.9720749838396897, 0.9789821702680364, 0.9768619934282585, 0.9697935253632424, 0.9671636790082091, 0.9825018615040954, 0.9766733091079592, 0.9793091940597364, 0.9814204375187294, 0.9789261744966443, 0.9691757258841338, 0.9779936257398695, 0.9776030851379413, 0.9639413551710474, 0.9723572296476306, 0.969811320754717, 0.971704623878537, 0.9760191846522782, 0.9735051915503043, 0.9730551933941765, 0.9748117727583847, 0.970158630438197, 0.9719696969696969, 0.9749437359339835, 0.9702930549979928, 0.9744501940491591, 0.9751488480455605, 0.9722552516845026, 0.9682753058206748, 0.9724494907330106, 0.9728581220013708, 0.9751459799371164, 0.9726064186920907, 0.9777844944839051, 0.9704057896097182, 0.9775297400499339, 0.9709003215434083, 0.9765038924274593, 0.9775399457340971, 0.9764565638503949, 0.9782439782439782, 0.971990620114643, 0.9709599354665233, 0.9683908045977011, 0.9748877665544332, 0.973301737756714, 0.9715532811559302, 0.9739959155888359, 0.9722744360902256, 0.9728924212319047, 0.9769354838709677, 0.9746354799513973, 0.9734921816827997, 0.9736656808900155, 0.972310790401074, 0.9777099236641221, 0.9805521555827553, 0.973035143769968, 0.9740530867879511, 0.9657048639736191, 0.967934611757309, 0.9796954314720813, 0.9742444543695102, 0.9731697451799919, 0.9695823483057525, 0.9739059527045393, 0.9695393759286776, 0.9755244755244755, 0.9709345655090177, 0.9782988639673754, 0.9707271010387157, 0.9711940083537376, 0.9731117416565329, 0.9673807205452775, 0.9764019988895059, 0.9772045590881824, 0.9720105737832374, 0.9720972097209721, 0.9691193853427896, 0.9717126452877748, 0.9749388753056235, 0.9797965723840044, 0.9796400118028917]
val step Accs: [0.9785901543839207, 0.977354820783551, 0.9752089531095056, 0.9754241319169177, 0.9748297305300563, 0.9791132752434649, 0.9733128405756601, 0.9770408163265306, 0.978251718815771, 0.9825921392628859, 0.9824733824733825, 0.9718129404228059, 0.9802317655078391, 0.9806612601372426, 0.9833715596330275, 0.9807556247346824, 0.9810476441168728, 0.9727810650887574, 0.978869297509096, 0.9780033840947546, 0.9733162283515073, 0.9812710100848407, 0.9768344765109357, 0.9702108833505383, 0.9736668861092824]
Preds: [17, 7, 217, 70, 65, 65, 284, 284, 284, 315, 315, 315, 16, 16, 16, 16, 467, 413, 413, 413, 88, 98, 98, 98, 48, 197, 401, 401, 320, 345, 345, 109, 286, 286, 264, 468, 406, 467, 337, 337, 337, 324, 116, 339, 33, 398, 398, 398, 339, 339, 10, 10, 10, 398, 398, 398, 106, 153, 387, 387, 387, 497, 416, 32, 32, 239, 208, 208, 106, 106, 481, 387, 372, 372, 406, 406, 406, 406, 406, 467, 106, 426, 284, 315, 426, 450, 450, 450, 43, 43, 276, 276, 346, 481, 481, 215, 215, 129, 401, 82, 75, 441, 441, 196, 116, 303, 303, 303, 303, 303, 242, 41, 19, 19, 19, 48, 417, 170, 170, 170, 170, 28, 28, 28, 2, 2, 20, 20, 2, 20, 2, 2, 316, 73, 73, 73, 20, 83, 83, 55, 322, 236, 129, 36, 478, 66, 172, 172, 115, 267, 444, 448, 464, 464, 139, 106, 387, 293, 497, 416, 8, 32, 239, 208, 441, 153, 153, 153, 387, 387, 372, 372, 406, 406, 467, 467, 59, 413, 98, 98, 48, 48, 13, 170, 170, 170, 170, 47, 47, 47, 47, 47, 47, 47, 47, 47, 80, 80, 20, 412, 83, 55, 55, 322, 143, 36, 36, 77, 66, 172, 172, 224, 267, 267, 324, 324, 3, 335, 14, 14, 411, 287, 481, 293, 143, 129, 321, 144, 208, 441, 437, 226, 125, 319, 330, 299, 348, 359, 251, 241, 166, 324, 324, 464, 464, 464, 486, 486, 486, 460, 240, 240, 314, 24, 239, 131, 300, 106, 255, 255, 240, 143, 129, 401, 75, 127, 114, 355, 355, 355, 355, 452, 263, 13, 229, 170, 170, 170, 249, 47, 47, 20, 47, 2, 2, 2, 47, 47, 47, 20, 73, 73, 73, 73, 289, 320, 7, 217, 473, 65, 476, 476, 252, 385, 143, 35, 401, 401, 75, 127, 114, 486, 265, 428, 111, 438, 438, 251, 251, 251, 241, 166, 464, 464, 464, 464, 486, 486, 460, 460, 240, 314, 314, 239, 384, 371, 180, 139, 387, 240, 215, 129, 35, 75, 75, 114, 114, 355, 355, 355, 355, 452, 263, 17, 169, 240, 240, 240, 240, 240, 240, 240, 240, 240, 240, 240, 240, 240, 240, 240, 240, 240, 240, 240, 240, 240, 240, 240, 240, 240, 240, 240, 240, 240, 240, 240, 240, 240, 240, 240, 240, 240, 240, 240, 240, 240, 240, 240, 240, 240, 240, 240, 240, 240, 240, 240, 240, 240, 240, 240, 240, 240, 240, 240, 240, 240, 240, 240, 240, 240, 240, 240, 240, 240, 240, 240, 240, 240, 240, 240, 240, 240, 240, 240, 240, 240, 240, 240, 240, 240, 240, 240, 240, 240, 240, 240, 240, 240, 240, 240, 240, 240, 240, 240, 240, 240, 240, 240, 240, 240, 240, 240, 240, 240, 240, 240, 240, 240, 240, 240, 240, 240, 240, 240, 240, 240, 240, 240, 240, 240, 240, 240, 240, 240, 240, 240, 240, 240, 240, 240, 240, 240, 240, 240, 240, 240, 240, 240, 240, 240, 240, 240, 240, 240, 240, 240, 240, 240, 240, 240, 240, 240, 240, 240, 240, 240, 240, 240, 240, 240, 240, 240, 240, 240, 240, 240, 240, 240, 240, 240, 240, 240, 240, 240, 240, 240, 240, 240, 240, 240, 240, 240, 240, 240, 240, 240, 240, 240, 240, 240, 240, 240, 240, 240, 240, 240, 240, 240, 240, 240, 240, 240, 240, 240, 240, 240, 240, 240, 240, 240, 240, 240, 240, 240, 240, 240, 240, 240, 240, 240, 240, 240, 240, 240, 240, 240, 240, 240, 240, 240, 240, 240, 240, 240, 240, 240, 240, 240, 240, 240]

ep397
Train step Loss: [0.19645598530769348, 0.20682957768440247, 0.1904079169034958, 0.2222389578819275, 0.21304956078529358, 0.2116537243127823, 0.2030528485774994, 0.22366118431091309, 0.20999854803085327, 0.18876489996910095, 0.24383898079395294, 0.2188577651977539, 0.1910955309867859, 0.21767249703407288, 0.20417830348014832, 0.21792364120483398, 0.2310650646686554, 0.24010451138019562, 0.2122671902179718, 0.21150900423526764, 0.22832944989204407, 0.2325448989868164, 0.21151912212371826, 0.21270233392715454, 0.22419969737529755, 0.21328312158584595, 0.2672167718410492, 0.1984080970287323, 0.2125992774963379, 0.24014803767204285, 0.22102078795433044, 0.20366410911083221, 0.22382360696792603, 0.22229453921318054, 0.21068653464317322, 0.21386483311653137, 0.21228209137916565, 0.1861913502216339, 0.17646685242652893, 0.23088574409484863, 0.19113585352897644, 0.23530325293540955, 0.22045232355594635, 0.23614946007728577, 0.21271760761737823, 0.20681554079055786, 0.21373587846755981, 0.2324361503124237, 0.2276816964149475, 0.21537622809410095, 0.19828259944915771, 0.2168322056531906, 0.19289878010749817, 0.19878120720386505, 0.24275410175323486, 0.20263442397117615, 0.2310047298669815, 0.21867065131664276, 0.22639527916908264, 0.19763942062854767, 0.2153182327747345, 0.23092877864837646, 0.21598303318023682, 0.21779164671897888, 0.18989485502243042, 0.22448809444904327, 0.2108842432498932, 0.21461699903011322, 0.223822221159935, 0.2157599925994873, 0.23912139236927032, 0.22212742269039154, 0.24391046166419983, 0.24795228242874146, 0.22096703946590424, 0.22052207589149475, 0.237376868724823, 0.2157454490661621, 0.19895145297050476, 0.21276655793190002, 0.2006182074546814, 0.21580056846141815, 0.19228388369083405, 0.20618905127048492, 0.22483868896961212, 0.19649960100650787, 0.22467002272605896, 0.20717231929302216, 0.22120946645736694, 0.19675235450267792, 0.24043013155460358, 0.18921016156673431, 0.2120535969734192, 0.22078359127044678, 0.20866559445858002, 0.20503564178943634, 0.22350795567035675, 0.19502508640289307]
val step Loss: [0.19509154558181763, 0.19421060383319855, 0.21245518326759338, 0.17497003078460693, 0.20199760794639587, 0.18408744037151337, 0.1764845848083496, 0.19407211244106293, 0.21450009942054749, 0.19545868039131165, 0.16767163574695587, 0.1907411813735962, 0.19609777629375458, 0.1939852088689804, 0.18905578553676605, 0.20404745638370514, 0.20932966470718384, 0.20723605155944824, 0.1793259233236313, 0.18881171941757202, 0.19854499399662018, 0.21636712551116943, 0.2036685347557068, 0.19829340279102325, 0.1713714748620987]
Train step Accs: [0.9806390681567764, 0.9771910251642494, 0.977133907595928, 0.9709687123947052, 0.9767370204899091, 0.9754039754039754, 0.9753679783718835, 0.9737373737373738, 0.9768285873813513, 0.9784580498866213, 0.9673286354900704, 0.9743515850144092, 0.976875504167787, 0.9747534516765286, 0.9747576061517887, 0.9744947064485082, 0.9721850762235892, 0.969574340527578, 0.9744558842695165, 0.9732865623313546, 0.9723955084217093, 0.9745395449620802, 0.971334214002642, 0.9726614848566069, 0.9745, 0.9728211357424841, 0.9672399672399672, 0.9780048247481198, 0.9743923046925776, 0.970465439925777, 0.9718034617532105, 0.9779874213836478, 0.9733316320020416, 0.9717864024222406, 0.974589145145698, 0.9748715812855755, 0.9723320158102767, 0.9796151337247228, 0.9810319671043906, 0.9717997932969142, 0.9775579506865495, 0.9694421082141856, 0.9733963937333727, 0.970445926507127, 0.9741622930964877, 0.9749711205236812, 0.9734590282813633, 0.9721099434114794, 0.9725882174769044, 0.9744814410480349, 0.9789023901722527, 0.9751166407465007, 0.9776595744680852, 0.9773329408301442, 0.9662345063399345, 0.9770501835985312, 0.9727655732771592, 0.9714369846878681, 0.9707075259125733, 0.9779816513761468, 0.974960876369327, 0.9708281053952321, 0.9753284671532847, 0.9743470149253731, 0.9794294294294295, 0.9746940125702944, 0.9747427502338635, 0.9725422124033455, 0.9714093959731543, 0.973481384715872, 0.9708258527827648, 0.9709621723434312, 0.9666914498141264, 0.9669890393294649, 0.9730941704035875, 0.9716452357401912, 0.9684229520028871, 0.9734050500522934, 0.9774616368286445, 0.9745138479670006, 0.975609756097561, 0.9750073078047354, 0.9786472318117888, 0.9768411301528486, 0.9739031153156092, 0.9776630083925113, 0.9715307795498584, 0.9741492624507083, 0.9720205886234657, 0.9790190357093234, 0.966201879357381, 0.9794736179322503, 0.9750071408169094, 0.9739615623062616, 0.9737998647734956, 0.9781301956771966, 0.9725385130609511, 0.9819563152896487]
val step Accs: [0.9761937908951691, 0.9765224815025612, 0.9746450304259635, 0.9836358635863587, 0.9728336584006687, 0.9799002138275125, 0.9788420300214439, 0.978225544361391, 0.976375, 0.9786644951140065, 0.9824046920821115, 0.978319399178121, 0.9771747805267358, 0.9817816476892164, 0.976001199940003, 0.9774517374517374, 0.9777946768060837, 0.9750753218296357, 0.9802255270469031, 0.9817723770005927, 0.9769572062401602, 0.9739825581395349, 0.9755299473609332, 0.9757900840823427, 0.9825473449684367]
Preds: [17, 287, 287, 284, 284, 284, 284, 481, 293, 16, 293, 293, 293, 293, 293, 293, 284, 284, 284, 284, 284, 284, 284, 206, 206, 206, 167, 35, 35, 35, 320, 354, 354, 288, 302, 139, 139, 175, 251, 251, 216, 81, 114, 114, 145, 145, 443, 443, 443, 443, 443, 443, 178, 178, 150, 150, 39, 86, 86, 86, 86, 38, 38, 336, 336, 354, 354, 420, 420, 420, 213, 213, 213, 246, 246, 3, 464, 464, 171, 171, 171, 171, 171, 171, 318, 186, 186, 162, 162, 482, 482, 172, 115, 115, 115, 273, 470, 470, 180, 486, 315, 315, 315, 315, 450, 450, 450, 413, 379, 77, 77, 478, 66, 232, 232, 172, 172, 115, 115, 267, 267, 267, 360, 328, 339, 58, 58, 398, 398, 398, 398, 477, 222, 313, 116, 94, 199, 331, 84, 84, 496, 496, 274, 274, 274, 122, 8, 259, 354, 354, 29, 467, 467, 313, 313, 313, 285, 251, 241, 431, 431, 284, 284, 284, 426, 426, 426, 450, 450, 450, 413, 413, 372, 467, 467, 313, 337, 219, 219, 219, 219, 219, 477, 477, 374, 374, 132, 14, 259, 440, 287, 287, 319, 192, 240, 240, 199, 145, 145, 145, 282, 282, 282, 388, 388, 94, 199, 473, 403, 476, 171, 171, 252, 252, 143, 164, 164, 164, 114, 180, 486, 486, 486, 355, 460, 178, 263, 263, 263, 229, 229, 170, 170, 126, 126, 126, 126, 126, 326, 249, 408, 408, 408, 408, 391, 244, 244, 320, 320, 7, 7, 7, 309, 309, 398, 398, 398, 324, 301, 143, 458, 208, 208, 208, 441, 441, 441, 496, 496, 130, 348, 285, 94, 479, 331, 331, 84, 139, 139, 274, 368, 162, 31, 342, 342, 342, 323, 142, 196, 196, 217, 473, 473, 65, 398, 286, 286, 264, 264, 468, 468, 468, 337, 337, 337, 324, 324, 324, 324, 448, 464, 464, 464, 464, 464, 486, 486, 376, 376, 376, 282, 282, 240, 388, 388, 94, 199, 331, 331, 84, 84, 84, 496, 372, 396, 59, 59, 59, 303, 452, 303, 303, 48, 48, 48, 414, 414, 170, 187, 187, 187, 1, 201, 201, 201, 201, 392, 392, 392, 244, 73, 73, 244, 321, 321, 321, 320, 354, 380, 499, 499, 288, 288, 468, 468, 468, 468, 468, 313, 348, 64, 64, 212, 310, 310, 395, 395, 395, 395, 374, 84, 84, 84, 139, 139, 139, 293, 293, 497, 122, 8, 8, 208, 441, 153, 153, 153, 387, 372, 372, 372, 372, 372, 396, 59, 59, 59, 452, 303, 303, 48, 48, 48, 414, 414, 170, 244, 170, 392, 392, 392, 392, 392, 321, 75, 201, 201, 201, 201, 20, 270, 110, 110, 486, 460, 460, 169, 150, 150, 77, 342, 342, 224, 168, 494, 494, 116, 116, 10, 479, 473, 331, 290, 264, 264, 264, 264, 264, 264, 264, 468, 468, 468, 468, 337, 337, 299, 314, 328, 58, 58, 275, 394, 212, 310, 310, 395, 395, 485, 152, 301, 251, 251, 241, 241, 431, 431, 139, 293, 293, 173, 216, 280, 106, 106, 106, 426, 426, 426, 496, 496, 396, 467, 299, 299, 299, 37, 236, 236, 239, 259, 354, 354, 188, 264, 278, 278, 120, 37, 116, 325, 325, 368, 368, 38, 38, 38, 232, 68, 68, 115, 115, 267, 267, 267, 444, 213, 213, 252, 252, 143, 259, 420, 324, 324, 324, 464, 464, 464, 403, 403, 403, 403, 403, 403, 171, 171, 252, 358, 246, 219, 246, 213, 213, 213, 246, 246, 246, 19, 19, 271, 328, 108, 433, 160, 160, 112, 112, 112, 56, 56, 102, 102, 237, 102, 102, 237, 170, 170, 244]

ep398
Train step Loss: [0.22846998274326324, 0.22948898375034332, 0.2024267017841339, 0.2228882759809494, 0.19697682559490204, 0.22683222591876984, 0.2320433109998703, 0.23511312901973724, 0.22616039216518402, 0.21129201352596283, 0.21312859654426575, 0.22345158457756042, 0.22440241277217865, 0.22823700308799744, 0.21113336086273193, 0.19170606136322021, 0.2049979567527771, 0.20997372269630432, 0.18691898882389069, 0.19995513558387756, 0.20746923983097076, 0.21512876451015472, 0.23312842845916748, 0.21974392235279083, 0.2119283676147461, 0.20587164163589478, 0.20951633155345917, 0.19478225708007812, 0.2286881059408188, 0.21263433992862701, 0.20852632820606232, 0.2263750582933426, 0.21424564719200134, 0.21341240406036377, 0.2209140509366989, 0.22586192190647125, 0.2278393656015396, 0.23537535965442657, 0.2085884064435959, 0.23815450072288513, 0.21587695181369781, 0.22004753351211548, 0.2046041190624237, 0.22043243050575256, 0.225028395652771, 0.21236999332904816, 0.177809938788414, 0.20343123376369476, 0.20217366516590118, 0.19114582240581512, 0.22351659834384918, 0.20638974010944366, 0.20928342640399933, 0.20564599335193634, 0.21782980859279633, 0.20072701573371887, 0.2277611643075943, 0.20647040009498596, 0.19750559329986572, 0.21871134638786316, 0.237007275223732, 0.2285725474357605, 0.20724745094776154, 0.19632995128631592, 0.2379443496465683, 0.1968226432800293, 0.19530586898326874, 0.21995291113853455, 0.21186789870262146, 0.19250060617923737, 0.23702271282672882, 0.21764537692070007, 0.22573800384998322, 0.2171817123889923, 0.2317797988653183, 0.1976955533027649, 0.20043984055519104, 0.18268592655658722, 0.21328550577163696, 0.21007703244686127, 0.20529192686080933, 0.19382861256599426, 0.2331019937992096, 0.19084683060646057, 0.21148934960365295, 0.2025652974843979, 0.21160875260829926, 0.2162766009569168, 0.18423153460025787, 0.20475882291793823, 0.20602667331695557, 0.20237703621387482, 0.22062289714813232, 0.2078462839126587, 0.24586211144924164, 0.20147955417633057, 0.18973341584205627, 0.2194090038537979]
val step Loss: [0.18966473639011383, 0.1925010234117508, 0.179268479347229, 0.18909679353237152, 0.17896850407123566, 0.19148798286914825, 0.17549698054790497, 0.17457211017608643, 0.17579281330108643, 0.1758938431739807, 0.17856045067310333, 0.2087475061416626, 0.1915685385465622, 0.1937170773744583, 0.21048462390899658, 0.2039867490530014, 0.2087174654006958, 0.19649215042591095, 0.18890421092510223, 0.2119487076997757, 0.2040707916021347, 0.17676234245300293, 0.21448785066604614, 0.17828236520290375, 0.19461758434772491]
Train step Accs: [0.9725959758054561, 0.9724184782608696, 0.9752563226247437, 0.972822910578609, 0.9774842389672771, 0.9691668110168024, 0.9683024939662108, 0.9697440972713135, 0.96787690646511, 0.9748618784530386, 0.9755855216465579, 0.9713777250481981, 0.9732880755608029, 0.9715996315627878, 0.9751927119831815, 0.9785950294497917, 0.9765371024734982, 0.9735562310030396, 0.9780077619663649, 0.9779665516325989, 0.9744832501781896, 0.9741925513830938, 0.9740518962075848, 0.9769463340891912, 0.9745964912280701, 0.9771158271541805, 0.9727647136973562, 0.9789307347906242, 0.9726732036650056, 0.9723032069970845, 0.9751666666666666, 0.9731650710762982, 0.9748148148148148, 0.9722887956860395, 0.9711466586933772, 0.9734077478660539, 0.9717309365033343, 0.9684112728398885, 0.9765993010180823, 0.9708416169648774, 0.9736794336540207, 0.9693580511720545, 0.9773879142300195, 0.9704026442307693, 0.969947527428844, 0.9739210004575263, 0.9809992962702322, 0.9783556072051133, 0.9778622843949477, 0.9761227970437749, 0.9727272727272728, 0.9760177646188009, 0.9753086419753086, 0.9768859897901304, 0.9745977984758679, 0.9761082723380748, 0.9712318286151492, 0.9753585397653194, 0.9736243138304994, 0.9758983980372348, 0.9702586206896552, 0.9684196259148821, 0.9761943059353386, 0.9752953813104189, 0.9699704912341607, 0.9795281487954063, 0.978576992988834, 0.9734079776067179, 0.9757911623158816, 0.9764150943396226, 0.9666875195495778, 0.9761332933053137, 0.9714896650035638, 0.9779465459325252, 0.9724562948056849, 0.9761007923106897, 0.979135432283858, 0.9810536812364966, 0.9738337320574163, 0.9730196703880915, 0.9740516147228881, 0.9793081661664824, 0.9717385098487011, 0.9805646190949071, 0.9756059175322631, 0.9768045170151076, 0.9775412177073868, 0.9760246450575945, 0.9794144556267155, 0.9770132211538461, 0.9745056381761725, 0.9753741496598639, 0.9726751873071838, 0.9762373637915189, 0.9636923076923077, 0.9763493736096476, 0.9777470841006752, 0.9693682195277601]
val step Accs: [0.9773106904231625, 0.9783485142601165, 0.9782953105196451, 0.9803344481605352, 0.9825727366710973, 0.9794836724226363, 0.9827364081422314, 0.9802572539635058, 0.9791909438987848, 0.9808238636363636, 0.9816637952252031, 0.9734665209926643, 0.9760487144790257, 0.9794813337133086, 0.9735544598834603, 0.9761981865284974, 0.9777146275800179, 0.9802276812462553, 0.9761103094436427, 0.9699558173784978, 0.9771323432776975, 0.9819560272934041, 0.9724981826992973, 0.981460023174971, 0.98105927744651]
Preds: [17, 17, 188, 30, 30, 278, 378, 251, 251, 241, 431, 431, 284, 284, 319, 319, 388, 348, 10, 10, 479, 331, 331, 106, 153, 153, 153, 182, 182, 182, 182, 387, 387, 387, 335, 335, 440, 188, 324, 301, 378, 43, 364, 276, 276, 346, 346, 284, 428, 428, 240, 240, 24, 35, 384, 34, 324, 324, 301, 339, 10, 10, 479, 331, 331, 84, 153, 153, 182, 182, 182, 182, 182, 182, 43, 43, 276, 276, 346, 346, 284, 284, 206, 206, 206, 167, 167, 35, 32, 239, 192, 445, 464, 464, 222, 416, 416, 416, 192, 445, 464, 171, 171, 171, 171, 301, 8, 8, 32, 239, 354, 420, 213, 213, 213, 213, 213, 246, 246, 246, 301, 301, 43, 43, 43, 345, 345, 109, 109, 286, 171, 171, 171, 171, 171, 246, 3, 3, 454, 129, 414, 226, 226, 20, 287, 284, 460, 460, 169, 349, 234, 234, 261, 25, 485, 152, 422, 416, 143, 458, 20, 144, 208, 441, 100, 100, 100, 100, 497, 497, 497, 497, 98, 13, 229, 229, 247, 312, 312, 126, 101, 373, 20, 20, 20, 20, 320, 7, 487, 487, 374, 374, 374, 132, 132, 132, 313, 24, 77, 34, 213, 213, 213, 324, 324, 3, 3, 335, 14, 20, 411, 145, 287, 284, 111, 85, 146, 146, 219, 219, 219, 219, 219, 324, 324, 301, 325, 325, 34, 374, 132, 132, 236, 236, 239, 239, 384, 371, 180, 180, 180, 486, 486, 264, 468, 468, 406, 406, 467, 499, 284, 284, 284, 405, 206, 206, 452, 263, 35, 197, 197, 7, 7, 217, 473, 473, 65, 278, 278, 236, 314, 239, 239, 239, 310, 107, 107, 107, 395, 395, 213, 213, 213, 213, 213, 246, 246, 246, 246, 246, 19, 19, 454, 17, 169, 240, 240, 240, 240, 240, 240, 240, 240, 240, 240, 240, 240, 240, 240, 240, 240, 240, 240, 240, 240, 240, 240, 240, 240, 240, 240, 240, 240, 240, 240, 240, 240, 240, 240, 240, 240, 240, 240, 240, 240, 240, 240, 240, 240, 240, 240, 240, 240, 240, 240, 240, 240, 240, 240, 240, 240, 240, 240, 240, 240, 240, 240, 240, 240, 240, 240, 240, 240, 240, 240, 240, 240, 240, 240, 240, 240, 240, 240, 240, 240, 240, 240, 240, 240, 240, 240, 240, 240, 240, 240, 240, 240, 240, 240, 240, 240, 240, 240, 240, 240, 240, 240, 240, 240, 240, 240, 240, 240, 240, 240, 240, 240, 240, 240, 240, 240, 240, 240, 240, 240, 240, 240, 240, 240, 240, 240, 240, 240, 240, 240, 240, 240, 240, 240, 240, 240, 240, 240, 240, 240, 240, 240, 240, 240, 240, 240, 240, 240, 240, 240, 240, 240, 240, 240, 240, 240, 240, 240, 240, 240, 240, 240, 240, 240, 240, 240, 240, 240, 240, 240, 240, 240, 240, 240, 240, 240, 240, 240, 240, 240, 240, 240, 240, 240, 240, 240, 240, 240, 240, 240, 240, 240, 240, 240, 240, 240, 240, 240, 240, 240, 240, 240, 240, 240, 240, 240, 240, 240, 240, 240, 240, 240, 240, 240, 240, 240, 240, 240, 240, 240, 240, 240, 240, 240, 240, 240, 240, 240, 240, 240, 240, 240, 240, 240, 240, 240, 240, 240, 240, 240, 240, 240, 240, 240, 240, 240, 240, 240, 240, 240, 240, 240, 240, 240, 240, 240, 240, 240, 240, 240, 240, 240, 240, 240, 240, 240, 240, 240, 240, 240, 240, 240, 240, 240, 240, 240, 240, 240, 240, 240, 240, 240, 240, 240, 240, 240, 240, 240, 240, 240, 240, 240, 240, 240, 240, 240, 240, 240, 240, 240, 240, 240, 240, 240, 240]

ep399
Train step Loss: [0.20087239146232605, 0.21109126508235931, 0.21478880941867828, 0.19395621120929718, 0.20544639229774475, 0.18217124044895172, 0.20530207455158234, 0.18581020832061768, 0.21855078637599945, 0.20546221733093262, 0.2893962860107422, 0.2052430808544159, 0.21314820647239685, 0.18980588018894196, 0.18376827239990234, 0.2091057449579239, 0.25631576776504517, 0.24442757666110992, 0.23947834968566895, 0.18450553715229034, 0.20366132259368896, 0.22258704900741577, 0.2099413424730301, 0.20274890959262848, 0.19972802698612213, 0.22810286283493042, 0.2126450538635254, 0.1967068761587143, 0.24147950112819672, 0.21264389157295227, 0.20161327719688416, 0.19344039261341095, 0.1985325664281845, 0.19878709316253662, 0.2249976098537445, 0.22692182660102844, 0.21281181275844574, 0.1920250803232193, 0.21453867852687836, 0.17392823100090027, 0.23263977468013763, 0.20207493007183075, 0.2288295179605484, 0.19956471025943756, 0.2225288301706314, 0.20438194274902344, 0.18993879854679108, 0.20040948688983917, 0.22004301846027374, 0.19383488595485687, 0.20615145564079285, 0.2201755791902542, 0.18082723021507263, 0.20620448887348175, 0.23536977171897888, 0.16978402435779572, 0.2256709486246109, 0.22972863912582397, 0.22061212360858917, 0.22166700661182404, 0.20586739480495453, 0.19679343700408936, 0.20973393321037292, 0.204103022813797, 0.18146584928035736, 0.23998522758483887, 0.20099332928657532, 0.1918908804655075, 0.2074234038591385, 0.19216640293598175, 0.19000516831874847, 0.22263029217720032, 0.21160615980625153, 0.21557720005512238, 0.21949094533920288, 0.22181175649166107, 0.24599771201610565, 0.18131275475025177, 0.215195432305336, 0.19529178738594055, 0.19562557339668274, 0.18896515667438507, 0.19916567206382751, 0.22696615755558014, 0.20582926273345947, 0.20356638729572296, 0.21217520534992218, 0.23550409078598022, 0.22694061696529388, 0.21883386373519897, 0.19697034358978271, 0.20812714099884033, 0.19923420250415802, 0.2096751630306244, 0.22700560092926025, 0.20870934426784515, 0.19774357974529266, 0.25585830211639404]
val step Loss: [0.17143067717552185, 0.1894189566373825, 0.17341503500938416, 0.18773949146270752, 0.18187521398067474, 0.17518432438373566, 0.18636327981948853, 0.17425666749477386, 0.1908775269985199, 0.18855521082878113, 0.20026351511478424, 0.18047671020030975, 0.1751031130552292, 0.18438370525836945, 0.1879419982433319, 0.2140936255455017, 0.19398072361946106, 0.19766010344028473, 0.2110617607831955, 0.19915124773979187, 0.2179216742515564, 0.19295041263103485, 0.21262909471988678, 0.17408397793769836, 0.15569941699504852]
Train step Accs: [0.9756655014788922, 0.9751170568561873, 0.9779065068031793, 0.978335535006605, 0.9765703607876959, 0.9820047987203412, 0.9730774738651009, 0.9833165540054652, 0.9726398075766687, 0.9766281886846231, 0.9582824227613894, 0.9758018327605956, 0.9752545431112257, 0.9799001408270388, 0.9802295036637633, 0.9743148227866265, 0.967194354377265, 0.9649456052495251, 0.9668398533007335, 0.98058690744921, 0.9727891156462585, 0.9724950884086444, 0.9751783166904422, 0.9770416024653312, 0.9760243562095648, 0.9698197021165403, 0.9740553717569215, 0.9800936768149883, 0.9658105676427287, 0.9759281925744594, 0.9770587228214347, 0.9793800718371691, 0.9783748361730014, 0.974797718530309, 0.9729212253829321, 0.969605734767025, 0.9756495916852265, 0.9771201534456775, 0.9738376033618001, 0.9818474601083297, 0.9705537895265183, 0.9795271430458328, 0.9726203897568046, 0.9769252154573256, 0.9683731962838505, 0.9771695257315842, 0.9786926213336841, 0.9777886656867548, 0.976779252110977, 0.9782694069904437, 0.9764528301886792, 0.9717479043775225, 0.9801080226584112, 0.9768306636155606, 0.9695543869360642, 0.982442630525181, 0.9716508438818565, 0.971503794331733, 0.9711869715001565, 0.9719356796116505, 0.9750145264381174, 0.9776058631921825, 0.974399369830642, 0.979539641943734, 0.9818292869140327, 0.9706827825639707, 0.9745518365300239, 0.9802919708029197, 0.9766931724705237, 0.9762580259817829, 0.9788925081433225, 0.9714929940409084, 0.9759549795361528, 0.9749406880189798, 0.9729895641497851, 0.9718818521862505, 0.9686416900478627, 0.9815933679921315, 0.9737641535487435, 0.9778975741239893, 0.9779302117506711, 0.978046264918226, 0.9781312127236581, 0.9731486715658564, 0.9771173433793777, 0.9754460631854641, 0.9772762405317669, 0.9673822135489267, 0.9744094488188977, 0.9727214786488209, 0.9794540229885057, 0.9774218955106327, 0.9776552114269552, 0.9782116581777023, 0.9719426654467825, 0.9762088477366255, 0.9786230281586319, 0.9593585844622615]
val step Accs: [0.9836516203703703, 0.9793953978041811, 0.9811320754716981, 0.9804759868889839, 0.9804472843450479, 0.9821401077752117, 0.97775486152033, 0.9807443783923494, 0.978740054780227, 0.9762398642277956, 0.9787297783103655, 0.9806490026793688, 0.9797843665768194, 0.9818181818181818, 0.9788440901425725, 0.9754894158841317, 0.9760479041916168, 0.9765840220385675, 0.9719036697247706, 0.9785062625637854, 0.973781616286243, 0.9784599728629579, 0.9723003999407496, 0.9799044406970208, 0.9815830721003135]
Preds: [17, 17, 17, 17, 17, 296, 296, 317, 392, 392, 392, 392, 392, 392, 392, 244, 40, 40, 40, 17, 249, 249, 249, 249, 249, 249, 249, 218, 218, 218, 218, 218, 63, 63, 63, 249, 249, 63, 63, 63, 63, 63, 63, 63, 63, 63, 63, 63, 63, 63, 63, 63, 63, 63, 63, 63, 63, 63, 63, 63, 63, 63, 63, 63, 63, 63, 63, 63, 73, 73, 17, 435, 435, 435, 209, 287, 287, 284, 111, 111, 438, 169, 186, 54, 54, 54, 338, 338, 400, 400, 400, 213, 213, 324, 246, 246, 246, 246, 246, 3, 3, 335, 14, 226, 226, 440, 287, 111, 111, 240, 240, 314, 32, 32, 239, 354, 420, 420, 213, 324, 219, 219, 464, 464, 464, 222, 84, 84, 274, 43, 43, 43, 364, 276, 276, 276, 153, 153, 182, 182, 182, 182, 182, 497, 497, 98, 335, 14, 14, 14, 440, 287, 287, 284, 284, 284, 206, 206, 206, 215, 215, 8, 8, 32, 354, 354, 276, 148, 148, 153, 153, 182, 182, 182, 182, 182, 98, 197, 197, 7, 251, 241, 374, 374, 374, 313, 313, 285, 34, 324, 464, 464, 180, 180, 315, 113, 450, 450, 413, 413, 250, 250, 250, 250, 250, 345, 345, 109, 109, 335, 335, 335, 14, 259, 188, 188, 324, 324, 340, 340, 116, 33, 33, 398, 398, 219, 219, 219, 219, 219, 219, 477, 374, 106, 153, 387, 387, 387, 387, 387, 98, 263, 335, 14, 14, 259, 287, 287, 284, 284, 284, 206, 206, 206, 215, 8, 8, 8, 32, 354, 276, 276, 148, 148, 153, 182, 182, 182, 375, 98, 98, 229, 229, 82, 312, 312, 187, 187, 187, 187, 244, 228, 73, 73, 73, 244, 209, 287, 287, 284, 284, 206, 240, 240, 35, 35, 77, 342, 449, 224, 30, 286, 464, 464, 180, 315, 113, 450, 450, 293, 43, 250, 250, 276, 276, 174, 109, 355, 355, 206, 215, 8, 8, 354, 109, 125, 443, 146, 240, 24, 24, 384, 371, 180, 443, 443, 240, 240, 240, 24, 384, 34, 324, 324, 340, 116, 116, 10, 10, 398, 398, 398, 213, 213, 246, 246, 246, 434, 434, 3, 3, 335, 197, 226, 226, 226, 82, 287, 287, 284, 460, 178, 178, 35, 35, 208, 208, 100, 100, 153, 43, 143, 129, 129, 129, 259, 354, 354, 100, 346, 481, 481, 182, 375, 98, 98, 98, 233, 414, 414, 414, 414, 170, 244, 244, 392, 392, 392, 392, 392, 392, 392, 392, 392, 392, 392, 392, 392, 442, 17, 17, 17, 169, 240, 240, 240, 240, 240, 240, 240, 240, 240, 240, 240, 240, 240, 240, 240, 240, 240, 240, 240, 240, 240, 240, 240, 240, 240, 240, 240, 240, 240, 240, 240, 240, 240, 240, 240, 240, 240, 240, 240, 240, 240, 240, 240, 240, 240, 240, 240, 240, 240, 240, 240, 240, 240, 240, 240, 240, 240, 240, 240, 240, 240, 240, 240, 240, 240, 240, 240, 240, 240, 240, 240, 240, 240, 240, 240, 240, 240, 240, 240, 240, 240, 240, 240, 240, 240, 240, 240, 240, 240, 240, 240, 240, 240, 240, 240, 240, 240, 240, 240, 240, 240, 240, 240, 240, 240, 240, 240, 240, 240, 240, 240, 240, 240, 240, 240, 240, 240, 240, 240, 240, 240, 240, 240, 240, 240, 240, 240, 240, 240, 240, 240, 240, 240, 240, 240, 240, 240, 240, 240, 240, 240, 240, 240, 240, 240, 240, 240, 240, 240, 240, 240, 240, 240, 240, 240, 240, 240, 240, 240, 240, 240, 240, 240, 240, 240, 240, 240, 240, 240, 240, 240, 240, 240, 240, 240, 240, 240]

ep400
Train step Loss: [0.21865826845169067, 0.18875646591186523, 0.20431125164031982, 0.21594472229480743, 0.19113393127918243, 0.23200953006744385, 0.2153743952512741, 0.2263117879629135, 0.1890340894460678, 0.2138681709766388, 0.2188931703567505, 0.20530098676681519, 0.20312193036079407, 0.21401701867580414, 0.19238370656967163, 0.2241939753293991, 0.20868879556655884, 0.2153768241405487, 0.22362513840198517, 0.21264709532260895, 0.21363241970539093, 0.21475151181221008, 0.19636738300323486, 0.20242059230804443, 0.20971718430519104, 0.2047525942325592, 0.17437395453453064, 0.24290218949317932, 0.19324558973312378, 0.207357719540596, 0.20510712265968323, 0.19102707505226135, 0.20222973823547363, 0.2005513310432434, 0.20984947681427002, 0.2092979997396469, 0.20420095324516296, 0.2026442438364029, 0.22489579021930695, 0.22271858155727386, 0.20192207396030426, 0.1956077218055725, 0.20178483426570892, 0.19536440074443817, 0.21035297214984894, 0.18473048508167267, 0.20425616204738617, 0.2037358582019806, 0.209943026304245, 0.20195356011390686, 0.19619262218475342, 0.19521267712116241, 0.186735138297081, 0.21161210536956787, 0.19547437131404877, 0.21766389906406403, 0.21745146811008453, 0.20291300117969513, 0.20887480676174164, 0.2293042540550232, 0.22338208556175232, 0.1926765739917755, 0.19757281243801117, 0.1883329302072525, 0.20277555286884308, 0.2130032330751419, 0.19601686298847198, 0.18717779219150543, 0.21801389753818512, 0.2154543697834015, 0.20688796043395996, 0.20134225487709045, 0.2288348525762558, 0.21231167018413544, 0.20539717376232147, 0.2186286747455597, 0.22233037650585175, 0.19560331106185913, 0.20369552075862885, 0.21224425733089447, 0.18797022104263306, 0.19427567720413208, 0.20811454951763153, 0.18310120701789856, 0.22299286723136902, 0.21358077228069305, 0.2011159360408783, 0.21183988451957703, 0.20396114885807037, 0.19224582612514496, 0.20418521761894226, 0.2118617743253708, 0.22365061938762665, 0.20514804124832153, 0.20665282011032104, 0.18410728871822357, 0.19607342779636383, 0.17308902740478516]
val step Loss: [0.1788056194782257, 0.19686317443847656, 0.17573942244052887, 0.2095431536436081, 0.17987297475337982, 0.17679810523986816, 0.18766507506370544, 0.16557639837265015, 0.1591162085533142, 0.20150724053382874, 0.20071573555469513, 0.18993955850601196, 0.18287096917629242, 0.1973041445016861, 0.1886776238679886, 0.19008353352546692, 0.18809495866298676, 0.19233722984790802, 0.18988947570323944, 0.2006707638502121, 0.1746973991394043, 0.17690753936767578, 0.18316003680229187, 0.17463305592536926, 0.18909162282943726]
Train step Accs: [0.9721171360515622, 0.9778328715181567, 0.9747502774694784, 0.9734665209926643, 0.9761277865543269, 0.9706489675516224, 0.9723714504988488, 0.9728239464356045, 0.9783144406111385, 0.9719038300251608, 0.9719455744143639, 0.9770295783511642, 0.976260370134014, 0.971083939193655, 0.9788496652465003, 0.9738098683258574, 0.9758553905745643, 0.9752044657925484, 0.9736122284794851, 0.9744191504341704, 0.9742726293103449, 0.9728797617181376, 0.9743924319034415, 0.9775867362603623, 0.97407126611069, 0.9774687781640273, 0.9800980246546859, 0.9679528061224489, 0.9755931046253626, 0.9784055613074989, 0.9785061794734013, 0.9760463943519919, 0.9785900783289817, 0.9795827123695976, 0.9746448957918492, 0.9755067567567568, 0.9732824427480916, 0.9765845070422535, 0.9721370855391473, 0.9722344645218158, 0.973532057047411, 0.9757382503812561, 0.9730265163060042, 0.9784801613987895, 0.9733373277411623, 0.9789046653144016, 0.9739751887810141, 0.9767679719462303, 0.9763177998472116, 0.9759067696739557, 0.9782211392019494, 0.973172087850987, 0.9800921111276185, 0.9722972972972973, 0.9754940711462451, 0.9753278794961693, 0.972534833869239, 0.9776624873901139, 0.9742642026009583, 0.9729881823297692, 0.9747204666990763, 0.9783431773436316, 0.9774490089054869, 0.9782575871961346, 0.9794357579877634, 0.970325996099192, 0.9799426934097422, 0.9791456925068316, 0.9733763614360629, 0.9736946463978849, 0.9788802799300175, 0.9759469969753709, 0.9698208110657026, 0.9754404011829755, 0.9782092471015505, 0.9728823887873248, 0.9752704791344667, 0.9782038675843986, 0.9754391672088484, 0.9750819672131148, 0.978180473372781, 0.9778567965088087, 0.9767764298093587, 0.9798781613439173, 0.972158438576349, 0.973720094210983, 0.9786192263750612, 0.974200362100181, 0.9754323196183662, 0.9792087785157378, 0.9792429792429792, 0.9749143248800548, 0.9722817185334509, 0.9754353233830846, 0.9762927605409706, 0.9809754410238671, 0.9776289541179823, 0.9815473543797243]
val step Accs: [0.9767899291896145, 0.980596376087887, 0.9820516562089596, 0.971071953010279, 0.9810969941121785, 0.9844271412680756, 0.9779463655610444, 0.9802038705864973, 0.9828416616496086, 0.9735838779956427, 0.9760724904431545, 0.9797632158590308, 0.9762622950819673, 0.9796174787100377, 0.9791933418693982, 0.9794356767097083, 0.9793879816077374, 0.9760409057706355, 0.978494623655914, 0.9776229994072317, 0.978750804893754, 0.9823289533303127, 0.9803235679930039, 0.9831029185867896, 0.9798052650558962]
Preds: [17, 17, 17, 17, 296, 66, 68, 68, 68, 68, 115, 273, 267, 267, 267, 213, 213, 324, 324, 3, 3, 335, 14, 14, 411, 145, 145, 145, 443, 120, 330, 240, 178, 143, 34, 34, 86, 86, 68, 224, 269, 14, 145, 145, 284, 284, 284, 315, 315, 468, 406, 406, 406, 467, 245, 245, 130, 35, 129, 82, 259, 441, 441, 100, 387, 141, 281, 31, 342, 342, 224, 494, 494, 236, 129, 82, 270, 270, 68, 115, 224, 444, 444, 301, 301, 325, 325, 34, 34, 191, 86, 143, 129, 75, 270, 68, 68, 68, 115, 273, 444, 267, 324, 324, 324, 301, 339, 10, 196, 217, 217, 217, 217, 473, 473, 212, 213, 213, 213, 213, 246, 434, 3, 416, 226, 209, 188, 324, 324, 301, 32, 239, 259, 354, 354, 106, 151, 486, 460, 169, 169, 99, 436, 436, 436, 60, 60, 395, 255, 8, 8, 8, 8, 354, 345, 100, 100, 100, 98, 98, 8, 8, 320, 354, 345, 100, 497, 43, 43, 32, 32, 82, 354, 29, 345, 153, 153, 153, 372, 88, 497, 497, 497, 497, 122, 457, 401, 320, 7, 7, 354, 473, 109, 443, 443, 403, 330, 328, 328, 303, 303, 303, 212, 212, 212, 29, 132, 132, 132, 132, 132, 132, 375, 98, 98, 98, 98, 13, 82, 82, 312, 312, 244, 187, 187, 23, 80, 80, 244, 80, 392, 392, 392, 63, 63, 63, 63, 63, 392, 392, 244, 244, 244, 73, 289, 289, 321, 320, 219, 152, 152, 152, 374, 374, 42, 42, 147, 147, 147, 88, 42, 345, 109, 109, 109, 337, 171, 219, 219, 219, 477, 374, 374, 132, 132, 42, 42, 132, 42, 345, 132, 132, 132, 182, 182, 182, 98, 98, 98, 197, 226, 226, 321, 321, 7, 7, 364, 276, 276, 153, 497, 43, 43, 129, 129, 364, 276, 276, 346, 346, 346, 405, 405, 206, 169, 169, 35, 233, 352, 401, 401, 80, 237, 75, 75, 115, 273, 273, 486, 486, 486, 460, 460, 215, 8, 8, 239, 354, 354, 420, 213, 213, 246, 246, 246, 246, 19, 19, 19, 454, 226, 80, 80, 80, 80, 80, 75, 75, 445, 445, 445, 213, 213, 324, 301, 416, 129, 458, 259, 208, 100, 100, 100, 100, 98, 98, 98, 13, 442, 17, 169, 240, 240, 240, 240, 240, 240, 240, 240, 240, 240, 240, 240, 240, 240, 240, 240, 240, 240, 240, 240, 240, 240, 240, 240, 240, 240, 240, 240, 240, 240, 240, 240, 240, 240, 240, 240, 240, 240, 240, 240, 240, 240, 240, 240, 240, 240, 240, 240, 240, 240, 240, 240, 240, 240, 240, 240, 240, 240, 240, 240, 240, 240, 240, 240, 240, 240, 240, 240, 240, 240, 240, 240, 240, 240, 240, 240, 240, 240, 240, 240, 240, 240, 240, 240, 240, 240, 240, 240, 240, 240, 240, 240, 240, 240, 240, 240, 240, 240, 240, 240, 240, 240, 240, 240, 240, 240, 240, 240, 240, 240, 240, 240, 240, 240, 240, 240, 240, 240, 240, 240, 240, 240, 240, 240, 240, 240, 240, 240, 240, 240, 240, 240, 240, 240, 240, 240, 240, 240, 240, 240, 240, 240, 240, 240, 240, 240, 240, 240, 240, 240, 240, 240, 240, 240, 240, 240, 240, 240, 240, 240, 240, 240, 240, 240, 240, 240, 240, 240, 240, 240, 240, 240, 240, 240, 240, 240, 240, 240, 240, 240, 240, 240, 240, 240, 240, 240, 240, 240, 240, 240, 240, 240, 240, 240, 240, 240, 240, 240, 240, 240, 240, 240, 240, 240, 240, 240, 240, 240, 240, 240, 240, 240, 240, 240, 240, 240, 240, 240, 240]

ep401
Train step Loss: [0.1930486559867859, 0.19670021533966064, 0.19308657944202423, 0.23043115437030792, 0.18600624799728394, 0.18472754955291748, 0.1942836195230484, 0.1955631822347641, 0.20280346274375916, 0.18339276313781738, 0.19652260839939117, 0.20839613676071167, 0.19975782930850983, 0.19803446531295776, 0.21705245971679688, 0.18652576208114624, 0.18330825865268707, 0.20327942073345184, 0.21305768191814423, 0.19835321605205536, 0.20436936616897583, 0.21943320333957672, 0.21182067692279816, 0.20805972814559937, 0.19813565909862518, 0.18600445985794067, 0.19790081679821014, 0.18222403526306152, 0.18495452404022217, 0.20172809064388275, 0.20501667261123657, 0.18805865943431854, 0.2048952281475067, 0.19515426456928253, 0.23475061357021332, 0.20597611367702484, 0.1914665400981903, 0.20106573402881622, 0.19363637268543243, 0.2168484330177307, 0.19176115095615387, 0.2211466282606125, 0.20779471099376678, 0.1870448738336563, 0.184914693236351, 0.2133008986711502, 0.21261683106422424, 0.2016075998544693, 0.19702163338661194, 0.19647464156150818, 0.23081687092781067, 0.21371158957481384, 0.1698163002729416, 0.22817280888557434, 0.2097967267036438, 0.20259344577789307, 0.21811923384666443, 0.2062702476978302, 0.2037360817193985, 0.19871214032173157, 0.23563380539417267, 0.2123323529958725, 0.20485475659370422, 0.20578986406326294, 0.21064108610153198, 0.21323567628860474, 0.21358391642570496, 0.24618415534496307, 0.21238897740840912, 0.20894424617290497, 0.19126325845718384, 0.19880521297454834, 0.19618643820285797, 0.19139021635055542, 0.18399937450885773, 0.1833927035331726, 0.211530402302742, 0.21028177440166473, 0.20782704651355743, 0.22696258127689362, 0.20826922357082367, 0.1863899827003479, 0.17105133831501007, 0.209101140499115, 0.21359305083751678, 0.1982710361480713, 0.20448191463947296, 0.18379947543144226, 0.19718578457832336, 0.211050882935524, 0.23642461001873016, 0.22868266701698303, 0.18045854568481445, 0.19293491542339325, 0.20981240272521973, 0.2193024903535843, 0.22000883519649506, 0.21815648674964905]
val step Loss: [0.1694595366716385, 0.18508923053741455, 0.2012571394443512, 0.1904725432395935, 0.18494266271591187, 0.18403567373752594, 0.15641182661056519, 0.16605328023433685, 0.17387916147708893, 0.19853906333446503, 0.17623640596866608, 0.20907047390937805, 0.18616482615470886, 0.18111279606819153, 0.18568739295005798, 0.1719617396593094, 0.17896968126296997, 0.17686022818088531, 0.1940099149942398, 0.18548621237277985, 0.1691933125257492, 0.1889202892780304, 0.19797655940055847, 0.18075968325138092, 0.19167189300060272]
Train step Accs: [0.9789106357153694, 0.9777309263407563, 0.979559059716747, 0.9704584040747029, 0.9788012810736617, 0.9788484136310224, 0.9800088849400267, 0.9774813539873781, 0.9767857142857143, 0.9810238305383936, 0.9759346798452944, 0.9737754960455113, 0.9795797573246523, 0.9771268718117492, 0.970335339638865, 0.9791375143111564, 0.9785193191029451, 0.976318757047989, 0.9720647213386807, 0.9750778816199377, 0.9737438357990137, 0.9742008761966575, 0.9740713039142358, 0.9762960697354336, 0.9773801485482781, 0.9791695030633084, 0.9755278981960565, 0.9790871838349583, 0.9809753160746538, 0.9755717255717256, 0.9756050338818973, 0.9815401570464252, 0.9760540619950051, 0.9821503865073787, 0.9704477611940299, 0.9720126217588146, 0.9814229249011858, 0.9748594111809461, 0.9787853073099769, 0.9696359188372428, 0.9761273209549072, 0.9705363204344875, 0.9766917293233083, 0.978051391862955, 0.9813216357718976, 0.9746109746109746, 0.9735382665187767, 0.9760119940029985, 0.9764289923394225, 0.9791319933427218, 0.971833020366893, 0.9725390156062425, 0.984264247235611, 0.9685050591420835, 0.977191732002851, 0.9755740107474352, 0.9723667100130039, 0.9722001588562351, 0.9752243203428418, 0.9749575551782682, 0.9718511450381679, 0.9767745681521266, 0.973122748683846, 0.9772296015180265, 0.9775018261504748, 0.9781081081081081, 0.9739048134126554, 0.9698392374448712, 0.9736128940236771, 0.9771251059022875, 0.9794425087108014, 0.9773421588594705, 0.9766315534568349, 0.9787427090084252, 0.9810710241061317, 0.9782000294594196, 0.9750716332378223, 0.9755409219190969, 0.9749668679134148, 0.9712006489994591, 0.9740847387906212, 0.9822276488943156, 0.9811912225705329, 0.9722257612434705, 0.9722763374793946, 0.9764532744665195, 0.9739520958083833, 0.9792978038886557, 0.974525980605008, 0.9747418364499023, 0.9680339985218034, 0.9706051046745053, 0.9806182121971596, 0.9777312808249888, 0.9781746031746031, 0.9725030327537404, 0.9730045235663213, 0.9749576988155668]
val step Accs: [0.9825757575757575, 0.9779503536264041, 0.976039658496282, 0.9803607214428858, 0.9776037372904645, 0.9814692256783587, 0.9827046918123276, 0.9825236491903159, 0.9834057684709601, 0.9770580296896086, 0.9817633543940264, 0.9747151552988919, 0.9799003322259137, 0.9821971341728181, 0.9785310734463277, 0.9810909090909091, 0.9794692038057086, 0.979479410549511, 0.9781776959047754, 0.9807933718302787, 0.9846028069219239, 0.9787623066104079, 0.9801010255625286, 0.9817650334075724, 0.9771986970684039]
Preds: [17, 17, 30, 213, 213, 301, 301, 378, 43, 364, 345, 473, 109, 278, 278, 330, 330, 330, 330, 348, 64, 212, 134, 271, 134, 42, 147, 147, 132, 132, 132, 132, 374, 213, 219, 219, 219, 219, 219, 213, 213, 213, 246, 246, 246, 246, 246, 246, 246, 3, 454, 197, 197, 226, 226, 226, 209, 209, 287, 111, 240, 240, 314, 314, 239, 127, 114, 443, 428, 460, 146, 438, 219, 219, 219, 219, 324, 324, 324, 422, 143, 349, 205, 205, 25, 441, 276, 276, 346, 346, 284, 284, 284, 450, 293, 43, 43, 276, 276, 276, 276, 346, 346, 387, 206, 14, 14, 287, 145, 145, 486, 85, 85, 146, 146, 358, 358, 186, 54, 323, 68, 323, 224, 273, 273, 106, 302, 375, 375, 375, 98, 98, 98, 170, 244, 170, 63, 63, 63, 63, 63, 63, 63, 63, 63, 63, 63, 63, 63, 73, 73, 73, 73, 321, 287, 287, 284, 284, 284, 206, 406, 406, 42, 43, 276, 276, 276, 276, 346, 297, 297, 293, 497, 43, 43, 32, 259, 208, 27, 106, 153, 153, 387, 387, 387, 387, 406, 406, 413, 250, 250, 250, 195, 303, 303, 303, 303, 303, 195, 117, 48, 48, 170, 244, 392, 244, 392, 392, 392, 73, 73, 73, 209, 287, 287, 284, 460, 460, 460, 178, 35, 36, 449, 449, 449, 219, 30, 324, 324, 464, 3, 14, 14, 411, 287, 481, 293, 178, 215, 458, 208, 441, 125, 125, 319, 348, 348, 251, 199, 398, 324, 278, 116, 241, 331, 331, 255, 496, 274, 416, 8, 144, 27, 106, 151, 151, 240, 385, 35, 35, 75, 384, 114, 180, 284, 376, 376, 376, 376, 376, 460, 460, 263, 263, 13, 78, 170, 170, 392, 392, 63, 63, 63, 63, 63, 63, 63, 63, 392, 392, 63, 63, 73, 73, 73, 209, 209, 83, 443, 443, 240, 215, 8, 8, 354, 354, 300, 84, 467, 406, 42, 42, 42, 42, 132, 42, 399, 217, 217, 473, 473, 278, 278, 278, 252, 236, 314, 239, 239, 310, 107, 107, 107, 213, 213, 213, 213, 213, 246, 3, 197, 197, 14, 440, 440, 145, 460, 460, 169, 35, 449, 449, 34, 301, 399, 217, 70, 70, 70, 65, 315, 315, 315, 450, 450, 450, 450, 274, 274, 122, 24, 239, 131, 371, 324, 301, 236, 24, 34, 331, 106, 84, 496, 274, 8, 32, 32, 259, 354, 354, 354, 100, 100, 153, 182, 182, 182, 375, 98, 98, 98, 13, 170, 170, 170, 392, 63, 63, 63, 63, 63, 63, 392, 63, 63, 73, 73, 73, 73, 209, 83, 83, 443, 443, 240, 314, 8, 8, 354, 354, 180, 84, 84, 406, 406, 42, 42, 147, 147, 276, 153, 153, 387, 387, 387, 122, 416, 8, 259, 144, 27, 106, 153, 387, 387, 387, 387, 348, 413, 250, 250, 303, 303, 303, 303, 303, 303, 303, 117, 117, 197, 197, 82, 287, 209, 287, 287, 486, 460, 460, 169, 35, 35, 36, 449, 224, 191, 196, 399, 217, 217, 473, 473, 278, 278, 278, 252, 236, 239, 239, 384, 371, 180, 106, 106, 153, 153, 182, 182, 182, 182, 182, 387, 98, 98, 98, 414, 414, 170, 392, 392, 392, 392, 392, 392, 392, 73, 73, 209, 209, 287, 145, 460, 460, 169, 35, 36, 449, 449, 494, 196, 196, 217, 217, 217, 473, 473, 278, 443, 330, 330, 330, 285, 94, 199, 398, 324, 324, 324, 301, 359, 34, 34, 324, 301, 251, 251, 241, 331, 84, 496, 496, 274, 416, 8, 144, 208, 106, 106, 387, 387, 169, 396, 396, 313, 313, 337, 41, 41, 213]

ep402
Train step Loss: [0.17678171396255493, 0.1907527893781662, 0.21315693855285645, 0.2179163694381714, 0.1877121776342392, 0.18039833009243011, 0.2164844125509262, 0.21828991174697876, 0.18780963122844696, 0.21689870953559875, 0.20576637983322144, 0.19629701972007751, 0.20903372764587402, 0.2087700068950653, 0.17787955701351166, 0.19055795669555664, 0.21009136736392975, 0.18310436606407166, 0.20936571061611176, 0.20615382492542267, 0.21235822141170502, 0.2072775512933731, 0.20979055762290955, 0.20772817730903625, 0.20158647000789642, 0.20534634590148926, 0.1839941442012787, 0.2044995129108429, 0.20819343626499176, 0.19594566524028778, 0.1921263337135315, 0.19730758666992188, 0.22717638313770294, 0.20659303665161133, 0.1779201328754425, 0.20590350031852722, 0.20126354694366455, 0.21063575148582458, 0.21039828658103943, 0.19654275476932526, 0.18928469717502594, 0.21624404191970825, 0.20699124038219452, 0.2196534126996994, 0.17269344627857208, 0.20406582951545715, 0.20546406507492065, 0.20595096051692963, 0.19405430555343628, 0.2320495843887329, 0.22956198453903198, 0.20651106536388397, 0.21064677834510803, 0.19564220309257507, 0.18388716876506805, 0.21995103359222412, 0.2194511592388153, 0.18755042552947998, 0.20292788743972778, 0.19078071415424347, 0.20435060560703278, 0.20175756514072418, 0.1846386343240738, 0.18046928942203522, 0.20329977571964264, 0.21639496088027954, 0.17699846625328064, 0.19711481034755707, 0.19087348878383636, 0.19498394429683685, 0.1976243555545807, 0.21065810322761536, 0.2012302726507187, 0.19471146166324615, 0.22599750757217407, 0.21832090616226196, 0.2119898945093155, 0.21205219626426697, 0.18058764934539795, 0.2154308259487152, 0.20308040082454681, 0.2030208259820938, 0.19231151044368744, 0.18600527942180634, 0.20173701643943787, 0.1845928132534027, 0.19034267961978912, 0.18658116459846497, 0.18820101022720337, 0.2025061994791031, 0.20093725621700287, 0.19950133562088013, 0.19697031378746033, 0.1847955584526062, 0.17990173399448395, 0.2106568068265915, 0.17181524634361267, 0.20421156287193298]
val step Loss: [0.19736379384994507, 0.1739986538887024, 0.1810847520828247, 0.19106042385101318, 0.1732655018568039, 0.1656378209590912, 0.19825521111488342, 0.19053266942501068, 0.19843962788581848, 0.18439243733882904, 0.16923788189888, 0.183010533452034, 0.2109977900981903, 0.16831354796886444, 0.17866069078445435, 0.2010425478219986, 0.17766094207763672, 0.1796368509531021, 0.1523204743862152, 0.17842213809490204, 0.17675447463989258, 0.1822834312915802, 0.17350932955741882, 0.18263547122478485, 0.12813003361225128]
Train step Accs: [0.9809466202933615, 0.9778199328761127, 0.9769072164948454, 0.9695231265686626, 0.9805396990140114, 0.9843338213762811, 0.9713153425174561, 0.9727806990411383, 0.9767409854115057, 0.9757383966244726, 0.9748255990294207, 0.9793000136184121, 0.9740326520118268, 0.9729821006416751, 0.9811119978717744, 0.9741539340282735, 0.9767203513909224, 0.9763430835566951, 0.9745591211332755, 0.9723388848660391, 0.9743037390367749, 0.9754610135037026, 0.9716218445801023, 0.9745762711864406, 0.9767946577629383, 0.9753021544929059, 0.9786197138814652, 0.9788998835855646, 0.975513092710545, 0.9776165483173819, 0.9766549408378637, 0.9773841961852862, 0.9710381702064459, 0.9733995907629348, 0.9799087883643535, 0.9785233015160022, 0.9768095572733662, 0.9771443936542081, 0.9752798507462687, 0.9766622633201233, 0.9777199544641405, 0.9732863643035373, 0.9769097222222223, 0.9731678013616339, 0.9810325336013064, 0.9783677482792527, 0.9757102900044163, 0.9770797962648556, 0.977308499475341, 0.9713332322159867, 0.9677039529015979, 0.9757791327913279, 0.9739939775526965, 0.9772663877266388, 0.98167194092827, 0.9716312056737588, 0.9755317669956902, 0.9774570446735396, 0.97604697882862, 0.9754150297807629, 0.9752672935720726, 0.9771489104116223, 0.9813475997686524, 0.9808429118773946, 0.9739996886190254, 0.973705501618123, 0.9805374001452433, 0.9792436735854422, 0.9785627612242146, 0.9784286215363031, 0.977367870225013, 0.9746235359732293, 0.9751351351351352, 0.9748031496062992, 0.9734767921931691, 0.9726872246696036, 0.97658489964957, 0.9765469061876247, 0.9799161970813466, 0.9732818013779196, 0.9785799880167765, 0.9770806658130602, 0.9804100227790433, 0.9795032914422501, 0.9769366436033102, 0.9780276592994701, 0.9811890704380063, 0.9806875241405948, 0.9799691833590138, 0.9763604632714581, 0.9776536312849162, 0.9745328511151296, 0.9767894579215334, 0.9782522211908234, 0.9787626962142197, 0.9717404306220095, 0.9815825375170532, 0.9745603015075377]
val step Accs: [0.9753049687592978, 0.9802455199661352, 0.9806896551724138, 0.9766899766899767, 0.9809049398090494, 0.9831050228310503, 0.9750601995184038, 0.9783300500075769, 0.9770491803278688, 0.9819150427590074, 0.9807665111016829, 0.9822214973087587, 0.9727318421713999, 0.9821913673407787, 0.9822621795650589, 0.9758409785932721, 0.9811917443408789, 0.9795706883789785, 0.9822103274559194, 0.9808730525991054, 0.9814103548932248, 0.9804592782769933, 0.9814530962599632, 0.9788530911804951, 0.9898595943837754]
Preds: [17, 17, 17, 17, 17, 17, 296, 296, 392, 392, 392, 392, 244, 317, 249, 435, 249, 17, 435, 435, 461, 461, 218, 244, 218, 218, 63, 218, 63, 63, 63, 63, 63, 63, 63, 63, 63, 63, 63, 63, 244, 201, 201, 435, 435, 435, 435, 211, 211, 211, 23, 260, 201, 201, 391, 391, 391, 73, 73, 73, 244, 320, 7, 217, 217, 217, 473, 473, 443, 443, 240, 240, 314, 35, 35, 36, 114, 180, 486, 460, 460, 178, 35, 35, 35, 35, 345, 109, 109, 286, 286, 286, 313, 313, 313, 285, 337, 337, 337, 171, 171, 171, 252, 116, 116, 94, 398, 398, 324, 324, 339, 10, 10, 479, 331, 88, 88, 153, 387, 387, 497, 416, 416, 8, 239, 144, 27, 106, 106, 153, 387, 387, 387, 387, 406, 406, 406, 250, 250, 250, 250, 250, 250, 413, 132, 195, 195, 195, 195, 195, 195, 117, 117, 48, 414, 414, 414, 414, 47, 392, 392, 392, 244, 7, 7, 7, 309, 219, 398, 152, 301, 10, 10, 195, 250, 250, 88, 109, 109, 403, 403, 120, 171, 328, 416, 416, 32, 32, 32, 239, 354, 354, 470, 278, 403, 403, 171, 171, 171, 171, 252, 143, 143, 239, 259, 131, 180, 106, 84, 481, 497, 43, 43, 43, 276, 276, 276, 276, 153, 153, 182, 182, 497, 497, 98, 129, 129, 414, 197, 197, 197, 226, 226, 244, 209, 287, 145, 460, 460, 460, 169, 35, 36, 77, 342, 172, 224, 494, 324, 399, 399, 217, 217, 473, 473, 65, 278, 443, 278, 271, 31, 162, 54, 54, 172, 172, 115, 273, 106, 106, 481, 481, 481, 481, 182, 182, 182, 182, 182, 182, 182, 426, 375, 375, 98, 98, 263, 35, 414, 414, 414, 414, 82, 170, 28, 392, 392, 392, 392, 392, 63, 63, 63, 63, 63, 63, 63, 63, 63, 63, 63, 63, 63, 63, 63, 73, 73, 73, 73, 244, 320, 7, 70, 70, 70, 65, 65, 315, 315, 315, 450, 450, 406, 406, 406, 406, 406, 406, 134, 134, 375, 413, 413, 413, 413, 303, 303, 303, 413, 381, 303, 303, 375, 375, 375, 98, 98, 98, 48, 48, 48, 17, 169, 240, 240, 240, 240, 240, 240, 240, 240, 240, 240, 240, 240, 240, 240, 240, 240, 240, 240, 240, 240, 240, 240, 240, 240, 240, 240, 240, 240, 240, 240, 240, 240, 240, 240, 240, 240, 240, 240, 240, 240, 240, 240, 240, 240, 240, 240, 240, 240, 240, 240, 240, 240, 240, 240, 240, 240, 240, 240, 240, 240, 240, 240, 240, 240, 240, 240, 240, 240, 240, 240, 240, 240, 240, 240, 240, 240, 240, 240, 240, 240, 240, 240, 240, 240, 240, 240, 240, 240, 240, 240, 240, 240, 240, 240, 240, 240, 240, 240, 240, 240, 240, 240, 240, 240, 240, 240, 240, 240, 240, 240, 240, 240, 240, 240, 240, 240, 240, 240, 240, 240, 240, 240, 240, 240, 240, 240, 240, 240, 240, 240, 240, 240, 240, 240, 240, 240, 240, 240, 240, 240, 240, 240, 240, 240, 240, 240, 240, 240, 240, 240, 240, 240, 240, 240, 240, 240, 240, 240, 240, 240, 240, 240, 240, 240, 240, 240, 240, 240, 240, 240, 240, 240, 240, 240, 240, 240, 240, 240, 240, 240, 240, 240, 240, 240, 240, 240, 240, 240, 240, 240, 240, 240, 240, 240, 240, 240, 240, 240, 240, 240, 240, 240, 240, 240, 240, 240, 240, 240, 240, 240, 240, 240, 240, 240, 240, 240, 240, 240, 240, 240, 240, 240, 240, 240, 240, 240, 240, 240, 240, 240, 240, 240, 240, 240, 240, 240, 240]

