ep131
Train step Loss: [2.3814926147460938, 2.3945648670196533, 2.471658706665039, 2.395383358001709, 2.5102696418762207, 2.4087438583374023, 2.3980321884155273, 2.494374990463257, 2.417849540710449, 2.450859546661377, 2.499321222305298, 2.410825490951538, 2.353816270828247, 2.341162919998169, 2.444199800491333, 2.473245620727539, 2.3462705612182617, 2.4972984790802, 2.49743914604187, 2.4859349727630615, 2.418699026107788, 2.440377950668335, 2.422696590423584, 2.3608291149139404, 2.366706371307373, 2.374897003173828, 2.3694229125976562, 2.282775640487671, 2.493474006652832, 2.5124006271362305, 2.369711399078369, 2.4459962844848633, 2.4908854961395264, 2.5303726196289062, 2.4604620933532715, 2.4719207286834717, 2.387319326400757, 2.427250623703003, 2.43756365776062, 2.435598850250244, 2.4708333015441895, 2.386946201324463, 2.3957691192626953, 2.527480363845825, 2.4284934997558594, 2.4552180767059326, 2.418304681777954, 2.4266865253448486, 2.3849899768829346, 2.354454755783081, 2.4139137268066406, 2.3620400428771973, 2.5537567138671875, 2.461381435394287, 2.463043212890625, 2.4235358238220215, 2.320490598678589, 2.501112222671509, 2.462308645248413, 2.2819507122039795, 2.572573661804199, 2.442990779876709, 2.544506311416626]
val step Loss: [2.3836042881011963, 2.3731343746185303, 2.2801566123962402, 2.3024497032165527, 2.2808876037597656, 2.38118577003479, 2.40757417678833, 2.4273979663848877, 2.4283034801483154, 2.2885549068450928, 2.3487675189971924, 2.4110631942749023, 2.3729195594787598, 2.452683687210083, 2.334407091140747, 2.360563039779663]
Train step Accs: [0.4471073118607846, 0.4682241691002642, 0.44002411091018684, 0.4602231560643385, 0.43609131888905045, 0.44549180327868854, 0.4498059508408797, 0.4399878916300893, 0.45023696682464454, 0.43811144193960017, 0.4227544910179641, 0.4569737954353339, 0.4557771350281626, 0.4608870388976604, 0.4361948955916473, 0.42894393741851367, 0.45280732462636325, 0.4276592854231762, 0.4393256794070629, 0.4361615170835377, 0.43479515291402193, 0.450882752376641, 0.439840781617514, 0.4625668449197861, 0.46147527517660586, 0.4444649106649475, 0.4524162955632525, 0.47759303246239115, 0.4410634208840487, 0.4313199105145414, 0.4595810705973623, 0.4409695074276779, 0.419478527607362, 0.42716781035558327, 0.4379446640316206, 0.43608543194134525, 0.4574344023323615, 0.4487475026894114, 0.4433230949246746, 0.4360121425147787, 0.4478471801091571, 0.4560260586319218, 0.4590772917914919, 0.4154884996834775, 0.44966542750929367, 0.4409712125617912, 0.4449908925318761, 0.44067000626174074, 0.45024909115389794, 0.45543478260869563, 0.44512301518059677, 0.4796747967479675, 0.4188436830835118, 0.4287659574468085, 0.42034700315457413, 0.44292109681029657, 0.4759582825409725, 0.44057004244996967, 0.4249930030786454, 0.47781232334652346, 0.41362614559917, 0.4308655416439848, 0.40609821910415544]
val step Accs: [0.45654020385050964, 0.46611143021252155, 0.48865049751243783, 0.4897865151282445, 0.4964922537269804, 0.4585803557122256, 0.45272393923520166, 0.4484102244389027, 0.4405999659110278, 0.47645473283653084, 0.47070283230930615, 0.4636936126461894, 0.47743910555037933, 0.44182867557715677, 0.47807963202529824, 0.4632859109683341]
Preds: [17, 17, 7, 309, 354, 354, 398, 443, 443, 264, 246, 246, 301, 301, 251, 251, 251, 241, 109, 278, 264, 171, 171, 3, 301, 355, 251, 251, 251, 354, 109, 319, 264, 443, 443, 443, 443, 171, 171, 171, 252, 252, 219, 219, 219, 219, 219, 219, 252, 252, 252, 252, 468, 468, 239, 106, 106, 106, 337, 337, 486, 486, 486, 240, 468, 251, 251, 107, 331, 486, 486, 486, 450, 35, 406, 293, 406, 276, 132, 132, 387, 346, 406, 406, 106, 354, 354, 180, 206, 206, 264, 468, 406, 406, 337, 286, 464, 464, 464, 315, 315, 450, 450, 450, 450, 450, 35, 406, 406, 406, 43, 276, 338, 354, 338, 338, 338, 331, 331, 331, 331, 355, 387, 263, 263, 497, 414, 414, 392, 244, 244, 244, 63, 63, 63, 63, 63, 63, 63, 321, 321, 244, 73, 73, 73, 244, 320, 287, 287, 111, 240, 450, 251, 251, 251, 251, 251, 354, 354, 398, 486, 486, 460, 450, 450, 143, 406, 395, 331, 355, 224, 115, 219, 324, 252, 464, 464, 464, 171, 301, 355, 355, 342, 342, 342, 115, 342, 267, 355, 324, 464, 464, 464, 315, 486, 486, 240, 450, 450, 413, 250, 250, 43, 276, 276, 346, 345, 354, 354, 65, 267, 355, 355, 35, 250, 250, 406, 331, 251, 251, 338, 346, 251, 251, 401, 354, 106, 109, 65, 264, 264, 443, 146, 355, 35, 35, 355, 342, 342, 342, 251, 251, 100, 250, 250, 48, 66, 346, 213, 213, 213, 213, 246, 246, 464, 464, 464, 464, 450, 35, 35, 251, 355, 355, 355, 342, 355, 115, 273, 267, 115, 464, 120, 464, 450, 450, 450, 413, 355, 224, 355, 293, 406, 109, 355, 224, 342, 355, 374, 374, 132, 473, 473, 65, 240, 213, 252, 434, 468, 468, 374, 132, 75, 354, 106, 284, 284, 355, 355, 355, 263, 263, 229, 229, 244, 244, 244, 244, 126, 187, 23, 23, 23, 244, 321, 321, 321, 73, 320, 320, 320, 7, 354, 354, 276, 276, 331, 106, 106, 65, 251, 251, 251, 251, 251, 251, 354, 395, 395, 374, 251, 251, 331, 106, 106, 65, 251, 251, 251, 251, 251, 251, 251, 251, 251, 65, 355, 19, 19, 454, 263, 414, 170, 170, 47, 47, 47, 47, 47, 47, 321, 321, 392, 244, 392, 392, 392, 392, 7, 66, 66, 66, 66, 35, 35, 35, 331, 278, 267, 264, 213, 213, 252, 301, 143, 239, 354, 354, 337, 324, 324, 324, 464, 464, 464, 464, 486, 486, 460, 206, 206, 464, 464, 207, 219, 219, 246, 246, 246, 246, 3, 19, 301, 355, 143, 355, 342, 342, 115, 115, 115, 267, 267, 240, 240, 19, 454, 263, 263, 414, 126, 170, 321, 321, 321, 80, 63, 63, 63, 321, 73, 244, 244, 83, 287, 35, 406, 251, 32, 106, 276, 276, 276, 106, 106, 132, 132, 32, 331, 106, 106, 371, 371, 278, 239, 251, 251, 239, 331, 331, 106, 387, 293, 354, 106, 106, 106, 354, 354, 100, 132, 132, 153, 98, 98, 387, 497, 497, 83, 188, 188, 264, 264, 264, 264, 264, 264, 264, 264, 264, 264, 264, 264, 264, 264, 264, 264, 264, 264, 264, 264, 120, 120, 120, 120, 120, 120, 120, 120, 120, 120, 120, 120, 120, 120, 120, 120, 120, 120, 120, 120, 120, 120, 120, 120, 120, 120, 120, 120, 120, 120, 120, 120, 120, 120, 120, 120, 120, 120, 120, 120, 120, 120, 120, 120, 120, 120, 120, 120, 120, 120, 120, 120, 120, 120, 120, 120, 120, 120, 120, 120, 120, 120, 120, 120, 120, 120, 120, 120, 120]

ep132
Train step Loss: [2.3209426403045654, 2.4848289489746094, 2.4569287300109863, 2.4357073307037354, 2.2753231525421143, 2.47536563873291, 2.404460906982422, 2.4356420040130615, 2.514820098876953, 2.219243288040161, 2.3167665004730225, 2.3132383823394775, 2.4656474590301514, 2.474579095840454, 2.4277102947235107, 2.4354872703552246, 2.3953475952148438, 2.3229331970214844, 2.3213343620300293, 2.4494094848632812, 2.3757004737854004, 2.4262235164642334, 2.384662389755249, 2.302849531173706, 2.5109124183654785, 2.508183240890503, 2.38628888130188, 2.4358482360839844, 2.4278392791748047, 2.3987855911254883, 2.4993488788604736, 2.501359701156616, 2.4544780254364014, 2.4270079135894775, 2.3843119144439697, 2.500938653945923, 2.452946662902832, 2.2893102169036865, 2.327221155166626, 2.3808116912841797, 2.373471736907959, 2.4446167945861816, 2.4005608558654785, 2.4155726432800293, 2.3880152702331543, 2.4622740745544434, 2.5396547317504883, 2.347114086151123, 2.4395124912261963, 2.461087465286255, 2.332390069961548, 2.4699857234954834, 2.422891855239868, 2.4383323192596436, 2.4379069805145264, 2.413472890853882, 2.3482182025909424, 2.3925392627716064, 2.3919973373413086, 2.3949437141418457, 2.348478078842163, 2.54343843460083, 2.608032703399658]
val step Loss: [2.1724677085876465, 2.290712833404541, 2.318425178527832, 2.284295082092285, 2.3558077812194824, 2.4223194122314453, 2.3819799423217773, 2.4408915042877197, 2.412672996520996, 2.3207345008850098, 2.3384945392608643, 2.5090463161468506, 2.2342028617858887, 2.4075446128845215, 2.3207383155822754, 2.317301034927368]
Train step Accs: [0.4715218036191041, 0.4219585561497326, 0.42027920646583394, 0.45328486806677437, 0.481176104542626, 0.42872228088701164, 0.44360618634477555, 0.45469940728196445, 0.4173851590106007, 0.4965082609436212, 0.47614967152242216, 0.4767422334172964, 0.4328873543375054, 0.4453190220632081, 0.43951730154114566, 0.43354999308532705, 0.4563988095238095, 0.4565184852566981, 0.47177167810355586, 0.43297796730632554, 0.4535666218034993, 0.45011475631159714, 0.44937238493723847, 0.47177533163985325, 0.4212845280460939, 0.4301725409231677, 0.4575511347716447, 0.43680961663417806, 0.450140565569704, 0.4582852193995381, 0.4368948824343015, 0.43170517695232524, 0.43832731648616124, 0.4361226920786182, 0.4549411575044333, 0.4311152764761012, 0.45316491626454725, 0.47733294083014427, 0.46209864283349883, 0.45159870929891466, 0.4490348797832712, 0.4464751958224543, 0.4444444444444444, 0.44633008061094614, 0.4458650707290533, 0.43907296759007786, 0.4073219504691586, 0.4566397652237711, 0.43843843843843844, 0.4377887280566677, 0.46693046919163367, 0.44225037257824146, 0.44935064935064933, 0.4354382657869934, 0.4523281596452328, 0.44513697637338745, 0.4661596958174905, 0.455147162371497, 0.45034607282575984, 0.45387398251432015, 0.4699927693420101, 0.41317817742179236, 0.3990410229088972]
val step Accs: [0.5219202898550724, 0.4868796736913664, 0.48759063022866705, 0.49255305127191246, 0.46731350405598854, 0.45592417061611373, 0.4612239142695995, 0.4421909696521095, 0.45459985041136874, 0.4732435981615233, 0.4751083672665178, 0.4268225584594223, 0.5014140271493213, 0.4575816311316535, 0.4725437815375482, 0.4812709894084216]
Preds: [17, 17, 17, 17, 17, 296, 392, 392, 392, 392, 392, 392, 392, 63, 63, 63, 244, 461, 461, 461, 461, 461, 461, 461, 461, 461, 320, 321, 321, 321, 320, 321, 63, 63, 63, 63, 63, 244, 63, 244, 63, 63, 461, 321, 63, 461, 461, 321, 321, 321, 63, 63, 63, 63, 63, 63, 63, 63, 63, 63, 63, 63, 63, 63, 63, 63, 73, 73, 73, 244, 320, 287, 7, 153, 387, 297, 320, 7, 32, 32, 32, 371, 374, 374, 132, 250, 473, 251, 251, 251, 354, 109, 109, 374, 374, 354, 331, 331, 115, 286, 35, 450, 251, 251, 398, 324, 324, 251, 251, 251, 354, 331, 153, 153, 153, 182, 387, 497, 497, 122, 354, 106, 106, 106, 354, 106, 153, 387, 387, 387, 387, 122, 106, 250, 250, 250, 250, 250, 122, 122, 276, 276, 338, 338, 338, 153, 497, 387, 387, 414, 414, 170, 47, 170, 392, 47, 47, 73, 73, 244, 63, 287, 287, 284, 284, 14, 43, 43, 276, 276, 276, 346, 346, 284, 284, 206, 206, 251, 251, 251, 251, 251, 251, 241, 331, 65, 264, 264, 264, 146, 146, 464, 468, 35, 355, 355, 355, 355, 115, 115, 240, 406, 406, 153, 182, 182, 182, 375, 375, 98, 98, 98, 497, 497, 47, 170, 244, 63, 63, 63, 63, 63, 63, 63, 63, 63, 63, 63, 63, 244, 7, 7, 63, 63, 63, 63, 63, 63, 244, 63, 63, 63, 73, 73, 73, 73, 244, 63, 287, 287, 284, 284, 250, 293, 43, 43, 276, 276, 346, 346, 346, 284, 206, 206, 251, 251, 251, 241, 331, 331, 267, 267, 146, 146, 464, 468, 355, 355, 342, 342, 224, 342, 251, 293, 293, 293, 132, 132, 65, 65, 284, 284, 284, 450, 406, 406, 406, 406, 406, 106, 106, 413, 250, 250, 132, 250, 122, 276, 345, 219, 398, 324, 301, 374, 251, 250, 250, 132, 109, 109, 355, 443, 171, 301, 468, 35, 239, 239, 354, 354, 65, 180, 213, 171, 171, 252, 143, 239, 239, 239, 395, 180, 35, 35, 106, 374, 43, 43, 43, 276, 276, 276, 153, 153, 182, 182, 182, 182, 98, 497, 497, 497, 47, 47, 80, 287, 287, 287, 284, 240, 450, 35, 35, 406, 355, 342, 115, 240, 443, 486, 450, 450, 450, 374, 43, 43, 276, 346, 346, 224, 267, 267, 251, 251, 251, 431, 331, 278, 267, 146, 146, 35, 355, 355, 355, 35, 224, 224, 342, 251, 293, 293, 132, 132, 473, 473, 65, 398, 443, 450, 355, 355, 355, 355, 355, 355, 115, 273, 406, 251, 251, 375, 375, 375, 375, 98, 387, 414, 244, 244, 73, 73, 73, 47, 47, 47, 244, 320, 188, 287, 145, 450, 43, 251, 75, 354, 374, 346, 355, 213, 416, 35, 239, 239, 395, 354, 180, 264, 355, 35, 239, 251, 251, 107, 395, 374, 106, 387, 331, 35, 251, 251, 354, 106, 346, 371, 267, 267, 355, 355, 35, 35, 115, 286, 324, 422, 143, 355, 251, 401, 331, 106, 106, 338, 387, 387, 375, 98, 98, 75, 414, 244, 244, 244, 47, 47, 47, 47, 47, 47, 244, 244, 7, 7, 7, 287, 63, 250, 250, 122, 276, 276, 387, 497, 346, 35, 35, 35, 251, 354, 346, 284, 206, 206, 240, 143, 239, 239, 371, 180, 284, 240, 240, 240, 374, 413, 276, 276, 251, 250, 250, 250, 122, 346, 431, 355, 342, 342, 342, 115, 115, 267, 213, 213, 213, 213, 246, 3, 14, 14, 14, 145, 145, 460, 460, 450, 35, 35, 35, 355, 35, 342, 224, 213, 171, 301, 35, 251, 395, 355]

ep134
Train step Loss: [2.3338189125061035, 2.363555431365967, 2.4043564796447754, 2.315457344055176, 2.365870714187622, 2.3874869346618652, 2.490199089050293, 2.454256057739258, 2.405823230743408, 2.320556640625, 2.462902545928955, 2.3714592456817627, 2.425710439682007, 2.4373133182525635, 2.3511252403259277, 2.3749008178710938, 2.423163414001465, 2.353652238845825, 2.4313971996307373, 2.518019437789917, 2.350877523422241, 2.35896897315979, 2.5086326599121094, 2.449249744415283, 2.3431813716888428, 2.3353521823883057, 2.419847249984741, 2.4149134159088135, 2.367496967315674, 2.3066189289093018, 2.368317127227783, 2.253953218460083, 2.3872203826904297, 2.1972994804382324, 2.4115936756134033, 2.3707802295684814, 2.4885385036468506, 2.3708033561706543, 2.3590431213378906, 2.3074076175689697, 2.364739179611206, 2.2959437370300293, 2.346198797225952, 2.4652042388916016, 2.241577386856079, 2.421576499938965, 2.40910267829895, 2.434575319290161, 2.3505287170410156, 2.393493413925171, 2.3829143047332764, 2.423051118850708, 2.3426644802093506, 2.444096088409424, 2.327618360519409, 2.3734593391418457, 2.2724030017852783, 2.451367139816284, 2.264150857925415, 2.3696188926696777, 2.3778014183044434, 2.2902956008911133, 2.4058051109313965]
val step Loss: [2.2309086322784424, 2.3504743576049805, 2.2567014694213867, 2.1905009746551514, 2.403846263885498, 2.259436845779419, 2.3068594932556152, 2.3265304565429688, 2.242288589477539, 2.3325130939483643, 2.298910617828369, 2.4086501598358154, 2.330498695373535, 2.3848681449890137, 2.2697670459747314, 2.284658670425415]
Train step Accs: [0.4728288471305231, 0.46861503023322776, 0.4418176670441676, 0.4632768361581921, 0.45549407114624507, 0.46073717948717946, 0.4314146620847652, 0.426517571884984, 0.448695983247668, 0.47520124642949885, 0.442407277816655, 0.46309987901599675, 0.43636862314865604, 0.43517725637951704, 0.4568980591012415, 0.447057146928887, 0.4544508842324268, 0.4792940522512507, 0.4388646288209607, 0.42490211433046204, 0.4817684594348222, 0.4710991787744788, 0.42021449463763405, 0.4349873234335386, 0.466236136459357, 0.45522151898734176, 0.44850640113798007, 0.4406211399329451, 0.4574810388416456, 0.4861751152073733, 0.457302081625963, 0.48515000753806725, 0.4502027146130795, 0.4949932341001353, 0.45059068797776236, 0.4507416081186573, 0.4227714033539276, 0.46072701354240914, 0.4540593780779513, 0.47501092816552526, 0.45198577356253705, 0.474882491186839, 0.4602711515359533, 0.44165621079046424, 0.48250802771674833, 0.4495575221238938, 0.4509979148048853, 0.44459706959706957, 0.4519774011299435, 0.4479823455233291, 0.44715447154471544, 0.45137039937353174, 0.47823476433503453, 0.4441002534497325, 0.4539345975810064, 0.4626865671641791, 0.4812868291129161, 0.44014794889038333, 0.4811639021647456, 0.468503937007874, 0.45970859351769255, 0.47235053451234, 0.4556067588325653]
val step Accs: [0.503643377625375, 0.46888026448181686, 0.5042944785276073, 0.5058856899730535, 0.46084420994168285, 0.48366421760200096, 0.4789957335083689, 0.46635895615125156, 0.5068627450980392, 0.481498401096391, 0.480915015294587, 0.46021921341070277, 0.46599346599346597, 0.46269108521265323, 0.4940942269409423, 0.49281867145421904]
Preds: [17, 17, 7, 354, 284, 284, 284, 284, 284, 315, 315, 284, 206, 240, 240, 348, 35, 346, 450, 450, 348, 276, 276, 473, 354, 251, 354, 106, 346, 278, 264, 146, 146, 146, 171, 171, 171, 171, 171, 171, 252, 3, 219, 324, 324, 324, 324, 301, 99, 14, 132, 132, 65, 426, 319, 319, 240, 14, 293, 122, 106, 106, 106, 354, 106, 106, 284, 284, 284, 426, 355, 43, 88, 346, 413, 132, 43, 473, 338, 346, 398, 286, 324, 301, 301, 301, 35, 35, 35, 342, 180, 139, 224, 224, 486, 486, 169, 450, 355, 342, 342, 342, 115, 342, 267, 267, 267, 443, 443, 443, 486, 240, 240, 35, 315, 315, 464, 464, 464, 315, 315, 315, 315, 450, 450, 450, 450, 450, 413, 413, 346, 319, 355, 251, 107, 107, 395, 395, 395, 109, 395, 251, 354, 180, 337, 443, 443, 240, 35, 35, 35, 115, 486, 486, 460, 450, 35, 406, 406, 354, 354, 355, 342, 355, 251, 251, 251, 251, 338, 338, 354, 431, 371, 251, 251, 251, 251, 338, 338, 251, 354, 374, 374, 132, 132, 132, 153, 153, 414, 414, 126, 126, 126, 80, 321, 321, 244, 244, 244, 244, 392, 392, 392, 73, 244, 321, 321, 320, 83, 66, 145, 145, 264, 264, 339, 35, 395, 251, 431, 251, 338, 431, 355, 355, 355, 35, 355, 115, 115, 267, 267, 267, 267, 264, 213, 213, 252, 252, 252, 143, 143, 337, 286, 324, 324, 324, 464, 464, 464, 315, 315, 315, 443, 240, 240, 374, 251, 354, 354, 346, 264, 264, 434, 434, 434, 374, 355, 310, 310, 107, 251, 251, 109, 251, 346, 371, 342, 251, 251, 100, 132, 132, 48, 48, 48, 414, 414, 170, 244, 392, 392, 392, 392, 392, 73, 244, 321, 321, 320, 287, 287, 450, 35, 35, 387, 98, 35, 35, 395, 180, 443, 406, 406, 293, 122, 276, 354, 251, 338, 106, 106, 109, 109, 342, 35, 35, 395, 395, 395, 395, 337, 286, 264, 434, 434, 434, 434, 434, 434, 434, 464, 434, 339, 203, 250, 65, 264, 267, 240, 293, 293, 122, 406, 106, 354, 331, 331, 346, 284, 426, 426, 426, 426, 426, 355, 355, 406, 406, 338, 387, 100, 48, 48, 414, 414, 244, 126, 63, 23, 321, 321, 321, 321, 321, 63, 321, 321, 321, 83, 287, 145, 284, 460, 460, 460, 169, 450, 240, 342, 450, 224, 355, 355, 406, 355, 355, 355, 342, 342, 115, 267, 267, 267, 267, 213, 213, 252, 252, 252, 143, 286, 324, 324, 324, 324, 464, 464, 464, 252, 315, 443, 443, 240, 240, 374, 374, 406, 395, 324, 324, 213, 213, 422, 143, 239, 395, 331, 355, 355, 213, 213, 213, 213, 171, 246, 19, 19, 454, 454, 454, 82, 63, 63, 132, 320, 320, 276, 276, 153, 153, 98, 98, 387, 387, 387, 122, 122, 354, 354, 354, 106, 251, 251, 251, 132, 132, 132, 153, 497, 188, 188, 360, 434, 434, 264, 264, 264, 264, 264, 264, 264, 264, 264, 264, 264, 264, 264, 264, 264, 264, 264, 264, 264, 264, 264, 264, 264, 264, 264, 264, 264, 264, 264, 264, 264, 264, 264, 264, 264, 264, 264, 264, 264, 264, 264, 264, 264, 264, 264, 264, 264, 264, 264, 264, 264, 264, 264, 264, 264, 264, 264, 264, 264, 264, 264, 264, 264, 264, 264, 264, 264, 264, 264, 264, 264, 264, 264, 264, 264, 264, 264, 264, 264, 264, 264, 264, 264, 264, 264, 264, 264, 264, 264, 264, 264, 264, 264, 264, 264, 264, 264, 264, 264, 264, 264, 264, 264, 264, 264, 264]

ep135
Train step Loss: [2.2891604900360107, 2.312270164489746, 2.3039348125457764, 2.295048713684082, 2.4424779415130615, 2.3761937618255615, 2.474250316619873, 2.311649799346924, 2.3926022052764893, 2.3014450073242188, 2.2993245124816895, 2.4533114433288574, 2.322770595550537, 2.409623384475708, 2.3803510665893555, 2.4229912757873535, 2.442774772644043, 2.4744374752044678, 2.3023877143859863, 2.387469530105591, 2.330467939376831, 2.4423162937164307, 2.3761026859283447, 2.39754581451416, 2.2752315998077393, 2.261514663696289, 2.3899357318878174, 2.3551135063171387, 2.3708102703094482, 2.379845142364502, 2.33750319480896, 2.341057538986206, 2.404400587081909, 2.4224469661712646, 2.378422737121582, 2.375415563583374, 2.332282066345215, 2.29972505569458, 2.41807222366333, 2.335439443588257, 2.3333370685577393, 2.441006898880005, 2.4517314434051514, 2.383521556854248, 2.2737114429473877, 2.2907867431640625, 2.281513214111328, 2.413867712020874, 2.34924054145813, 2.3450989723205566, 2.358966588973999, 2.3489747047424316, 2.375230312347412, 2.397984266281128, 2.256490707397461, 2.30918288230896, 2.394421339035034, 2.3113625049591064, 2.2903218269348145, 2.418499708175659, 2.2555453777313232, 2.381394624710083, 2.30968976020813]
val step Loss: [2.403599500656128, 2.1974434852600098, 2.395944118499756, 2.4203412532806396, 2.3911194801330566, 2.2136101722717285, 2.197161912918091, 2.2263941764831543, 2.205899477005005, 2.1966230869293213, 2.1794180870056152, 2.2102248668670654, 2.3588361740112305, 2.362269639968872, 2.3529160022735596, 2.2745614051818848]
Train step Accs: [0.48097385031559964, 0.4693473961766645, 0.47783103654883163, 0.4725628448804414, 0.4381973627010578, 0.46743243243243243, 0.4366828539409787, 0.4615027110766847, 0.45628007300481166, 0.4876296887470072, 0.47303689687795647, 0.4414177879881851, 0.4612132053992519, 0.4484382357557683, 0.4490108487555839, 0.4406941569813724, 0.4439536167863059, 0.4343985867994219, 0.4782668881506091, 0.44222316744647666, 0.46208333333333335, 0.43973063973063975, 0.45190626093039526, 0.4436195545594621, 0.4796725405855418, 0.4812848076674006, 0.46039523109586805, 0.46013986013986014, 0.45183155465820596, 0.45880098549137693, 0.4576045063741476, 0.47454052425429344, 0.4527938342967245, 0.44428434197886646, 0.4427966101694915, 0.45829811214426597, 0.48001360775642116, 0.48013508144616607, 0.4542595769010863, 0.46690610569522834, 0.4820580042601999, 0.44069565217391304, 0.4382847982901416, 0.4547651412173388, 0.4774038461538462, 0.47116946399566867, 0.4831383344803854, 0.45765765765765765, 0.4667273002880097, 0.4586588061901253, 0.46701846965699206, 0.4680635838150289, 0.46535692861427713, 0.4490329325666492, 0.47337363270005756, 0.4711775809496152, 0.4619750283768445, 0.4692251991310644, 0.4653159340659341, 0.44888403308880914, 0.48189280540801543, 0.46569941649582086, 0.46556233653007845]
val step Accs: [0.455088076867084, 0.5097821562369919, 0.4479630808402292, 0.44331930562861654, 0.4633435582822086, 0.4960579243765085, 0.5103024989039895, 0.49863871494690987, 0.5039227519613759, 0.5127551020408163, 0.5118217641709609, 0.5029576587795765, 0.4611716621253406, 0.46333178940867686, 0.4729916897506925, 0.49523144917422657]
Preds: [17, 17, 309, 287, 287, 111, 264, 374, 374, 473, 331, 331, 106, 354, 35, 284, 43, 43, 132, 132, 132, 276, 276, 276, 346, 132, 132, 132, 153, 43, 43, 354, 354, 109, 109, 109, 443, 286, 207, 207, 246, 246, 246, 246, 246, 246, 19, 19, 19, 454, 454, 414, 414, 414, 414, 392, 392, 392, 392, 392, 392, 392, 244, 321, 321, 83, 83, 83, 145, 111, 460, 240, 450, 251, 251, 251, 354, 354, 65, 264, 443, 443, 443, 443, 240, 240, 240, 35, 35, 35, 115, 286, 324, 324, 301, 468, 35, 354, 354, 267, 267, 267, 443, 146, 146, 143, 35, 464, 464, 464, 207, 450, 450, 450, 450, 251, 426, 426, 426, 426, 267, 267, 240, 240, 468, 35, 251, 107, 109, 342, 267, 267, 264, 264, 468, 468, 115, 286, 324, 324, 324, 246, 324, 301, 143, 106, 354, 180, 443, 443, 443, 486, 315, 315, 315, 315, 315, 120, 460, 240, 450, 355, 406, 342, 342, 355, 355, 224, 224, 355, 355, 374, 374, 473, 398, 139, 264, 434, 434, 286, 143, 239, 239, 239, 107, 395, 251, 251, 374, 100, 153, 98, 497, 414, 414, 321, 244, 126, 126, 63, 244, 244, 244, 321, 244, 320, 321, 320, 83, 83, 66, 66, 172, 35, 395, 224, 224, 443, 486, 443, 443, 240, 240, 240, 143, 35, 355, 324, 464, 464, 35, 443, 486, 486, 486, 315, 460, 460, 240, 240, 35, 35, 35, 35, 35, 35, 426, 426, 413, 132, 132, 122, 276, 276, 132, 48, 48, 497, 188, 188, 188, 264, 264, 264, 264, 264, 264, 264, 264, 264, 264, 264, 264, 264, 264, 264, 264, 264, 264, 264, 264, 264, 264, 264, 264, 264, 264, 264, 264, 264, 264, 264, 264, 264, 264, 264, 264, 264, 264, 264, 264, 264, 264, 264, 264, 264, 264, 264, 264, 264, 264, 264, 264, 264, 264, 264, 264, 264, 264, 264, 264, 264, 264, 264, 264, 264, 264, 264, 264, 264, 264, 264, 264, 264, 264, 264, 264, 264, 264, 264, 264, 264, 264, 264, 264, 264, 264, 264, 264, 264, 264, 264, 264, 264, 264, 264, 264, 264, 264, 264, 264, 264, 264, 264, 264, 264, 264, 264, 264, 264, 264, 264, 264, 264, 264, 264, 264, 264, 264, 264, 264, 264, 264, 264, 264, 264, 264, 264, 264, 264, 264, 264, 264, 264, 264, 264, 264, 264, 264, 264, 264, 264, 264, 264, 264, 264, 264, 264, 264, 264, 264, 264, 264, 264, 264, 264, 264, 264, 264, 264, 264, 264, 264, 264, 264, 264, 264, 264, 264, 264, 264, 264, 264, 264, 264, 264, 264, 264, 264, 264, 264, 264, 264, 264, 264, 264, 264, 264, 264, 264, 264, 264, 264, 264, 264, 264, 264, 264, 264, 264, 264, 264, 264, 264, 264, 264, 264, 264, 264, 264, 264, 264, 264, 264, 264, 264, 264, 264, 264, 264, 264, 264, 264, 264, 264, 264, 264, 264, 264, 264, 264, 264, 264, 264, 264, 264, 264, 264, 264, 264, 264, 264, 264, 264, 264, 264, 264, 264, 264, 264, 264, 264, 264, 264, 264, 264, 264, 264, 264, 264, 264, 264, 264, 264, 264, 264, 264, 264, 264, 264, 264, 264, 264, 264, 264, 264, 264, 264, 264, 264, 264, 264, 264, 264, 264, 264, 264, 264, 264, 264, 264, 264, 264, 264, 264, 264, 264, 264, 264, 264, 264, 264, 264, 264, 264, 264, 264, 264, 264, 264, 264, 264, 264, 264, 264, 264, 264, 264, 264, 264, 264, 264, 264, 264, 264, 264, 264, 264, 264, 264, 264, 264, 264, 264, 264, 264, 264, 264, 264, 264]

ep136
Train step Loss: [2.3359110355377197, 2.390594482421875, 2.4298064708709717, 2.3554444313049316, 2.332305908203125, 2.2557408809661865, 2.3999252319335938, 2.3260393142700195, 2.3882970809936523, 2.457962989807129, 2.2340033054351807, 2.3434975147247314, 2.3158974647521973, 2.310603141784668, 2.3688621520996094, 2.284173011779785, 2.3565595149993896, 2.3029556274414062, 2.3738365173339844, 2.303844451904297, 2.4331161975860596, 2.382798194885254, 2.4453487396240234, 2.2587242126464844, 2.388188123703003, 2.3987395763397217, 2.4143550395965576, 2.4150876998901367, 2.451690673828125, 2.2668850421905518, 2.3166472911834717, 2.306518793106079, 2.3433446884155273, 2.3413236141204834, 2.329798460006714, 2.2795543670654297, 2.238292932510376, 2.3994104862213135, 2.345742702484131, 2.2762014865875244, 2.3485310077667236, 2.489647388458252, 2.3042404651641846, 2.3295483589172363, 2.331235647201538, 2.3721530437469482, 2.352616548538208, 2.3065972328186035, 2.3436129093170166, 2.315626382827759, 2.324803352355957, 2.397757053375244, 2.269632339477539, 2.3971734046936035, 2.325627326965332, 2.2836225032806396, 2.2561209201812744, 2.344353437423706, 2.2586417198181152, 2.189973831176758, 2.305367946624756, 2.326134204864502, 2.4491591453552246]
val step Loss: [2.3187077045440674, 2.286994218826294, 2.227257490158081, 2.2661898136138916, 2.1895360946655273, 2.2949588298797607, 2.3070192337036133, 2.376450538635254, 2.3003809452056885, 2.2311949729919434, 2.343181848526001, 2.2810680866241455, 2.122695207595825, 2.270092010498047, 2.157816171646118, 2.408900737762451]
Train step Accs: [0.45621403017576606, 0.46309403437815977, 0.44869042507513957, 0.45847012475377547, 0.4757917174177832, 0.4916883963494133, 0.45675807236735355, 0.46946001770433754, 0.4566062176165803, 0.42938530734632685, 0.48990060916960565, 0.4614007162753681, 0.4716085989621942, 0.47190059305280996, 0.4490763446133726, 0.48863477897085483, 0.4675092936802974, 0.47481396680022897, 0.4621824056395947, 0.4821034025629695, 0.43762270212386223, 0.4643741403026135, 0.44530591606270015, 0.4859783301465902, 0.45099985817614524, 0.45473752640988135, 0.45033516148689823, 0.45217238962859146, 0.4413197172034564, 0.48410348822242244, 0.4672212565185001, 0.4668883747831116, 0.46155212218078495, 0.4672208070786969, 0.4601471489883507, 0.47455176402544824, 0.48459875709267763, 0.4635273725263614, 0.4700661610456673, 0.4834954829742877, 0.4632341363564793, 0.4318181818181818, 0.46839080459770116, 0.4717979555021046, 0.4632473535112569, 0.45806451612903226, 0.4514240506329114, 0.4577572964669739, 0.46360686138154844, 0.47324917342951606, 0.4690400332456019, 0.4661016949152542, 0.4808117062396466, 0.4490591625699271, 0.4695777813453203, 0.4836052836052836, 0.4806903380959117, 0.4517342931937173, 0.4770783441669518, 0.5042168674698795, 0.4726830010652869, 0.4587995930824008, 0.43685616177031666]
val step Accs: [0.48259793213921653, 0.4883834281072299, 0.5075662918228516, 0.4907900745927843, 0.512082499615207, 0.48864547154688753, 0.47404025029595803, 0.4591314519666618, 0.4786885245901639, 0.49882422104644325, 0.4685368877867328, 0.4910334346504559, 0.5183499288762446, 0.4904113826167646, 0.5164053426248548, 0.4578792958927075]
Preds: [17, 17, 7, 296, 217, 473, 331, 251, 346, 371, 443, 240, 240, 240, 207, 143, 239, 239, 239, 354, 354, 354, 180, 443, 450, 450, 293, 293, 293, 35, 35, 35, 259, 354, 106, 109, 109, 342, 406, 267, 264, 264, 264, 468, 35, 115, 286, 171, 3, 434, 339, 434, 468, 434, 434, 324, 324, 3, 339, 251, 250, 250, 331, 331, 106, 106, 106, 331, 331, 426, 387, 293, 122, 122, 338, 338, 354, 354, 239, 395, 354, 106, 106, 284, 284, 426, 426, 426, 426, 413, 413, 132, 132, 132, 132, 132, 132, 132, 132, 48, 48, 414, 414, 414, 244, 392, 392, 392, 392, 392, 63, 63, 63, 63, 63, 63, 392, 392, 321, 321, 321, 320, 287, 287, 287, 287, 43, 426, 293, 293, 293, 122, 345, 406, 406, 276, 276, 406, 346, 284, 284, 284, 284, 426, 426, 426, 426, 413, 413, 35, 354, 109, 240, 355, 355, 450, 450, 355, 77, 239, 342, 342, 224, 224, 251, 251, 251, 338, 354, 346, 371, 213, 171, 252, 143, 35, 203, 354, 331, 331, 426, 180, 443, 443, 443, 443, 240, 143, 35, 450, 450, 450, 99, 406, 374, 374, 374, 374, 374, 374, 374, 132, 43, 276, 43, 345, 354, 354, 354, 132, 132, 132, 132, 65, 8, 239, 251, 251, 251, 338, 338, 109, 109, 400, 213, 213, 19, 19, 454, 454, 414, 414, 392, 392, 392, 392, 392, 392, 392, 392, 392, 392, 392, 321, 321, 7, 66, 66, 66, 115, 115, 240, 267, 139, 443, 315, 315, 315, 315, 315, 450, 450, 450, 450, 355, 355, 355, 413, 250, 98, 43, 497, 497, 75, 354, 354, 43, 43, 43, 43, 276, 276, 276, 345, 354, 153, 153, 387, 387, 497, 497, 14, 303, 7, 65, 65, 240, 139, 139, 146, 240, 240, 99, 35, 426, 443, 443, 443, 146, 146, 450, 207, 207, 264, 468, 143, 239, 395, 65, 115, 486, 460, 460, 206, 450, 450, 206, 206, 206, 206, 240, 240, 240, 143, 406, 406, 371, 324, 324, 324, 324, 324, 324, 422, 422, 143, 251, 14, 14, 75, 473, 420, 213, 213, 213, 213, 252, 252, 252, 143, 143, 331, 180, 139, 355, 355, 355, 224, 224, 355, 355, 342, 342, 99, 251, 100, 354, 354, 346, 284, 206, 206, 206, 120, 240, 450, 355, 355, 355, 355, 355, 224, 224, 355, 355, 342, 342, 413, 251, 354, 65, 267, 240, 240, 115, 315, 315, 315, 468, 468, 35, 406, 467, 106, 496, 387, 387, 263, 497, 188, 188, 188, 264, 264, 264, 264, 264, 264, 264, 264, 264, 264, 264, 264, 264, 264, 264, 264, 264, 264, 264, 264, 264, 264, 264, 264, 264, 264, 264, 264, 264, 264, 264, 264, 264, 264, 264, 264, 264, 264, 264, 264, 264, 264, 264, 264, 264, 264, 264, 264, 264, 264, 264, 264, 264, 264, 264, 264, 264, 264, 264, 264, 264, 264, 264, 264, 264, 264, 264, 264, 264, 264, 264, 264, 264, 264, 264, 264, 264, 264, 264, 264, 264, 264, 264, 264, 264, 264, 264, 264, 264, 264, 264, 264, 264, 264, 264, 264, 264, 264, 264, 264, 264, 264, 264, 264, 264, 264, 264, 264, 264, 264, 264, 264, 264, 264, 264, 264, 264, 264, 264, 264, 264, 264, 264, 264, 264, 264, 264, 264, 264, 264, 264, 264, 264, 264, 264, 264, 264, 264, 264, 264, 264, 264, 264, 264, 264, 264, 264, 264, 264, 264, 264, 264, 264, 264, 264, 264, 264, 264, 264, 264, 264, 264, 264, 264, 264, 264, 264, 264, 264, 264, 264, 264, 264, 264, 264, 264, 264, 264]

ep137
Train step Loss: [2.4157118797302246, 2.3694419860839844, 2.4795727729797363, 2.264268159866333, 2.359666109085083, 2.3506526947021484, 2.2862279415130615, 2.2881720066070557, 2.380949020385742, 2.3528006076812744, 2.4153685569763184, 2.2571299076080322, 2.3140804767608643, 2.2950870990753174, 2.3791539669036865, 2.338836908340454, 2.2740883827209473, 2.2863290309906006, 2.4104301929473877, 2.3088605403900146, 2.3327090740203857, 2.3923566341400146, 2.3879764080047607, 2.3067479133605957, 2.37272310256958, 2.2859153747558594, 2.210012912750244, 2.3546736240386963, 2.3575165271759033, 2.4162614345550537, 2.2916784286499023, 2.2775678634643555, 2.3530819416046143, 2.315800189971924, 2.300614595413208, 2.280637264251709, 2.3171963691711426, 2.2277023792266846, 2.2515456676483154, 2.3778772354125977, 2.3950111865997314, 2.292353630065918, 2.405188798904419, 2.322507381439209, 2.30303692817688, 2.2760937213897705, 2.289095878601074, 2.107297420501709, 2.2954022884368896, 2.313835382461548, 2.3080973625183105, 2.304783821105957, 2.3175716400146484, 2.3830149173736572, 2.3236141204833984, 2.2244954109191895, 2.3904809951782227, 2.3350343704223633, 2.2425780296325684, 2.2887303829193115, 2.262968063354492, 2.305985450744629, 2.3026745319366455]
val step Loss: [2.212261438369751, 2.2199196815490723, 2.2165939807891846, 2.229820728302002, 2.143486976623535, 2.328665256500244, 2.2596240043640137, 2.3295719623565674, 2.2928390502929688, 2.282473564147949, 2.267716646194458, 2.2757604122161865, 2.1481618881225586, 2.362506151199341, 2.269456386566162, 2.1706109046936035]
Train step Accs: [0.4512820512820513, 0.4674695256278455, 0.42193308550185876, 0.4837313432835821, 0.4664610639938319, 0.46211478654226745, 0.4870380584666299, 0.472427210519254, 0.45132743362831856, 0.4499841219434741, 0.4515847630125036, 0.4897802366682035, 0.47778367852717296, 0.48064903846153845, 0.45659056823862687, 0.46415923800219805, 0.4837196075643395, 0.4753223654957759, 0.4402996722334946, 0.46263067561242005, 0.4664591977869986, 0.4508746355685131, 0.45899002894821483, 0.47285033071835103, 0.47031395710289087, 0.4795035113506451, 0.49305657067680164, 0.454985933104095, 0.4597525584237055, 0.4498324810439076, 0.4685939155441199, 0.4867754642656162, 0.45980551053484603, 0.4702702702702703, 0.477975495915986, 0.4795439302481556, 0.47377529286474973, 0.49271764316451505, 0.48441686645043014, 0.4546651067563615, 0.4625620207487596, 0.481989961617951, 0.4553398058252427, 0.4665044374463212, 0.4698751363801673, 0.4988738738738739, 0.46524064171123, 0.519434628975265, 0.4831395348837209, 0.46693762701266217, 0.4818506396905683, 0.4822860475287943, 0.4782209995414947, 0.4442266222309351, 0.4603251247384516, 0.49140258632940176, 0.45406546990496305, 0.46651480637813214, 0.4871546961325967, 0.4776991694863119, 0.47868192680166016, 0.47394270122783083, 0.47262723521320493]
val step Accs: [0.4965332492908919, 0.49062007733066015, 0.49706933523945673, 0.4939125206673681, 0.5061049011177988, 0.48177852821162237, 0.49502567394094993, 0.477401827611756, 0.486000290149427, 0.4869046003528294, 0.484148055598938, 0.4827941176470588, 0.5165562913907285, 0.4652207591014717, 0.49304608671938915, 0.5105997931747673]
Preds: [17, 17, 66, 66, 172, 172, 494, 267, 267, 267, 240, 143, 406, 354, 354, 331, 371, 371, 355, 35, 164, 164, 164, 324, 324, 301, 301, 468, 354, 354, 337, 464, 464, 464, 146, 146, 207, 207, 207, 207, 207, 468, 454, 14, 17, 7, 473, 401, 250, 250, 345, 354, 109, 109, 443, 264, 486, 450, 450, 35, 35, 219, 219, 171, 213, 213, 3, 143, 239, 145, 355, 355, 355, 251, 251, 251, 338, 338, 109, 324, 324, 464, 464, 464, 443, 443, 355, 355, 355, 355, 406, 406, 259, 331, 331, 371, 107, 107, 107, 371, 371, 115, 286, 171, 171, 301, 468, 286, 286, 286, 324, 324, 422, 301, 301, 342, 355, 213, 213, 213, 213, 213, 143, 251, 354, 420, 286, 213, 213, 213, 246, 246, 246, 246, 246, 246, 246, 3, 454, 229, 454, 126, 126, 126, 321, 321, 321, 244, 321, 287, 287, 287, 284, 284, 284, 206, 206, 206, 14, 35, 43, 43, 276, 276, 153, 43, 413, 413, 293, 293, 497, 98, 293, 293, 122, 43, 276, 132, 132, 387, 122, 122, 276, 406, 106, 106, 346, 293, 293, 293, 497, 122, 276, 346, 331, 331, 319, 139, 139, 139, 139, 219, 219, 219, 219, 219, 219, 246, 246, 246, 246, 246, 19, 19, 19, 454, 229, 229, 126, 321, 7, 7, 7, 7, 395, 395, 374, 374, 374, 374, 374, 132, 132, 153, 497, 497, 497, 75, 35, 132, 276, 473, 354, 354, 276, 153, 153, 153, 497, 497, 497, 497, 250, 14, 287, 284, 284, 284, 460, 450, 35, 35, 43, 43, 276, 276, 153, 122, 406, 406, 106, 106, 387, 65, 240, 251, 346, 35, 224, 355, 355, 355, 251, 355, 35, 395, 224, 224, 342, 106, 153, 98, 106, 106, 413, 132, 132, 132, 122, 276, 132, 48, 48, 414, 414, 414, 244, 244, 126, 321, 321, 321, 321, 321, 244, 321, 321, 287, 287, 287, 284, 284, 206, 206, 450, 240, 450, 406, 35, 35, 35, 395, 153, 98, 98, 122, 276, 276, 284, 284, 206, 206, 206, 450, 35, 35, 43, 43, 276, 276, 276, 276, 153, 387, 122, 406, 106, 106, 106, 346, 496, 153, 375, 375, 375, 98, 98, 75, 414, 414, 244, 73, 47, 47, 320, 320, 320, 219, 219, 219, 213, 213, 301, 143, 239, 354, 354, 132, 132, 497, 497, 497, 122, 32, 354, 219, 219, 219, 422, 422, 374, 374, 132, 132, 132, 145, 324, 219, 219, 219, 219, 252, 252, 252, 464, 464, 464, 464, 315, 207, 207, 207, 468, 468, 35, 454, 229, 414, 414, 126, 126, 47, 244, 244, 244, 321, 321, 287, 287, 287, 287, 284, 206, 206, 450, 450, 35, 355, 355, 35, 35, 35, 406, 284, 206, 206, 206, 206, 206, 120, 35, 35, 43, 43, 43, 276, 153, 153, 122, 276, 88, 406, 106, 106, 106, 346, 153, 182, 182, 375, 375, 98, 98, 98, 497, 188, 188, 188, 264, 264, 264, 264, 264, 264, 264, 264, 264, 264, 264, 264, 264, 264, 264, 264, 264, 264, 264, 264, 264, 264, 264, 264, 264, 264, 264, 264, 264, 264, 264, 264, 264, 264, 264, 264, 264, 264, 264, 264, 264, 264, 264, 264, 264, 264, 264, 264, 264, 264, 264, 264, 264, 264, 264, 264, 264, 264, 264, 264, 264, 264, 264, 264, 264, 264, 264, 264, 264, 264, 264, 264, 264, 264, 264, 264, 264, 264, 264, 264, 264, 264, 264, 264, 264, 264, 264, 264, 264, 264, 264, 264, 264, 264, 264, 264, 264, 264, 264, 264, 264, 264, 264, 264, 264, 264, 264, 264, 264, 264, 264, 264]

ep138
Train step Loss: [2.3512895107269287, 2.286125898361206, 2.348008155822754, 2.194124221801758, 2.3641743659973145, 2.289689540863037, 2.2640089988708496, 2.327589988708496, 2.251568555831909, 2.2287485599517822, 2.3029747009277344, 2.3315389156341553, 2.296269178390503, 2.449164628982544, 2.1893672943115234, 2.373617172241211, 2.395101547241211, 2.2786879539489746, 2.3571970462799072, 2.2716262340545654, 2.3476200103759766, 2.310467004776001, 2.285874605178833, 2.2663052082061768, 2.339085578918457, 2.3205325603485107, 2.2853519916534424, 2.360107421875, 2.3058745861053467, 2.2281911373138428, 2.311401605606079, 2.2570345401763916, 2.4051387310028076, 2.3939478397369385, 2.289060354232788, 2.3642172813415527, 2.318037509918213, 2.251225233078003, 2.3595268726348877, 2.289829730987549, 2.2340595722198486, 2.3049049377441406, 2.1951069831848145, 2.2155463695526123, 2.1936068534851074, 2.262640953063965, 2.310790777206421, 2.310673475265503, 2.343142032623291, 2.26202130317688, 2.3327796459198, 2.3313562870025635, 2.39494252204895, 2.2594146728515625, 2.3154237270355225, 2.2637362480163574, 2.304382085800171, 2.283592462539673, 2.3025197982788086, 2.308427095413208, 2.281545400619507, 2.2490944862365723, 2.419250249862671]
val step Loss: [2.2717809677124023, 2.163444995880127, 2.370455265045166, 2.319960832595825, 2.169584274291992, 2.3629257678985596, 2.2058327198028564, 2.2565691471099854, 2.1902518272399902, 2.1812777519226074, 2.1444358825683594, 2.3067169189453125, 2.1353533267974854, 2.162400484085083, 2.2209441661834717, 2.164581537246704]
Train step Accs: [0.4574108818011257, 0.4719461365822379, 0.4607250755287009, 0.4979637691335487, 0.4588444796201029, 0.4774385301269927, 0.49149539333805814, 0.46532156368221944, 0.48125674217907227, 0.48460354118552734, 0.4722541140451588, 0.4490614178968471, 0.48208955223880595, 0.4448705656759348, 0.5141905818931346, 0.44945904173106643, 0.44521849271690944, 0.4826296930986135, 0.45159944367176635, 0.48064150332091365, 0.45390070921985815, 0.476961950059453, 0.47770166363763455, 0.4866412213740458, 0.47589776771271436, 0.468525311812179, 0.48044604994502904, 0.46888333088127115, 0.4733579335793358, 0.48313596162494377, 0.4659979347986429, 0.4859492803289925, 0.45142464812907657, 0.459059367771781, 0.48307543520309476, 0.4546611967746499, 0.47162371496972255, 0.4832456799398948, 0.47303601418175034, 0.46936609038519866, 0.49480628860190906, 0.47866083546976324, 0.49663507759923087, 0.49221971006782816, 0.5054683118339877, 0.48052367868110557, 0.4602858092389498, 0.46646646646646645, 0.46742671009771986, 0.4841934612266955, 0.46926513634262823, 0.4782802075611564, 0.4517424120764413, 0.4711913357400722, 0.48204847822125024, 0.47501388117712384, 0.46970373678725624, 0.48166839839691256, 0.4775597139814392, 0.48041566746602715, 0.4713224838047085, 0.4838479386043191, 0.4641509433962264]
val step Accs: [0.4901085824780604, 0.5189526564165018, 0.4682418699186992, 0.46995808104331627, 0.5138695376820772, 0.46419180201082755, 0.5042735042735043, 0.48687552921253174, 0.5034806295399515, 0.5158466646543918, 0.5190775681341719, 0.47887558216899534, 0.5194286591921364, 0.5137237633935124, 0.4975104292827345, 0.5178751258811681]
Preds: [17, 17, 287, 287, 111, 111, 111, 111, 35, 406, 406, 145, 286, 286, 324, 464, 464, 464, 464, 315, 315, 315, 450, 450, 293, 43, 43, 276, 346, 331, 331, 319, 139, 139, 139, 264, 264, 324, 219, 219, 219, 219, 252, 252, 252, 422, 143, 251, 251, 401, 354, 354, 354, 65, 264, 240, 240, 143, 239, 331, 331, 355, 355, 355, 355, 355, 374, 374, 293, 293, 75, 75, 398, 464, 450, 35, 251, 251, 401, 276, 276, 276, 276, 276, 387, 387, 387, 319, 139, 239, 239, 395, 331, 106, 106, 331, 426, 426, 413, 100, 276, 132, 250, 250, 250, 321, 320, 287, 251, 345, 395, 395, 239, 107, 259, 276, 153, 153, 153, 387, 387, 122, 122, 406, 106, 106, 420, 337, 464, 464, 464, 450, 355, 355, 342, 35, 355, 355, 355, 342, 355, 115, 115, 267, 267, 146, 464, 464, 146, 240, 240, 468, 35, 413, 395, 395, 106, 106, 284, 284, 315, 450, 450, 293, 43, 43, 43, 43, 346, 346, 267, 267, 267, 443, 35, 454, 293, 293, 414, 414, 321, 170, 170, 321, 63, 321, 321, 321, 321, 321, 321, 321, 321, 321, 321, 321, 73, 73, 73, 320, 320, 83, 83, 240, 240, 143, 66, 106, 331, 355, 355, 115, 273, 267, 443, 443, 213, 252, 468, 239, 406, 354, 354, 337, 180, 264, 120, 468, 468, 406, 406, 354, 354, 496, 338, 153, 354, 251, 107, 107, 395, 374, 374, 100, 132, 132, 375, 98, 98, 98, 98, 13, 13, 126, 170, 47, 47, 321, 80, 321, 80, 80, 80, 320, 320, 7, 213, 213, 213, 422, 416, 239, 106, 106, 354, 354, 180, 180, 355, 355, 355, 355, 263, 263, 263, 13, 170, 170, 47, 23, 23, 80, 23, 321, 321, 321, 321, 80, 80, 73, 320, 320, 7, 7, 153, 98, 43, 43, 406, 106, 106, 276, 354, 153, 387, 387, 354, 346, 106, 239, 239, 239, 239, 239, 239, 239, 109, 213, 213, 213, 19, 454, 48, 414, 414, 414, 47, 80, 80, 80, 80, 63, 83, 83, 83, 240, 139, 355, 239, 371, 355, 355, 115, 273, 267, 355, 146, 464, 464, 120, 146, 240, 240, 35, 35, 413, 75, 395, 106, 284, 284, 315, 206, 450, 293, 43, 43, 43, 346, 346, 267, 267, 443, 146, 35, 454, 14, 14, 414, 414, 170, 80, 47, 47, 47, 80, 23, 23, 80, 23, 23, 80, 80, 73, 73, 80, 320, 7, 188, 188, 188, 188, 339, 251, 251, 473, 398, 374, 132, 132, 132, 346, 239, 239, 239, 239, 239, 239, 395, 395, 65, 278, 278, 434, 374, 374, 251, 251, 398, 398, 324, 324, 422, 143, 251, 401, 401, 251, 346, 371, 286, 213, 213, 324, 252, 464, 464, 464, 120, 240, 203, 413, 303, 473, 473, 65, 240, 171, 171, 19, 143, 239, 251, 401, 250, 75, 395, 371, 371, 371, 278, 286, 286, 464, 464, 464, 460, 460, 315, 206, 450, 355, 406, 251, 251, 100, 132, 132, 250, 250, 250, 132, 276, 276, 345, 331, 431, 355, 355, 374, 48, 48, 13, 414, 170, 170, 47, 47, 47, 73, 47, 47, 47, 47, 63, 63, 80, 73, 73, 73, 320, 7, 7, 7, 7, 398, 398, 464, 324, 246, 464, 464, 464, 464, 324, 252, 450, 143, 239, 239, 239, 239, 107, 395, 395, 213, 213, 301, 143, 251, 251, 241, 331, 284, 376, 315, 355, 263, 263, 263, 188, 188, 264, 264, 264, 264, 264, 264, 264, 264, 264, 264, 264, 264, 264, 264, 264, 264, 264, 264, 264, 264, 264, 264, 264, 264, 264, 264, 264, 264]

ep139
Train step Loss: [2.248605728149414, 2.2511088848114014, 2.24613356590271, 2.2736313343048096, 2.254754066467285, 2.253462314605713, 2.28436017036438, 2.3989531993865967, 2.263141632080078, 2.2217166423797607, 2.279637098312378, 2.361647367477417, 2.236942768096924, 2.213536500930786, 2.252736806869507, 2.3055148124694824, 2.2669594287872314, 2.314375877380371, 2.213470935821533, 2.3298051357269287, 2.261348009109497, 2.166293144226074, 2.304823875427246, 2.112203598022461, 2.286972761154175, 2.211724281311035, 2.242611885070801, 2.32761812210083, 2.327434778213501, 2.258680582046509, 2.4728124141693115, 2.331540107727051, 2.2474114894866943, 2.35945987701416, 2.2647359371185303, 2.2472989559173584, 2.275524616241455, 2.338142156600952, 2.229205846786499, 2.3209238052368164, 2.266214609146118, 2.3477447032928467, 2.4448578357696533, 2.3099372386932373, 2.233103036880493, 2.290619134902954, 2.2334816455841064, 2.279914140701294, 2.3367702960968018, 2.229231595993042, 2.2883517742156982, 2.347787857055664, 2.2720694541931152, 2.210627317428589, 2.27768874168396, 2.2834250926971436, 2.2438316345214844, 2.295496940612793, 2.3805532455444336, 2.294260263442993, 2.2933828830718994, 2.248379945755005, 2.2457435131073]
val step Loss: [2.13877534866333, 2.3073368072509766, 2.285193681716919, 2.173793315887451, 2.1130683422088623, 2.211648941040039, 2.338200807571411, 2.0588674545288086, 2.1301090717315674, 2.256196975708008, 2.2402992248535156, 2.1544103622436523, 2.2439820766448975, 2.269947052001953, 2.177525281906128, 2.3340535163879395]
Train step Accs: [0.4824561403508772, 0.4864738805970149, 0.4803621355345493, 0.4871226334640969, 0.48429139799698173, 0.47497738920711485, 0.4799396681749623, 0.4498398462524023, 0.4798714006150405, 0.49653136531365316, 0.4823634469415092, 0.4675170962651236, 0.4887391381450612, 0.4943620178041543, 0.4787018255578093, 0.47948003714020426, 0.47035786630654963, 0.46854521625163825, 0.49616490891658677, 0.48145422431557255, 0.484339457567804, 0.510164569215876, 0.48423243156715223, 0.5208828048610141, 0.47241271820448877, 0.5067264573991032, 0.4824980111376293, 0.4682114409847936, 0.4652860295365812, 0.47940580688723833, 0.4319987289482046, 0.46806126260739633, 0.4979271542789458, 0.4726601335037637, 0.47331017056222363, 0.48414764895083473, 0.4795350360183366, 0.46568709300384037, 0.5030247479376718, 0.4724505327245053, 0.4869757174392936, 0.4710464432686655, 0.4409171075837742, 0.47612672913877735, 0.49460103772261954, 0.4802106847253574, 0.5045028487410402, 0.4821974965229485, 0.4637151985394797, 0.49309551208285385, 0.4726706866368411, 0.4669787660926267, 0.47115384615384615, 0.5008849557522124, 0.4815818848668474, 0.4718990889978977, 0.4877884226150317, 0.4695708712613784, 0.44756299984910214, 0.47420572507077696, 0.48316651501364877, 0.49252463472646957, 0.47446514837819187]
val step Accs: [0.5120405576679341, 0.4821643286573146, 0.4807485810707164, 0.506403162055336, 0.5160243407707911, 0.4961187525534523, 0.4704977628635347, 0.5412536443148688, 0.5253296321998612, 0.4984993178717599, 0.4863099374565671, 0.5135549088681268, 0.49267703457647594, 0.48727893267142414, 0.5156543519098309, 0.4654017857142857]
Preds: [17, 17, 296, 296, 7, 473, 109, 319, 171, 252, 143, 35, 164, 401, 259, 331, 109, 284, 284, 486, 460, 460, 450, 35, 35, 293, 250, 276, 473, 354, 109, 109, 264, 264, 264, 468, 35, 406, 467, 106, 337, 286, 286, 324, 301, 143, 239, 251, 398, 464, 450, 374, 251, 251, 251, 401, 250, 250, 65, 65, 267, 35, 387, 293, 122, 354, 106, 106, 106, 106, 374, 106, 106, 387, 122, 276, 276, 276, 250, 250, 250, 250, 122, 331, 32, 239, 331, 331, 278, 278, 355, 450, 355, 355, 342, 342, 224, 224, 342, 267, 264, 450, 355, 355, 355, 35, 35, 395, 371, 224, 342, 264, 264, 19, 19, 203, 229, 229, 414, 170, 392, 392, 392, 63, 63, 63, 63, 63, 63, 244, 321, 321, 321, 321, 63, 244, 73, 73, 73, 244, 320, 7, 7, 7, 331, 331, 284, 486, 460, 460, 240, 35, 35, 406, 406, 395, 395, 342, 251, 251, 109, 106, 106, 106, 106, 106, 106, 337, 337, 286, 468, 374, 239, 239, 395, 398, 398, 324, 324, 301, 374, 251, 251, 354, 395, 398, 374, 374, 132, 219, 219, 219, 219, 468, 35, 19, 374, 374, 251, 473, 331, 331, 346, 387, 387, 98, 387, 122, 197, 82, 80, 244, 47, 66, 145, 324, 324, 324, 464, 464, 464, 464, 464, 464, 443, 240, 293, 14, 43, 303, 473, 473, 65, 240, 213, 171, 19, 301, 143, 331, 401, 401, 401, 244, 66, 346, 106, 354, 65, 324, 464, 464, 464, 464, 443, 486, 486, 460, 460, 240, 143, 251, 251, 43, 43, 43, 276, 345, 331, 331, 109, 355, 355, 263, 263, 263, 414, 414, 170, 170, 392, 392, 63, 63, 63, 63, 63, 63, 63, 63, 63, 392, 63, 73, 63, 320, 320, 320, 7, 109, 109, 398, 443, 315, 315, 240, 450, 450, 43, 43, 276, 276, 276, 153, 153, 346, 398, 111, 206, 264, 146, 146, 240, 468, 35, 355, 342, 35, 35, 224, 273, 355, 413, 413, 251, 251, 251, 431, 431, 213, 171, 324, 252, 143, 14, 401, 66, 66, 355, 342, 342, 251, 401, 250, 250, 250, 75, 66, 337, 286, 324, 301, 143, 239, 239, 354, 354, 354, 65, 267, 267, 264, 240, 355, 355, 35, 35, 224, 224, 355, 224, 239, 251, 375, 354, 354, 106, 346, 284, 486, 486, 450, 406, 406, 406, 106, 106, 496, 375, 375, 98, 98, 497, 13, 188, 188, 188, 264, 264, 264, 264, 264, 264, 264, 264, 264, 264, 264, 264, 264, 264, 264, 264, 264, 264, 264, 264, 264, 264, 264, 264, 264, 264, 264, 264, 264, 264, 264, 264, 264, 264, 264, 264, 264, 264, 264, 264, 264, 264, 264, 264, 264, 264, 264, 264, 264, 264, 264, 264, 264, 264, 264, 264, 264, 264, 264, 264, 264, 264, 264, 264, 264, 264, 264, 264, 264, 264, 264, 264, 264, 264, 264, 264, 264, 264, 264, 264, 264, 264, 264, 264, 264, 264, 264, 264, 264, 264, 264, 264, 264, 264, 264, 264, 264, 264, 264, 264, 264, 264, 264, 264, 264, 264, 264, 264, 264, 264, 264, 264, 264, 264, 264, 264, 264, 264, 264, 264, 264, 264, 264, 264, 264, 264, 264, 264, 264, 264, 264, 264, 264, 264, 264, 264, 264, 264, 264, 264, 264, 264, 264, 264, 264, 264, 264, 264, 264, 264, 264, 264, 264, 264, 264, 264, 264, 264, 264, 264, 264, 264, 264, 264, 264, 264, 264, 264, 264, 264, 264, 264, 264, 264, 264, 264, 264, 264, 264, 264, 264, 264, 264, 264, 264, 264, 264, 264, 264, 264, 264, 264, 264]

ep140
Train step Loss: [2.359508514404297, 2.2839159965515137, 2.2519781589508057, 2.208578586578369, 2.294590711593628, 2.2441842555999756, 2.3034353256225586, 2.17524790763855, 2.2860164642333984, 2.3504726886749268, 2.1638059616088867, 2.230691432952881, 2.2520997524261475, 2.3392391204833984, 2.214750289916992, 2.2854158878326416, 2.2761237621307373, 2.1625664234161377, 2.304774761199951, 2.2971320152282715, 2.297361135482788, 2.263221502304077, 2.186978340148926, 2.2819464206695557, 2.2489848136901855, 2.232968807220459, 2.3481879234313965, 2.2331390380859375, 2.2712528705596924, 2.3283839225769043, 2.2455101013183594, 2.331352710723877, 2.217045783996582, 2.2815797328948975, 2.2603261470794678, 2.3139402866363525, 2.293984889984131, 2.1854665279388428, 2.287780523300171, 2.21116042137146, 2.274794101715088, 2.168483018875122, 2.323298454284668, 2.1400396823883057, 2.269805669784546, 2.2063190937042236, 2.2955780029296875, 2.339655637741089, 2.193617105484009, 2.3514411449432373, 2.204087972640991, 2.2957699298858643, 2.3065109252929688, 2.341261625289917, 2.18070650100708, 2.216979503631592, 2.282749652862549, 2.193753957748413, 2.376246690750122, 2.369863748550415, 2.194993495941162, 2.252638101577759, 2.1097733974456787]
val step Loss: [2.22367262840271, 2.210317373275757, 2.1117517948150635, 2.2359306812286377, 2.1793107986450195, 2.1908199787139893, 2.26865816116333, 2.144225835800171, 2.197718381881714, 2.132228374481201, 2.226635217666626, 2.192880153656006, 2.2810921669006348, 2.1408801078796387, 2.1127500534057617, 2.137662410736084]
Train step Accs: [0.46559440559440557, 0.471600218459858, 0.47928759894459105, 0.4869648737650933, 0.46138646467972994, 0.49056884004158624, 0.46934162192709805, 0.5076857386848848, 0.47602318636922536, 0.45857988165680474, 0.5132440900028482, 0.4898705683736635, 0.49659751037344396, 0.4668562023043543, 0.5041512915129152, 0.4711196277032576, 0.47258859049737806, 0.5063183302569928, 0.49553418069391963, 0.4662613080231351, 0.48207114170969595, 0.4788279435411828, 0.49627376425855513, 0.48312065902115975, 0.4903487978327125, 0.47942347809596053, 0.46919579871453204, 0.49226006191950467, 0.48382771912183675, 0.476310802274163, 0.49793743554486075, 0.46587183308494784, 0.49567307692307694, 0.4883050304389619, 0.48528130987632817, 0.4712262729737873, 0.47117324877486305, 0.5026567481402763, 0.4781061850027367, 0.49609321453050037, 0.47383935151068535, 0.5066791343841838, 0.4626488632262721, 0.5070136581764488, 0.47698252688172044, 0.4930047490694391, 0.4846972721224218, 0.4695544936025898, 0.5031632790415937, 0.46080725358291896, 0.5015239678581325, 0.47925245486221096, 0.482745471877979, 0.45670225385527874, 0.5027707054066197, 0.49213752665245203, 0.48059443081806374, 0.504774897680764, 0.46508934480476505, 0.469309720265647, 0.4986620283649987, 0.4808087190017375, 0.5055425904317387]
val step Accs: [0.4994931209268646, 0.50446735395189, 0.525724236188064, 0.49765258215962443, 0.5020908004778972, 0.5040374677002584, 0.49373937239140514, 0.5173679751482632, 0.5103988603988604, 0.5285502958579882, 0.4971680302076778, 0.5137539345832763, 0.4822263797942002, 0.514412997903564, 0.5234004739336493, 0.5239043824701195]
Preds: [17, 188, 301, 443, 213, 171, 252, 143, 143, 354, 354, 109, 115, 464, 464, 120, 240, 240, 14, 43, 250, 473, 276, 354, 354, 337, 278, 278, 278, 264, 264, 286, 282, 251, 251, 251, 251, 109, 400, 342, 324, 464, 464, 464, 464, 240, 240, 450, 450, 143, 342, 342, 342, 115, 273, 273, 224, 224, 267, 240, 240, 264, 120, 120, 468, 468, 35, 337, 286, 286, 434, 434, 434, 464, 143, 35, 355, 355, 355, 355, 355, 355, 263, 263, 263, 263, 126, 321, 170, 244, 392, 392, 392, 392, 392, 392, 244, 321, 320, 320, 320, 7, 331, 346, 346, 224, 224, 115, 115, 315, 450, 450, 355, 355, 413, 413, 75, 106, 219, 219, 219, 422, 464, 450, 450, 426, 284, 486, 486, 315, 315, 460, 206, 240, 240, 35, 35, 251, 259, 88, 497, 497, 122, 331, 331, 354, 284, 284, 206, 240, 240, 35, 35, 251, 43, 100, 132, 473, 398, 374, 331, 355, 337, 286, 324, 324, 324, 324, 422, 422, 14, 14, 14, 320, 188, 188, 434, 464, 450, 374, 374, 251, 473, 331, 106, 153, 153, 98, 387, 43, 43, 43, 43, 276, 153, 346, 346, 88, 88, 88, 88, 88, 346, 88, 276, 132, 387, 48, 229, 229, 414, 244, 126, 126, 63, 63, 63, 244, 321, 244, 320, 320, 320, 320, 7, 398, 398, 398, 374, 374, 346, 355, 355, 251, 251, 251, 338, 473, 331, 106, 401, 331, 331, 331, 464, 171, 171, 171, 171, 171, 252, 252, 143, 143, 239, 395, 395, 106, 354, 84, 496, 375, 375, 98, 98, 497, 414, 414, 414, 321, 321, 321, 80, 321, 321, 321, 320, 287, 287, 287, 251, 240, 240, 240, 35, 35, 35, 35, 355, 180, 450, 450, 171, 252, 252, 468, 143, 464, 464, 120, 120, 120, 468, 35, 251, 259, 293, 293, 303, 473, 398, 398, 434, 434, 434, 434, 143, 143, 251, 251, 338, 109, 400, 342, 213, 213, 213, 19, 19, 19, 454, 229, 229, 414, 126, 126, 126, 244, 244, 321, 321, 320, 83, 83, 83, 240, 35, 240, 143, 239, 342, 342, 115, 115, 273, 273, 224, 224, 224, 450, 434, 264, 264, 468, 35, 35, 337, 286, 434, 434, 434, 143, 468, 355, 355, 355, 355, 355, 263, 263, 263, 263, 414, 414, 170, 244, 244, 320, 320, 7, 7, 7, 213, 324, 301, 301, 374, 473, 395, 65, 180, 443, 443, 240, 240, 99, 35, 109, 267, 264, 264, 264, 450, 468, 239, 406, 354, 395, 331, 337, 286, 434, 19, 454, 229, 229, 63, 80, 80, 80, 80, 80, 244, 244, 244, 244, 80, 320, 320, 7, 7, 331, 398, 398, 213, 213, 213, 213, 252, 252, 143, 143, 239, 354, 420, 374, 106, 106, 65, 278, 171, 171, 171, 171, 252, 143, 143, 239, 239, 374, 374, 276, 276, 346, 346, 267, 319, 267, 240, 450, 355, 143, 342, 342, 355, 342, 267, 267, 443, 120, 120, 240, 99, 406, 331, 486, 315, 450, 450, 450, 450, 293, 43, 88, 338, 241, 107, 395, 395, 65, 278, 434, 19, 19, 454, 229, 229, 229, 244, 126, 80, 63, 244, 244, 321, 321, 321, 321, 320, 188, 188, 213, 171, 171, 171, 171, 171, 252, 252, 143, 143, 371, 139, 355, 180, 171, 171, 171, 171, 19, 454, 454, 14, 82, 320, 7, 219, 219, 324, 324, 422, 422, 99, 251, 354, 395, 331, 331, 496, 331, 331, 84, 84, 84, 346, 496, 293, 250, 346, 251, 251, 251, 251, 338, 338, 338, 251, 338, 338, 338, 293, 251, 48, 48, 48, 75, 473, 401, 401, 401]

ep141
Train step Loss: [2.3101632595062256, 2.2909181118011475, 2.152709484100342, 2.3201913833618164, 2.254913806915283, 2.2532737255096436, 2.3189728260040283, 2.2349281311035156, 2.2006399631500244, 2.2887120246887207, 2.3076343536376953, 2.197150230407715, 2.264606475830078, 2.2391300201416016, 2.206848382949829, 2.165776252746582, 2.2503669261932373, 2.3013229370117188, 2.258439779281616, 2.2549631595611572, 2.2332189083099365, 2.2066433429718018, 2.28668212890625, 2.271890163421631, 2.1147313117980957, 2.326284885406494, 2.2891950607299805, 2.257185697555542, 2.2173430919647217, 2.3592240810394287, 2.25361704826355, 2.2333195209503174, 2.1602272987365723, 2.1761975288391113, 2.1964166164398193, 2.198472023010254, 2.273214817047119, 2.2464888095855713, 2.193889617919922, 2.2743303775787354, 2.2324938774108887, 2.217846632003784, 2.126899003982544, 2.3096861839294434, 2.136317729949951, 2.241412878036499, 2.227285861968994, 2.2110135555267334, 2.2026002407073975, 2.180124282836914, 2.1592190265655518, 2.2519662380218506, 2.3228237628936768, 2.3094117641448975, 2.3147811889648438, 2.2219221591949463, 2.2346789836883545, 2.2717251777648926, 2.184375286102295, 2.2593019008636475, 2.210677146911621, 2.257930278778076, 2.3343722820281982]
val step Loss: [2.1998908519744873, 2.1430697441101074, 2.139137029647827, 2.3050832748413086, 2.20084810256958, 2.110140800476074, 2.1707212924957275, 2.128448486328125, 2.178945779800415, 2.3178868293762207, 2.0872178077697754, 2.24371337890625, 2.1232874393463135, 2.154085874557495, 2.0812597274780273, 2.1878018379211426]
Train step Accs: [0.4714922391270939, 0.4837758112094395, 0.5005915409642118, 0.47364909939959976, 0.4866790141045733, 0.48574270557029176, 0.46068885336433657, 0.492156862745098, 0.4934640522875817, 0.4892551087673039, 0.47578267583883194, 0.49993009925905213, 0.48386534100819817, 0.48281554855170344, 0.5064911648034619, 0.5005490196078431, 0.4976698206468013, 0.4695558739255014, 0.4791761320611843, 0.4921152800435019, 0.49059432933478736, 0.49890978468247477, 0.4595527540147081, 0.48067226890756304, 0.5237177015040494, 0.4813933967543369, 0.47116411534353864, 0.49154528712539763, 0.4939518808985777, 0.45854673495518566, 0.4978609625668449, 0.4913028649386085, 0.52, 0.5125434902032595, 0.49948506694129763, 0.5133223891905544, 0.48265107212475633, 0.49378463381758275, 0.4978223821245976, 0.4809917355371901, 0.4874323894368438, 0.49531752999707346, 0.5147183937383019, 0.47652347652347654, 0.5117256337264471, 0.49902885682574916, 0.5001916443081641, 0.4893150684931507, 0.5091473374714146, 0.49985899605188944, 0.5166112956810631, 0.4992394794659456, 0.47394108419034336, 0.4605593966059082, 0.47743108149045743, 0.5014638906961614, 0.4913903515013519, 0.48508548563113857, 0.49654477397063057, 0.48629910861670517, 0.48865836791147993, 0.4767757382282522, 0.46581650726177826]
val step Accs: [0.49626968775904945, 0.5250652382914435, 0.5178733717055438, 0.4787234042553192, 0.5063469675599436, 0.5231104651162791, 0.5181494661921708, 0.5173388897157315, 0.5071504237288136, 0.4723509422304603, 0.5302615571776156, 0.49608763693270735, 0.5190330146130254, 0.5175257731958763, 0.530960571579783, 0.5057589469354176]
Preds: [17, 287, 443, 251, 426, 426, 35, 371, 374, 276, 106, 32, 109, 319, 330, 219, 219, 464, 464, 464, 464, 464, 374, 468, 32, 354, 84, 426, 224, 224, 224, 293, 354, 106, 100, 65, 264, 267, 284, 35, 35, 426, 426, 293, 293, 293, 293, 293, 346, 426, 35, 35, 293, 259, 354, 354, 331, 331, 371, 224, 224, 35, 115, 286, 286, 207, 207, 240, 240, 339, 374, 251, 398, 398, 464, 464, 374, 374, 374, 43, 132, 132, 132, 132, 276, 132, 132, 132, 132, 132, 132, 132, 132, 132, 132, 132, 132, 250, 250, 497, 14, 132, 411, 276, 287, 374, 132, 346, 426, 293, 293, 406, 354, 354, 106, 106, 354, 35, 106, 426, 35, 106, 413, 132, 132, 132, 132, 132, 132, 132, 132, 122, 276, 276, 276, 276, 374, 250, 48, 48, 414, 414, 244, 244, 73, 73, 73, 80, 47, 320, 188, 188, 188, 171, 171, 171, 171, 171, 171, 171, 3, 3, 14, 14, 411, 411, 346, 145, 145, 443, 146, 120, 120, 120, 120, 120, 207, 207, 468, 468, 19, 19, 454, 454, 414, 414, 414, 170, 170, 392, 392, 244, 392, 392, 392, 244, 47, 47, 320, 219, 219, 219, 152, 252, 252, 374, 143, 32, 374, 43, 276, 276, 276, 346, 346, 132, 132, 132, 132, 132, 153, 182, 497, 497, 497, 293, 293, 250, 14, 287, 287, 145, 315, 284, 460, 460, 460, 464, 450, 450, 219, 219, 219, 464, 464, 464, 450, 450, 450, 406, 43, 43, 354, 354, 354, 354, 497, 497, 346, 88, 88, 346, 239, 239, 239, 395, 395, 395, 180, 180, 486, 486, 486, 460, 460, 460, 450, 35, 35, 406, 267, 286, 207, 207, 207, 264, 264, 264, 207, 207, 207, 324, 324, 324, 324, 422, 301, 468, 374, 374, 374, 354, 354, 132, 132, 122, 354, 132, 132, 132, 132, 132, 132, 153, 250, 414, 414, 414, 48, 48, 126, 47, 7, 7, 7, 32, 239, 331, 331, 395, 395, 65, 213, 171, 171, 171, 171, 171, 171, 246, 246, 19, 252, 143, 395, 354, 180, 443, 443, 486, 486, 315, 315, 315, 460, 460, 460, 460, 169, 35, 406, 342, 355, 213, 213, 213, 213, 213, 213, 246, 246, 3, 3, 143, 301, 342, 35, 355, 355, 355, 342, 267, 443, 443, 486, 486, 315, 315, 315, 315, 315, 315, 315, 460, 460, 460, 14, 14, 240, 264, 264, 264, 264, 264, 264, 264, 264, 264, 264, 264, 264, 264, 264, 264, 264, 264, 264, 264, 264, 264, 264, 264, 264, 264, 264, 264, 264, 264, 264, 264, 264, 264, 264, 264, 264, 264, 264, 264, 264, 264, 264, 264, 264, 264, 264, 264, 264, 264, 264, 264, 120, 120, 120, 120, 120, 120, 120, 120, 120, 120, 120, 120, 120, 120, 120, 120, 120, 120, 120, 120, 120, 120, 120, 434, 434, 434, 434, 434, 434, 434, 434, 434, 434, 434, 434, 434, 434, 434, 434, 434, 434, 434, 434, 434, 434, 434, 434, 434, 434, 434, 434, 434, 434, 434, 434, 434, 434, 434, 434, 434, 434, 434, 434, 434, 434, 434, 434, 434, 434, 434, 434, 434, 434, 434, 434, 434, 434, 434, 434, 434, 434, 434, 434, 434, 434, 434, 434, 434, 434, 434, 434, 434, 434, 434, 434, 434, 434, 434, 434, 434, 434, 434, 434, 434, 434, 434, 434, 434, 434, 434, 434, 434, 434, 434, 434, 434, 434, 434, 434, 434, 434, 434, 434, 434, 434, 434, 434, 434, 434, 434, 434, 434, 434, 434, 434, 434, 434, 434, 434, 434, 434, 434, 434, 434, 434, 434, 434, 434, 434, 434]

ep142
Train step Loss: [2.2219038009643555, 2.241950035095215, 2.2985143661499023, 2.1795780658721924, 2.2790422439575195, 2.069977283477783, 2.161980390548706, 2.271555185317993, 2.2488903999328613, 2.213327169418335, 2.2537174224853516, 2.147062301635742, 2.243633270263672, 2.270285129547119, 2.2918386459350586, 2.2650585174560547, 2.222360849380493, 2.2653355598449707, 2.2055039405822754, 2.147679328918457, 2.2028262615203857, 2.2430667877197266, 2.2555224895477295, 2.17746901512146, 2.2475907802581787, 2.135211706161499, 2.1171648502349854, 2.247088670730591, 2.3391029834747314, 2.146827459335327, 2.2461581230163574, 2.2335851192474365, 2.236941337585449, 2.2995529174804688, 2.2958879470825195, 2.3005592823028564, 2.1803183555603027, 2.1770875453948975, 2.1679418087005615, 2.275860071182251, 2.2197556495666504, 2.2502005100250244, 2.0924417972564697, 2.244232416152954, 2.2378649711608887, 2.265774726867676, 2.251237392425537, 2.2240219116210938, 2.13516902923584, 2.258949041366577, 2.2237515449523926, 2.152085542678833, 2.1871097087860107, 2.2555525302886963, 2.1533780097961426, 2.2469303607940674, 2.138615369796753, 2.2449557781219482, 2.3297278881073, 2.159526824951172, 2.2122585773468018, 2.1920523643493652, 2.1376333236694336]
val step Loss: [2.1614317893981934, 2.31030535697937, 2.0730605125427246, 2.172511100769043, 2.116637945175171, 2.1764304637908936, 2.0425219535827637, 2.1318793296813965, 2.1042253971099854, 2.2276811599731445, 2.077977180480957, 2.1226751804351807, 2.168658971786499, 2.1088006496429443, 2.1884002685546875, 2.1685988903045654]
Train step Accs: [0.49044011544011545, 0.48746434469298905, 0.48390431187241584, 0.5089357591370149, 0.4885271317829457, 0.528281164195497, 0.5082447218369548, 0.4760515812097022, 0.4892604676454595, 0.5120481927710844, 0.4768971848225214, 0.5174534574468085, 0.48020516108350697, 0.48496446145434663, 0.4629507112140258, 0.47929249352890424, 0.4935483870967742, 0.483695652173913, 0.49416274612301797, 0.5133059711372965, 0.49491778774289985, 0.4817477876106195, 0.482104619149587, 0.503938223938224, 0.4849575356268893, 0.512545322697607, 0.5244600332287244, 0.4850132441098564, 0.4651600753295669, 0.5198261814231396, 0.4847856154910097, 0.4858113848768054, 0.48871724973496894, 0.4664648717540226, 0.47104446742502587, 0.4769071860705327, 0.5024396194193705, 0.5044725738396625, 0.5077378992426737, 0.47586842914233013, 0.49719800747198006, 0.49065880039331367, 0.5217777777777778, 0.4928761546892125, 0.4886625041077884, 0.48044692737430167, 0.49728978457261985, 0.4976441241685144, 0.5208433157642549, 0.4896636299929923, 0.49985250737463127, 0.5160939834306668, 0.49881691807157647, 0.4939398970612652, 0.5048041389504804, 0.4950456323337679, 0.5136986301369864, 0.4962257577517129, 0.4740761959323976, 0.509697567389875, 0.4935272211384997, 0.5067815767165866, 0.5112144420131292]
val step Accs: [0.5111764705882353, 0.4746307000642261, 0.5356149137451308, 0.5115245307869608, 0.518189884649512, 0.5013585013585014, 0.53580814717477, 0.5229839351041833, 0.5374053637880148, 0.48945147679324896, 0.5343630437863115, 0.5149773071104388, 0.5128245725142495, 0.5247858017135862, 0.5021580345285525, 0.5131520285332144]
Preds: [17, 17, 296, 296, 296, 473, 473, 65, 398, 240, 240, 143, 35, 35, 259, 331, 180, 284, 460, 460, 450, 35, 35, 35, 35, 35, 354, 109, 115, 286, 286, 468, 35, 406, 331, 337, 286, 286, 171, 171, 171, 252, 339, 374, 251, 398, 398, 324, 324, 301, 99, 251, 354, 398, 106, 88, 153, 387, 387, 497, 122, 345, 106, 106, 107, 107, 395, 106, 153, 387, 387, 387, 387, 426, 35, 106, 106, 250, 250, 250, 250, 250, 250, 132, 122, 276, 276, 276, 338, 338, 293, 293, 48, 414, 414, 414, 414, 244, 392, 392, 392, 244, 320, 7, 7, 331, 75, 398, 286, 240, 374, 251, 251, 250, 250, 276, 109, 109, 346, 443, 264, 171, 301, 468, 468, 239, 106, 106, 106, 354, 354, 65, 264, 464, 464, 171, 171, 171, 171, 252, 143, 143, 355, 401, 107, 180, 106, 106, 331, 387, 43, 43, 43, 276, 276, 276, 276, 153, 153, 182, 182, 497, 497, 98, 122, 259, 414, 497, 197, 47, 80, 80, 244, 63, 287, 145, 284, 460, 460, 169, 35, 35, 406, 342, 355, 224, 224, 324, 301, 14, 374, 303, 303, 473, 473, 398, 398, 443, 450, 355, 355, 355, 355, 355, 355, 115, 273, 406, 406, 406, 426, 426, 426, 153, 182, 182, 182, 182, 182, 406, 331, 375, 375, 98, 98, 387, 13, 414, 414, 170, 170, 170, 170, 392, 392, 392, 392, 392, 392, 63, 63, 63, 63, 63, 63, 63, 63, 63, 63, 63, 63, 63, 63, 63, 63, 73, 73, 73, 244, 244, 7, 63, 63, 63, 65, 65, 145, 145, 315, 450, 450, 406, 406, 406, 106, 106, 354, 106, 88, 375, 375, 43, 132, 132, 132, 303, 303, 303, 303, 63, 63, 414, 414, 98, 98, 98, 392, 13, 83, 188, 188, 188, 264, 264, 264, 264, 264, 264, 264, 264, 264, 264, 264, 264, 264, 264, 264, 264, 264, 264, 264, 264, 264, 264, 264, 264, 264, 264, 264, 264, 264, 264, 264, 264, 264, 264, 264, 264, 264, 264, 264, 264, 264, 264, 264, 264, 264, 264, 264, 264, 264, 264, 264, 264, 264, 264, 264, 264, 264, 264, 264, 264, 264, 264, 264, 264, 264, 264, 264, 264, 264, 264, 264, 264, 264, 264, 264, 264, 264, 264, 264, 264, 264, 264, 264, 264, 264, 264, 264, 264, 264, 264, 264, 264, 264, 264, 264, 264, 264, 264, 264, 264, 264, 264, 264, 264, 264, 264, 264, 264, 264, 264, 264, 264, 264, 264, 264, 264, 264, 264, 264, 264, 264, 264, 264, 264, 264, 264, 264, 264, 264, 264, 264, 264, 264, 264, 264, 264, 264, 264, 264, 264, 264, 264, 264, 264, 264, 264, 264, 264, 264, 264, 264, 264, 264, 264, 264, 264, 264, 264, 264, 264, 264, 264, 264, 264, 264, 264, 264, 264, 264, 264, 264, 264, 264, 264, 264, 264, 264, 264, 264, 264, 264, 264, 264, 264, 264, 264, 264, 264, 264, 264, 264, 264, 264, 264, 264, 264, 264, 264, 264, 264, 264, 264, 264, 264, 264, 264, 264, 264, 264, 264, 264, 264, 264, 264, 264, 264, 264, 264, 264, 264, 264, 264, 264, 264, 264, 264, 264, 264, 434, 434, 434, 434, 434, 434, 434, 434, 434, 434, 434, 434, 434, 434, 434, 434, 434, 434, 434, 434, 434, 434, 434, 434, 434, 434, 434, 434, 434, 434, 434, 434, 434, 434, 434, 434, 434, 434, 434, 434, 434, 434, 434, 434, 434, 434, 434, 434, 434, 434, 434, 434, 434, 434, 434, 434, 434, 434, 434, 434, 434, 434, 434, 434, 434, 434, 434, 434, 434, 434]

ep143
Train step Loss: [2.2298038005828857, 2.0319578647613525, 2.306351661682129, 2.1681668758392334, 2.2011492252349854, 2.1480672359466553, 2.238025665283203, 2.150911569595337, 2.210787057876587, 2.156348705291748, 2.3248186111450195, 2.1482911109924316, 2.2752583026885986, 2.1318461894989014, 2.1218931674957275, 2.278491258621216, 2.273094654083252, 2.171663522720337, 2.2832138538360596, 2.2765350341796875, 2.0881481170654297, 2.1122288703918457, 2.1565208435058594, 2.0887999534606934, 2.1948912143707275, 2.203127384185791, 2.302324056625366, 2.1636641025543213, 2.246397018432617, 2.1956870555877686, 2.245530605316162, 2.1471476554870605, 2.115499258041382, 2.2012038230895996, 2.1608262062072754, 2.1328928470611572, 2.1477129459381104, 2.229079246520996, 2.226165771484375, 2.2048773765563965, 2.178435802459717, 2.176741600036621, 2.176802396774292, 2.1622815132141113, 2.242830753326416, 2.2529046535491943, 2.1819088459014893, 2.235727310180664, 2.3189358711242676, 2.20139479637146, 2.169696092605591, 2.158599615097046, 2.2939822673797607, 2.270552158355713, 2.215447187423706, 2.1299619674682617, 2.1587870121002197, 2.1804234981536865, 2.2078938484191895, 2.31109356880188, 2.1618916988372803, 2.266279458999634, 2.3149306774139404]
val step Loss: [2.1846024990081787, 2.1288034915924072, 2.0983328819274902, 2.078953504562378, 2.1338024139404297, 2.1472725868225098, 2.1779210567474365, 2.167105197906494, 2.0502078533172607, 2.133634090423584, 2.1075572967529297, 2.127870798110962, 2.14823055267334, 2.059225559234619, 2.1948323249816895, 2.12701416015625]
Train step Accs: [0.48689712851965433, 0.5392199507032043, 0.47748870540582644, 0.506014170374032, 0.4893327280980481, 0.518889857599535, 0.4822705175865027, 0.5186361357178673, 0.49677300387239537, 0.5063848524878908, 0.4779776674937965, 0.5041623309053069, 0.4875653413591003, 0.5192208462332302, 0.5133977900552487, 0.47809192013935414, 0.4739104944303303, 0.5072314049586777, 0.4763666255651459, 0.4780413932357395, 0.5122068743976871, 0.5147845234350424, 0.5018450184501845, 0.5291828793774319, 0.5027839643652561, 0.4916279724215562, 0.48215790952514753, 0.5086251067463706, 0.48670170409300845, 0.5039550905843327, 0.48278535980148884, 0.5058735782211449, 0.5167423860003365, 0.5182422351824224, 0.5167493796526055, 0.5040361640297062, 0.5167618211096472, 0.504519309778143, 0.48566452304394425, 0.49587893527901633, 0.5113278791692889, 0.5053257369333664, 0.5026330376940134, 0.5115719311238659, 0.4690721649484536, 0.4836153025453437, 0.5098448687350835, 0.4955198407054473, 0.4780454232622161, 0.49582566860053773, 0.5074880345839123, 0.5150968904912122, 0.48, 0.4812586765386395, 0.48397545175588136, 0.5101851851851852, 0.5201369863013698, 0.5023689665383476, 0.5053331272221363, 0.47532792004996877, 0.5035416338737604, 0.4789181925079792, 0.46116207951070337]
val step Accs: [0.5061758294986679, 0.521191085129704, 0.5255892255892256, 0.5332176108568724, 0.5276576019777504, 0.5141323227538291, 0.5045556385362211, 0.5204759269507471, 0.545076060848679, 0.5198624247635426, 0.527293548797557, 0.5231468332859983, 0.5194984153231362, 0.537865633765193, 0.5050729232720355, 0.5214974054855448]
Preds: [17, 17, 17, 296, 296, 296, 296, 244, 244, 244, 244, 244, 244, 392, 392, 392, 392, 392, 392, 392, 392, 392, 392, 392, 392, 73, 73, 244, 73, 320, 321, 287, 287, 284, 284, 284, 460, 240, 450, 143, 251, 32, 109, 342, 286, 286, 286, 374, 374, 132, 276, 276, 331, 331, 259, 153, 153, 153, 182, 182, 182, 250, 250, 122, 122, 346, 346, 109, 68, 342, 35, 35, 213, 213, 213, 324, 3, 14, 251, 14, 132, 145, 145, 145, 284, 206, 206, 120, 264, 207, 207, 207, 207, 207, 434, 14, 14, 14, 7, 7, 473, 398, 324, 324, 301, 143, 251, 251, 239, 354, 354, 354, 106, 284, 206, 206, 206, 240, 240, 143, 219, 219, 219, 324, 324, 301, 301, 143, 239, 395, 374, 374, 132, 132, 132, 132, 132, 250, 250, 122, 411, 338, 65, 219, 286, 324, 422, 301, 143, 239, 239, 371, 106, 354, 84, 293, 293, 43, 43, 43, 43, 276, 276, 276, 276, 153, 153, 153, 182, 497, 497, 98, 75, 259, 251, 251, 354, 354, 420, 337, 278, 251, 251, 251, 251, 338, 354, 354, 180, 346, 139, 486, 460, 450, 35, 35, 293, 43, 276, 132, 132, 132, 346, 426, 387, 375, 375, 122, 346, 32, 259, 32, 276, 106, 132, 153, 426, 153, 182, 182, 182, 182, 182, 182, 375, 98, 98, 98, 497, 497, 83, 188, 188, 188, 264, 264, 264, 264, 264, 264, 264, 264, 264, 264, 264, 264, 264, 264, 264, 264, 264, 264, 264, 264, 264, 264, 264, 264, 264, 264, 264, 264, 264, 264, 264, 264, 264, 264, 264, 264, 264, 264, 264, 264, 264, 264, 264, 264, 264, 264, 264, 264, 264, 264, 264, 264, 264, 264, 264, 264, 264, 264, 264, 264, 264, 264, 264, 264, 120, 120, 120, 120, 120, 120, 120, 120, 120, 120, 120, 120, 120, 120, 120, 120, 120, 120, 120, 120, 120, 120, 120, 120, 120, 120, 120, 120, 120, 120, 120, 120, 120, 120, 120, 120, 120, 120, 120, 120, 120, 120, 120, 120, 120, 120, 120, 120, 120, 120, 120, 120, 120, 120, 120, 120, 120, 120, 120, 120, 120, 120, 120, 120, 120, 120, 120, 120, 120, 120, 120, 120, 120, 120, 120, 120, 120, 120, 120, 120, 120, 120, 120, 120, 120, 120, 120, 120, 120, 120, 120, 120, 120, 434, 434, 434, 434, 434, 434, 434, 434, 434, 434, 434, 434, 434, 434, 434, 434, 434, 434, 434, 434, 434, 434, 434, 434, 434, 434, 434, 434, 434, 434, 434, 434, 434, 434, 434, 434, 434, 434, 434, 434, 434, 434, 434, 434, 434, 434, 434, 434, 434, 434, 434, 434, 434, 434, 434, 434, 434, 434, 434, 434, 434, 434, 434, 434, 434, 434, 434, 434, 434, 434, 434, 434, 434, 434, 434, 434, 434, 434, 434, 434, 434, 434, 434, 434, 434, 434, 434, 434, 434, 434, 434, 434, 434, 434, 434, 434, 434, 434, 434, 434, 434, 434, 434, 434, 434, 434, 434, 434, 434, 434, 434, 434, 434, 434, 434, 434, 434, 434, 434, 434, 434, 434, 434, 434, 434, 434, 434, 434, 434, 434, 434, 434, 434, 434, 434, 434, 434, 434, 434, 434, 434, 434, 434, 434, 434, 434, 434, 434, 434, 434, 434, 434, 434, 434, 434, 434, 434, 434, 434, 434, 434, 434, 434, 434, 434, 434, 434, 434, 434, 434, 434, 434, 434, 434, 434, 434, 434, 434, 434, 434, 434, 434, 434, 434, 434, 434, 434, 434, 434, 434, 434, 434, 434, 434, 434, 434, 434, 434, 434, 434, 434, 434, 434, 434, 434, 434, 434, 434, 434]

ep144
Train step Loss: [2.2815299034118652, 2.1803348064422607, 2.221285581588745, 2.1760594844818115, 2.1977741718292236, 2.2220516204833984, 2.2576749324798584, 2.2483348846435547, 2.137827157974243, 2.137988328933716, 2.132829189300537, 2.1136021614074707, 2.210132122039795, 2.1622769832611084, 2.0369110107421875, 2.199037551879883, 2.279637575149536, 2.135164737701416, 2.2100613117218018, 2.1698036193847656, 2.218944787979126, 2.2058327198028564, 2.1476995944976807, 2.233025312423706, 2.1182496547698975, 2.271815776824951, 2.156654119491577, 2.205916166305542, 2.1447246074676514, 2.244340181350708, 2.193844795227051, 2.159757137298584, 2.1215734481811523, 2.1536874771118164, 2.1026134490966797, 2.264260768890381, 2.144043207168579, 2.2436892986297607, 2.1731836795806885, 2.233415126800537, 2.177686929702759, 2.1855711936950684, 2.2083890438079834, 2.1216297149658203, 2.1689507961273193, 2.194577932357788, 2.139261245727539, 2.0432887077331543, 2.203684091567993, 2.1947009563446045, 2.187253952026367, 2.294534921646118, 2.169328212738037, 2.2104060649871826, 2.0295732021331787, 2.2522244453430176, 2.185577630996704, 2.148756980895996, 2.2065982818603516, 2.1437065601348877, 2.187067985534668, 2.0964128971099854, 2.136558771133423]
val step Loss: [2.1233649253845215, 2.0227458477020264, 2.13962721824646, 2.071079969406128, 2.0961198806762695, 2.115952491760254, 2.1487085819244385, 2.118088483810425, 2.1362905502319336, 2.0635945796966553, 2.05125093460083, 2.054661750793457, 2.155604362487793, 2.166844367980957, 2.203836679458618, 1.9878604412078857]
Train step Accs: [0.4717436250861475, 0.5036255767963085, 0.4955713663423842, 0.5161398789509078, 0.4984428296010678, 0.49775003628973724, 0.48638073739653875, 0.48901329601119664, 0.5162882527147088, 0.5101340307289964, 0.5196781272860278, 0.5209286561599729, 0.4980453479280688, 0.5091473374714146, 0.5343378271213323, 0.5018427518427518, 0.49058135758363103, 0.5119617224880383, 0.5022466300549177, 0.5156768164003618, 0.5007332355685908, 0.5048636581087546, 0.5209790209790209, 0.4946477073014859, 0.519845644983462, 0.47598488936859146, 0.5202210838500944, 0.49961137882791856, 0.5160692212608158, 0.495006355547485, 0.50567081604426, 0.5054686185428235, 0.5192739844425238, 0.5131775980832585, 0.5167521367521367, 0.4697161453625023, 0.5141569235103536, 0.4858747993579454, 0.5083493423969263, 0.492843109738984, 0.5005439005439005, 0.4974134500596896, 0.4973316024808885, 0.5259022506325742, 0.5191744526565333, 0.5000831255195345, 0.5098506514140452, 0.5346508212044332, 0.49511267988053215, 0.5071090047393365, 0.5157828282828283, 0.47426286856571714, 0.5031168308867887, 0.5008775482651546, 0.5325427468284611, 0.48051732714309403, 0.4914294954721863, 0.5084811102544333, 0.49879090762534256, 0.5193328278999242, 0.5038301303588227, 0.5165968417660328, 0.5271046714963777]
val step Accs: [0.5274741955069824, 0.5458026960784313, 0.5237930437792006, 0.5291896601800755, 0.5305062743401125, 0.5159640421574706, 0.5189711524797499, 0.5296012887635925, 0.5168997668997669, 0.5390121689334287, 0.5399562123700055, 0.546464809148011, 0.5217958757504568, 0.5058165218671772, 0.5020429009193054, 0.5577830188679245]
Preds: [17, 17, 17, 17, 17, 296, 296, 296, 296, 317, 317, 317, 317, 317, 317, 317, 461, 461, 461, 461, 461, 461, 461, 461, 461, 461, 461, 461, 63, 63, 63, 63, 63, 63, 63, 63, 63, 244, 461, 461, 461, 461, 461, 461, 63, 461, 461, 7, 7, 7, 7, 7, 7, 63, 461, 244, 244, 63, 66, 63, 63, 73, 73, 73, 244, 320, 188, 188, 188, 278, 278, 374, 143, 354, 239, 239, 371, 371, 371, 172, 374, 251, 354, 331, 115, 115, 240, 251, 251, 251, 251, 354, 338, 346, 374, 338, 473, 331, 346, 371, 35, 444, 240, 240, 143, 239, 239, 371, 106, 88, 88, 346, 371, 251, 251, 473, 331, 331, 284, 315, 315, 315, 450, 450, 450, 450, 450, 150, 293, 35, 375, 414, 122, 276, 244, 244, 244, 182, 497, 319, 35, 35, 473, 473, 401, 197, 473, 188, 278, 278, 278, 240, 240, 264, 468, 35, 401, 132, 132, 132, 473, 354, 354, 65, 443, 443, 240, 450, 143, 36, 239, 239, 239, 239, 395, 65, 374, 346, 346, 224, 355, 355, 355, 355, 355, 35, 106, 239, 239, 371, 395, 278, 251, 355, 355, 342, 342, 224, 267, 355, 264, 355, 355, 355, 355, 355, 115, 115, 267, 213, 213, 213, 246, 246, 19, 355, 35, 395, 342, 251, 395, 401, 17, 244, 244, 80, 126, 73, 73, 244, 392, 392, 392, 63, 63, 73, 73, 73, 244, 287, 287, 35, 35, 35, 35, 406, 406, 406, 354, 106, 153, 153, 387, 387, 387, 387, 413, 122, 406, 406, 250, 250, 132, 132, 132, 132, 132, 132, 98, 98, 98, 13, 197, 47, 47, 80, 170, 63, 287, 284, 284, 240, 240, 35, 35, 355, 342, 224, 324, 324, 324, 422, 14, 14, 14, 14, 122, 411, 345, 251, 239, 251, 239, 374, 276, 32, 32, 109, 374, 338, 338, 431, 65, 324, 324, 301, 251, 251, 251, 251, 431, 331, 84, 496, 338, 497, 354, 106, 106, 354, 106, 331, 319, 240, 35, 35, 35, 251, 107, 180, 284, 284, 284, 284, 284, 284, 315, 206, 206, 206, 263, 263, 263, 35, 414, 244, 244, 244, 126, 126, 326, 73, 73, 244, 392, 63, 63, 63, 63, 63, 63, 63, 63, 63, 73, 73, 73, 244, 83, 83, 240, 240, 35, 35, 239, 106, 239, 354, 180, 426, 35, 35, 406, 276, 276, 250, 250, 250, 132, 132, 250, 303, 473, 473, 398, 65, 213, 252, 301, 143, 239, 239, 239, 239, 371, 371, 213, 213, 213, 213, 213, 246, 246, 3, 3, 14, 14, 14, 14, 303, 287, 145, 460, 460, 240, 35, 35, 355, 355, 224, 342, 203, 303, 303, 132, 473, 65, 145, 145, 468, 35, 406, 106, 371, 413, 413, 406, 431, 355, 239, 239, 371, 324, 301, 301, 251, 251, 239, 331, 84, 496, 338, 250, 354, 106, 106, 106, 276, 354, 65, 65, 375, 153, 426, 426, 153, 375, 375, 98, 98, 98, 387, 414, 170, 170, 244, 244, 244, 73, 73, 73, 73, 80, 392, 392, 63, 63, 63, 63, 73, 73, 73, 73, 320, 83, 83, 240, 443, 240, 35, 35, 406, 239, 354, 180, 443, 35, 35, 319, 406, 406, 406, 250, 250, 250, 250, 497, 497, 98, 497, 293, 14, 122, 287, 497, 387, 250, 75, 75, 406, 106, 354, 106, 106, 387, 387, 387, 387, 406, 406, 406, 106, 250, 250, 132, 132, 250, 132, 132, 122, 276, 276, 276, 338, 250, 250, 250, 197, 197, 414, 80, 287, 287, 284, 460, 240, 450, 35, 406, 342, 342, 224, 355, 324, 301, 14, 303, 303, 473, 473]

ep145
Train step Loss: [2.229879856109619, 2.164921760559082, 2.1433115005493164, 2.2071332931518555, 2.1572484970092773, 2.1344449520111084, 2.154209852218628, 2.050144672393799, 2.189831495285034, 2.144143581390381, 2.2074460983276367, 2.1409683227539062, 2.221879005432129, 2.291022539138794, 2.14081072807312, 2.109034776687622, 2.17694354057312, 2.1900832653045654, 2.155731678009033, 2.0950512886047363, 2.201247453689575, 2.0715692043304443, 2.150022506713867, 2.090406894683838, 2.0689785480499268, 2.171865701675415, 2.2486588954925537, 2.179926872253418, 1.9918594360351562, 2.132521390914917, 2.1471073627471924, 2.089080572128296, 2.204927444458008, 2.2039072513580322, 2.0460681915283203, 2.218923330307007, 2.26432466506958, 2.219545602798462, 2.1270945072174072, 2.2532119750976562, 2.1549997329711914, 2.197171926498413, 2.1183722019195557, 2.2251107692718506, 2.1832327842712402, 1.9892172813415527, 2.14581298828125, 2.1355433464050293, 2.146709442138672, 2.19020676612854, 2.2463343143463135, 2.1410226821899414, 2.25447940826416, 2.2155187129974365, 2.208921432495117, 2.0339012145996094, 2.145739793777466, 2.05026912689209, 2.1566946506500244, 2.1798229217529297, 2.1084885597229004, 2.2739827632904053, 2.2996838092803955]
val step Loss: [2.0423858165740967, 2.0651209354400635, 2.078691005706787, 2.149515151977539, 2.160778760910034, 2.1538145542144775, 1.9418920278549194, 2.189220428466797, 2.1826319694519043, 2.0792641639709473, 1.9909133911132812, 1.9363051652908325, 2.104311943054199, 2.1282689571380615, 2.086590528488159, 2.165118455886841]
Train step Accs: [0.4864193147523522, 0.5197768762677485, 0.5154241645244216, 0.48870515281263843, 0.50976, 0.5200752823086575, 0.5207807728057363, 0.5437537718768859, 0.49278318167555696, 0.5134131242261659, 0.49644451794278155, 0.506949524506218, 0.4947029018885306, 0.4906268306971295, 0.5090713407134071, 0.5275623268698061, 0.5066309044851736, 0.5148239654107474, 0.5001267748478702, 0.5264446620959843, 0.5044408558740412, 0.5282559554860025, 0.5030483271375464, 0.5240095198096039, 0.5398046759396271, 0.5019040365575019, 0.49009488929582157, 0.5063982746225737, 0.5544310722100656, 0.510966463846045, 0.5183729018599728, 0.5286265680283049, 0.5026343519494204, 0.49764115050981583, 0.5283898305084745, 0.4902295285359802, 0.4908073541167066, 0.5012745539061328, 0.5215844035277735, 0.49578589383409727, 0.5127810286418232, 0.5049677531811051, 0.5208140610545791, 0.48580187157147464, 0.505571943625041, 0.5554500870115489, 0.5214384508990318, 0.514058036385506, 0.520778364116095, 0.49866587607471097, 0.4941569282136895, 0.5181180596142607, 0.4924046541693601, 0.49938280071320806, 0.5080667593880389, 0.5364084314262251, 0.5113297555158021, 0.5452119774681292, 0.512490650710546, 0.5037100456621004, 0.5260596546310832, 0.47766379880873594, 0.4657718120805369]
val step Accs: [0.5478187919463087, 0.5415177343964807, 0.5364847715736041, 0.5109765329295988, 0.5170406134620846, 0.5143427288600648, 0.5728569087034913, 0.5009149891864915, 0.5056159420289855, 0.5384304207119741, 0.5623134858604519, 0.5720283770088316, 0.5327766179540709, 0.5274611398963731, 0.5366744593804793, 0.5161602477259531]
Preds: [17, 17, 296, 296, 296, 296, 296, 296, 461, 63, 63, 63, 461, 461, 244, 461, 63, 244, 244, 244, 73, 73, 244, 244, 321, 287, 287, 287, 443, 284, 284, 206, 206, 460, 240, 450, 450, 219, 219, 219, 252, 252, 286, 286, 374, 374, 374, 276, 338, 132, 153, 43, 132, 182, 182, 497, 497, 497, 122, 346, 346, 68, 342, 342, 267, 267, 213, 324, 324, 3, 14, 14, 411, 145, 145, 145, 284, 460, 206, 206, 206, 146, 207, 207, 207, 207, 468, 468, 14, 35, 398, 464, 324, 324, 324, 301, 301, 143, 259, 354, 106, 106, 284, 284, 240, 206, 264, 146, 240, 146, 219, 324, 324, 324, 301, 143, 374, 374, 374, 374, 374, 132, 153, 182, 497, 497, 250, 122, 75, 219, 219, 219, 219, 219, 219, 374, 374, 345, 35, 35, 88, 88, 293, 293, 43, 43, 43, 276, 276, 153, 153, 153, 182, 182, 497, 497, 122, 35, 35, 75, 354, 337, 324, 422, 422, 251, 36, 355, 355, 115, 273, 273, 224, 224, 486, 460, 450, 35, 35, 413, 413, 413, 132, 122, 331, 413, 250, 132, 250, 250, 406, 276, 132, 406, 106, 106, 354, 426, 153, 182, 182, 182, 182, 387, 414, 98, 98, 98, 497, 83, 188, 188, 188, 264, 264, 264, 264, 264, 264, 264, 264, 264, 264, 264, 264, 264, 264, 264, 264, 264, 264, 264, 264, 264, 264, 264, 264, 264, 264, 264, 264, 264, 264, 264, 264, 264, 264, 264, 264, 264, 264, 264, 264, 264, 264, 264, 264, 264, 264, 264, 264, 264, 264, 264, 264, 264, 264, 264, 264, 264, 264, 264, 264, 264, 264, 264, 264, 264, 264, 264, 264, 264, 264, 264, 264, 264, 264, 264, 264, 264, 264, 264, 264, 264, 264, 264, 264, 264, 264, 264, 264, 264, 264, 264, 264, 264, 264, 264, 264, 264, 264, 264, 264, 264, 264, 264, 264, 264, 264, 264, 264, 264, 264, 264, 264, 264, 264, 264, 264, 264, 264, 264, 264, 264, 264, 264, 264, 264, 264, 264, 264, 264, 264, 264, 264, 264, 264, 264, 264, 264, 264, 264, 264, 264, 264, 264, 264, 264, 264, 264, 264, 264, 264, 264, 264, 264, 264, 264, 264, 264, 264, 264, 264, 264, 264, 264, 264, 264, 264, 264, 264, 264, 264, 264, 264, 264, 264, 264, 264, 264, 264, 264, 264, 264, 264, 264, 264, 264, 264, 264, 264, 264, 264, 264, 264, 264, 264, 264, 264, 264, 264, 264, 264, 264, 264, 264, 264, 264, 264, 264, 264, 264, 264, 264, 264, 264, 264, 264, 264, 264, 264, 264, 264, 264, 264, 264, 264, 264, 264, 264, 264, 264, 264, 264, 264, 264, 264, 264, 264, 264, 264, 264, 264, 264, 264, 264, 264, 264, 264, 264, 264, 264, 264, 264, 264, 264, 264, 264, 264, 264, 264, 264, 264, 264, 264, 264, 264, 264, 264, 264, 264, 264, 264, 264, 264, 264, 264, 264, 264, 264, 264, 264, 264, 264, 264, 264, 264, 264, 264, 264, 264, 264, 264, 264, 264, 264, 264, 264, 264, 264, 264, 264, 264, 264, 264, 264, 264, 264, 264, 264, 264, 264, 264, 264, 264, 264, 264, 264, 264, 264, 264, 264, 264, 264, 264, 264, 264, 264, 264, 264, 264, 264, 264, 264, 264, 264, 264, 264, 264, 264, 264, 264, 264, 264, 264, 264, 264, 264, 264, 264, 264, 264, 264, 264, 264, 264, 264, 264, 264, 264, 264, 264, 264, 264, 264, 264, 264, 264, 264, 264, 264, 264, 264, 264, 264, 264, 264, 264, 264, 264, 264, 264, 264, 264, 264, 264, 264, 264, 264, 264]

ep146
Train step Loss: [2.1978540420532227, 2.0317747592926025, 2.0668816566467285, 2.133331775665283, 2.2350003719329834, 2.2143704891204834, 2.1724979877471924, 2.1851937770843506, 2.1786305904388428, 2.1360111236572266, 2.078138828277588, 2.1354854106903076, 2.138784885406494, 2.216625452041626, 2.20072078704834, 2.112809658050537, 2.1606411933898926, 2.218524694442749, 2.1193466186523438, 2.0941970348358154, 2.1772069931030273, 2.2115659713745117, 2.162842273712158, 2.2575223445892334, 2.0798463821411133, 2.1451241970062256, 2.2179691791534424, 2.092083215713501, 2.1930506229400635, 2.1827714443206787, 2.0938074588775635, 2.152769088745117, 2.05047869682312, 2.1418988704681396, 2.159339666366577, 2.118347644805908, 2.1387407779693604, 2.203425645828247, 2.044191360473633, 2.177633047103882, 2.109299659729004, 2.145965099334717, 2.191296100616455, 2.099058151245117, 2.2022056579589844, 2.0477850437164307, 2.135338068008423, 2.1624581813812256, 2.200327157974243, 1.9514813423156738, 2.130378484725952, 2.1085896492004395, 2.079680919647217, 2.17617130279541, 2.186774253845215, 2.0618255138397217, 2.098196268081665, 2.143620014190674, 2.102048635482788, 2.0259695053100586, 2.156754732131958, 2.1103355884552, 2.110856533050537]
val step Loss: [2.0542218685150146, 2.1807682514190674, 1.977173089981079, 2.0719759464263916, 2.0033390522003174, 2.089632749557495, 2.114581823348999, 2.0561511516571045, 1.9913246631622314, 2.0560805797576904, 2.0855369567871094, 2.0045931339263916, 2.019087076187134, 2.1751937866210938, 2.1899430751800537, 2.0085995197296143]
Train step Accs: [0.5050828575407325, 0.5444978953698136, 0.5358700556474658, 0.5129693451841103, 0.49284549900380364, 0.49705417445035205, 0.495017046944663, 0.5022878228782288, 0.5154235351721886, 0.5194904849600982, 0.5370172492749199, 0.5187681936571166, 0.5178234034513163, 0.47962529274004684, 0.49938781756963574, 0.5217021276595745, 0.5242561448900388, 0.49835878407306977, 0.5280051356122613, 0.5243612125059515, 0.509484291641968, 0.5084965437788018, 0.5125398089171974, 0.48286550714654725, 0.5261897635438492, 0.5176594623089088, 0.4920512424756907, 0.5196616708710491, 0.5023412350014633, 0.500077243936351, 0.5293207706370412, 0.5108809845414978, 0.5420033346158779, 0.5109028960817718, 0.5045788726944409, 0.5268025078369906, 0.5152097342299071, 0.49727660827322245, 0.5446902654867256, 0.5077749505230421, 0.524597993950008, 0.5270367700072098, 0.5138632162661737, 0.5305218012866333, 0.4968260685569192, 0.5310758082497213, 0.5170141017780503, 0.517196261682243, 0.4983573775174975, 0.5616413916146298, 0.5237371177563778, 0.5152242387880606, 0.5327608142493638, 0.5158638829524905, 0.518298555377207, 0.5266295707472178, 0.5289608177172062, 0.5125166641978967, 0.5296071634893126, 0.5451907131011609, 0.5133921144568292, 0.5240660295395309, 0.5187517892928715]
val step Accs: [0.5371428571428571, 0.5098631880369074, 0.5581514762516047, 0.5287356321839081, 0.5560561204788261, 0.5389600370313223, 0.5302178496134926, 0.5336252736940882, 0.5565119232397348, 0.5406879194630873, 0.5326450487131017, 0.5531370038412292, 0.5564403464654931, 0.5114992721979622, 0.5062008469449486, 0.5419896640826873]
Preds: [17, 287, 443, 251, 355, 35, 35, 371, 374, 276, 32, 32, 109, 240, 330, 219, 219, 464, 464, 286, 286, 286, 374, 468, 106, 84, 84, 426, 139, 139, 139, 293, 354, 106, 100, 65, 267, 267, 284, 426, 426, 426, 426, 293, 293, 293, 293, 293, 346, 186, 35, 35, 293, 259, 473, 354, 331, 331, 224, 224, 224, 35, 115, 286, 286, 207, 207, 240, 240, 339, 374, 251, 398, 398, 464, 464, 374, 374, 374, 374, 132, 132, 132, 132, 276, 132, 132, 132, 132, 132, 132, 132, 132, 132, 132, 132, 132, 250, 250, 197, 197, 132, 411, 276, 287, 374, 132, 426, 426, 293, 293, 406, 354, 354, 106, 106, 354, 35, 106, 426, 35, 106, 413, 132, 132, 132, 132, 132, 132, 132, 132, 122, 276, 276, 276, 276, 374, 250, 48, 48, 414, 414, 244, 244, 73, 73, 73, 80, 47, 320, 188, 188, 188, 171, 171, 171, 171, 171, 171, 171, 3, 3, 14, 14, 411, 411, 346, 145, 145, 443, 146, 120, 120, 120, 120, 120, 207, 207, 468, 468, 19, 19, 454, 454, 414, 414, 414, 414, 170, 392, 392, 244, 392, 392, 392, 244, 321, 321, 320, 219, 219, 219, 152, 152, 252, 374, 143, 406, 43, 43, 276, 276, 276, 346, 346, 132, 132, 132, 132, 132, 153, 182, 497, 497, 497, 293, 14, 250, 14, 287, 287, 145, 315, 460, 460, 460, 460, 464, 450, 450, 219, 219, 219, 464, 464, 464, 450, 450, 450, 406, 43, 43, 354, 354, 354, 354, 497, 497, 346, 88, 338, 346, 239, 239, 239, 395, 395, 395, 180, 180, 486, 486, 486, 460, 460, 460, 450, 35, 35, 406, 278, 286, 207, 207, 207, 264, 264, 264, 207, 207, 207, 324, 324, 324, 324, 422, 301, 468, 374, 374, 374, 354, 354, 132, 132, 122, 354, 132, 132, 132, 132, 132, 132, 153, 250, 414, 414, 414, 48, 48, 126, 47, 7, 7, 7, 32, 239, 331, 331, 395, 395, 444, 171, 171, 171, 171, 171, 171, 171, 246, 246, 19, 252, 143, 354, 354, 180, 443, 443, 284, 486, 376, 315, 315, 460, 460, 460, 460, 169, 35, 406, 342, 355, 213, 213, 213, 213, 213, 213, 246, 246, 3, 3, 143, 301, 342, 35, 355, 355, 355, 342, 267, 443, 443, 284, 486, 376, 315, 315, 315, 315, 315, 315, 460, 460, 460, 14, 14, 240, 240, 434, 434, 434, 434, 434, 434, 434, 434, 434, 434, 434, 434, 434, 434, 434, 434, 434, 434, 434, 434, 434, 434, 434, 434, 434, 434, 434, 434, 434, 434, 434, 434, 434, 434, 434, 434, 434, 434, 434, 434, 434, 434, 434, 434, 434, 434, 434, 434, 434, 434, 434, 434, 434, 434, 434, 434, 434, 434, 434, 434, 434, 434, 434, 434, 434, 434, 434, 434, 434, 434, 434, 434, 434, 434, 434, 434, 434, 434, 434, 434, 434, 434, 434, 434, 434, 434, 434, 434, 434, 434, 434, 434, 434, 434, 434, 434, 434, 434, 434, 434, 434, 434, 434, 434, 434, 434, 434, 434, 434, 434, 434, 434, 434, 434, 434, 434, 434, 434, 434, 434, 434, 434, 434, 434, 434, 434, 434, 434, 434, 434, 434, 434, 434, 434, 434, 434, 434, 434, 434, 434, 434, 434, 434, 434, 434, 434, 434, 434, 434, 434, 434, 434, 434, 434, 434, 434, 434, 434, 434, 434, 434, 434, 434, 434, 434, 434, 434, 434, 434, 434, 434, 434, 434, 434, 434, 434, 434, 434, 434, 434, 434, 434, 434, 434, 434, 434, 434, 434, 434, 434, 434, 434, 434, 434, 434, 434, 434, 434, 434, 434]

ep147
Train step Loss: [2.122213125228882, 2.1474921703338623, 2.1414237022399902, 2.1374094486236572, 2.0677590370178223, 2.089329481124878, 2.1154165267944336, 2.1061580181121826, 2.1793882846832275, 2.128260850906372, 2.1011314392089844, 2.117187976837158, 2.2259223461151123, 2.1023285388946533, 2.1844286918640137, 2.157442331314087, 2.060112237930298, 2.150167942047119, 2.1402132511138916, 2.1435916423797607, 2.039271354675293, 2.171833038330078, 2.0909125804901123, 2.102728843688965, 2.0643370151519775, 2.1326117515563965, 2.1229498386383057, 2.184647798538208, 2.0956311225891113, 2.1059436798095703, 2.0631790161132812, 2.117149591445923, 2.1710028648376465, 2.1044392585754395, 2.2062363624572754, 2.141568183898926, 2.054321527481079, 2.1933724880218506, 2.076676845550537, 2.1412267684936523, 2.031395435333252, 2.1737356185913086, 2.0712616443634033, 2.091855764389038, 2.1067147254943848, 2.066380023956299, 2.0662803649902344, 2.105959892272949, 2.130786418914795, 2.1219124794006348, 2.0410618782043457, 2.1343905925750732, 2.1215648651123047, 2.1431591510772705, 2.071965456008911, 2.0863823890686035, 2.1137900352478027, 2.146965742111206, 2.122951030731201, 2.085084915161133, 2.010160446166992, 2.14607572555542, 2.211472749710083]
val step Loss: [2.0499844551086426, 2.057225227355957, 2.0691871643066406, 2.100287437438965, 2.00104022026062, 1.9976242780685425, 1.9780255556106567, 1.996417760848999, 2.1027846336364746, 2.13986873626709, 2.106123924255371, 2.0189061164855957, 1.9853425025939941, 2.0626699924468994, 1.9641547203063965, 2.077955722808838]
Train step Accs: [0.5257040679481448, 0.5140440954394443, 0.5143950740555833, 0.5042507084514085, 0.5360980523841504, 0.5201989749773892, 0.5230199329687776, 0.5126091972968518, 0.512006196746708, 0.515106754397744, 0.5243428215896718, 0.5342983828899321, 0.4893585574933491, 0.5223529411764706, 0.4990272373540856, 0.5098097064463786, 0.5331647539389224, 0.5177624176177463, 0.5155650319829425, 0.5045188729399256, 0.5409993155373032, 0.507556270096463, 0.527693159789532, 0.5164886205294937, 0.5366413561716404, 0.5116127348643006, 0.5170707570509648, 0.5031770045385779, 0.5215529967522882, 0.516042780748663, 0.5379268661226957, 0.5208243262717971, 0.5042654028436019, 0.5187252166250551, 0.5032021957913998, 0.5174191750278707, 0.5346613545816733, 0.5051036682615629, 0.5230860008850863, 0.5179844190286756, 0.5390870185449358, 0.5065065065065065, 0.5303558967201675, 0.5309760808200862, 0.520811260784017, 0.5322608847700647, 0.5313625450180072, 0.5254750294266016, 0.5234577760031942, 0.5250509758228954, 0.5388335704125178, 0.5237790232185748, 0.518124759830921, 0.5084720789745101, 0.5379586390927285, 0.530827067669173, 0.5208066581306018, 0.5116116640474944, 0.5285689625409977, 0.5394329896907216, 0.5500171291538198, 0.519374282433984, 0.519571865443425]
val step Accs: [0.5377669734328877, 0.5506091141525041, 0.5312401388450615, 0.5299961788307223, 0.5519075847393221, 0.55494194279241, 0.5651109190435033, 0.5561268209083119, 0.5345755693581781, 0.5181054660608564, 0.5350032113037894, 0.5423835832675612, 0.546535748859079, 0.5436319053800663, 0.5625086721243235, 0.5340157816165494]
Preds: [17, 17, 287, 287, 284, 284, 450, 293, 43, 43, 43, 276, 276, 276, 276, 153, 153, 182, 182, 387, 387, 387, 387, 293, 188, 188, 324, 301, 422, 374, 374, 251, 219, 464, 219, 219, 219, 219, 468, 374, 374, 374, 106, 153, 387, 387, 497, 293, 293, 122, 122, 345, 219, 219, 219, 213, 324, 301, 301, 35, 251, 473, 395, 398, 464, 434, 286, 286, 464, 464, 171, 171, 171, 171, 252, 252, 252, 252, 468, 454, 35, 414, 414, 126, 47, 47, 80, 80, 321, 321, 287, 287, 287, 284, 460, 460, 460, 460, 169, 35, 355, 355, 450, 450, 443, 443, 443, 315, 315, 450, 450, 450, 450, 413, 413, 413, 65, 65, 43, 426, 35, 35, 153, 98, 293, 321, 287, 287, 284, 450, 450, 206, 35, 355, 99, 259, 107, 431, 259, 371, 239, 239, 239, 107, 371, 180, 443, 443, 486, 486, 315, 315, 315, 315, 460, 460, 460, 206, 450, 450, 219, 219, 219, 301, 301, 219, 219, 464, 464, 374, 374, 374, 374, 374, 374, 276, 43, 345, 354, 346, 346, 355, 355, 355, 35, 35, 355, 342, 106, 106, 387, 387, 132, 132, 132, 122, 75, 473, 331, 331, 426, 180, 443, 443, 486, 240, 450, 355, 355, 99, 219, 219, 301, 213, 324, 171, 171, 171, 246, 246, 246, 3, 3, 14, 219, 219, 219, 252, 301, 143, 354, 267, 374, 497, 497, 122, 122, 346, 395, 355, 355, 35, 374, 153, 43, 153, 153, 387, 387, 387, 497, 497, 14, 346, 66, 426, 494, 494, 355, 115, 115, 267, 267, 213, 213, 213, 246, 19, 19, 454, 229, 414, 244, 126, 126, 63, 321, 244, 244, 244, 321, 321, 7, 7, 7, 7, 331, 331, 426, 284, 315, 486, 206, 206, 146, 146, 146, 146, 464, 464, 464, 443, 315, 315, 450, 450, 450, 450, 450, 99, 88, 431, 355, 355, 286, 286, 286, 286, 19, 468, 406, 467, 395, 371, 278, 19, 203, 401, 473, 473, 398, 324, 324, 252, 219, 219, 301, 213, 213, 213, 213, 213, 252, 252, 301, 143, 355, 355, 239, 434, 434, 434, 434, 19, 19, 19, 454, 454, 229, 414, 244, 244, 244, 321, 7, 287, 287, 35, 284, 450, 206, 206, 240, 35, 35, 219, 219, 324, 213, 213, 252, 219, 143, 34, 374, 346, 139, 139, 88, 497, 497, 497, 98, 122, 43, 276, 276, 276, 345, 331, 426, 426, 426, 426, 153, 182, 182, 182, 182, 182, 182, 182, 98, 98, 98, 66, 188, 188, 434, 434, 434, 434, 264, 264, 264, 264, 264, 434, 434, 434, 434, 434, 434, 434, 434, 434, 434, 434, 434, 434, 434, 434, 434, 434, 434, 434, 434, 434, 434, 434, 434, 434, 434, 434, 434, 434, 434, 434, 434, 434, 434, 434, 434, 434, 434, 434, 434, 434, 434, 434, 434, 434, 434, 434, 434, 434, 434, 434, 434, 434, 434, 434, 434, 434, 434, 434, 434, 434, 434, 434, 434, 434, 434, 434, 434, 434, 434, 434, 434, 434, 434, 434, 434, 434, 434, 434, 434, 434, 434, 434, 434, 434, 434, 434, 434, 434, 434, 434, 434, 434, 434, 434, 434, 434, 434, 434, 434, 434, 434, 434, 434, 434, 434, 434, 434, 434, 434, 434, 434, 434, 434, 434, 434, 434, 434, 434, 434, 434, 434, 434, 434, 434, 434, 434, 434, 434, 434, 434, 434, 434, 434, 434, 434, 434, 434, 434, 434, 434, 434, 434, 434, 434, 434, 434, 434, 434, 434, 434, 434, 434, 434, 434, 434, 434, 434, 434, 434, 434, 434, 434, 434, 434, 434, 434, 434, 434, 434, 434, 434, 434]

ep148
Train step Loss: [2.130570888519287, 2.1949188709259033, 2.137498617172241, 2.0654759407043457, 2.104949951171875, 2.07489275932312, 2.102991819381714, 2.031886577606201, 2.059830665588379, 2.0971839427948, 2.1476426124572754, 2.1017367839813232, 2.1489949226379395, 2.0544450283050537, 2.1215741634368896, 2.076718330383301, 2.0051491260528564, 2.051490068435669, 2.054417371749878, 2.1139883995056152, 2.0456602573394775, 2.197230100631714, 2.0845582485198975, 2.056095838546753, 2.05486798286438, 2.114229679107666, 2.1463875770568848, 2.149740219116211, 2.1273560523986816, 2.087299346923828, 2.0731608867645264, 1.921021580696106, 2.202909469604492, 2.079009771347046, 2.1353888511657715, 2.0508689880371094, 2.155674457550049, 1.9803770780563354, 2.0614943504333496, 2.05139422416687, 2.091334342956543, 2.132267951965332, 2.1640584468841553, 2.039442539215088, 2.19575834274292, 2.105433940887451, 2.0410776138305664, 2.081317186355591, 2.0707576274871826, 2.0793769359588623, 2.169682741165161, 2.1614134311676025, 2.089242935180664, 2.051260471343994, 2.065643072128296, 2.1267099380493164, 2.0757226943969727, 2.1117513179779053, 2.1540369987487793, 2.0894980430603027, 2.177459478378296, 2.089961051940918, 2.1781668663024902]
val step Loss: [2.005462408065796, 1.8831243515014648, 2.155320882797241, 2.0519204139709473, 2.0748677253723145, 2.0515623092651367, 1.9974079132080078, 2.062288999557495, 2.014986515045166, 1.9089794158935547, 1.9739080667495728, 2.030526876449585, 2.0105082988739014, 2.018435001373291, 2.078892707824707, 2.0356087684631348]
Train step Accs: [0.5163922482879207, 0.5107747105966162, 0.5233134920634921, 0.5488494907582044, 0.5297970921872504, 0.53261351871025, 0.523406374501992, 0.5470670391061453, 0.5255586592178771, 0.5234076433121019, 0.5176884904754282, 0.5203864185253587, 0.5232116788321168, 0.5422611036339166, 0.5232454841575362, 0.530955487893287, 0.5595447988459689, 0.5263467765675596, 0.5324514991181658, 0.5274427020506635, 0.5491321187777937, 0.506574827802129, 0.5363759602349751, 0.5302461410095953, 0.54683801149814, 0.5219432905905725, 0.5214786674459381, 0.5106521385591153, 0.5273815812643071, 0.5228909465020576, 0.5260259371113875, 0.5565246009544182, 0.5033598999843726, 0.5201729106628242, 0.5171758514837013, 0.5402220324508966, 0.5142683667273831, 0.5472279260780287, 0.5325036842967087, 0.5341414141414141, 0.5234226915786623, 0.5160629921259843, 0.5089960417416337, 0.5393947655398037, 0.5049122241906909, 0.5145035885167464, 0.54015625, 0.5382875043508528, 0.5305284034565803, 0.5301571828926526, 0.5023094688221709, 0.5227130325814536, 0.5304578633045787, 0.5303378156772712, 0.5377153797064455, 0.524164091036808, 0.5369366578906613, 0.5295426108716808, 0.520351614752532, 0.5224182285924293, 0.5044467123487388, 0.5182843002474566, 0.5147319843805467]
val step Accs: [0.5528333082819781, 0.585637166693931, 0.5165431445209105, 0.5416782826874825, 0.5393169181890389, 0.5485478604571232, 0.557061790668348, 0.5324053285436312, 0.5486867392696989, 0.5802913990286699, 0.555979297194225, 0.5494259728641717, 0.5493728315986123, 0.5498766785420663, 0.5375630475179187, 0.5566644488800178]
Preds: [17, 296, 296, 387, 387, 122, 32, 32, 32, 32, 371, 374, 374, 132, 132, 132, 132, 132, 132, 473, 217, 374, 374, 346, 145, 35, 35, 337, 286, 286, 286, 278, 278, 278, 278, 278, 278, 278, 339, 14, 250, 65, 428, 348, 348, 293, 293, 497, 497, 497, 122, 32, 354, 106, 106, 153, 153, 387, 387, 387, 387, 413, 413, 132, 250, 250, 250, 250, 250, 250, 122, 250, 122, 276, 276, 293, 293, 14, 387, 48, 197, 197, 321, 80, 244, 321, 321, 287, 287, 287, 287, 284, 284, 206, 206, 293, 293, 43, 276, 346, 346, 346, 284, 284, 206, 206, 206, 240, 99, 251, 251, 239, 331, 331, 284, 486, 206, 206, 146, 146, 146, 146, 468, 167, 150, 342, 355, 355, 115, 273, 106, 106, 88, 426, 153, 182, 182, 182, 375, 375, 375, 98, 98, 497, 497, 414, 170, 244, 392, 392, 63, 63, 63, 63, 63, 63, 63, 63, 392, 7, 7, 7, 75, 63, 63, 63, 63, 63, 63, 73, 73, 244, 321, 321, 287, 287, 287, 287, 284, 284, 284, 206, 450, 43, 43, 43, 276, 346, 346, 346, 284, 284, 206, 206, 99, 88, 406, 331, 426, 267, 267, 267, 146, 146, 240, 450, 150, 342, 224, 224, 342, 99, 293, 293, 293, 293, 132, 65, 65, 284, 284, 284, 284, 206, 35, 406, 406, 406, 406, 106, 106, 413, 413, 250, 250, 250, 250, 219, 219, 464, 464, 422, 434, 434, 251, 374, 473, 473, 65, 180, 240, 171, 171, 301, 301, 301, 143, 106, 109, 355, 443, 146, 171, 171, 171, 252, 252, 143, 239, 106, 180, 84, 35, 35, 293, 293, 43, 43, 43, 276, 276, 153, 153, 182, 182, 182, 497, 497, 98, 497, 197, 320, 63, 287, 287, 450, 284, 460, 460, 460, 450, 35, 35, 355, 355, 224, 224, 443, 443, 315, 315, 468, 99, 43, 43, 276, 346, 346, 139, 284, 206, 240, 99, 251, 331, 337, 486, 206, 146, 146, 146, 240, 450, 240, 342, 224, 355, 355, 355, 342, 293, 293, 303, 473, 473, 188, 278, 36, 36, 355, 355, 355, 355, 355, 115, 115, 273, 106, 106, 426, 426, 426, 387, 387, 387, 98, 98, 75, 48, 126, 126, 73, 47, 47, 47, 320, 188, 188, 188, 66, 66, 36, 374, 251, 354, 354, 84, 355, 371, 371, 330, 239, 239, 395, 109, 180, 264, 434, 240, 143, 143, 239, 251, 276, 100, 32, 32, 293, 293, 98, 473, 346, 355, 224, 224, 355, 267, 35, 146, 146, 207, 207, 207, 324, 324, 301, 468, 468, 354, 109, 106, 84, 84, 496, 338, 374, 375, 375, 98, 75, 414, 244, 244, 244, 126, 47, 47, 80, 320, 320, 7, 7, 7, 331, 395, 395, 331, 276, 276, 276, 276, 293, 293, 497, 497, 35, 35, 406, 180, 139, 115, 267, 264, 355, 355, 35, 224, 224, 115, 486, 486, 240, 450, 355, 374, 374, 374, 431, 251, 338, 431, 331, 239, 107, 431, 342, 342, 342, 115, 267, 267, 213, 213, 213, 213, 246, 3, 3, 464, 252, 486, 486, 460, 460, 460, 460, 35, 35, 35, 434, 450, 171, 171, 171, 171, 171, 252, 143, 310, 434, 434, 434, 246, 246, 246, 246, 19, 19, 19, 454, 454, 414, 414, 414, 244, 392, 392, 392, 244, 320, 321, 7, 7, 219, 398, 213, 213, 213, 301, 301, 301, 143, 395, 180, 443, 443, 443, 443, 146, 464, 240, 143, 43, 354, 109, 139, 267, 267, 267, 146, 146, 240, 468, 355, 355, 139, 324, 35, 35, 395, 395, 331, 331, 84, 106, 284, 426, 426, 426, 426]

ep149
Train step Loss: [2.179452657699585, 2.1232128143310547, 2.0923004150390625, 1.9643982648849487, 2.1187057495117188, 2.1395785808563232, 1.9823541641235352, 2.1440367698669434, 2.1540331840515137, 1.9936904907226562, 2.1262173652648926, 2.0420408248901367, 2.0283777713775635, 2.033997058868408, 2.1200873851776123, 2.1031301021575928, 2.1245596408843994, 2.1530659198760986, 1.956360936164856, 2.087740659713745, 2.2058517932891846, 2.001312732696533, 2.2072927951812744, 2.0936269760131836, 2.10003924369812, 2.0495171546936035, 2.0845868587493896, 2.1382548809051514, 2.158982992172241, 1.9613373279571533, 2.046234607696533, 2.1365859508514404, 2.075056791305542, 2.109057903289795, 2.0729565620422363, 2.11309814453125, 2.075955867767334, 2.0701217651367188, 1.948659062385559, 2.144824266433716, 2.098665952682495, 2.06172776222229, 1.9687049388885498, 1.991512656211853, 1.9462918043136597, 2.1123270988464355, 1.9940141439437866, 2.101619005203247, 2.0621888637542725, 2.2085676193237305, 1.9969106912612915, 2.1094064712524414, 2.0061795711517334, 2.0995562076568604, 2.1117019653320312, 2.0592710971832275, 1.958927035331726, 2.128072500228882, 2.0373401641845703, 2.137549877166748, 2.0138208866119385, 2.103656768798828, 2.0749404430389404]
val step Loss: [2.0002646446228027, 1.988000750541687, 2.0716986656188965, 2.0103471279144287, 1.9993410110473633, 2.007650852203369, 2.0671355724334717, 1.9919503927230835, 1.9448556900024414, 1.9438520669937134, 1.905477523803711, 2.094391345977783, 2.131885290145874, 1.9335622787475586, 1.971456527709961, 2.0094752311706543]
Train step Accs: [0.5115898959881129, 0.5178105994787141, 0.52865865668702, 0.5633717404487568, 0.5253639846743295, 0.526168876482903, 0.5543550531914894, 0.5203363914373089, 0.5138839444642221, 0.5540074493033522, 0.5125366330185608, 0.5335616438356164, 0.5354445475023188, 0.5408450704225352, 0.5223715415019763, 0.5158662820295266, 0.5194460813199764, 0.5213688448436048, 0.5577362548729667, 0.5339366515837104, 0.5012378280244265, 0.539288112827401, 0.49642909196910073, 0.5351211543697251, 0.5306973400431344, 0.548397435897436, 0.5176092109718929, 0.5142726301328041, 0.5069340016708438, 0.5604606525911708, 0.535966149506347, 0.5197230719690871, 0.5251042233097698, 0.5232375979112271, 0.5431559232089902, 0.5286044718581342, 0.5342976439009842, 0.5460849465472407, 0.5526081538187645, 0.5297656744775174, 0.5260693100218545, 0.5397826378639474, 0.5562221460404525, 0.5593105320304017, 0.5644898563601363, 0.5274706582752169, 0.5481980662174041, 0.5274963820549927, 0.5400271370420624, 0.5071530758226037, 0.5595457335788827, 0.5301204819277109, 0.5441764096492526, 0.5117997925311203, 0.5215108648096836, 0.5340110629391538, 0.553680262541022, 0.5185280826339574, 0.534769833496572, 0.524925857929671, 0.5462574200086868, 0.5266282835552357, 0.5431098010316876]
val step Accs: [0.5598544081962793, 0.5612848689771767, 0.536148790378968, 0.5513045829390293, 0.5513730330145017, 0.5496490966104226, 0.5427741466957153, 0.5501623376623377, 0.5742461054737745, 0.5641060688901038, 0.5722525331254872, 0.534387222946545, 0.5237543453070683, 0.5707425827473847, 0.5641062455132807, 0.5498369818351188]
Preds: [17, 296, 296, 296, 132, 132, 132, 297, 293, 293, 122, 354, 35, 35, 239, 239, 354, 354, 293, 331, 426, 106, 88, 88, 88, 180, 284, 206, 460, 240, 468, 35, 167, 77, 342, 342, 342, 115, 273, 273, 224, 224, 115, 315, 450, 450, 450, 293, 293, 43, 331, 109, 264, 146, 450, 330, 330, 330, 454, 17, 197, 82, 82, 75, 75, 114, 278, 278, 240, 143, 251, 251, 241, 371, 337, 286, 464, 464, 468, 35, 443, 486, 486, 460, 240, 468, 35, 150, 450, 224, 224, 224, 35, 264, 374, 374, 374, 250, 276, 346, 239, 239, 239, 395, 395, 354, 259, 354, 374, 374, 132, 132, 132, 250, 346, 186, 251, 251, 338, 338, 338, 338, 338, 338, 338, 431, 65, 251, 251, 251, 338, 338, 338, 338, 338, 338, 338, 431, 331, 330, 263, 263, 414, 82, 170, 82, 244, 63, 63, 63, 63, 63, 80, 20, 20, 20, 20, 244, 244, 321, 392, 392, 73, 73, 73, 244, 320, 83, 83, 83, 240, 240, 240, 278, 278, 150, 150, 342, 342, 342, 342, 115, 115, 267, 267, 267, 213, 301, 301, 143, 106, 239, 239, 354, 337, 286, 324, 324, 464, 464, 464, 120, 464, 464, 464, 464, 207, 207, 468, 406, 406, 406, 337, 286, 468, 35, 251, 395, 395, 395, 251, 374, 374, 338, 331, 431, 355, 355, 278, 278, 355, 35, 239, 239, 355, 251, 251, 109, 251, 395, 395, 401, 401, 401, 188, 188, 171, 171, 171, 171, 171, 246, 246, 246, 246, 246, 246, 246, 246, 246, 246, 3, 3, 3, 3, 3, 464, 120, 120, 120, 120, 468, 143, 468, 310, 310, 310, 310, 401, 321, 321, 126, 244, 126, 326, 326, 326, 326, 244, 244, 321, 321, 321, 149, 392, 244, 320, 83, 188, 171, 416, 35, 239, 239, 354, 354, 180, 264, 264, 120, 240, 468, 406, 467, 406, 496, 401, 303, 303, 473, 473, 398, 278, 286, 450, 143, 36, 290, 239, 395, 355, 374, 400, 468, 395, 464, 324, 324, 301, 143, 251, 251, 239, 331, 106, 88, 497, 354, 106, 106, 107, 374, 276, 106, 106, 387, 387, 122, 88, 106, 106, 106, 106, 337, 278, 19, 19, 454, 454, 414, 414, 170, 170, 170, 244, 73, 73, 63, 63, 244, 321, 244, 149, 73, 73, 73, 73, 320, 83, 83, 240, 171, 416, 35, 239, 239, 354, 180, 264, 264, 120, 468, 35, 406, 467, 467, 496, 338, 293, 303, 303, 473, 65, 65, 443, 240, 240, 240, 468, 35, 401, 303, 132, 132, 75, 354, 354, 106, 284, 315, 315, 355, 355, 263, 263, 263, 414, 414, 170, 170, 170, 170, 73, 73, 23, 392, 244, 392, 63, 63, 63, 73, 244, 244, 320, 188, 188, 171, 301, 301, 143, 36, 239, 371, 19, 171, 171, 252, 468, 468, 239, 239, 354, 354, 180, 264, 264, 120, 120, 468, 468, 35, 406, 496, 100, 132, 303, 303, 48, 48, 48, 414, 414, 170, 170, 170, 244, 392, 392, 392, 63, 73, 73, 73, 244, 63, 287, 73, 244, 98, 182, 43, 43, 43, 406, 406, 406, 106, 276, 276, 276, 276, 250, 250, 250, 98, 250, 321, 287, 145, 460, 240, 35, 35, 355, 77, 355, 342, 342, 224, 273, 267, 355, 324, 464, 464, 468, 19, 468, 35, 401, 303, 132, 132, 75, 354, 106, 65, 486, 240, 413, 240, 240, 434, 434, 434, 434, 434, 434, 434, 434, 434, 434, 434, 434, 434, 434, 434, 434, 434, 434, 434, 120, 120, 120, 120, 120, 120, 120, 120, 120, 120, 120, 120, 120, 120, 120, 120, 120, 120]

ep150
Train step Loss: [2.050774097442627, 2.0545785427093506, 1.9395732879638672, 2.197099208831787, 2.0734617710113525, 2.085285186767578, 2.1753580570220947, 2.060425043106079, 1.9808323383331299, 2.0289430618286133, 2.0991387367248535, 2.0496413707733154, 2.0965938568115234, 2.07179594039917, 2.097498893737793, 2.001394271850586, 2.085268974304199, 2.0066897869110107, 2.0075395107269287, 2.198427200317383, 2.0321412086486816, 2.2022786140441895, 2.0821852684020996, 2.1104297637939453, 2.0272135734558105, 2.0464518070220947, 2.0475399494171143, 2.020559787750244, 1.9515166282653809, 2.0048608779907227, 2.045772075653076, 2.052490472793579, 2.0576679706573486, 2.0329830646514893, 2.0763099193573, 2.0730206966400146, 2.0574824810028076, 2.0578417778015137, 2.0583336353302, 2.0402514934539795, 1.9635412693023682, 2.138579845428467, 2.0440969467163086, 2.0418412685394287, 1.9808893203735352, 2.1378607749938965, 2.1178574562072754, 1.9897258281707764, 2.110614061355591, 2.092885971069336, 2.0073390007019043, 2.072763204574585, 2.0921506881713867, 2.028529167175293, 2.0505082607269287, 2.0661582946777344, 1.9877212047576904, 2.1086182594299316, 2.0230932235717773, 1.9289242029190063, 2.0626955032348633, 2.010127544403076, 2.068535804748535]
val step Loss: [1.9720734357833862, 1.9670048952102661, 2.0215189456939697, 1.9190309047698975, 1.9873276948928833, 1.9828886985778809, 2.0576963424682617, 1.9449951648712158, 2.061645746231079, 2.003995180130005, 1.9703933000564575, 1.987391471862793, 1.993482232093811, 1.9612114429473877, 1.99364173412323, 1.913804292678833]
Train step Accs: [0.5388452237001209, 0.537678517168034, 0.5636047522457259, 0.49959116925592806, 0.5270810033551686, 0.5247130833970926, 0.49920760697305866, 0.5311216429699842, 0.5514677849790316, 0.5512399163429937, 0.5291362446617991, 0.5388452237001209, 0.5209319257371678, 0.5330133798720186, 0.5291898983273204, 0.549182763744428, 0.5370370370370371, 0.5442587010139764, 0.5477052265817287, 0.49265854420493593, 0.5442564559216385, 0.5141855275741154, 0.5355656108597285, 0.5295787979176526, 0.544673853462452, 0.5413992800125215, 0.5399826789838337, 0.5448177269478198, 0.5599176389842141, 0.5483870967741935, 0.537355056509614, 0.5407126405636092, 0.5375431530494822, 0.5274299344066786, 0.5333641547233781, 0.5281424475629999, 0.5391646966115051, 0.5433815350389322, 0.5340997359018176, 0.5280898876404494, 0.5691456668715427, 0.5208048446962298, 0.5341855788566504, 0.5382574984697001, 0.5599596425482848, 0.5186003057584508, 0.5229455709711847, 0.5510204081632653, 0.5244429664117061, 0.5339410939691445, 0.5468110005851375, 0.5282258064516129, 0.5202575376884422, 0.5463570856685348, 0.5468571428571428, 0.5423805913570887, 0.5474671669793622, 0.527027027027027, 0.5583715825184594, 0.5672022826250188, 0.5306930693069307, 0.5484649416811905, 0.543166613571201]
val step Accs: [0.5567282321899736, 0.565860020286915, 0.5516759776536313, 0.5727944372012168, 0.5594157685762904, 0.5643523600439078, 0.5489373601789709, 0.5728918198400449, 0.5334650856389986, 0.5643213653195943, 0.5678682688028482, 0.5537005389772578, 0.5555061508818734, 0.5680826302007564, 0.5558689860523429, 0.580952380952381]
Preds: [17, 17, 287, 35, 293, 346, 293, 17, 17, 17, 320, 276, 276, 241, 387, 387, 122, 219, 219, 219, 152, 286, 286, 374, 374, 374, 346, 346, 346, 139, 293, 106, 43, 43, 276, 132, 132, 153, 297, 297, 153, 182, 182, 182, 182, 497, 293, 293, 497, 122, 14, 14, 197, 7, 66, 473, 331, 331, 371, 371, 172, 172, 35, 35, 35, 239, 337, 286, 35, 35, 374, 374, 251, 398, 324, 422, 422, 422, 374, 251, 338, 338, 250, 250, 250, 250, 250, 250, 250, 250, 250, 132, 132, 132, 122, 122, 276, 250, 197, 197, 197, 303, 411, 276, 132, 132, 132, 132, 132, 153, 43, 43, 43, 276, 106, 106, 153, 153, 387, 387, 387, 387, 413, 413, 132, 250, 250, 250, 250, 250, 250, 122, 411, 276, 276, 276, 276, 276, 401, 48, 414, 98, 244, 82, 73, 47, 47, 47, 321, 320, 66, 66, 145, 145, 286, 171, 171, 171, 171, 3, 3, 3, 14, 14, 411, 188, 145, 145, 146, 146, 146, 120, 120, 120, 120, 120, 468, 35, 35, 35, 35, 19, 454, 244, 414, 414, 80, 170, 170, 392, 392, 392, 392, 392, 392, 244, 321, 320, 320, 66, 219, 152, 213, 252, 301, 301, 143, 32, 43, 43, 276, 276, 276, 276, 153, 182, 182, 182, 182, 182, 182, 182, 182, 497, 497, 497, 98, 98, 75, 66, 287, 287, 284, 284, 206, 315, 206, 146, 240, 219, 219, 219, 219, 252, 468, 374, 346, 139, 139, 43, 43, 43, 43, 276, 276, 276, 345, 354, 346, 346, 338, 107, 371, 355, 35, 239, 395, 319, 180, 443, 443, 486, 460, 460, 460, 450, 355, 35, 35, 406, 278, 286, 286, 286, 207, 207, 468, 468, 286, 286, 207, 324, 324, 324, 422, 422, 301, 355, 374, 395, 371, 319, 319, 348, 153, 153, 153, 132, 132, 122, 122, 338, 153, 98, 98, 414, 414, 244, 244, 126, 126, 80, 7, 7, 7, 239, 331, 331, 172, 224, 278, 278, 171, 171, 171, 171, 171, 246, 246, 246, 3, 3, 3, 99, 251, 354, 180, 443, 443, 443, 284, 284, 315, 315, 206, 206, 206, 355, 240, 355, 342, 224, 355, 267, 213, 213, 213, 213, 213, 246, 246, 19, 3, 19, 355, 355, 355, 355, 239, 338, 180, 355, 355, 443, 486, 284, 284, 284, 284, 284, 284, 206, 206, 206, 206, 263, 263, 14, 188, 188, 264, 434, 434, 434, 434, 434, 434, 434, 434, 434, 434, 434, 434, 434, 434, 434, 434, 434, 434, 434, 434, 434, 434, 434, 434, 434, 434, 434, 434, 434, 434, 434, 434, 434, 434, 434, 434, 434, 434, 434, 434, 434, 434, 434, 434, 434, 434, 434, 434, 434, 434, 434, 434, 434, 434, 434, 434, 434, 434, 434, 434, 434, 434, 434, 434, 434, 434, 434, 434, 434, 434, 434, 434, 434, 434, 434, 434, 434, 434, 434, 434, 434, 434, 434, 434, 434, 434, 434, 434, 434, 434, 434, 434, 434, 434, 434, 434, 434, 434, 434, 434, 434, 434, 434, 434, 434, 434, 434, 434, 434, 434, 434, 434, 434, 434, 434, 434, 434, 434, 434, 434, 434, 434, 434, 434, 434, 434, 434, 434, 434, 434, 434, 434, 434, 434, 434, 434, 434, 434, 434, 434, 434, 434, 434, 434, 434, 434, 434, 434, 434, 434, 434, 434, 434, 434, 434, 434, 434, 434, 434, 434, 434, 434, 434, 434, 434, 434, 434, 434, 434, 434, 434, 434, 434, 434, 434, 434, 434, 434, 434, 434, 434, 434, 434, 434, 434, 434, 434, 434, 434, 434, 434, 434, 434, 434, 434, 434, 434, 434, 434]

ep151
Train step Loss: [2.072911262512207, 2.180117130279541, 2.0683412551879883, 2.057771921157837, 1.99393630027771, 2.0667591094970703, 1.9594838619232178, 2.0180556774139404, 2.1429638862609863, 2.174257278442383, 2.056438684463501, 2.010877847671509, 2.091625928878784, 2.0368199348449707, 2.01210618019104, 2.014045238494873, 2.054103136062622, 2.0302186012268066, 2.0599703788757324, 2.0148675441741943, 1.9986979961395264, 1.9773229360580444, 2.0178747177124023, 1.9979807138442993, 2.021193265914917, 2.0326881408691406, 2.039560079574585, 2.077972173690796, 2.0085949897766113, 2.057149648666382, 2.012505054473877, 1.9606305360794067, 2.007016658782959, 2.0191779136657715, 2.0285301208496094, 1.9475809335708618, 2.0193064212799072, 2.0050158500671387, 2.10284161567688, 2.04620361328125, 2.152155876159668, 1.9998340606689453, 1.999928593635559, 1.9364904165267944, 2.0282065868377686, 2.1231529712677, 2.022698402404785, 2.0855886936187744, 2.001736640930176, 2.040165901184082, 2.007617950439453, 2.0274829864501953, 1.9888551235198975, 2.120502471923828, 2.0262129306793213, 2.0691444873809814, 2.0795719623565674, 2.029151439666748, 1.968849539756775, 2.063002109527588, 2.091627836227417, 2.039440155029297, 1.844043254852295]
val step Loss: [1.9711172580718994, 1.9425376653671265, 1.9570943117141724, 1.9460296630859375, 1.9482101202011108, 1.981675386428833, 1.9640487432479858, 2.008500576019287, 1.9790663719177246, 1.9315201044082642, 2.024622678756714, 1.909087896347046, 1.9089773893356323, 2.0590288639068604, 1.9905247688293457, 2.0176479816436768]
Train step Accs: [0.5426708250637936, 0.5041265474552957, 0.5379467928839563, 0.540148105125599, 0.5506292069066433, 0.535195685244088, 0.5600512893574583, 0.5447515394529572, 0.5178092684795098, 0.5064246707356248, 0.5347408829174665, 0.5518976423231743, 0.5324893227577792, 0.5322669608383894, 0.5518275271273558, 0.5453325380256486, 0.5371467025572005, 0.5413754542913055, 0.5342659819373119, 0.5374396135265701, 0.5516189184607561, 0.5627615062761506, 0.5483135824977211, 0.5489646582593803, 0.540108713556251, 0.5320567618396307, 0.5414940941862249, 0.5243521910188577, 0.5507739411464535, 0.5423624942546346, 0.5520805724887358, 0.5640305724535953, 0.548667439165701, 0.5338491295938105, 0.5395996518711923, 0.5556499575191164, 0.550183349178324, 0.5499783643444396, 0.5343175749960735, 0.5465164789319983, 0.5212193664076509, 0.5494544804149526, 0.5511904761904762, 0.5639978213507625, 0.5447946175637394, 0.5222305953278071, 0.5536433540827536, 0.532666163141994, 0.5477804134191799, 0.5362013215239702, 0.5583160800552105, 0.5474050449405625, 0.5538461538461539, 0.5177648040033361, 0.5463557665456577, 0.5365853658536586, 0.5197138072766022, 0.5388141357385775, 0.5507432818753574, 0.5200298118129308, 0.5236641221374045, 0.5494819578420864, 0.5983031012287887]
val step Accs: [0.5614229249011857, 0.5688338142929893, 0.5646755479157713, 0.5674572011936548, 0.5740437565113856, 0.5649977032613689, 0.5608241975960904, 0.5565712573055597, 0.5554456844187032, 0.5767957391679862, 0.5560350640593392, 0.5818016102081118, 0.5720395221943666, 0.5428809325562032, 0.5548202737253722, 0.5562330623306233]
Preds: [17, 17, 188, 30, 30, 450, 301, 143, 354, 251, 241, 331, 331, 284, 284, 319, 319, 240, 348, 259, 354, 106, 88, 153, 153, 153, 182, 182, 182, 182, 182, 497, 497, 387, 387, 250, 35, 219, 219, 219, 219, 374, 276, 276, 346, 346, 88, 88, 88, 106, 346, 278, 240, 240, 143, 239, 324, 324, 324, 301, 14, 303, 473, 65, 84, 84, 153, 375, 182, 182, 182, 182, 182, 182, 43, 43, 276, 276, 346, 346, 346, 428, 428, 267, 264, 264, 167, 167, 35, 35, 264, 278, 464, 464, 171, 171, 468, 468, 239, 464, 464, 171, 171, 171, 171, 252, 301, 468, 143, 219, 219, 219, 213, 213, 213, 213, 213, 213, 246, 246, 301, 301, 374, 43, 354, 354, 109, 139, 374, 374, 213, 171, 246, 246, 246, 246, 3, 3, 3, 143, 14, 14, 287, 443, 284, 284, 460, 460, 169, 240, 35, 35, 450, 434, 324, 324, 301, 301, 468, 239, 107, 374, 100, 100, 132, 153, 182, 182, 182, 497, 497, 497, 122, 122, 414, 414, 122, 48, 244, 187, 187, 321, 66, 321, 320, 7, 63, 374, 374, 374, 374, 374, 132, 132, 132, 132, 132, 132, 132, 324, 246, 213, 246, 213, 246, 324, 3, 468, 468, 180, 443, 284, 284, 284, 315, 206, 146, 146, 146, 219, 219, 219, 219, 468, 468, 35, 35, 374, 374, 132, 132, 132, 122, 241, 75, 473, 109, 109, 180, 443, 443, 120, 120, 468, 35, 35, 35, 467, 467, 467, 284, 284, 284, 206, 206, 450, 450, 355, 35, 35, 293, 259, 473, 188, 278, 434, 171, 213, 171, 301, 252, 143, 36, 36, 468, 395, 34, 34, 34, 267, 267, 267, 267, 213, 213, 213, 246, 246, 246, 246, 246, 19, 19, 454, 19, 434, 434, 434, 434, 434, 434, 434, 434, 434, 434, 434, 434, 434, 434, 434, 434, 434, 434, 434, 434, 434, 434, 434, 434, 434, 434, 434, 434, 434, 434, 434, 434, 434, 434, 434, 434, 434, 434, 434, 434, 434, 434, 434, 434, 434, 434, 434, 434, 434, 434, 434, 434, 434, 434, 434, 434, 434, 434, 434, 434, 434, 434, 434, 434, 434, 434, 434, 434, 434, 434, 434, 434, 434, 434, 434, 434, 434, 434, 434, 434, 434, 434, 434, 434, 434, 434, 434, 434, 434, 434, 434, 434, 434, 434, 434, 434, 434, 434, 434, 434, 434, 434, 434, 434, 434, 434, 434, 434, 434, 434, 434, 434, 434, 434, 434, 434, 434, 434, 434, 434, 434, 434, 434, 434, 434, 434, 434, 434, 434, 434, 434, 434, 434, 434, 434, 434, 434, 434, 434, 434, 434, 434, 434, 434, 434, 434, 434, 434, 434, 434, 434, 434, 434, 434, 434, 434, 434, 434, 434, 434, 434, 434, 434, 434, 434, 434, 434, 434, 434, 434, 434, 434, 434, 434, 434, 434, 434, 434, 434, 434, 434, 434, 434, 434, 434, 434, 434, 434, 434, 434, 434, 434, 434, 434, 434, 434, 434, 434, 434, 434, 434, 434, 434, 434, 434, 434, 434, 434, 434, 434, 434, 434, 434, 434, 434, 434, 434, 434, 434, 434, 434, 434, 434, 434, 434, 434, 434, 434, 434, 434, 434, 434, 434, 434, 434, 434, 434, 434, 434, 434, 434, 434, 434, 434, 434, 434, 434, 434, 434, 434, 434, 434, 434, 434, 434, 434, 434, 434, 434, 434, 434, 434, 434, 434, 434, 434, 434, 434, 434, 434, 434, 434, 434, 434, 434, 434, 434, 434, 434, 434, 434, 434, 434, 434, 434, 434, 434, 434, 434, 434, 434, 434, 434, 434, 434, 434, 434, 434, 434, 434, 434, 434, 434, 434, 434]

ep152
Train step Loss: [1.9944535493850708, 2.0188260078430176, 2.022066354751587, 2.0779929161071777, 2.00461483001709, 2.022117853164673, 1.9537051916122437, 1.9795615673065186, 2.0280463695526123, 2.0642645359039307, 2.091818332672119, 2.0196096897125244, 2.042098045349121, 2.0175182819366455, 2.0684404373168945, 1.9695221185684204, 1.9280940294265747, 1.9050726890563965, 2.0646262168884277, 2.0704591274261475, 2.012531280517578, 2.103893280029297, 2.055755615234375, 1.9863637685775757, 2.0848004817962646, 2.0926992893218994, 1.963152527809143, 2.0296669006347656, 2.0430681705474854, 2.0616254806518555, 2.0902786254882812, 2.084411382675171, 2.011373996734619, 2.05509352684021, 1.993975043296814, 2.061581611633301, 2.0818350315093994, 1.9778531789779663, 1.9686400890350342, 2.0136475563049316, 1.9040504693984985, 2.1013782024383545, 1.9811279773712158, 2.002997875213623, 2.097424268722534, 1.927430272102356, 2.062058448791504, 1.989702582359314, 2.0171408653259277, 1.973525881767273, 2.033931255340576, 1.9871925115585327, 1.8983107805252075, 1.9463411569595337, 2.005048990249634, 2.0138447284698486, 1.9762871265411377, 2.060295820236206, 2.0621609687805176, 1.9323976039886475, 2.1158361434936523, 1.9370372295379639, 1.8623504638671875]
val step Loss: [1.935772180557251, 1.8806891441345215, 1.923287272453308, 1.8302773237228394, 1.8981672525405884, 1.8999416828155518, 1.9975382089614868, 2.0067172050476074, 1.9648902416229248, 2.0134642124176025, 1.923453450202942, 1.9614956378936768, 1.9538662433624268, 2.0096707344055176, 1.938704252243042, 2.0504674911499023]
Train step Accs: [0.5442295497780596, 0.556095406360424, 0.5519752412160932, 0.5380647178364859, 0.5426463016989874, 0.5506940783693551, 0.5610985572744654, 0.5582268970698723, 0.5398117527346731, 0.5268851415844734, 0.5327261500463106, 0.5462075686210817, 0.5363525941349991, 0.5486591330747175, 0.5327249393982604, 0.5641538461538461, 0.5688526973971209, 0.5685809207403891, 0.5317394888705689, 0.5242419578266893, 0.5419186366135239, 0.524947858174234, 0.53955078125, 0.5529390934844193, 0.5286506469500925, 0.5332842415316642, 0.5584516934602778, 0.5455371750590802, 0.5440097799511002, 0.5454022988505747, 0.5220125786163522, 0.5277664630006789, 0.5559033211615372, 0.5321128909229595, 0.5620375640295959, 0.5381446444919133, 0.5369213519141438, 0.5508833406336692, 0.5670809028658382, 0.5632377740303541, 0.5686528497409327, 0.5293359123146357, 0.5445269016697588, 0.5497561856601048, 0.5337620578778135, 0.569421854206713, 0.5313373910182596, 0.5584510919434759, 0.5435811326515035, 0.5599723947550035, 0.5430486944248412, 0.5429912201029368, 0.5760938895267254, 0.562265128936115, 0.5553107789142407, 0.5573037725728589, 0.5593619972260749, 0.5331121050353484, 0.5422210154765137, 0.5713694091662065, 0.52471892807639, 0.5682897862232779, 0.5835342748880469]
val step Accs: [0.5666886109282423, 0.588098016336056, 0.5748247485522706, 0.5892190290631596, 0.5750197628458498, 0.5736446014437107, 0.5617579028527371, 0.5517684887459807, 0.5478184991273997, 0.5383017038370965, 0.5728260869565217, 0.5739412799350562, 0.5671662895927602, 0.5539477823214848, 0.571780147662018, 0.5489205328433624]
Preds: [17, 7, 217, 473, 473, 398, 278, 278, 278, 278, 278, 278, 339, 250, 250, 250, 122, 109, 109, 35, 35, 319, 319, 293, 293, 293, 293, 122, 43, 276, 276, 276, 276, 276, 132, 182, 182, 182, 497, 497, 98, 497, 14, 287, 287, 111, 111, 240, 240, 99, 251, 331, 426, 284, 206, 206, 206, 146, 146, 240, 167, 150, 342, 342, 355, 224, 273, 273, 175, 293, 293, 250, 293, 293, 217, 473, 473, 65, 65, 264, 264, 264, 264, 468, 35, 35, 337, 286, 324, 324, 301, 464, 143, 251, 251, 241, 331, 331, 115, 315, 315, 315, 460, 460, 460, 169, 35, 35, 293, 401, 401, 320, 320, 276, 276, 276, 345, 331, 331, 319, 319, 139, 139, 219, 219, 219, 219, 219, 219, 219, 213, 213, 246, 246, 246, 246, 246, 19, 19, 454, 454, 229, 414, 244, 126, 126, 187, 321, 321, 287, 287, 284, 460, 460, 460, 450, 35, 35, 406, 443, 284, 284, 284, 206, 206, 450, 35, 35, 35, 251, 374, 276, 346, 346, 139, 139, 267, 267, 267, 267, 293, 293, 43, 43, 276, 346, 346, 284, 284, 206, 206, 293, 122, 251, 241, 431, 331, 267, 267, 267, 146, 146, 240, 282, 150, 355, 342, 355, 224, 224, 355, 355, 77, 293, 293, 441, 473, 331, 65, 264, 264, 264, 264, 264, 264, 468, 468, 35, 35, 35, 337, 355, 434, 434, 434, 434, 434, 434, 434, 19, 19, 19, 19, 454, 454, 229, 414, 244, 392, 392, 392, 392, 392, 321, 321, 320, 7, 7, 7, 7, 7, 431, 371, 337, 171, 171, 252, 252, 143, 310, 239, 395, 355, 107, 342, 267, 213, 213, 213, 213, 246, 246, 246, 246, 246, 246, 246, 246, 246, 246, 19, 19, 454, 197, 188, 434, 434, 434, 434, 434, 434, 434, 434, 434, 434, 434, 434, 434, 434, 434, 434, 434, 434, 434, 434, 434, 434, 434, 434, 434, 434, 434, 434, 434, 434, 434, 434, 434, 434, 434, 434, 434, 434, 434, 434, 434, 434, 434, 434, 434, 434, 434, 434, 434, 434, 434, 434, 434, 434, 434, 434, 434, 434, 434, 434, 434, 434, 434, 434, 434, 434, 434, 434, 434, 434, 434, 434, 434, 434, 434, 434, 434, 434, 434, 434, 434, 434, 434, 434, 434, 434, 434, 434, 434, 434, 434, 434, 434, 434, 434, 434, 434, 434, 434, 434, 434, 434, 434, 434, 434, 434, 434, 434, 434, 434, 434, 434, 434, 434, 434, 434, 434, 434, 434, 434, 434, 434, 434, 434, 434, 434, 434, 434, 434, 434, 434, 434, 434, 434, 434, 434, 434, 434, 434, 434, 434, 434, 434, 434, 434, 434, 434, 434, 434, 434, 434, 434, 434, 434, 434, 434, 434, 434, 434, 434, 434, 434, 434, 434, 434, 434, 434, 434, 434, 434, 434, 434, 434, 434, 434, 434, 434, 434, 434, 434, 434, 434, 434, 434, 434, 434, 434, 434, 434, 434, 434, 434, 434, 434, 434, 434, 434, 434, 434, 434, 434, 434, 434, 434, 434, 434, 434, 434, 434, 434, 434, 434, 434, 434, 434, 434, 434, 434, 434, 434, 434, 434, 434, 434, 434, 434, 434, 434, 434, 434, 434, 434, 434, 434, 434, 434, 434, 434, 434, 434, 434, 434, 434, 434, 434, 434, 434, 434, 434, 434, 434, 434, 434, 434, 434, 434, 434, 434, 434, 434, 434, 434, 434, 434, 434, 434, 434, 434, 434, 434, 434, 434, 434, 434, 434, 434, 434, 434, 434, 434, 434, 434, 434, 434, 434, 434, 434, 434, 434, 434, 434, 434, 434, 434, 434, 434, 434, 434, 434, 434, 434, 434, 434, 434, 434]

ep153
Train step Loss: [1.9755231142044067, 2.0509421825408936, 1.9840304851531982, 2.027005195617676, 2.092434883117676, 1.9676382541656494, 1.971551537513733, 1.957783579826355, 2.020197868347168, 2.0454163551330566, 2.0913126468658447, 1.9498265981674194, 1.9406898021697998, 1.9651484489440918, 2.0929014682769775, 1.9712340831756592, 2.0735912322998047, 1.9984335899353027, 1.9219508171081543, 1.9310712814331055, 1.9409570693969727, 2.10649037361145, 1.982503890991211, 2.0524868965148926, 2.0485687255859375, 2.061638355255127, 2.0026073455810547, 2.004923105239868, 1.8901501893997192, 2.0607447624206543, 2.049386978149414, 1.9062409400939941, 2.018171787261963, 2.0224597454071045, 2.009129762649536, 2.01544189453125, 1.9496188163757324, 1.9470776319503784, 2.0653483867645264, 1.977314829826355, 2.1011672019958496, 1.9653376340866089, 2.022998571395874, 2.0048511028289795, 1.901308298110962, 1.9061156511306763, 2.0931665897369385, 1.983422875404358, 1.9827674627304077, 1.9579808712005615, 2.019587516784668, 1.9755425453186035, 1.9527052640914917, 1.941497802734375, 2.0603179931640625, 1.9274731874465942, 1.8972256183624268, 2.0398952960968018, 1.9162545204162598, 2.170649528503418, 1.9384554624557495, 2.0368831157684326, 1.947360634803772]
val step Loss: [1.8756883144378662, 1.8683031797409058, 2.0491223335266113, 1.9490324258804321, 1.9774223566055298, 1.990451693534851, 1.9308911561965942, 1.9199168682098389, 1.8614084720611572, 1.957627773284912, 1.9417824745178223, 1.848056435585022, 1.9894874095916748, 1.8754727840423584, 1.9368152618408203, 1.857893705368042]
Train step Accs: [0.5543037404236142, 0.5413797948573837, 0.5465234431702715, 0.5432556759163081, 0.5305555555555556, 0.5620262525420595, 0.5650413089259679, 0.5582610912799592, 0.541895482728078, 0.5463434788596612, 0.5241369003138544, 0.5645954403218596, 0.5653792461610051, 0.55668358714044, 0.5208259166963333, 0.5650457846542469, 0.5308924485125858, 0.5475948509485095, 0.5680813439434129, 0.5742124933262146, 0.5703176704169424, 0.5200383509108342, 0.5535950595500662, 0.5324933687002652, 0.5327666151468315, 0.5315329883570504, 0.549301344582125, 0.5540520446096654, 0.5752870774704836, 0.5395030709101061, 0.5411944869831546, 0.584916864608076, 0.5463557921791812, 0.5509273813266269, 0.5476593344613649, 0.5425794507867941, 0.5718891038039974, 0.561484055093684, 0.527003979533826, 0.5559914407988588, 0.5267453723946947, 0.552479815455594, 0.5457822638788753, 0.5474305455592342, 0.5811537980227757, 0.5771758294598494, 0.5272114873249424, 0.5648890258939581, 0.5619899560577527, 0.558717697088649, 0.5463237274441153, 0.5674013326499231, 0.5607012035583464, 0.5624401586650253, 0.5257055682684973, 0.5787241887905604, 0.5768725361366623, 0.5359187178019462, 0.5637007766725712, 0.510586011342155, 0.574014125956445, 0.5566582728484669, 0.5738566131025958]
val step Accs: [0.5924897527436203, 0.5898797438700609, 0.5411534154535275, 0.5635062611806798, 0.5593124023298764, 0.5526019010794264, 0.5706035767511177, 0.5728689275893676, 0.5872082973206568, 0.5630106851037083, 0.572930165586753, 0.5932424593967517, 0.5509487912659214, 0.5857988165680473, 0.5681724564053274, 0.5827586206896552]
Preds: [17, 17, 287, 145, 284, 284, 460, 460, 169, 240, 35, 251, 348, 132, 132, 473, 354, 354, 276, 354, 250, 346, 251, 251, 331, 473, 398, 213, 324, 301, 143, 251, 251, 354, 354, 106, 284, 319, 428, 264, 146, 468, 406, 486, 486, 460, 169, 150, 355, 342, 342, 224, 355, 355, 450, 239, 203, 75, 107, 180, 284, 284, 319, 319, 293, 293, 411, 250, 132, 276, 276, 346, 132, 132, 426, 153, 375, 98, 98, 98, 13, 414, 321, 80, 73, 73, 244, 244, 7, 7, 309, 7, 398, 213, 324, 464, 464, 464, 464, 486, 460, 301, 35, 35, 35, 401, 43, 132, 132, 497, 43, 276, 250, 251, 276, 132, 132, 497, 43, 32, 251, 197, 32, 276, 276, 387, 387, 387, 387, 132, 132, 122, 75, 473, 331, 106, 84, 35, 426, 387, 387, 375, 98, 98, 497, 13, 414, 414, 392, 392, 392, 392, 392, 392, 392, 392, 73, 244, 321, 7, 7, 354, 219, 219, 152, 374, 374, 132, 132, 346, 251, 251, 338, 338, 400, 400, 400, 324, 324, 99, 374, 251, 338, 473, 398, 213, 213, 213, 324, 301, 416, 251, 251, 75, 374, 374, 374, 132, 132, 132, 132, 153, 98, 497, 414, 414, 414, 170, 392, 392, 392, 63, 63, 63, 63, 63, 63, 63, 63, 63, 63, 63, 73, 73, 244, 244, 320, 7, 7, 32, 239, 7, 180, 180, 443, 450, 206, 240, 240, 468, 35, 224, 35, 35, 35, 406, 106, 106, 331, 331, 337, 324, 213, 213, 213, 213, 246, 19, 246, 14, 14, 80, 244, 321, 320, 219, 188, 286, 286, 286, 286, 286, 264, 264, 468, 35, 35, 406, 337, 286, 286, 286, 324, 324, 324, 246, 246, 246, 246, 246, 3, 301, 301, 99, 251, 251, 400, 286, 286, 286, 264, 139, 139, 43, 43, 43, 43, 276, 276, 345, 354, 346, 346, 36, 35, 35, 395, 395, 115, 106, 106, 331, 426, 426, 426, 375, 375, 375, 98, 497, 188, 188, 188, 434, 434, 434, 434, 434, 434, 434, 434, 434, 434, 434, 434, 434, 434, 434, 434, 434, 434, 434, 434, 434, 434, 434, 434, 434, 434, 434, 434, 434, 434, 434, 434, 434, 434, 434, 434, 434, 434, 434, 434, 434, 434, 434, 434, 434, 434, 434, 434, 434, 434, 434, 434, 434, 434, 434, 434, 434, 434, 434, 434, 434, 434, 434, 434, 434, 434, 434, 434, 434, 434, 434, 434, 434, 434, 434, 434, 434, 434, 434, 434, 434, 434, 434, 434, 434, 434, 434, 434, 434, 434, 434, 434, 434, 434, 434, 434, 434, 434, 434, 434, 434, 434, 434, 434, 434, 434, 434, 434, 434, 434, 434, 434, 434, 434, 434, 434, 434, 434, 434, 434, 434, 434, 434, 434, 434, 434, 434, 434, 434, 434, 434, 434, 434, 434, 434, 434, 434, 434, 434, 434, 434, 434, 434, 434, 434, 434, 434, 434, 434, 434, 434, 434, 434, 434, 434, 434, 434, 434, 434, 434, 434, 434, 434, 434, 434, 434, 434, 434, 434, 434, 434, 434, 434, 434, 434, 434, 434, 434, 434, 434, 434, 434, 434, 434, 434, 434, 434, 434, 434, 434, 434, 434, 434, 434, 434, 434, 434, 434, 434, 434, 434, 434, 434, 434, 434, 434, 434, 434, 434, 434, 434, 434, 434, 434, 434, 434, 434, 434, 434, 434, 434, 434, 434, 434, 434, 434, 434, 434, 434, 434, 434, 434, 434, 434, 434, 434, 434, 434, 434, 434, 434, 434, 434, 434, 434, 434, 434, 434, 434, 434, 434, 434, 434, 434, 434, 434, 434, 434, 434, 434, 434, 434, 434, 434, 434, 434, 434]

ep154
Train step Loss: [1.9131938219070435, 2.1181769371032715, 1.9386731386184692, 2.0366463661193848, 1.9425395727157593, 1.9771201610565186, 2.0443239212036133, 1.9084526300430298, 2.005906581878662, 2.0262818336486816, 2.0141353607177734, 2.0125133991241455, 2.0758743286132812, 2.099846839904785, 1.9381890296936035, 2.0393431186676025, 2.0702452659606934, 1.9393751621246338, 1.9179720878601074, 1.9418320655822754, 2.0448110103607178, 1.9347296953201294, 1.9777477979660034, 1.8665826320648193, 1.858693242073059, 2.0082263946533203, 1.875331997871399, 1.9997467994689941, 2.0357532501220703, 2.0246241092681885, 2.0448262691497803, 1.9937149286270142, 2.01857590675354, 1.8615343570709229, 1.996026635169983, 2.026646614074707, 2.0445034503936768, 1.9907628297805786, 1.8867006301879883, 2.007192373275757, 2.0971386432647705, 1.9510350227355957, 2.012303590774536, 1.9812513589859009, 1.9910880327224731, 1.9394378662109375, 1.943566918373108, 1.9759998321533203, 1.904576301574707, 1.9140712022781372, 1.9057527780532837, 1.9364527463912964, 1.8961344957351685, 1.985577940940857, 1.9140232801437378, 2.074573516845703, 1.9372447729110718, 2.009274482727051, 2.027353286743164, 1.9607300758361816, 1.9774831533432007, 2.0437045097351074, 1.857677698135376]
val step Loss: [1.9599251747131348, 1.9800949096679688, 1.9262206554412842, 1.8563237190246582, 1.957016944885254, 2.0649054050445557, 1.8831312656402588, 1.9185806512832642, 1.8178316354751587, 1.8721781969070435, 1.9346909523010254, 1.8198050260543823, 1.9650810956954956, 1.9000648260116577, 1.859632968902588, 1.812917947769165]
Train step Accs: [0.5748702249434314, 0.5134184712196928, 0.5632545063667934, 0.5445211541865816, 0.5586525759577279, 0.5637705554836203, 0.5491132332878581, 0.5719893452965091, 0.5466709143039185, 0.5384720888766973, 0.542060645582002, 0.5507832238504295, 0.5242179616548941, 0.5339075959279561, 0.5771306818181818, 0.5458219079232213, 0.5386877412240397, 0.5751664344325746, 0.5769933049300061, 0.5530122688152354, 0.5369536808479745, 0.5675920337960169, 0.55452270289596, 0.5809229113413158, 0.5844742413549753, 0.5398283391055564, 0.5800422068133856, 0.5499521661883285, 0.5446904800387911, 0.5505733607762423, 0.5479141211380695, 0.5473319264395539, 0.550620509470934, 0.5893571208858812, 0.5435825105782792, 0.5503698485382177, 0.5378323108384458, 0.5608503100088574, 0.5698162349877007, 0.560709197403831, 0.5133450535400351, 0.5659316904453091, 0.5494402985074627, 0.5629694323144104, 0.5498116051243406, 0.5687767094017094, 0.5673047705864479, 0.5573482428115016, 0.5676080044884982, 0.5777217442895284, 0.5748970609115434, 0.5730248662259994, 0.5765535875112578, 0.5601282736504543, 0.5698459875709267, 0.54070796460177, 0.5776937088412498, 0.5486693401385344, 0.5412927756653992, 0.5647895024603609, 0.5580119159611163, 0.5419523343127652, 0.5871743486973948]
val step Accs: [0.5677014531043593, 0.5581566548881036, 0.565814696485623, 0.5898730055356561, 0.5641025641025641, 0.5319066147859922, 0.5869409915702243, 0.5702479338842975, 0.6023421588594705, 0.5927907631653055, 0.5675995853694654, 0.5963791267305645, 0.5647761194029851, 0.5815893236275402, 0.5887248322147651, 0.5978021978021978]
Preds: [17, 17, 188, 287, 287, 146, 264, 264, 207, 207, 207, 171, 301, 143, 143, 239, 239, 371, 330, 443, 240, 468, 406, 406, 239, 354, 180, 180, 264, 120, 468, 468, 406, 406, 406, 276, 250, 250, 250, 250, 250, 132, 132, 132, 132, 132, 132, 132, 122, 276, 293, 293, 197, 197, 197, 197, 321, 80, 80, 80, 80, 63, 63, 287, 287, 284, 460, 206, 450, 35, 35, 77, 239, 342, 355, 355, 355, 115, 267, 267, 267, 213, 324, 3, 464, 14, 14, 14, 411, 287, 35, 426, 293, 497, 35, 406, 239, 107, 354, 106, 106, 387, 387, 122, 406, 406, 406, 331, 259, 251, 188, 278, 278, 278, 278, 278, 278, 434, 19, 19, 454, 454, 414, 414, 170, 80, 170, 63, 80, 80, 80, 80, 80, 80, 80, 80, 80, 80, 80, 80, 80, 80, 80, 80, 63, 73, 73, 73, 320, 20, 320, 188, 219, 152, 301, 143, 32, 250, 250, 276, 276, 276, 276, 346, 346, 346, 139, 413, 182, 182, 387, 387, 387, 387, 387, 66, 66, 401, 75, 75, 219, 219, 219, 252, 286, 468, 374, 132, 132, 132, 132, 43, 43, 276, 276, 276, 276, 276, 276, 276, 153, 153, 182, 182, 182, 182, 182, 182, 497, 122, 122, 251, 241, 239, 208, 276, 132, 497, 345, 239, 251, 239, 251, 276, 153, 153, 153, 122, 88, 331, 331, 331, 88, 109, 43, 213, 213, 213, 213, 213, 246, 301, 301, 8, 32, 354, 354, 180, 355, 355, 355, 355, 355, 355, 263, 263, 263, 414, 414, 170, 187, 187, 80, 47, 47, 47, 47, 47, 80, 47, 80, 73, 73, 320, 320, 63, 83, 83, 188, 240, 35, 32, 239, 354, 354, 180, 206, 264, 468, 35, 406, 88, 276, 276, 431, 250, 250, 250, 250, 132, 276, 276, 276, 132, 250, 250, 250, 411, 188, 188, 188, 213, 301, 239, 239, 239, 239, 107, 395, 213, 301, 301, 251, 251, 251, 241, 107, 331, 331, 284, 284, 284, 206, 206, 206, 206, 206, 263, 263, 35, 35, 263, 244, 303, 401, 80, 80, 80, 80, 73, 320, 320, 250, 63, 287, 374, 132, 182, 182, 387, 387, 387, 240, 240, 143, 239, 239, 371, 400, 278, 468, 35, 395, 239, 354, 109, 278, 278, 240, 468, 239, 251, 251, 251, 241, 180, 180, 284, 284, 284, 206, 206, 206, 206, 206, 450, 355, 35, 35, 452, 145, 403, 443, 206, 206, 240, 35, 35, 355, 36, 355, 203, 203, 303, 303, 303, 132, 65, 65, 319, 355, 35, 406, 406, 106, 106, 106, 331, 239, 239, 239, 239, 371, 371, 36, 374, 239, 251, 239, 431, 395, 401, 374, 354, 106, 106, 276, 354, 109, 374, 331, 371, 239, 239, 239, 239, 107, 395, 395, 213, 213, 213, 246, 246, 246, 246, 19, 454, 197, 188, 434, 434, 434, 434, 434, 434, 434, 434, 434, 434, 434, 434, 434, 434, 434, 434, 434, 434, 434, 434, 434, 434, 434, 434, 434, 434, 434, 434, 434, 434, 434, 434, 434, 434, 434, 434, 434, 434, 434, 434, 434, 434, 434, 434, 434, 434, 434, 434, 434, 434, 434, 434, 434, 434, 434, 434, 434, 434, 434, 434, 434, 434, 434, 434, 434, 434, 434, 434, 434, 434, 434, 434, 434, 434, 434, 434, 434, 434, 434, 434, 434, 434, 434, 434, 434, 434, 434, 434, 434, 434, 434, 434, 434, 434, 434, 434, 434, 434, 434, 434, 434, 434, 434, 434, 434, 434, 434, 434, 434, 434, 434, 434, 434, 434, 434, 434, 434, 434, 434, 434, 434, 434, 434, 434, 434, 434, 434, 434, 434, 434]

ep155
Train step Loss: [2.000704288482666, 1.9238954782485962, 2.0197715759277344, 1.8695300817489624, 1.82614266872406, 1.9600820541381836, 1.891928791999817, 1.954097032546997, 1.9743237495422363, 2.021972179412842, 1.9650330543518066, 1.9866920709609985, 1.9252253770828247, 2.07572340965271, 1.928300380706787, 2.030338764190674, 1.9041531085968018, 1.9143016338348389, 1.9171595573425293, 1.946330189704895, 1.960717797279358, 1.9188063144683838, 1.944180965423584, 2.022730827331543, 1.9638837575912476, 1.8756285905838013, 1.916824221611023, 1.9147813320159912, 2.07200026512146, 2.0239624977111816, 2.003237009048462, 1.9532784223556519, 1.9860519170761108, 1.9240163564682007, 1.9598710536956787, 1.9660019874572754, 1.9908026456832886, 2.0068299770355225, 1.9367307424545288, 2.0239956378936768, 1.993910551071167, 1.9398878812789917, 2.0210819244384766, 2.036128282546997, 2.0098531246185303, 1.8822680711746216, 2.0016186237335205, 1.8530292510986328, 1.9497491121292114, 1.8647929430007935, 1.9200036525726318, 1.980582356452942, 1.9517103433609009, 1.8875497579574585, 1.9986895322799683, 1.958038330078125, 1.9061590433120728, 1.9861054420471191, 1.8856217861175537, 2.002542734146118, 2.077655792236328, 1.9743835926055908, 2.021547317504883]
val step Loss: [1.879917025566101, 1.866015076637268, 1.9496136903762817, 1.9071955680847168, 1.8726567029953003, 1.9481923580169678, 1.9040223360061646, 1.8352490663528442, 1.8811755180358887, 1.8442144393920898, 1.918101191520691, 1.9128081798553467, 1.9440159797668457, 1.8162530660629272, 1.895320177078247, 1.832390308380127]
Train step Accs: [0.5571692632690785, 0.5720937218383899, 0.5424088210347753, 0.5769693325315695, 0.5885670731707318, 0.5643345024921543, 0.5877516778523489, 0.5702348364788935, 0.5507462686567164, 0.5412038695807954, 0.555586631240386, 0.5511798209926769, 0.5674315321983716, 0.5374149659863946, 0.566789667896679, 0.5424083769633508, 0.573378395944365, 0.5583636363636364, 0.5691176470588235, 0.5696589446589446, 0.5684495599187542, 0.5682121167234484, 0.5612612612612613, 0.5441131263449124, 0.563529842548517, 0.576321300973266, 0.5712551590191794, 0.5745448581269477, 0.5448785638859557, 0.5506500928704101, 0.5537641572285144, 0.5744370646363195, 0.550747330960854, 0.5778526439138714, 0.5690316395014382, 0.564051458597572, 0.5498846597462514, 0.552361673414305, 0.5710526315789474, 0.5404459185553713, 0.5598979103525283, 0.5749209088294507, 0.5401069518716578, 0.5413839891451832, 0.5501178427838624, 0.5824232969318772, 0.5549942968877302, 0.5934343434343434, 0.5648075412411626, 0.5830935744622551, 0.5726985083622118, 0.5517703064564118, 0.5704452255418864, 0.572984419906217, 0.545085051934367, 0.5516587677725119, 0.5630030959752322, 0.5587887740029542, 0.5879090404880755, 0.5512114537444934, 0.5349414197105444, 0.5573378839590444, 0.5391254315304949]
val step Accs: [0.5808702037818982, 0.5923309788092835, 0.5641991924629879, 0.5773433892565799, 0.5891632373113854, 0.561814094935872, 0.5906197654941373, 0.6017457008858781, 0.5800895158008952, 0.5907142857142857, 0.5721085197524988, 0.5759829968119022, 0.5665062858916654, 0.6006482982171799, 0.5850251979841613, 0.5904479089334324]
Preds: [17, 17, 287, 287, 284, 284, 450, 293, 43, 43, 43, 276, 276, 276, 276, 153, 153, 182, 182, 387, 387, 387, 387, 293, 188, 188, 324, 301, 422, 374, 374, 251, 219, 464, 219, 219, 219, 219, 468, 374, 374, 374, 106, 153, 387, 387, 293, 293, 293, 122, 122, 345, 219, 219, 219, 213, 324, 301, 301, 468, 251, 473, 395, 398, 464, 434, 286, 286, 464, 464, 171, 171, 171, 171, 252, 252, 252, 252, 468, 454, 35, 414, 414, 126, 47, 47, 80, 80, 321, 321, 287, 287, 287, 460, 460, 460, 460, 460, 169, 35, 355, 355, 450, 450, 443, 443, 443, 315, 315, 450, 450, 450, 450, 413, 413, 132, 65, 65, 43, 426, 35, 35, 153, 98, 497, 293, 287, 287, 284, 450, 450, 206, 35, 355, 99, 259, 107, 431, 338, 371, 239, 239, 107, 107, 371, 180, 443, 443, 486, 486, 315, 315, 315, 315, 460, 460, 460, 206, 450, 450, 219, 219, 219, 301, 301, 219, 219, 464, 464, 374, 374, 374, 374, 374, 374, 276, 43, 345, 354, 346, 371, 355, 355, 355, 35, 35, 355, 273, 106, 106, 387, 387, 132, 132, 132, 122, 345, 473, 331, 331, 426, 180, 443, 443, 460, 169, 150, 355, 355, 99, 219, 219, 301, 213, 324, 171, 171, 171, 246, 246, 246, 3, 3, 14, 219, 219, 219, 252, 301, 143, 354, 267, 43, 497, 497, 122, 122, 346, 395, 355, 355, 35, 374, 153, 43, 153, 153, 387, 387, 387, 497, 497, 293, 66, 66, 186, 232, 232, 355, 115, 115, 267, 267, 213, 213, 213, 246, 19, 19, 454, 229, 229, 244, 126, 126, 80, 47, 408, 408, 408, 321, 321, 7, 7, 7, 7, 331, 331, 331, 284, 315, 486, 206, 206, 146, 146, 146, 146, 464, 464, 464, 443, 315, 315, 450, 450, 450, 450, 450, 99, 88, 431, 355, 355, 286, 286, 286, 207, 301, 468, 406, 467, 395, 371, 278, 19, 203, 401, 473, 473, 398, 324, 324, 252, 219, 219, 301, 213, 213, 213, 213, 213, 252, 252, 301, 143, 355, 355, 107, 434, 434, 434, 434, 19, 19, 19, 454, 454, 229, 414, 244, 244, 244, 321, 75, 287, 287, 35, 284, 450, 206, 206, 240, 35, 35, 219, 219, 324, 213, 213, 252, 219, 143, 36, 374, 346, 139, 139, 496, 497, 497, 497, 98, 122, 276, 276, 276, 276, 331, 331, 426, 426, 426, 426, 153, 182, 182, 182, 182, 182, 182, 182, 98, 98, 98, 66, 188, 188, 434, 264, 264, 264, 264, 264, 264, 264, 264, 264, 264, 264, 264, 264, 264, 264, 434, 434, 434, 434, 434, 434, 434, 434, 434, 434, 434, 434, 434, 434, 434, 434, 434, 434, 434, 434, 434, 434, 434, 434, 434, 434, 434, 434, 434, 434, 434, 434, 434, 434, 434, 434, 120, 120, 120, 120, 120, 120, 120, 120, 120, 120, 120, 120, 120, 120, 120, 120, 120, 120, 120, 120, 120, 120, 120, 120, 120, 120, 120, 120, 120, 120, 120, 120, 120, 120, 120, 120, 120, 120, 120, 120, 120, 120, 120, 120, 120, 120, 120, 120, 120, 120, 120, 120, 120, 120, 120, 120, 120, 120, 120, 120, 120, 120, 120, 120, 120, 120, 120, 120, 120, 120, 120, 120, 120, 120, 120, 120, 120, 120, 120, 120, 120, 120, 120, 120, 120, 120, 120, 120, 120, 120, 120, 120, 120, 120, 120, 120, 120, 120, 120, 120, 120, 120, 120, 120, 120, 120, 120, 120, 120, 120, 120, 120, 120, 120, 120, 120, 120, 120, 120, 120, 120, 120, 120, 120, 120, 120, 120, 120, 120, 120]

ep156
Train step Loss: [1.9334348440170288, 1.8616653680801392, 1.9340579509735107, 1.8301571607589722, 1.8849824666976929, 1.9587711095809937, 2.0427603721618652, 1.9940848350524902, 1.9296635389328003, 1.9659109115600586, 1.9135855436325073, 2.0420007705688477, 1.9558923244476318, 1.8162500858306885, 1.9373499155044556, 1.9559311866760254, 1.9341766834259033, 1.9161138534545898, 1.9207711219787598, 2.041415214538574, 1.9427224397659302, 1.9987910985946655, 2.0313127040863037, 2.0041606426239014, 1.9820201396942139, 1.8633321523666382, 1.8958044052124023, 1.996443510055542, 1.8511803150177002, 1.9076459407806396, 1.9922637939453125, 1.9315303564071655, 1.9015763998031616, 2.04984450340271, 1.9030344486236572, 1.9578593969345093, 1.8817144632339478, 1.9946691989898682, 1.939139485359192, 1.9455536603927612, 1.9790745973587036, 1.85849130153656, 1.9486051797866821, 1.9201689958572388, 1.8573545217514038, 1.8591054677963257, 2.010760545730591, 1.9452099800109863, 1.9445167779922485, 2.009168863296509, 2.0367496013641357, 1.8851052522659302, 1.8132879734039307, 1.971368432044983, 2.009662389755249, 1.9552263021469116, 1.975550889968872, 1.9228222370147705, 1.8771531581878662, 1.941427230834961, 2.0200376510620117, 1.9269261360168457, 1.9192218780517578]
val step Loss: [1.8246047496795654, 1.896350622177124, 1.81723952293396, 1.8753455877304077, 1.8709708452224731, 1.7796393632888794, 1.8272736072540283, 1.812790870666504, 2.052302360534668, 1.9390381574630737, 1.8407633304595947, 1.870221495628357, 1.848531723022461, 1.9402782917022705, 1.8483240604400635, 1.994012713432312]
Train step Accs: [0.5841359773371105, 0.5841528519246979, 0.5659150043365134, 0.5932972595566417, 0.5716827279466271, 0.5596572181938035, 0.5422745098039216, 0.5547226386806596, 0.5602470199626598, 0.5607268090532356, 0.5609288044521206, 0.5350175438596492, 0.5692714819427148, 0.5894366197183099, 0.570276008492569, 0.5557971014492754, 0.5603992367532659, 0.557655626842379, 0.5628576382868042, 0.5464377682403434, 0.5689061154177433, 0.5530516431924882, 0.5471919530595138, 0.5458593054318789, 0.5486835129881604, 0.5864354201917654, 0.5839560129705343, 0.5558877972376477, 0.5886116442738324, 0.5714285714285714, 0.5514246947082768, 0.5791606367583213, 0.5807442196531792, 0.5420181700194678, 0.5745315161839863, 0.5638841567291312, 0.5692153206139722, 0.5458768873403019, 0.5600168468341991, 0.5730971128608924, 0.551058352402746, 0.5873407316070695, 0.5679882044560943, 0.5699277741300066, 0.5841398688729317, 0.5772681954137587, 0.5429673798667134, 0.5669711876317639, 0.5677684643365492, 0.5622694537150887, 0.5444664031620553, 0.5803592814371258, 0.5886603668704836, 0.5636189258312021, 0.5482476455148989, 0.5700766846141295, 0.5591263650546022, 0.5693921022447976, 0.5811537980227757, 0.5624791736087971, 0.5548567435359888, 0.5786998616874136, 0.575139146567718]
val step Accs: [0.6010681340022658, 0.5814023022873375, 0.5987431264728986, 0.5915906631627763, 0.5859863135971437, 0.5974957794034891, 0.5923507462686567, 0.5994267776716254, 0.5516452074391989, 0.5736459709379128, 0.5931553911205074, 0.5897435897435898, 0.5926225529849539, 0.571520930984322, 0.5907412666856007, 0.5588434605827874]
Preds: [17, 17, 66, 346, 224, 443, 443, 443, 240, 167, 150, 342, 342, 342, 115, 273, 273, 106, 426, 426, 426, 293, 293, 35, 35, 35, 293, 354, 109, 109, 342, 240, 240, 35, 35, 164, 171, 171, 171, 171, 171, 171, 252, 252, 252, 339, 219, 324, 324, 378, 374, 188, 401, 250, 331, 426, 428, 106, 426, 426, 426, 293, 293, 293, 293, 122, 122, 106, 276, 276, 153, 153, 153, 346, 426, 426, 355, 355, 355, 88, 88, 346, 355, 88, 338, 338, 338, 387, 98, 98, 387, 126, 321, 170, 170, 80, 321, 321, 7, 7, 7, 7, 398, 464, 360, 434, 434, 434, 434, 339, 188, 186, 143, 239, 259, 338, 338, 338, 400, 400, 400, 400, 213, 213, 3, 3, 143, 36, 36, 36, 342, 355, 355, 115, 273, 273, 273, 267, 355, 115, 315, 315, 315, 450, 450, 450, 450, 496, 88, 293, 287, 315, 315, 486, 486, 206, 120, 146, 146, 146, 450, 219, 219, 219, 219, 468, 468, 35, 395, 374, 100, 132, 132, 132, 303, 303, 303, 303, 303, 98, 98, 17, 83, 188, 188, 434, 434, 434, 264, 264, 264, 264, 264, 264, 264, 264, 264, 264, 264, 264, 264, 264, 264, 434, 434, 434, 434, 434, 434, 434, 434, 434, 434, 434, 434, 434, 434, 434, 434, 434, 434, 434, 434, 434, 434, 434, 434, 434, 434, 434, 434, 434, 434, 434, 434, 434, 434, 434, 434, 434, 434, 434, 434, 434, 434, 434, 434, 434, 434, 434, 434, 434, 434, 434, 434, 434, 434, 434, 434, 434, 434, 434, 434, 434, 434, 434, 434, 434, 434, 434, 434, 434, 434, 434, 434, 434, 434, 434, 434, 434, 434, 434, 434, 434, 434, 434, 434, 434, 434, 434, 434, 434, 434, 434, 434, 434, 434, 434, 434, 434, 434, 434, 434, 434, 434, 434, 434, 434, 434, 434, 434, 434, 434, 434, 434, 434, 434, 434, 434, 434, 434, 434, 434, 434, 434, 434, 434, 434, 434, 434, 434, 434, 434, 434, 434, 434, 434, 434, 434, 434, 434, 434, 434, 434, 434, 434, 434, 434, 434, 434, 434, 434, 434, 434, 434, 434, 434, 434, 434, 434, 434, 434, 434, 434, 434, 434, 434, 434, 434, 434, 434, 434, 434, 434, 434, 434, 434, 434, 434, 434, 434, 434, 434, 434, 434, 434, 434, 434, 434, 434, 434, 434, 434, 434, 434, 434, 434, 434, 434, 434, 434, 434, 434, 434, 434, 434, 434, 434, 434, 434, 434, 434, 434, 434, 434, 434, 434, 434, 434, 434, 434, 434, 434, 434, 434, 434, 434, 434, 434, 434, 434, 434, 434, 434, 434, 434, 434, 434, 434, 434, 434, 434, 434, 434, 434, 434, 434, 434, 434, 434, 434, 434, 434, 434, 434, 434, 434, 434, 434, 434, 434, 434, 434, 434, 434, 434, 434, 434, 434, 434, 434, 434, 434, 434, 434, 434, 434, 434, 434, 434, 434, 434, 434, 434, 434, 434, 434, 434, 434, 434, 434, 434, 434, 434, 434, 434, 434, 434, 434, 434, 434, 434, 434, 434, 434, 434, 434, 434, 434, 434, 434, 434, 434, 434, 434, 434, 434, 434, 434, 434, 434, 434, 434, 434, 434, 434, 434, 434, 434, 434, 434, 434, 434, 434, 434, 434, 434, 434, 434, 434, 434, 434, 434, 434, 434, 434, 434, 434, 434, 434, 434, 434, 434, 434, 434, 434, 434, 434, 434, 434, 434, 434, 434, 434, 434, 434, 434, 434, 434, 434, 434, 434, 434, 434, 434, 434, 434, 434, 434, 434, 434, 434, 434, 434, 434, 434, 434, 434, 434, 434, 434, 434, 434, 434, 434, 434, 434, 434, 434, 434]

ep157
Train step Loss: [1.8402245044708252, 1.9140403270721436, 1.9789961576461792, 1.9501838684082031, 2.070359945297241, 1.9328809976577759, 1.9512336254119873, 2.002138614654541, 1.980806827545166, 1.991707444190979, 1.9442003965377808, 1.901688814163208, 1.8971621990203857, 1.9537173509597778, 1.9743504524230957, 1.92776620388031, 1.9834306240081787, 1.8768908977508545, 1.9014811515808105, 1.9123932123184204, 1.9321866035461426, 1.961686134338379, 1.886177659034729, 1.8607864379882812, 1.898093819618225, 1.9130922555923462, 1.9251904487609863, 1.9200551509857178, 1.9470287561416626, 1.9216283559799194, 1.8487292528152466, 1.8753618001937866, 1.8409392833709717, 1.8912328481674194, 1.951712727546692, 1.9172836542129517, 1.8862371444702148, 1.9251708984375, 1.9213544130325317, 1.9658204317092896, 1.9225671291351318, 1.8677045106887817, 1.833140254020691, 1.9201855659484863, 1.8811819553375244, 1.8927295207977295, 1.9599757194519043, 1.9960007667541504, 1.919613003730774, 1.8305137157440186, 1.9370884895324707, 1.942771553993225, 1.9523825645446777, 1.8365079164505005, 1.944780945777893, 2.0404646396636963, 1.9858225584030151, 1.968508005142212, 1.9210281372070312, 1.8917288780212402, 1.9548879861831665, 1.8987586498260498, 1.8633756637573242]
val step Loss: [1.9258995056152344, 1.8506425619125366, 1.7329552173614502, 1.7454975843429565, 1.9236944913864136, 1.782006025314331, 1.8903776407241821, 1.7933790683746338, 1.8383797407150269, 1.893436312675476, 1.9100791215896606, 1.9545069932937622, 1.8328423500061035, 1.9311147928237915, 1.7979333400726318, 1.9112930297851562]
Train step Accs: [0.5952380952380952, 0.5832405787883607, 0.5526315789473685, 0.5691044549186559, 0.5368579052701801, 0.5721961047683009, 0.5547965547965548, 0.550188468518777, 0.5661434977578476, 0.5546101753776698, 0.5618033605057394, 0.5782761037140854, 0.577717879604672, 0.5626113721043253, 0.565592972181552, 0.5644734521079555, 0.5552242514598087, 0.5806129722024234, 0.5690065437239739, 0.5692917412426489, 0.5620728929384966, 0.5611052072263549, 0.5713860354324848, 0.5865293185419969, 0.578416839608657, 0.5803788903924222, 0.5624740556247405, 0.5671956185928942, 0.571202281007445, 0.5727188205604994, 0.5899689762150983, 0.5722129022418789, 0.5874293543414968, 0.5692088566619189, 0.5607308671559084, 0.5700290831164855, 0.5679109364767518, 0.5730170496664195, 0.576307363927428, 0.5622465835711068, 0.5704962816815905, 0.5819940264542739, 0.5934959349593496, 0.576983876067025, 0.5830079650163985, 0.5703883495145631, 0.563777845590479, 0.5564985854551506, 0.5606635071090047, 0.5998796630565584, 0.5716928769657724, 0.5545722713864307, 0.5684032983508246, 0.5805785123966942, 0.5725179856115108, 0.5338530980713992, 0.5548965936739659, 0.5510141364474493, 0.5715375228798047, 0.5750324347700735, 0.5523908165026756, 0.5801999048072346, 0.5896]
val step Accs: [0.5719945147036416, 0.5900501919102451, 0.6225461893764435, 0.6208837602026457, 0.5615157480314961, 0.6078623391158366, 0.5828176716074255, 0.6087918572060776, 0.5841584158415841, 0.5812917594654788, 0.5777027027027027, 0.5726127849513789, 0.5997903877826022, 0.5803983833718245, 0.5946248600223965, 0.5735761168748676]
Preds: [17, 287, 287, 111, 111, 111, 468, 35, 35, 35, 337, 286, 286, 324, 464, 464, 464, 443, 315, 315, 315, 450, 450, 450, 450, 175, 88, 88, 331, 426, 319, 319, 319, 450, 450, 290, 278, 324, 219, 219, 219, 219, 219, 252, 252, 301, 301, 143, 251, 251, 354, 65, 65, 428, 267, 240, 330, 339, 251, 354, 371, 36, 36, 36, 374, 374, 431, 259, 293, 293, 431, 239, 239, 239, 239, 401, 75, 251, 251, 251, 338, 276, 100, 100, 375, 387, 387, 122, 319, 35, 35, 331, 180, 35, 35, 426, 426, 426, 319, 413, 413, 276, 293, 75, 251, 208, 398, 398, 35, 293, 43, 43, 473, 276, 276, 276, 153, 153, 387, 387, 122, 122, 88, 354, 467, 337, 337, 146, 464, 464, 464, 450, 450, 150, 150, 271, 355, 77, 342, 342, 224, 115, 267, 267, 171, 464, 464, 171, 171, 252, 468, 468, 468, 395, 395, 354, 106, 284, 486, 486, 486, 206, 206, 450, 99, 88, 406, 331, 331, 267, 267, 267, 267, 146, 207, 207, 454, 454, 229, 229, 414, 7, 126, 244, 126, 63, 63, 63, 63, 63, 392, 392, 392, 321, 321, 244, 321, 321, 320, 83, 83, 83, 68, 68, 150, 36, 172, 342, 342, 342, 115, 273, 267, 146, 146, 171, 171, 171, 252, 252, 143, 310, 109, 264, 264, 264, 264, 264, 264, 468, 468, 468, 467, 496, 496, 395, 395, 107, 107, 107, 208, 374, 354, 100, 100, 100, 375, 375, 375, 98, 98, 98, 126, 126, 414, 170, 170, 321, 321, 244, 244, 321, 320, 320, 219, 213, 213, 213, 213, 246, 416, 416, 32, 354, 180, 443, 443, 355, 355, 355, 355, 355, 263, 263, 263, 263, 13, 170, 170, 170, 170, 23, 23, 23, 392, 73, 244, 321, 321, 320, 320, 320, 345, 153, 153, 43, 43, 43, 43, 43, 345, 354, 276, 109, 88, 88, 88, 109, 88, 36, 239, 36, 355, 355, 129, 400, 400, 400, 213, 213, 19, 19, 19, 454, 197, 197, 197, 80, 321, 321, 83, 83, 301, 301, 36, 36, 36, 36, 77, 342, 342, 355, 355, 267, 267, 171, 464, 464, 464, 171, 171, 252, 3, 468, 468, 395, 395, 354, 106, 284, 284, 486, 460, 206, 99, 88, 88, 431, 355, 355, 403, 403, 403, 207, 207, 19, 454, 454, 229, 414, 414, 170, 170, 392, 392, 392, 392, 244, 392, 392, 392, 244, 80, 321, 321, 320, 7, 188, 188, 188, 188, 434, 434, 339, 250, 345, 398, 236, 374, 132, 276, 259, 473, 431, 239, 251, 338, 338, 400, 400, 444, 434, 434, 434, 434, 434, 339, 468, 250, 188, 434, 434, 434, 99, 75, 251, 251, 371, 371, 337, 286, 213, 213, 213, 464, 464, 464, 464, 450, 240, 19, 203, 251, 473, 473, 371, 371, 371, 171, 171, 252, 252, 143, 36, 239, 239, 371, 371, 224, 395, 434, 434, 464, 464, 120, 120, 120, 120, 120, 355, 355, 355, 203, 203, 14, 411, 276, 303, 250, 132, 276, 276, 65, 65, 426, 88, 88, 88, 88, 387, 48, 48, 48, 48, 414, 414, 170, 170, 244, 392, 392, 392, 392, 63, 63, 63, 63, 320, 320, 7, 7, 7, 7, 188, 278, 278, 278, 434, 434, 246, 246, 246, 246, 246, 246, 246, 252, 252, 143, 143, 239, 107, 107, 107, 400, 400, 286, 19, 301, 143, 354, 109, 443, 486, 486, 376, 315, 460, 460, 203, 240, 240, 120, 120, 120, 120, 120, 120, 120, 120, 120, 120, 120, 120, 120, 120, 120, 120, 120, 120, 120, 120, 120, 120, 120, 120, 120, 434, 434, 434]

ep158
Train step Loss: [1.8471946716308594, 1.9116284847259521, 1.9251312017440796, 1.8619908094406128, 1.942624807357788, 1.925838828086853, 2.007439374923706, 1.810604214668274, 1.7876094579696655, 1.8521149158477783, 1.9460901021957397, 1.780984878540039, 1.893249273300171, 1.9145234823226929, 1.8428236246109009, 1.9831211566925049, 1.9920068979263306, 1.8851391077041626, 1.7600054740905762, 1.9353244304656982, 1.8792318105697632, 1.9201158285140991, 2.005936622619629, 1.9717323780059814, 1.8498648405075073, 1.960222601890564, 1.9056228399276733, 1.8455008268356323, 2.0036652088165283, 1.8898825645446777, 1.9214484691619873, 1.9426562786102295, 1.8350794315338135, 1.9737942218780518, 1.7914232015609741, 1.9275367259979248, 1.8914638757705688, 1.8333303928375244, 1.9464056491851807, 1.9050756692886353, 1.9186837673187256, 1.9944173097610474, 1.8897629976272583, 1.8383935689926147, 1.9117153882980347, 1.9060381650924683, 1.9508241415023804, 1.9621241092681885, 1.8441917896270752, 1.915947675704956, 1.964226245880127, 1.8871257305145264, 2.0017926692962646, 1.8612329959869385, 1.8856329917907715, 1.9194424152374268, 1.9188754558563232, 1.9332181215286255, 1.8584067821502686, 1.9337198734283447, 1.8839106559753418, 2.006746292114258, 2.1226115226745605]
val step Loss: [1.9548935890197754, 1.736760139465332, 1.8397738933563232, 1.8342972993850708, 1.8758779764175415, 1.8032047748565674, 1.7750979661941528, 1.8917982578277588, 1.8348419666290283, 1.8725508451461792, 1.8628686666488647, 1.76970374584198, 1.76690673828125, 1.7996865510940552, 1.9367183446884155, 1.8532276153564453]
Train step Accs: [0.5885877318116975, 0.5706304868316041, 0.5751767478397486, 0.5815772034459907, 0.575722709621746, 0.5636634400595681, 0.5436584935614747, 0.59875173370319, 0.6005250154416306, 0.5932388222464559, 0.5668543279380718, 0.6096212655845683, 0.5777460770328102, 0.5654971656197334, 0.5964580467675378, 0.5548780487804879, 0.5569687334393216, 0.5789183982386129, 0.6063847026413871, 0.5673975862655108, 0.5870282680441957, 0.5699067909454061, 0.5474888964810386, 0.55893536121673, 0.5785065303804656, 0.5565345080763583, 0.5747089778344762, 0.5930889714193445, 0.5551857042747022, 0.5679918102712848, 0.5727496917385944, 0.56826688364524, 0.5889537971322358, 0.5557976653696498, 0.6102408845596946, 0.5721437511174683, 0.5803210230980034, 0.5924419589900017, 0.5709300561371567, 0.5731380884900016, 0.5711681855840928, 0.5468519065917824, 0.5629851799576571, 0.582033426183844, 0.5631695022054191, 0.5732758620689655, 0.5645894624231078, 0.561332250203087, 0.5875299760191847, 0.5757485475942201, 0.5548205721845543, 0.580930359085963, 0.5618176453231042, 0.5818000994530085, 0.584244670991659, 0.582360337704329, 0.5626813697040046, 0.5617495711835334, 0.5996312392993547, 0.5708327126471027, 0.5831516661476176, 0.5514553841259743, 0.5345117845117845]
val step Accs: [0.5675008231807704, 0.6204070482174566, 0.5918267665255617, 0.5926203689815509, 0.5861138719295754, 0.6000941324129275, 0.6080347448425625, 0.5738320355951056, 0.5914080498712563, 0.5868036015756893, 0.5898809523809524, 0.6243411595591758, 0.615944055944056, 0.5985707627776915, 0.5698939170135625, 0.5926094890510949]
Preds: [17, 17, 287, 287, 284, 284, 43, 346, 450, 88, 88, 88, 109, 443, 146, 171, 324, 324, 252, 219, 219, 143, 395, 286, 286, 282, 36, 251, 251, 251, 354, 346, 180, 240, 240, 468, 35, 35, 355, 273, 319, 240, 388, 251, 251, 338, 398, 398, 464, 207, 120, 143, 251, 251, 401, 251, 276, 276, 132, 153, 387, 387, 426, 66, 239, 239, 239, 331, 106, 106, 331, 426, 319, 413, 413, 122, 354, 250, 401, 441, 398, 426, 34, 35, 75, 406, 239, 107, 208, 276, 106, 106, 387, 426, 387, 122, 406, 406, 106, 337, 371, 371, 464, 464, 464, 464, 355, 355, 355, 240, 35, 36, 36, 77, 342, 342, 342, 224, 355, 355, 36, 434, 203, 251, 188, 171, 464, 443, 240, 301, 468, 468, 401, 75, 354, 354, 106, 284, 284, 206, 206, 293, 293, 43, 43, 276, 109, 109, 428, 267, 267, 146, 468, 468, 35, 401, 17, 414, 414, 170, 170, 170, 244, 244, 73, 187, 326, 326, 326, 392, 392, 244, 244, 63, 392, 392, 392, 73, 244, 320, 188, 66, 66, 251, 251, 309, 473, 331, 374, 132, 132, 346, 251, 251, 251, 251, 371, 371, 371, 278, 219, 219, 219, 252, 252, 286, 286, 120, 264, 120, 120, 240, 203, 14, 303, 303, 303, 473, 473, 400, 19, 278, 264, 143, 239, 395, 107, 338, 401, 401, 401, 75, 371, 371, 224, 395, 278, 324, 252, 252, 464, 464, 464, 443, 206, 120, 120, 468, 468, 406, 406, 406, 337, 290, 251, 251, 251, 431, 398, 398, 464, 464, 443, 443, 443, 120, 240, 240, 468, 406, 406, 337, 286, 207, 207, 324, 374, 374, 251, 354, 398, 398, 324, 434, 339, 374, 251, 251, 431, 473, 398, 374, 132, 250, 250, 98, 250, 293, 82, 320, 287, 35, 426, 406, 251, 251, 401, 401, 320, 276, 345, 293, 331, 426, 426, 413, 132, 122, 338, 431, 331, 337, 355, 355, 387, 263, 263, 83, 188, 434, 434, 264, 264, 264, 264, 264, 264, 264, 264, 264, 264, 264, 264, 264, 264, 264, 264, 264, 264, 264, 264, 264, 264, 120, 120, 120, 120, 120, 120, 120, 120, 120, 120, 120, 120, 120, 120, 120, 120, 120, 120, 120, 120, 120, 120, 120, 120, 120, 120, 120, 120, 120, 120, 120, 120, 120, 120, 120, 120, 120, 120, 120, 120, 120, 120, 120, 120, 120, 120, 120, 120, 120, 120, 120, 120, 120, 120, 120, 120, 120, 120, 120, 120, 120, 120, 120, 120, 120, 120, 120, 120, 120, 120, 120, 120, 120, 120, 120, 120, 120, 120, 120, 120, 120, 120, 120, 120, 120, 120, 120, 120, 120, 120, 120, 120, 120, 120, 120, 120, 120, 120, 120, 120, 120, 120, 120, 120, 120, 120, 120, 120, 120, 120, 120, 120, 120, 120, 120, 434, 434, 434, 434, 434, 434, 434, 434, 434, 434, 434, 434, 434, 434, 434, 434, 434, 434, 434, 434, 434, 434, 434, 434, 434, 434, 434, 434, 434, 434, 434, 434, 434, 434, 434, 434, 434, 434, 434, 434, 434, 434, 434, 434, 434, 434, 434, 434, 434, 434, 434, 434, 434, 434, 434, 434, 434, 434, 434, 434, 434, 434, 434, 434, 434, 434, 434, 434, 434, 434, 434, 434, 434, 434, 434, 434, 434, 434, 434, 434, 434, 434, 434, 434, 434, 434, 434, 434, 434, 434, 434, 434, 434, 434, 434, 434, 434, 434, 434, 434, 434, 434, 434, 434, 434, 434, 434, 434, 434, 434, 434, 434, 434, 434, 434, 434, 434, 434, 434, 434, 434, 434, 434, 434, 434, 434, 434, 434, 434, 434, 434, 434]

ep159
Train step Loss: [1.9293287992477417, 1.955935001373291, 1.9089714288711548, 1.8362246751785278, 1.9121125936508179, 1.8630260229110718, 1.861842393875122, 1.9021776914596558, 1.7684242725372314, 1.8814055919647217, 1.9026391506195068, 2.0103349685668945, 1.877083420753479, 1.8510562181472778, 1.8634238243103027, 1.9774324893951416, 1.950799584388733, 1.817186713218689, 1.900637149810791, 1.9158185720443726, 1.8106346130371094, 1.8816322088241577, 1.9389201402664185, 1.948068380355835, 1.8855364322662354, 1.8310067653656006, 1.8836191892623901, 1.8552287817001343, 1.8700083494186401, 1.9632470607757568, 1.77882719039917, 1.914831280708313, 1.7898237705230713, 1.9312186241149902, 1.9334791898727417, 1.910176157951355, 1.8335185050964355, 1.8807820081710815, 1.9582549333572388, 1.96221923828125, 1.8124390840530396, 1.823326826095581, 1.978680968284607, 1.8355460166931152, 1.9657388925552368, 1.9680283069610596, 1.8015018701553345, 1.9265493154525757, 1.8572219610214233, 1.9099308252334595, 1.8207532167434692, 1.897600531578064, 1.777248740196228, 1.9134200811386108, 1.977612853050232, 1.8457428216934204, 1.863796591758728, 1.8819990158081055, 1.886225938796997, 1.8974609375, 1.911291241645813, 1.8577591180801392, 1.9106155633926392]
val step Loss: [1.830298662185669, 1.9138195514678955, 1.7474327087402344, 1.8099051713943481, 1.8747154474258423, 1.7085963487625122, 1.7490017414093018, 1.8457868099212646, 1.8421719074249268, 1.8307552337646484, 1.8338016271591187, 1.8489638566970825, 1.7779641151428223, 1.870976448059082, 1.828009009361267, 1.8441355228424072]
Train step Accs: [0.5751419181356439, 0.5671306059327991, 0.5792519407198307, 0.5920257234726688, 0.5791749833666001, 0.5857921744708147, 0.5975210879669478, 0.5816169689517369, 0.6083279115159401, 0.5741410488245932, 0.5717321997874601, 0.553623188405797, 0.5898218012522074, 0.5868314150304672, 0.5840901973066082, 0.558158190277555, 0.5588235294117647, 0.5930026572187777, 0.578008658008658, 0.5741356382978723, 0.5966212721944493, 0.576448724446697, 0.5585019136139967, 0.5680252583237658, 0.5934722647870059, 0.5971389645776567, 0.5784212847273262, 0.5780872794800371, 0.5666819082456942, 0.5631601182931981, 0.6023410827507722, 0.5781839280533797, 0.6111846061334937, 0.5583596214511041, 0.5683176771989752, 0.5753016535081186, 0.5904239549362585, 0.5799386160714286, 0.560647332158308, 0.5599057992346188, 0.5981643482002008, 0.586160654418667, 0.5574277854195323, 0.5767405063291139, 0.568072095268748, 0.5574721908753829, 0.6102850061957868, 0.5696781812813699, 0.5896656534954408, 0.5753424657534246, 0.5903341765410731, 0.5760903671164104, 0.5920496193966732, 0.562187673514714, 0.561236169400992, 0.5948213510776797, 0.575998862505332, 0.5773719879518072, 0.5743898361751922, 0.5765700131137986, 0.5714790599045768, 0.5900448291853455, 0.5797065406615269]
val step Accs: [0.598571926158133, 0.5775407940382886, 0.6240567461515243, 0.6109142452161588, 0.5833944550388734, 0.6236973590292648, 0.6150448781877761, 0.5843803056027165, 0.5937375083277815, 0.594605983986515, 0.5894428152492669, 0.5921527360192423, 0.5982034104750305, 0.5806622516556291, 0.6083974573435932, 0.5904904157331342]
Preds: [17, 17, 7, 7, 65, 240, 171, 171, 171, 171, 252, 252, 252, 143, 143, 239, 239, 259, 338, 338, 338, 400, 400, 400, 213, 213, 213, 213, 246, 246, 19, 19, 19, 454, 454, 197, 82, 82, 320, 7, 7, 217, 217, 473, 473, 473, 278, 278, 278, 278, 360, 339, 75, 239, 239, 107, 107, 107, 395, 400, 400, 400, 213, 213, 324, 324, 301, 301, 8, 106, 106, 374, 303, 217, 473, 65, 371, 371, 371, 290, 290, 290, 434, 374, 374, 75, 239, 239, 107, 107, 395, 395, 395, 354, 84, 84, 496, 250, 250, 98, 98, 13, 197, 47, 303, 320, 320, 346, 66, 66, 66, 290, 278, 278, 434, 434, 434, 203, 14, 197, 197, 197, 320, 63, 320, 287, 43, 426, 497, 497, 497, 43, 406, 276, 276, 276, 241, 241, 431, 284, 284, 206, 355, 355, 355, 355, 88, 88, 467, 106, 337, 371, 36, 454, 263, 229, 229, 414, 244, 244, 126, 80, 80, 80, 80, 73, 408, 408, 244, 244, 321, 321, 320, 83, 145, 284, 460, 460, 460, 169, 450, 77, 77, 342, 342, 224, 224, 267, 355, 36, 324, 324, 422, 464, 464, 464, 171, 171, 171, 171, 252, 416, 468, 416, 395, 354, 284, 284, 284, 284, 284, 206, 206, 450, 99, 88, 88, 241, 331, 331, 428, 267, 264, 120, 207, 207, 19, 454, 229, 229, 312, 312, 126, 126, 47, 47, 47, 47, 149, 149, 149, 149, 320, 320, 320, 7, 7, 431, 346, 346, 106, 106, 346, 346, 139, 293, 293, 346, 36, 36, 36, 36, 342, 342, 342, 342, 115, 115, 267, 267, 267, 267, 213, 213, 213, 246, 246, 246, 246, 14, 197, 197, 197, 197, 7, 7, 32, 239, 395, 371, 371, 371, 371, 267, 267, 267, 213, 213, 213, 246, 246, 246, 3, 14, 197, 197, 197, 197, 244, 321, 320, 63, 188, 188, 83, 19, 150, 36, 35, 406, 239, 395, 395, 65, 264, 264, 264, 468, 468, 35, 35, 467, 467, 467, 106, 100, 413, 122, 75, 239, 107, 106, 354, 354, 354, 354, 293, 331, 426, 426, 413, 43, 98, 98, 48, 48, 414, 170, 170, 244, 392, 392, 392, 392, 244, 244, 244, 320, 320, 7, 219, 213, 213, 213, 213, 213, 213, 246, 246, 143, 8, 354, 354, 109, 180, 443, 443, 355, 355, 355, 355, 263, 263, 263, 263, 13, 414, 170, 47, 47, 47, 47, 73, 244, 244, 321, 320, 320, 7, 345, 413, 153, 153, 43, 43, 43, 43, 276, 276, 345, 354, 88, 109, 109, 109, 106, 240, 236, 239, 239, 239, 239, 107, 107, 400, 400, 400, 213, 324, 19, 19, 454, 229, 229, 229, 244, 126, 126, 126, 408, 408, 63, 321, 321, 83, 83, 83, 460, 460, 460, 167, 169, 77, 77, 342, 342, 224, 224, 267, 355, 36, 464, 464, 464, 120, 120, 120, 443, 240, 240, 468, 468, 468, 35, 406, 284, 284, 284, 284, 206, 206, 450, 99, 88, 88, 431, 426, 428, 267, 264, 120, 146, 146, 207, 240, 454, 229, 414, 414, 47, 47, 47, 47, 80, 80, 320, 320, 320, 345, 276, 375, 375, 244, 244, 497, 497, 497, 497, 122, 7, 32, 441, 354, 354, 354, 319, 319, 319, 240, 348, 413, 122, 293, 48, 197, 197, 414, 47, 320, 188, 188, 188, 171, 171, 171, 171, 252, 3, 143, 143, 251, 338, 107, 107, 400, 400, 213, 213, 252, 301, 143, 354, 355, 355, 355, 355, 355, 413, 19, 19, 434, 434, 434, 120, 120, 120, 120, 120, 120, 120, 120, 120, 120, 120, 120, 120, 120, 120, 120, 120]

ep160
Train step Loss: [1.9690393209457397, 1.843605875968933, 1.8419604301452637, 1.9090408086776733, 1.8524901866912842, 1.9015501737594604, 1.9091465473175049, 1.8971166610717773, 1.743743896484375, 1.8638743162155151, 1.8967472314834595, 1.8670974969863892, 1.8793737888336182, 1.897483229637146, 1.8437721729278564, 2.0093142986297607, 1.975963830947876, 1.778070330619812, 1.7354705333709717, 1.8700557947158813, 1.988063097000122, 1.9037765264511108, 1.7957179546356201, 1.806822419166565, 1.933799147605896, 1.8218461275100708, 1.881407618522644, 1.9075275659561157, 1.9391473531723022, 1.8374016284942627, 1.9228202104568481, 1.8884369134902954, 1.9932907819747925, 1.847630500793457, 1.8599371910095215, 1.7507315874099731, 1.867972731590271, 1.8038251399993896, 1.7874902486801147, 1.8698503971099854, 1.9527130126953125, 1.8803987503051758, 1.8081380128860474, 2.0029211044311523, 1.8287416696548462, 1.918318748474121, 1.8579901456832886, 1.8437243700027466, 1.850279688835144, 1.7302542924880981, 1.7644933462142944, 1.9095170497894287, 1.8793354034423828, 1.9819518327713013, 1.914218544960022, 1.8733608722686768, 1.823676586151123, 1.7812801599502563, 1.776686429977417, 1.8389097452163696, 1.9215863943099976, 1.878322720527649, 2.0231802463531494]
val step Loss: [1.7799409627914429, 1.8088645935058594, 1.7296035289764404, 1.6710079908370972, 1.8143341541290283, 1.8834055662155151, 1.847117304801941, 1.7702609300613403, 1.7583465576171875, 1.757122278213501, 1.810952067375183, 1.8074021339416504, 1.7776470184326172, 1.9149154424667358, 1.7892754077911377, 1.8896303176879883]
Train step Accs: [0.5650827836855566, 0.584510250569476, 0.5977566599158748, 0.5656157788476471, 0.5868505362863908, 0.5572229551451188, 0.5604946524064172, 0.5726413802546898, 0.6127572617136184, 0.5794777828676134, 0.5836990595611286, 0.582237351075352, 0.5838630806845966, 0.5734556399598681, 0.5791583166332666, 0.5509596786192531, 0.5635288476905865, 0.6079958463136034, 0.627820133810487, 0.5877968452071416, 0.5514108082257293, 0.5753764393268379, 0.5975189524465886, 0.5939058918700283, 0.5665735567970205, 0.5935405240706886, 0.5786370492252845, 0.5730577334283677, 0.5713875735399627, 0.591648590021692, 0.5753450557761391, 0.5717011595479231, 0.5563624881591411, 0.584348641049672, 0.5802298850574713, 0.6115107913669064, 0.5758251561106156, 0.5979663668361361, 0.6115613182063749, 0.576188360728565, 0.5587726199842643, 0.5754583921015515, 0.6000293341155765, 0.5473756906077348, 0.5971544148416794, 0.5655028827674567, 0.5783017364983273, 0.5853409256825814, 0.5863704105134806, 0.6116819141449683, 0.6082294598579279, 0.5696836830566865, 0.5863792564823492, 0.5559935495430927, 0.5757882313269264, 0.58689818468824, 0.5849522047486895, 0.5991983967935872, 0.6073637702503681, 0.5831234256926953, 0.5765977443609023, 0.5830289407136836, 0.5579333537144604]
val step Accs: [0.6002652129070282, 0.6020434227330779, 0.6231060606060606, 0.6283260357022566, 0.5977345782948109, 0.5796888758438509, 0.589605473868103, 0.6050341827221877, 0.6150490730643402, 0.6225599553820412, 0.60571791613723, 0.6083019919208803, 0.6091865140736158, 0.5734553168920711, 0.606544901065449, 0.5862509583439816]
Preds: [17, 17, 309, 309, 164, 398, 464, 213, 3, 434, 339, 251, 259, 338, 250, 132, 132, 122, 88, 354, 354, 284, 284, 206, 293, 43, 43, 43, 276, 276, 276, 276, 153, 182, 182, 182, 182, 182, 182, 182, 387, 250, 293, 122, 287, 287, 111, 111, 99, 251, 251, 241, 331, 331, 428, 428, 146, 146, 146, 468, 35, 36, 36, 232, 355, 355, 115, 273, 175, 497, 497, 14, 122, 217, 217, 217, 473, 473, 65, 65, 264, 264, 468, 35, 35, 337, 286, 324, 324, 324, 301, 301, 251, 251, 251, 251, 241, 331, 420, 286, 315, 315, 460, 460, 203, 263, 263, 197, 197, 197, 80, 80, 23, 7, 320, 276, 276, 331, 387, 387, 387, 219, 219, 219, 219, 219, 219, 219, 219, 219, 246, 246, 246, 246, 246, 246, 3, 19, 454, 229, 414, 414, 414, 47, 80, 47, 80, 80, 320, 320, 20, 83, 287, 460, 460, 167, 35, 35, 251, 354, 106, 284, 206, 206, 35, 35, 35, 35, 35, 251, 251, 354, 338, 346, 346, 139, 267, 267, 267, 267, 293, 43, 43, 276, 276, 276, 346, 346, 284, 206, 206, 175, 251, 251, 251, 241, 431, 65, 428, 267, 146, 146, 468, 36, 36, 355, 355, 355, 355, 224, 273, 175, 406, 293, 401, 303, 303, 473, 473, 65, 65, 264, 264, 264, 468, 468, 35, 406, 467, 337, 278, 434, 434, 434, 434, 434, 19, 19, 19, 19, 19, 19, 454, 229, 229, 82, 321, 47, 23, 23, 23, 23, 23, 149, 149, 149, 23, 320, 7, 63, 63, 7, 7, 83, 188, 171, 422, 301, 143, 239, 239, 239, 107, 107, 395, 213, 213, 213, 213, 213, 213, 246, 246, 246, 246, 246, 246, 246, 246, 246, 19, 19, 454, 197, 188, 360, 434, 434, 434, 434, 434, 434, 434, 434, 434, 434, 434, 434, 434, 434, 120, 120, 120, 120, 120, 120, 120, 120, 120, 120, 120, 120, 120, 120, 120, 120, 120, 120, 120, 120, 120, 120, 120, 120, 120, 120, 120, 120, 120, 120, 120, 120, 120, 120, 120, 120, 120, 120, 120, 120, 120, 120, 120, 120, 120, 120, 120, 120, 120, 120, 120, 120, 120, 120, 120, 120, 120, 120, 120, 120, 120, 120, 120, 120, 120, 120, 120, 120, 120, 120, 120, 120, 120, 120, 120, 120, 120, 120, 120, 120, 120, 120, 120, 120, 120, 120, 120, 120, 120, 120, 120, 120, 120, 120, 120, 120, 120, 120, 120, 120, 120, 120, 120, 120, 120, 120, 120, 120, 120, 120, 120, 120, 120, 120, 120, 120, 120, 120, 120, 120, 120, 120, 120, 120, 120, 120, 120, 120, 120, 120, 120, 120, 120, 120, 120, 120, 120, 120, 120, 120, 120, 120, 120, 120, 120, 120, 120, 120, 120, 120, 120, 120, 120, 120, 120, 120, 120, 120, 120, 120, 120, 120, 120, 120, 120, 120, 120, 120, 120, 120, 120, 120, 120, 120, 120, 120, 120, 120, 120, 120, 120, 120, 120, 120, 120, 120, 120, 120, 120, 120, 120, 120, 120, 120, 120, 120, 120, 120, 120, 120, 120, 120, 120, 120, 120, 120, 120, 120, 120, 120, 120, 120, 120, 120, 120, 120, 120, 120, 120, 120, 120, 120, 120, 120, 120, 120, 120, 120, 120, 120, 120, 120, 120, 120, 120, 120, 120, 120, 120, 120, 120, 120, 120, 120, 120, 120, 120, 120, 120, 120, 120, 120, 120, 120, 120, 120, 120, 120, 120, 120, 120, 120, 120, 120, 120, 120, 120, 120, 120, 120, 120, 120, 120, 120, 120, 120, 120, 120, 120, 120, 120, 120, 120, 120, 120, 120, 120, 120, 120, 120]

ep161
Train step Loss: [1.9186890125274658, 1.9114750623703003, 1.953038215637207, 1.8420418500900269, 1.86093008518219, 1.8429754972457886, 1.8439643383026123, 1.8625798225402832, 1.8834435939788818, 1.8591582775115967, 1.8643126487731934, 1.8771737813949585, 1.8197413682937622, 1.9899719953536987, 1.8894133567810059, 1.7950948476791382, 1.9212474822998047, 1.7983285188674927, 1.8741439580917358, 1.7513877153396606, 1.9006441831588745, 1.8893847465515137, 1.739200234413147, 1.8708584308624268, 1.8289903402328491, 1.8185451030731201, 1.941369891166687, 1.9175245761871338, 1.7788958549499512, 1.9219697713851929, 1.7707277536392212, 1.8955260515213013, 1.815436601638794, 1.886680006980896, 1.8463646173477173, 1.789934515953064, 1.797876000404358, 1.8121864795684814, 1.88519287109375, 1.8581147193908691, 1.8744310140609741, 1.8464417457580566, 1.8597029447555542, 1.8004212379455566, 1.8297394514083862, 1.8063567876815796, 1.9005402326583862, 1.8542699813842773, 1.798456072807312, 1.8009964227676392, 1.7798320055007935, 1.9368139505386353, 1.7874475717544556, 1.9280794858932495, 1.7223572731018066, 1.8183550834655762, 1.9232606887817383, 1.8495274782180786, 1.9086222648620605, 1.826838493347168, 1.7808252573013306, 1.8675079345703125, 1.8412493467330933]
val step Loss: [1.850969672203064, 1.7100543975830078, 1.8442435264587402, 1.733596682548523, 1.709463357925415, 1.7937372922897339, 1.8003019094467163, 1.8513604402542114, 1.793075680732727, 1.7879515886306763, 1.717474341392517, 1.8070505857467651, 1.7591630220413208, 1.7468230724334717, 1.8571151494979858, 1.8240572214126587]
Train step Accs: [0.5766211107880198, 0.5736466062104973, 0.5623250452823975, 0.5891095620149941, 0.5950635751682872, 0.5799727255016559, 0.5882537688442211, 0.5896833079795326, 0.5816284498146368, 0.5926092834610185, 0.5844380403458214, 0.591297824456114, 0.5981323995330999, 0.5560006162378678, 0.5719052385719052, 0.5990500995863337, 0.5762344004340749, 0.6, 0.5747161241483725, 0.6240536820371645, 0.5791842067063434, 0.5718592964824121, 0.6070615034168565, 0.578956552085151, 0.5901717557251909, 0.59430716296528, 0.5737133808392716, 0.5770629370629371, 0.6037488530606895, 0.5815662047086325, 0.609203693017888, 0.5822311289245157, 0.5977011494252874, 0.584966364434045, 0.5793930839802399, 0.5940753776213521, 0.5994397759103641, 0.5926251097453907, 0.5742389431361287, 0.5893896557458839, 0.5787979966611019, 0.5838658146964856, 0.5853437876960192, 0.597072200113701, 0.5893918609967993, 0.5870782266606143, 0.5717209888206581, 0.5827586206896552, 0.6070175438596491, 0.6084083239595051, 0.6084671532846715, 0.5700747463961559, 0.6093082835183604, 0.564919297243251, 0.6165525454004168, 0.5991302947334515, 0.57219162076448, 0.5869713506139154, 0.5822706065318818, 0.5936132274274599, 0.6086875812140338, 0.588099173553719, 0.5844913841022791]
val step Accs: [0.5918670629559578, 0.6228274967574579, 0.5928623452294246, 0.6151428571428571, 0.6185135337221475, 0.609007164790174, 0.5961941863949656, 0.5882154882154882, 0.6069976771196284, 0.6022250886810706, 0.6254230404765128, 0.5954320396102859, 0.6137961993116864, 0.6156519321656936, 0.5861232411450752, 0.5937130701961711]
Preds: [17, 296, 354, 387, 250, 122, 276, 32, 32, 239, 239, 371, 374, 132, 250, 473, 239, 251, 251, 251, 354, 109, 109, 374, 354, 395, 106, 106, 337, 286, 468, 239, 374, 354, 398, 324, 301, 374, 251, 338, 331, 398, 454, 153, 153, 387, 387, 497, 497, 43, 406, 406, 239, 239, 354, 106, 153, 387, 387, 387, 406, 406, 406, 250, 250, 250, 250, 250, 250, 250, 122, 276, 276, 276, 293, 293, 48, 48, 197, 197, 197, 47, 80, 47, 47, 80, 80, 80, 80, 63, 287, 287, 284, 284, 293, 43, 43, 43, 276, 276, 346, 346, 346, 284, 206, 206, 206, 99, 251, 251, 251, 251, 241, 431, 331, 428, 428, 428, 146, 146, 146, 468, 35, 36, 36, 232, 355, 355, 115, 273, 106, 106, 153, 182, 182, 182, 375, 375, 375, 98, 98, 497, 13, 414, 170, 80, 63, 80, 80, 20, 20, 80, 80, 80, 80, 80, 80, 80, 80, 80, 80, 80, 80, 66, 66, 20, 66, 401, 66, 66, 401, 73, 73, 73, 320, 320, 20, 287, 287, 284, 284, 284, 293, 43, 43, 276, 276, 276, 346, 346, 284, 284, 206, 206, 175, 251, 251, 241, 431, 65, 428, 428, 146, 146, 468, 36, 36, 355, 342, 224, 273, 355, 175, 497, 293, 197, 217, 217, 65, 65, 284, 284, 284, 426, 406, 406, 406, 406, 406, 406, 406, 413, 250, 413, 413, 413, 122, 10, 398, 398, 398, 324, 99, 251, 338, 250, 331, 473, 109, 106, 180, 171, 171, 301, 416, 8, 32, 239, 354, 109, 278, 464, 171, 171, 171, 416, 239, 239, 239, 107, 371, 106, 84, 106, 497, 43, 43, 43, 276, 276, 276, 153, 153, 153, 182, 182, 182, 98, 98, 497, 197, 47, 80, 80, 287, 287, 287, 284, 206, 240, 450, 35, 35, 77, 342, 115, 35, 443, 443, 315, 450, 450, 43, 43, 276, 276, 276, 346, 346, 284, 206, 240, 99, 251, 241, 431, 65, 428, 146, 146, 146, 282, 150, 355, 355, 355, 224, 273, 355, 406, 203, 401, 217, 217, 473, 473, 188, 180, 278, 450, 150, 355, 355, 355, 355, 115, 273, 273, 175, 88, 375, 375, 375, 375, 98, 98, 13, 414, 312, 312, 187, 23, 47, 80, 80, 149, 149, 320, 7, 145, 145, 374, 251, 251, 345, 331, 346, 355, 171, 171, 416, 416, 32, 239, 354, 180, 278, 434, 282, 239, 251, 239, 107, 374, 100, 100, 122, 497, 431, 75, 251, 251, 354, 106, 346, 319, 355, 35, 355, 355, 406, 337, 286, 324, 422, 301, 143, 401, 251, 431, 109, 106, 106, 88, 387, 387, 98, 98, 75, 414, 229, 244, 312, 126, 187, 73, 80, 149, 80, 73, 149, 320, 7, 7, 287, 413, 250, 250, 122, 276, 276, 387, 387, 346, 186, 35, 35, 35, 35, 354, 284, 206, 206, 240, 240, 143, 239, 239, 180, 443, 284, 319, 319, 374, 413, 94, 338, 338, 338, 250, 250, 122, 75, 431, 36, 342, 342, 342, 342, 115, 267, 267, 213, 213, 213, 213, 3, 3, 14, 14, 145, 145, 145, 460, 460, 167, 35, 35, 35, 77, 342, 267, 278, 171, 171, 301, 35, 416, 395, 278, 434, 434, 246, 246, 246, 19, 19, 19, 454, 229, 414, 414, 47, 80, 47, 47, 47, 47, 149, 80, 80, 149, 320, 7, 7, 7, 398, 398, 240, 406, 406, 406, 354, 354, 180, 443, 443, 403, 403, 240, 240, 43, 43, 276, 276, 109, 109, 428, 428, 240, 240, 143, 239, 239, 219, 219, 324, 301, 99, 251, 431, 331, 331, 106, 84, 153, 426, 426, 153, 182]

ep162
Train step Loss: [1.9420169591903687, 1.9567381143569946, 1.8334181308746338, 1.7926386594772339, 1.8445818424224854, 1.8170517683029175, 1.8093700408935547, 1.9216581583023071, 1.750943899154663, 1.7766655683517456, 1.8621838092803955, 1.8602018356323242, 1.8803346157073975, 1.8184386491775513, 1.8145302534103394, 1.8075861930847168, 1.782866358757019, 1.8321870565414429, 1.89350163936615, 1.9381945133209229, 1.8783823251724243, 1.8375529050827026, 1.7766872644424438, 1.802514910697937, 1.91327965259552, 1.8492072820663452, 1.7697337865829468, 1.7994470596313477, 1.6949607133865356, 1.904984712600708, 1.8587440252304077, 1.8752400875091553, 1.8712610006332397, 1.9169772863388062, 1.9180512428283691, 1.7245415449142456, 1.8914039134979248, 1.8583602905273438, 1.7932511568069458, 1.8428627252578735, 1.8263925313949585, 1.7265548706054688, 1.884454369544983, 1.9475711584091187, 1.826130747795105, 1.7593772411346436, 1.7959893941879272, 1.882853388786316, 1.877408742904663, 1.80674147605896, 1.7585468292236328, 1.8709160089492798, 1.71712327003479, 1.8005123138427734, 1.838966965675354, 1.8612056970596313, 1.8630744218826294, 1.8545891046524048, 1.9172638654708862, 1.7960684299468994, 1.802485466003418, 1.730242133140564, 1.9563512802124023]
val step Loss: [1.881468653678894, 1.7031126022338867, 1.7347915172576904, 1.8101006746292114, 1.7287405729293823, 1.8030126094818115, 1.7721651792526245, 1.7325894832611084, 1.706009864807129, 1.7740191221237183, 1.7618496417999268, 1.7742902040481567, 1.8424880504608154, 1.7355355024337769, 1.73562490940094, 1.8506169319152832]
Train step Accs: [0.5571565802113353, 0.5657702730873463, 0.5909451945988881, 0.6065891472868217, 0.5798419561652005, 0.5861802442417684, 0.5942217595002602, 0.5694502146517103, 0.6095165003837298, 0.6105810928013877, 0.5770996889349725, 0.5852949321517585, 0.5821558336697618, 0.5969055374592834, 0.5896290782781293, 0.5930268435668004, 0.599633079311318, 0.5959152798789713, 0.5783569209527097, 0.5613320999074931, 0.5864, 0.5911230665770006, 0.602760736196319, 0.5899011087803416, 0.5655339805825242, 0.5940784863349685, 0.6085881989496448, 0.6060347281525762, 0.6176509798693508, 0.5787741025239066, 0.5776135163674763, 0.589677047289504, 0.5709700948212983, 0.5764688294214382, 0.5723228995057661, 0.6135672837800498, 0.5792103948025987, 0.5834297281665702, 0.5927172582619339, 0.5911542610571737, 0.5944227712758272, 0.6183206106870229, 0.566003616636528, 0.5723892405063291, 0.5977252843394576, 0.6159133871799278, 0.6007272727272728, 0.5868202608842962, 0.5821060382916053, 0.5924502402196293, 0.5926457914392416, 0.5821776335202125, 0.615641924179675, 0.5942165645135942, 0.5895705521472393, 0.5912010276172126, 0.5845969672785315, 0.5821905919111265, 0.5635686473675301, 0.6058257616247996, 0.6086644670778941, 0.6188645771732703, 0.5732581967213115]
val step Accs: [0.5894920720236495, 0.6217317487266554, 0.6063453159041394, 0.5969904648390941, 0.6201405152224825, 0.6055547954576549, 0.6121875, 0.6100420926037282, 0.6270399196585489, 0.6114438839848676, 0.6262927256792288, 0.6023535851122058, 0.5968008825151683, 0.6244682411618013, 0.6151385927505331, 0.58266291230893]
Preds: [17, 17, 188, 287, 278, 278, 240, 468, 468, 239, 164, 464, 464, 278, 278, 240, 301, 143, 239, 293, 32, 371, 371, 324, 324, 324, 464, 464, 464, 443, 486, 486, 460, 240, 167, 468, 35, 35, 401, 401, 244, 82, 82, 244, 75, 66, 66, 251, 338, 338, 338, 400, 400, 400, 324, 301, 422, 143, 75, 251, 395, 395, 395, 278, 213, 213, 213, 213, 213, 213, 219, 416, 374, 106, 106, 153, 182, 182, 182, 182, 375, 98, 98, 98, 13, 321, 47, 80, 80, 80, 73, 244, 244, 7, 7, 7, 7, 398, 398, 324, 464, 464, 464, 139, 443, 450, 450, 293, 293, 43, 43, 43, 276, 276, 345, 346, 35, 395, 395, 395, 395, 395, 406, 496, 496, 401, 32, 374, 473, 473, 337, 213, 213, 252, 143, 239, 239, 395, 395, 371, 371, 224, 213, 213, 213, 213, 213, 213, 213, 246, 454, 229, 414, 392, 392, 392, 392, 392, 392, 73, 73, 244, 244, 320, 7, 354, 132, 43, 43, 106, 106, 354, 354, 109, 109, 84, 84, 426, 413, 293, 43, 43, 276, 276, 346, 346, 346, 428, 267, 240, 99, 251, 251, 241, 431, 331, 428, 428, 146, 146, 146, 468, 36, 36, 35, 251, 107, 107, 107, 338, 88, 88, 338, 371, 374, 374, 473, 32, 219, 219, 219, 219, 464, 464, 180, 443, 460, 460, 301, 301, 301, 468, 413, 239, 107, 400, 400, 324, 422, 143, 239, 401, 401, 244, 320, 276, 276, 276, 346, 346, 346, 284, 426, 426, 139, 450, 293, 250, 250, 276, 276, 109, 109, 145, 324, 324, 324, 301, 339, 303, 303, 345, 398, 464, 464, 219, 219, 219, 219, 464, 464, 139, 43, 88, 387, 293, 293, 293, 303, 287, 287, 284, 284, 284, 284, 284, 206, 206, 206, 206, 206, 450, 150, 35, 401, 454, 354, 406, 413, 413, 153, 153, 182, 375, 98, 98, 13, 414, 414, 392, 392, 392, 63, 63, 63, 63, 392, 392, 392, 63, 73, 244, 73, 73, 63, 63, 287, 284, 460, 460, 460, 450, 35, 35, 251, 395, 36, 400, 342, 213, 213, 213, 324, 3, 14, 14, 14, 411, 145, 145, 486, 206, 206, 146, 146, 146, 146, 468, 35, 143, 401, 401, 75, 75, 395, 371, 267, 267, 213, 434, 282, 434, 143, 203, 401, 401, 66, 66, 68, 342, 342, 115, 267, 267, 213, 213, 213, 246, 246, 246, 246, 246, 19, 19, 454, 197, 188, 360, 264, 264, 264, 264, 120, 120, 120, 120, 120, 120, 120, 120, 120, 120, 120, 120, 120, 120, 120, 120, 120, 120, 120, 120, 120, 120, 120, 120, 120, 120, 120, 120, 120, 120, 120, 120, 120, 120, 120, 120, 120, 120, 120, 120, 120, 120, 120, 120, 120, 120, 120, 120, 120, 120, 120, 120, 120, 120, 120, 120, 120, 120, 120, 120, 120, 120, 120, 120, 120, 120, 120, 120, 120, 120, 120, 120, 120, 120, 120, 120, 120, 120, 120, 120, 120, 120, 120, 120, 120, 120, 120, 120, 120, 120, 120, 120, 120, 120, 120, 120, 120, 120, 120, 120, 120, 120, 120, 120, 120, 120, 120, 120, 120, 120, 120, 120, 120, 120, 120, 120, 120, 120, 120, 120, 120, 120, 120, 120, 120, 120, 120, 120, 120, 120, 120, 120, 120, 120, 120, 120, 120, 120, 120, 120, 120, 120, 120, 120, 120, 120, 120, 120, 120, 120, 120, 120, 120, 120, 120, 120, 120, 120, 120, 120, 120, 120, 120, 120, 120, 120, 120, 120, 120, 120, 120, 120, 120, 120, 120, 120, 120, 120, 120, 120, 120, 120, 120, 120, 120, 120, 120, 120]

ep163
Train step Loss: [1.7770861387252808, 1.7460540533065796, 1.7419854402542114, 1.8263440132141113, 1.9095538854599, 1.8766337633132935, 1.7746824026107788, 1.7761045694351196, 1.9634037017822266, 1.9014922380447388, 1.8333734273910522, 1.867992877960205, 1.8348361253738403, 1.8328551054000854, 1.843965768814087, 1.8704750537872314, 1.7590506076812744, 1.8775694370269775, 1.8583383560180664, 1.8698641061782837, 1.8580752611160278, 1.8052749633789062, 1.8071801662445068, 1.885500431060791, 1.626330018043518, 1.80025315284729, 1.8836095333099365, 1.8063887357711792, 1.7655837535858154, 1.8870717287063599, 1.879472017288208, 1.8377797603607178, 1.79341721534729, 1.7021918296813965, 1.8525631427764893, 1.8482588529586792, 1.9109152555465698, 1.9034292697906494, 1.9047093391418457, 1.8485519886016846, 1.833265781402588, 1.8261719942092896, 1.8492460250854492, 1.7518417835235596, 1.889872670173645, 1.8078027963638306, 1.799019694328308, 1.7738527059555054, 1.7318822145462036, 1.8109748363494873, 1.8105398416519165, 1.8138633966445923, 1.8347965478897095, 1.7756149768829346, 1.797701120376587, 1.7570692300796509, 1.8320728540420532, 1.7937572002410889, 1.8645695447921753, 1.6854474544525146, 1.7919832468032837, 1.737341284751892, 1.759231448173523]
val step Loss: [1.785569667816162, 1.8177452087402344, 1.7720472812652588, 1.754897952079773, 1.6920812129974365, 1.762044906616211, 1.8196552991867065, 1.7905092239379883, 1.7016574144363403, 1.6902300119400024, 1.6794569492340088, 1.7976765632629395, 1.7408066987991333, 1.7491225004196167, 1.7029460668563843, 1.736342430114746]
Train step Accs: [0.6085718804365017, 0.6101774776189728, 0.6164383561643836, 0.5973962571196094, 0.5709336566776373, 0.5825968728755948, 0.5941046425939572, 0.6030267753201397, 0.5626570351758794, 0.5636697860962567, 0.5934792186811573, 0.5937359508466956, 0.5863953269267006, 0.5923291492329149, 0.5946794201165745, 0.5869937250427838, 0.6001563721657545, 0.5863023175371843, 0.5819642205184374, 0.5821841813282612, 0.5787975213532072, 0.5932118374853703, 0.5948742438713785, 0.5789388808256732, 0.6424474187380497, 0.5991257755217146, 0.5748734742482882, 0.6019877675840979, 0.6149741267787839, 0.5721249047981721, 0.584101807451125, 0.5923053981509097, 0.5977449114072338, 0.6244384546271339, 0.5887158933251118, 0.5877023615030447, 0.5766908212560387, 0.5676925813912115, 0.5853010625737899, 0.5856408792463602, 0.5938382541720154, 0.5990039036209449, 0.5818181818181818, 0.6100725446428571, 0.5688903788132752, 0.5988571428571429, 0.5976491862567812, 0.6070665336942584, 0.6170889949810259, 0.5987113402061855, 0.597496042596057, 0.5940418679549114, 0.593607305936073, 0.6072026800670016, 0.5965925091523514, 0.6082683307332293, 0.5830579753679783, 0.6017493752231345, 0.5835734870317003, 0.6312910284463895, 0.6042465349454438, 0.6127922971114168, 0.6173772261198057]
val step Accs: [0.6060869565217392, 0.5957342485903407, 0.6105947955390335, 0.6190066035027275, 0.6304526748971193, 0.6094314820900427, 0.5934112346895678, 0.5943967337744614, 0.6317369549678342, 0.6367092044528917, 0.6311252992817239, 0.6066120715802245, 0.6182227611293954, 0.6147215761390067, 0.6239386022207707, 0.6218103679828095]
Preds: [17, 17, 213, 213, 213, 213, 301, 339, 374, 132, 43, 43, 43, 276, 276, 276, 346, 346, 346, 284, 284, 284, 426, 426, 426, 426, 426, 35, 413, 413, 413, 413, 132, 132, 250, 43, 276, 276, 276, 153, 153, 182, 182, 43, 43, 276, 251, 276, 345, 354, 413, 413, 182, 182, 413, 132, 132, 132, 122, 122, 346, 346, 346, 139, 115, 115, 240, 240, 99, 239, 239, 331, 486, 486, 206, 443, 443, 146, 146, 146, 207, 240, 143, 77, 65, 406, 284, 284, 486, 486, 486, 376, 376, 376, 486, 460, 460, 460, 240, 35, 77, 77, 77, 371, 278, 286, 374, 132, 132, 132, 132, 132, 75, 186, 186, 36, 251, 251, 338, 338, 338, 338, 400, 400, 400, 251, 338, 374, 212, 395, 239, 395, 75, 36, 36, 251, 251, 338, 338, 338, 400, 400, 400, 400, 213, 422, 434, 434, 282, 99, 338, 395, 395, 395, 65, 403, 171, 171, 171, 171, 171, 252, 252, 378, 106, 278, 286, 286, 286, 468, 355, 35, 34, 34, 259, 338, 106, 374, 374, 303, 473, 473, 398, 374, 374, 188, 278, 286, 286, 282, 251, 251, 338, 338, 338, 338, 400, 213, 19, 19, 19, 454, 454, 414, 320, 414, 244, 126, 126, 80, 80, 80, 80, 80, 80, 80, 244, 149, 149, 73, 244, 321, 320, 320, 83, 188, 287, 287, 171, 171, 171, 171, 252, 252, 416, 35, 35, 464, 171, 171, 171, 171, 252, 252, 143, 84, 34, 342, 342, 284, 284, 315, 315, 315, 460, 203, 263, 263, 263, 414, 414, 80, 80, 187, 187, 73, 63, 63, 80, 80, 321, 320, 287, 287, 287, 460, 460, 460, 460, 169, 167, 150, 342, 342, 224, 224, 267, 267, 267, 267, 120, 464, 464, 464, 464, 450, 146, 146, 171, 171, 171, 3, 434, 339, 473, 331, 331, 84, 153, 153, 153, 387, 122, 122, 345, 259, 259, 441, 371, 371, 251, 338, 338, 293, 293, 48, 48, 414, 414, 414, 170, 392, 392, 392, 392, 392, 392, 73, 392, 321, 321, 320, 287, 287, 287, 284, 284, 284, 284, 35, 426, 293, 293, 293, 293, 293, 43, 43, 43, 43, 182, 182, 182, 182, 182, 43, 122, 122, 354, 354, 354, 354, 331, 331, 35, 109, 109, 109, 443, 443, 443, 240, 35, 35, 35, 267, 267, 267, 443, 146, 146, 450, 207, 143, 35, 139, 35, 35, 35, 467, 467, 467, 467, 486, 486, 460, 240, 240, 240, 468, 219, 434, 434, 324, 301, 301, 203, 303, 473, 473, 65, 371, 290, 290, 239, 239, 239, 374, 473, 395, 395, 395, 106, 467, 331, 331, 34, 324, 324, 324, 301, 416, 395, 107, 65, 139, 139, 403, 403, 403, 403, 403, 171, 171, 171, 3, 416, 416, 36, 239, 239, 107, 107, 395, 400, 434, 434, 19, 19, 454, 229, 229, 312, 126, 126, 63, 80, 149, 149, 149, 149, 149, 321, 63, 408, 149, 149, 73, 320, 320, 320, 320, 83, 83, 400, 486, 486, 486, 486, 315, 315, 315, 315, 206, 206, 206, 240, 468, 450, 450, 450, 434, 401, 473, 473, 65, 19, 19, 19, 286, 143, 468, 114, 342, 224, 486, 443, 443, 240, 240, 388, 143, 34, 34, 464, 374, 34, 35, 34, 496, 496, 338, 497, 122, 338, 338, 338, 431, 431, 331, 139, 355, 467, 395, 84, 106, 354, 354, 346, 224, 224, 330, 150, 355, 342, 342, 342, 224, 115, 273, 267, 267, 464, 171, 171, 171, 171, 252, 252, 143, 467, 467, 278, 286, 286, 286, 120, 468, 468, 468, 467, 467, 337, 286, 355, 355, 259, 259, 338, 431]

ep164
Train step Loss: [1.828332543373108, 1.7399235963821411, 1.7757412195205688, 1.8658322095870972, 1.83614182472229, 1.8861440420150757, 1.7463308572769165, 1.8235416412353516, 1.882105827331543, 1.7135021686553955, 1.7609272003173828, 1.8969316482543945, 1.8496464490890503, 1.8494799137115479, 1.7846410274505615, 1.767624855041504, 1.8269027471542358, 1.818776249885559, 1.7485020160675049, 1.7273350954055786, 1.8669322729110718, 1.9890611171722412, 1.775574803352356, 1.795698642730713, 1.8671215772628784, 1.764350175857544, 1.7122753858566284, 1.8506085872650146, 1.8209726810455322, 1.8573832511901855, 1.7521021366119385, 1.770885944366455, 1.7783108949661255, 1.8621376752853394, 1.8914517164230347, 1.8354638814926147, 1.691196084022522, 1.7181564569473267, 1.7866644859313965, 1.8050400018692017, 1.760798454284668, 1.8122422695159912, 1.7114523649215698, 1.8562147617340088, 1.8151475191116333, 1.7895325422286987, 1.8513007164001465, 1.790036916732788, 1.8030292987823486, 1.8204710483551025, 1.9555572271347046, 1.6631191968917847, 1.8434922695159912, 1.9125055074691772, 1.8176435232162476, 1.7420557737350464, 1.7406079769134521, 1.76859450340271, 1.72293221950531, 1.8389270305633545, 1.827527642250061, 1.7472679615020752, 1.8212144374847412]
val step Loss: [1.770567536354065, 1.6293830871582031, 1.718923568725586, 1.656775951385498, 1.700187087059021, 1.6935170888900757, 1.7440190315246582, 1.755735993385315, 1.769883394241333, 1.7848436832427979, 1.738768219947815, 1.7742730379104614, 1.7718172073364258, 1.763913631439209, 1.712346076965332, 1.811274528503418]
Train step Accs: [0.5977991320520769, 0.619748242602583, 0.6071746219982211, 0.5871721049264236, 0.5875723423697837, 0.5764402407566638, 0.6075731497418244, 0.5940763834762276, 0.5801210025929127, 0.6143393296233984, 0.6135789630069827, 0.5871020408163266, 0.5832344213649852, 0.5897105187732875, 0.6027284001653576, 0.5969830463222534, 0.5860854249229415, 0.5950366610265088, 0.6044218703316403, 0.6252271350696548, 0.5892413389855284, 0.546041055718475, 0.6109765940274415, 0.5997558659975587, 0.590738255033557, 0.6128448665762098, 0.6218580973592109, 0.5945089757127772, 0.5920174363165781, 0.589642740085218, 0.6147332768839966, 0.608661041235472, 0.5973202708543438, 0.5798187521784594, 0.5709459459459459, 0.5868302130406714, 0.6245753114382786, 0.6148799553322166, 0.5974793838493854, 0.6001412429378531, 0.6141272621132516, 0.5994301139772046, 0.6159695817490495, 0.5815199740175382, 0.5945017182130584, 0.6093238822246456, 0.5956382553021209, 0.5993265993265994, 0.5936613639166358, 0.5966326090084905, 0.5647139903514817, 0.6368944295407921, 0.5971055088702147, 0.5653005900175411, 0.5966713881019831, 0.6081509433962264, 0.6136746379252274, 0.607517116110102, 0.629601943561951, 0.5942822384428224, 0.5965900441467499, 0.6062407132243685, 0.5922093730979915]
val step Accs: [0.6043030869971936, 0.639868989132053, 0.6228455559310578, 0.6332859174964438, 0.6256099612990073, 0.6296680497925311, 0.6266020090058885, 0.6137130011240165, 0.6156315198202535, 0.6047151277013753, 0.615512048192771, 0.609187178019462, 0.6125771301037154, 0.6144544031867976, 0.622744243932794, 0.6073204694648896]
Preds: [17, 17, 17, 17, 17, 296, 244, 296, 296, 296, 317, 296, 63, 461, 461, 461, 461, 461, 73, 244, 320, 63, 63, 63, 7, 7, 451, 371, 371, 443, 171, 171, 252, 143, 239, 32, 239, 239, 107, 107, 107, 395, 395, 331, 106, 106, 153, 387, 387, 375, 98, 98, 98, 13, 13, 414, 80, 170, 80, 80, 47, 392, 392, 244, 63, 63, 63, 63, 73, 73, 73, 244, 320, 7, 7, 7, 83, 171, 252, 252, 143, 239, 239, 239, 395, 420, 324, 324, 422, 143, 239, 239, 239, 107, 371, 324, 324, 301, 143, 251, 241, 331, 331, 486, 376, 376, 460, 206, 240, 240, 143, 239, 239, 395, 331, 106, 106, 106, 331, 387, 122, 88, 406, 106, 467, 337, 355, 401, 48, 48, 197, 401, 401, 401, 80, 80, 80, 80, 80, 80, 47, 47, 80, 80, 80, 244, 244, 321, 47, 47, 47, 7, 63, 7, 65, 65, 264, 264, 468, 35, 35, 337, 286, 278, 339, 251, 212, 36, 219, 219, 152, 301, 301, 251, 251, 241, 331, 106, 84, 387, 354, 106, 106, 338, 107, 354, 106, 106, 346, 387, 387, 122, 106, 106, 106, 337, 278, 19, 19, 19, 454, 17, 229, 197, 170, 63, 170, 73, 73, 63, 47, 63, 80, 392, 392, 392, 392, 244, 66, 66, 66, 66, 68, 68, 68, 342, 342, 115, 267, 267, 267, 213, 213, 252, 143, 239, 239, 395, 395, 420, 286, 324, 324, 422, 422, 14, 411, 188, 145, 145, 240, 330, 330, 203, 411, 374, 303, 303, 250, 250, 411, 188, 213, 213, 213, 213, 213, 143, 239, 107, 401, 331, 331, 208, 354, 354, 32, 400, 355, 251, 239, 107, 374, 276, 497, 10, 109, 19, 251, 251, 338, 338, 338, 338, 338, 431, 395, 331, 251, 251, 338, 338, 338, 338, 338, 338, 374, 132, 132, 132, 98, 98, 13, 98, 414, 80, 244, 244, 73, 47, 80, 244, 392, 73, 392, 244, 320, 7, 441, 153, 244, 244, 497, 7, 7, 239, 239, 239, 107, 107, 208, 354, 354, 293, 331, 426, 35, 98, 98, 98, 98, 48, 13, 47, 47, 47, 23, 80, 320, 320, 153, 153, 153, 387, 387, 122, 66, 239, 239, 239, 309, 75, 239, 371, 374, 374, 132, 132, 132, 98, 98, 98, 17, 17, 23, 23, 23, 170, 392, 392, 23, 23, 83, 188, 188, 188, 264, 264, 264, 264, 264, 264, 264, 264, 264, 264, 264, 264, 264, 264, 264, 264, 264, 264, 264, 264, 264, 264, 264, 264, 264, 264, 264, 264, 264, 264, 264, 264, 264, 264, 264, 264, 264, 264, 264, 264, 264, 264, 264, 264, 264, 264, 264, 264, 264, 264, 264, 264, 264, 264, 264, 264, 264, 264, 264, 264, 264, 264, 264, 264, 264, 264, 264, 264, 264, 264, 264, 264, 264, 120, 120, 120, 120, 120, 120, 120, 120, 120, 120, 120, 120, 120, 120, 120, 120, 120, 120, 120, 120, 120, 120, 120, 120, 120, 120, 120, 120, 120, 120, 120, 120, 120, 120, 120, 120, 120, 120, 120, 120, 120, 120, 120, 120, 120, 120, 120, 120, 120, 120, 120, 120, 120, 120, 120, 120, 120, 120, 120, 120, 120, 120, 120, 120, 120, 120, 120, 120, 120, 120, 120, 120, 120, 120, 120, 120, 120, 120, 120, 120, 120, 120, 120, 120, 120, 120, 120, 120, 120, 120, 120, 120, 120, 120, 120, 120, 120, 120, 120, 120, 120, 120, 120, 120, 120, 120, 120, 120, 120, 120, 120, 120, 120, 120, 120, 120, 120, 120, 120, 120, 120, 120, 120, 120, 120, 120, 120, 120, 120, 120, 120]

ep165
Train step Loss: [1.796926498413086, 1.7735880613327026, 1.7981234788894653, 1.8128941059112549, 1.807560682296753, 1.8028476238250732, 1.683910846710205, 1.7303812503814697, 1.7394866943359375, 1.7835760116577148, 1.8472284078598022, 1.7469149827957153, 1.7561206817626953, 1.947348713874817, 1.769180417060852, 1.7317700386047363, 1.7486953735351562, 1.9095603227615356, 1.8149747848510742, 1.7448660135269165, 1.7669296264648438, 1.8428078889846802, 1.7921313047409058, 1.8534172773361206, 1.7251697778701782, 1.7974255084991455, 1.8166158199310303, 1.7235996723175049, 1.7499421834945679, 1.7940226793289185, 1.8890501260757446, 1.788985013961792, 1.7857197523117065, 1.8114374876022339, 1.6985236406326294, 1.8602558374404907, 1.7165366411209106, 1.6948686838150024, 1.7727649211883545, 1.8902992010116577, 1.8123183250427246, 1.7803962230682373, 1.7834539413452148, 1.9089564085006714, 1.7528523206710815, 1.8416115045547485, 1.8395787477493286, 1.8500585556030273, 1.8257726430892944, 1.789154291152954, 1.7436689138412476, 1.7258013486862183, 1.8128626346588135, 1.8286433219909668, 1.8742536306381226, 1.7076643705368042, 1.7104575634002686, 1.7413687705993652, 1.770933985710144, 1.8316516876220703, 1.743481159210205, 1.8656362295150757, 1.7763607501983643]
val step Loss: [1.6053229570388794, 1.655798316001892, 1.711977243423462, 1.723661184310913, 1.7291632890701294, 1.7804073095321655, 1.7862019538879395, 1.6186109781265259, 1.745328426361084, 1.759045124053955, 1.7899750471115112, 1.8609209060668945, 1.6880486011505127, 1.7186652421951294, 1.6488449573516846, 1.782848834991455]
Train step Accs: [0.6024603977081227, 0.608159537220277, 0.5997425997425997, 0.6007382343894186, 0.5949276656545812, 0.602508516568597, 0.6205100082259392, 0.6190326138333071, 0.6123765635286372, 0.607008547008547, 0.5838365071992568, 0.6076377699000967, 0.6035809204084487, 0.5612772240679217, 0.6062459755312298, 0.6227394011265935, 0.6081464660800454, 0.5801479654747226, 0.6032300305543431, 0.6258429014033169, 0.6136563876651983, 0.5886775084381712, 0.5954639786540172, 0.5781458722949506, 0.6107749077490775, 0.6029490140344643, 0.5909513480012395, 0.6165056770038977, 0.6180378472688229, 0.5972898903775883, 0.5648093841642229, 0.6156351791530945, 0.609992048767559, 0.597971918876755, 0.6190665079994712, 0.5746454159964907, 0.617637893424743, 0.6135730211817169, 0.6089684443624285, 0.5830835830835831, 0.6010592613799026, 0.6066275566830506, 0.6058424477363976, 0.5787234042553191, 0.6171528218135701, 0.5839022066994761, 0.5855124248822479, 0.5798055816870492, 0.5866818117279569, 0.607164268585132, 0.6141268803139307, 0.6147717842323651, 0.5940815187046343, 0.5821949347659248, 0.5862344298946024, 0.6111627906976744, 0.6203161592505855, 0.6148713060057197, 0.6079317269076305, 0.5870137920347125, 0.607795545402627, 0.5840421223167275, 0.6095305832147937]
val step Accs: [0.6517719568567026, 0.6387955182072829, 0.6214285714285714, 0.6093366093366094, 0.6219693221177635, 0.6065385718382564, 0.6127921724950172, 0.642343582683188, 0.6173005219985086, 0.614713216957606, 0.599686643164904, 0.5935611038107753, 0.6274481357899319, 0.6251318366731957, 0.6420597264861848, 0.6051239209133946]
Preds: [17, 17, 287, 145, 111, 460, 460, 169, 167, 150, 150, 150, 494, 494, 494, 115, 267, 267, 267, 267, 267, 246, 246, 246, 246, 246, 246, 246, 3, 3, 3, 14, 14, 411, 287, 145, 145, 111, 111, 460, 240, 240, 35, 35, 239, 239, 337, 286, 374, 213, 324, 324, 324, 464, 464, 464, 464, 120, 35, 35, 35, 496, 250, 43, 43, 276, 276, 276, 276, 153, 153, 153, 153, 182, 182, 182, 182, 182, 497, 497, 497, 98, 122, 259, 14, 354, 354, 284, 284, 284, 284, 206, 206, 206, 206, 206, 450, 35, 35, 293, 35, 43, 276, 276, 276, 153, 153, 182, 182, 182, 182, 182, 182, 122, 122, 239, 473, 473, 467, 331, 395, 374, 395, 106, 106, 331, 337, 337, 324, 464, 464, 464, 443, 315, 35, 35, 450, 450, 450, 413, 413, 413, 250, 250, 250, 345, 345, 109, 88, 387, 122, 346, 250, 250, 401, 188, 188, 278, 434, 434, 271, 271, 374, 374, 374, 251, 219, 219, 219, 219, 219, 219, 219, 464, 464, 374, 374, 153, 153, 153, 387, 387, 387, 387, 497, 497, 250, 82, 14, 75, 66, 287, 284, 284, 284, 284, 284, 206, 206, 206, 206, 450, 167, 35, 406, 43, 276, 276, 153, 153, 153, 153, 182, 182, 182, 182, 182, 182, 375, 98, 98, 98, 98, 244, 312, 187, 187, 187, 80, 244, 244, 244, 321, 321, 287, 287, 287, 287, 284, 284, 460, 460, 460, 460, 240, 240, 314, 36, 36, 355, 355, 355, 464, 464, 464, 443, 139, 315, 315, 450, 450, 450, 413, 413, 250, 250, 250, 65, 65, 426, 284, 284, 206, 206, 206, 43, 88, 406, 109, 443, 443, 443, 146, 240, 240, 143, 35, 443, 443, 443, 443, 240, 240, 240, 240, 240, 143, 35, 324, 324, 324, 324, 374, 374, 251, 241, 398, 398, 464, 464, 213, 213, 213, 3, 434, 434, 434, 434, 434, 434, 454, 197, 197, 14, 303, 287, 287, 284, 284, 460, 460, 167, 35, 35, 35, 413, 413, 413, 413, 182, 497, 497, 497, 43, 14, 14, 345, 276, 276, 153, 153, 153, 387, 182, 182, 375, 375, 497, 83, 188, 188, 264, 264, 264, 264, 264, 264, 264, 264, 264, 264, 264, 264, 264, 264, 264, 264, 264, 264, 120, 120, 120, 120, 120, 120, 120, 120, 120, 120, 120, 120, 120, 120, 120, 120, 120, 120, 120, 120, 120, 120, 120, 120, 120, 120, 120, 120, 120, 120, 120, 120, 120, 120, 120, 120, 120, 120, 120, 120, 120, 120, 120, 120, 120, 120, 120, 120, 120, 120, 120, 120, 120, 120, 120, 120, 120, 120, 120, 120, 120, 120, 120, 120, 120, 120, 120, 120, 120, 120, 120, 120, 120, 120, 120, 120, 120, 120, 120, 120, 120, 120, 120, 120, 120, 120, 120, 120, 120, 120, 120, 120, 120, 120, 120, 120, 120, 120, 120, 120, 120, 120, 120, 120, 120, 120, 120, 120, 120, 120, 120, 120, 120, 120, 120, 120, 120, 120, 120, 120, 120, 120, 120, 120, 120, 120, 120, 120, 120, 120, 120, 120, 120, 120, 120, 120, 120, 120, 120, 120, 120, 120, 120, 120, 120, 120, 120, 120, 120, 120, 120, 120, 120, 120, 120, 120, 120, 120, 120, 120, 120, 120, 120, 120, 120, 120, 120, 120, 120, 120, 120, 120, 120, 120, 120, 120, 120, 120, 120, 120, 120, 120, 120, 120, 120, 120, 120, 120, 120, 120, 120, 120, 120, 120, 120, 120, 120, 120, 120, 120, 120, 120, 120, 120, 120, 120, 120, 120, 120, 120, 120, 120, 120, 120, 120, 120, 120, 120, 120, 120, 120]

ep166
Train step Loss: [1.7777540683746338, 1.7009894847869873, 1.676946997642517, 1.8576902151107788, 1.769389271736145, 1.8583264350891113, 1.7015448808670044, 1.7876348495483398, 1.7828900814056396, 1.8416059017181396, 1.9031922817230225, 1.7550272941589355, 1.8333197832107544, 1.7816487550735474, 1.7888766527175903, 1.7791438102722168, 1.7824091911315918, 1.7701197862625122, 1.8347960710525513, 1.8795675039291382, 1.7819266319274902, 1.7376021146774292, 1.7800655364990234, 1.6451243162155151, 1.7897952795028687, 1.7235008478164673, 1.7828689813613892, 1.94140625, 1.7345677614212036, 1.7909387350082397, 1.73333740234375, 1.7401325702667236, 1.7248544692993164, 1.6683505773544312, 1.8298537731170654, 1.791614055633545, 1.7468948364257812, 1.7939667701721191, 1.7516953945159912, 1.7840021848678589, 1.8345247507095337, 1.7046691179275513, 1.7640414237976074, 1.7790032625198364, 1.7243993282318115, 1.773017406463623, 1.6777548789978027, 1.7958875894546509, 1.8571643829345703, 1.7795689105987549, 1.760514736175537, 1.7447770833969116, 1.85214102268219, 1.7104631662368774, 1.804541826248169, 1.7476840019226074, 1.791641116142273, 1.8778237104415894, 1.7452706098556519, 1.7765592336654663, 1.736240267753601, 1.785368800163269, 1.710641622543335]
val step Loss: [1.6891450881958008, 1.743368148803711, 1.7094699144363403, 1.703780174255371, 1.7244173288345337, 1.6815012693405151, 1.7563668489456177, 1.6863573789596558, 1.6865051984786987, 1.7886476516723633, 1.6474947929382324, 1.7672405242919922, 1.614970088005066, 1.714258074760437, 1.7169287204742432, 1.7386424541473389]
Train step Accs: [0.5985425637628353, 0.6223385689354276, 0.6253656857683704, 0.5793103448275863, 0.6044994675186368, 0.5810004589261129, 0.6312238997751365, 0.6132805780147944, 0.6061843640606768, 0.5945218492716909, 0.5691790516631281, 0.6159337521416334, 0.5893685838841232, 0.6001900839537463, 0.5945515142732938, 0.6021519659936238, 0.6043320105820106, 0.6006835659356309, 0.584409594095941, 0.5782863522188111, 0.6041044291466424, 0.606866150146941, 0.6051960471788332, 0.6270627062706271, 0.6037583022841406, 0.6340145245735518, 0.6097231600270088, 0.5714285714285714, 0.6132103990326482, 0.6003510825043885, 0.6184343799739546, 0.6064598385040374, 0.607522853289375, 0.6253496246135728, 0.5906751910182442, 0.5996055226824457, 0.6141772151898734, 0.6029660221513047, 0.6065434819460925, 0.6041512231282431, 0.5883469626168224, 0.6254763998827323, 0.610322186593373, 0.6003356173961684, 0.6090145148968679, 0.6033578174186779, 0.6276975846791482, 0.6022107378696526, 0.5826732673267326, 0.6074564782005855, 0.6146700832799488, 0.6102227298686465, 0.582297364495276, 0.6281236137808665, 0.5979614949037373, 0.6165158371040724, 0.5971865073362578, 0.5798537774167344, 0.6094534300055773, 0.6061381074168798, 0.6174138210066353, 0.6057952555325585, 0.6277181791823717]
val step Accs: [0.6364447086801427, 0.6178790534618755, 0.6253598355037697, 0.6238879976666181, 0.6164591557849984, 0.6414617006324667, 0.6132899215628237, 0.6340155945419104, 0.6321087065928536, 0.6078624771030012, 0.6374469250787563, 0.6071368171824792, 0.6414116072921894, 0.6259677624063967, 0.6312921639854696, 0.6159274193548387]
Preds: [17, 17, 296, 7, 65, 443, 443, 240, 35, 35, 35, 164, 164, 109, 284, 284, 460, 460, 450, 167, 35, 401, 401, 320, 345, 109, 109, 106, 264, 468, 35, 467, 337, 286, 286, 143, 251, 259, 398, 398, 324, 422, 339, 251, 338, 354, 331, 331, 106, 106, 331, 426, 293, 122, 43, 8, 106, 106, 239, 374, 276, 153, 153, 346, 426, 355, 355, 88, 88, 106, 106, 100, 132, 132, 345, 251, 251, 241, 180, 486, 486, 460, 460, 240, 35, 36, 36, 36, 494, 224, 355, 77, 241, 241, 371, 251, 251, 338, 338, 338, 338, 338, 401, 401, 401, 401, 75, 241, 431, 331, 371, 171, 171, 171, 171, 416, 36, 239, 239, 371, 371, 338, 342, 342, 115, 115, 273, 106, 88, 100, 98, 98, 98, 48, 48, 126, 80, 66, 66, 66, 66, 68, 172, 355, 115, 273, 273, 374, 374, 132, 250, 186, 251, 251, 338, 338, 338, 338, 431, 395, 239, 251, 32, 354, 106, 331, 426, 371, 239, 239, 107, 107, 208, 354, 107, 107, 109, 240, 150, 251, 251, 241, 431, 337, 315, 315, 460, 203, 263, 17, 197, 170, 170, 170, 20, 244, 149, 149, 244, 63, 63, 63, 63, 63, 73, 73, 73, 320, 320, 287, 287, 35, 66, 35, 239, 239, 395, 395, 331, 371, 19, 290, 251, 36, 106, 239, 354, 354, 337, 264, 264, 264, 264, 468, 406, 406, 467, 406, 338, 401, 303, 217, 217, 473, 473, 431, 278, 278, 278, 286, 251, 406, 239, 239, 239, 107, 107, 395, 395, 337, 398, 398, 443, 443, 460, 240, 468, 35, 36, 77, 342, 224, 224, 355, 36, 464, 464, 139, 406, 342, 150, 251, 239, 395, 107, 354, 293, 338, 109, 100, 338, 219, 219, 219, 324, 301, 301, 143, 239, 371, 34, 100, 132, 132, 43, 43, 8, 401, 239, 208, 132, 100, 153, 98, 98, 48, 170, 244, 170, 392, 392, 80, 80, 80, 80, 63, 63, 63, 63, 63, 63, 73, 244, 73, 244, 320, 7, 309, 7, 398, 213, 213, 213, 422, 143, 251, 401, 244, 401, 354, 420, 186, 251, 251, 251, 241, 431, 398, 403, 171, 171, 171, 171, 252, 143, 251, 401, 401, 244, 320, 441, 276, 473, 473, 441, 276, 276, 106, 106, 401, 375, 401, 244, 82, 244, 244, 47, 23, 47, 47, 320, 320, 320, 441, 250, 66, 66, 66, 66, 35, 35, 35, 374, 354, 354, 331, 331, 374, 374, 219, 219, 219, 416, 416, 374, 43, 43, 43, 276, 276, 276, 276, 153, 182, 182, 182, 182, 182, 182, 413, 413, 122, 441, 441, 441, 441, 303, 48, 48, 17, 170, 244, 170, 63, 392, 63, 63, 63, 63, 63, 63, 63, 73, 73, 73, 320, 320, 7, 7, 331, 371, 371, 290, 278, 278, 339, 251, 212, 36, 239, 239, 107, 107, 395, 278, 278, 374, 337, 286, 286, 464, 464, 443, 486, 376, 315, 460, 460, 203, 263, 229, 414, 170, 392, 392, 392, 63, 63, 63, 63, 63, 63, 73, 73, 73, 244, 320, 7, 345, 109, 66, 219, 219, 219, 219, 464, 464, 207, 301, 406, 406, 406, 239, 354, 354, 100, 387, 387, 387, 240, 35, 259, 338, 431, 486, 376, 376, 460, 460, 468, 35, 35, 77, 77, 342, 342, 224, 224, 273, 267, 464, 315, 315, 450, 450, 450, 450, 413, 413, 109, 109, 290, 207, 207, 207, 143, 310, 239, 239, 374, 132, 132, 250, 303, 217, 217, 217, 398, 398, 398, 398, 207, 468, 468, 35, 467, 467, 496, 375, 98, 98, 303, 13, 83, 188, 264, 264, 264, 264, 264]

ep167
Train step Loss: [1.8096343278884888, 1.8030864000320435, 1.7184927463531494, 1.7154661417007446, 1.677903652191162, 1.7005208730697632, 1.7155444622039795, 1.883453130722046, 1.6705702543258667, 1.6349546909332275, 1.8075990676879883, 1.8041318655014038, 1.746807336807251, 1.7494453191757202, 1.8013533353805542, 1.7401278018951416, 1.831321120262146, 1.7708104848861694, 1.7716186046600342, 1.8661863803863525, 1.6333528757095337, 1.9003986120224, 1.786440372467041, 1.7954455614089966, 1.775821566581726, 1.7757132053375244, 1.7179499864578247, 1.8674089908599854, 1.7864848375320435, 1.819725751876831, 1.7582635879516602, 1.7476366758346558, 1.8079935312271118, 1.7138804197311401, 1.7816952466964722, 1.805813193321228, 1.744191288948059, 1.757367491722107, 1.706859827041626, 1.7152050733566284, 1.7730326652526855, 1.7606189250946045, 1.7325716018676758, 1.7615495920181274, 1.7765084505081177, 1.8505877256393433, 1.718496561050415, 1.8044596910476685, 1.772009253501892, 1.7961198091506958, 1.7228367328643799, 1.745314359664917, 1.7243179082870483, 1.7267645597457886, 1.8090463876724243, 1.745039701461792, 1.6984997987747192, 1.7131320238113403, 1.6481691598892212, 1.738996982574463, 1.785757064819336, 1.7171319723129272, 1.81576406955719]
val step Loss: [1.818300485610962, 1.7011798620224, 1.727086067199707, 1.6750460863113403, 1.577345848083496, 1.6731033325195312, 1.6357996463775635, 1.7661477327346802, 1.58065927028656, 1.6971373558044434, 1.7215542793273926, 1.6577200889587402, 1.6660008430480957, 1.7199046611785889, 1.7859312295913696, 1.7219886779785156]
Train step Accs: [0.6011711125569291, 0.6025930101465614, 0.6119096509240246, 0.6149825783972126, 0.6324995913029263, 0.625773378115609, 0.6120193763245534, 0.5866304813598058, 0.631020278833967, 0.6431797651309846, 0.5970835314629894, 0.5992193598750976, 0.6180771624144369, 0.6087808702469619, 0.6003452740612861, 0.6065242979653607, 0.5914652799021107, 0.6088626292466766, 0.6118131478063326, 0.5940682508486689, 0.6314261315115286, 0.5723910999686619, 0.5978615440376949, 0.5975842339478703, 0.5977117549363351, 0.605553940098866, 0.6261668172237278, 0.5884791944321043, 0.606437125748503, 0.5891800507185122, 0.6112070110211127, 0.610800490931406, 0.6049946703213035, 0.622093023255814, 0.6097895699908509, 0.5976179707522992, 0.6151021007786103, 0.604588179066433, 0.6252172750367696, 0.6171750758999567, 0.606381163623955, 0.6068376068376068, 0.6118358858007185, 0.608983702133298, 0.6037116111019872, 0.5875389408099688, 0.6174348402297158, 0.6076308326888373, 0.6128200998550491, 0.6002874689664184, 0.6136830462948333, 0.6158218125960061, 0.6193714390736997, 0.6153342070773263, 0.6027182435964453, 0.624228028503563, 0.6297485286249331, 0.6210339829280077, 0.6391034378312888, 0.6090949488964598, 0.6046796354237519, 0.6227189135662753, 0.6056578050443081]
val step Accs: [0.5972306755934267, 0.6266508188061278, 0.6210153482880756, 0.6277490297542044, 0.6570614312856238, 0.6360365347356767, 0.6468632552760913, 0.6102783725910065, 0.6586406583358733, 0.6376992810253204, 0.6118819884143877, 0.6370072713356295, 0.6390398550724637, 0.6228405644204141, 0.6172619047619048, 0.6311950225273546]
Preds: [17, 17, 7, 217, 217, 473, 473, 65, 330, 330, 171, 171, 171, 301, 252, 143, 239, 239, 107, 107, 395, 395, 395, 374, 354, 346, 88, 387, 387, 346, 75, 395, 278, 36, 251, 251, 338, 338, 338, 395, 395, 371, 371, 224, 403, 403, 403, 207, 207, 207, 207, 464, 464, 464, 99, 406, 43, 43, 43, 276, 276, 276, 346, 346, 346, 139, 387, 293, 293, 293, 122, 122, 109, 109, 146, 146, 146, 207, 207, 207, 207, 120, 120, 143, 468, 34, 342, 342, 115, 115, 486, 315, 315, 315, 315, 315, 120, 468, 468, 468, 467, 467, 467, 486, 460, 169, 150, 150, 494, 494, 355, 115, 115, 273, 273, 374, 374, 374, 374, 374, 132, 276, 398, 398, 398, 398, 434, 434, 207, 207, 207, 246, 252, 374, 374, 14, 14, 411, 374, 10, 10, 338, 241, 239, 107, 107, 395, 395, 371, 398, 403, 403, 403, 171, 171, 171, 416, 416, 75, 239, 395, 107, 107, 337, 36, 324, 324, 464, 464, 374, 132, 346, 241, 36, 36, 494, 494, 164, 494, 115, 273, 267, 443, 443, 315, 315, 315, 315, 450, 450, 450, 450, 450, 413, 413, 346, 290, 290, 290, 290, 290, 251, 374, 374, 251, 338, 338, 395, 251, 251, 241, 395, 395, 395, 371, 371, 224, 342, 232, 35, 35, 100, 100, 100, 182, 182, 182, 182, 122, 241, 208, 276, 100, 100, 100, 375, 98, 98, 98, 98, 98, 229, 229, 312, 312, 312, 63, 20, 20, 20, 20, 23, 23, 63, 47, 149, 149, 321, 320, 320, 188, 188, 213, 213, 213, 213, 3, 434, 339, 251, 250, 250, 250, 250, 122, 122, 65, 188, 278, 278, 434, 282, 271, 355, 355, 355, 494, 494, 342, 224, 224, 267, 267, 267, 120, 120, 143, 143, 36, 371, 494, 342, 115, 115, 267, 267, 267, 267, 213, 246, 246, 464, 464, 282, 36, 271, 290, 36, 355, 259, 338, 107, 251, 251, 75, 263, 56, 56, 312, 326, 408, 126, 326, 23, 23, 23, 149, 149, 244, 244, 321, 321, 287, 287, 287, 450, 486, 35, 35, 342, 240, 143, 77, 467, 337, 467, 467, 355, 395, 395, 395, 259, 259, 371, 401, 17, 17, 320, 287, 287, 443, 284, 284, 206, 169, 150, 150, 150, 355, 355, 224, 273, 273, 267, 146, 146, 207, 207, 207, 434, 120, 120, 120, 203, 75, 219, 219, 219, 219, 143, 331, 426, 84, 153, 153, 153, 153, 153, 387, 387, 387, 387, 387, 35, 400, 342, 143, 34, 374, 374, 354, 354, 346, 346, 224, 355, 355, 175, 406, 496, 338, 387, 48, 48, 75, 35, 497, 354, 180, 284, 284, 284, 206, 206, 206, 450, 35, 35, 77, 219, 434, 434, 434, 434, 19, 434, 339, 251, 338, 338, 338, 338, 338, 32, 106, 331, 395, 395, 467, 278, 374, 213, 422, 99, 251, 251, 338, 338, 338, 338, 338, 338, 338, 338, 338, 338, 497, 497, 122, 497, 400, 360, 434, 434, 120, 120, 120, 120, 120, 120, 120, 120, 120, 120, 120, 120, 120, 120, 120, 120, 120, 120, 120, 120, 120, 120, 120, 120, 120, 120, 120, 120, 120, 120, 120, 120, 120, 120, 120, 120, 120, 120, 120, 120, 120, 120, 120, 120, 120, 120, 120, 120, 120, 120, 120, 120, 120, 120, 120, 120, 120, 120, 120, 120, 120, 120, 120, 120, 120, 120, 120, 120, 120, 120, 120, 120, 120, 120, 120, 120, 120, 120, 120, 120, 120, 120, 120, 120, 120, 120, 120, 120, 120, 120, 120, 120, 120, 120, 120, 120, 120, 120, 120, 120, 120, 120, 120, 120, 120, 120]

ep168
Train step Loss: [1.7877007722854614, 1.6998860836029053, 1.7799659967422485, 1.8147178888320923, 1.8025095462799072, 1.7152396440505981, 1.7059732675552368, 1.8188252449035645, 1.822651982307434, 1.7565981149673462, 1.7965868711471558, 1.646723747253418, 1.7502062320709229, 1.677220344543457, 1.8732507228851318, 1.716102957725525, 1.7518752813339233, 1.7297561168670654, 1.7055317163467407, 1.722049593925476, 1.7313226461410522, 1.7685859203338623, 1.7226872444152832, 1.6681773662567139, 1.695777177810669, 1.7937697172164917, 1.7623049020767212, 1.7566215991973877, 1.853309154510498, 1.7018275260925293, 1.6803392171859741, 1.8065546751022339, 1.810713768005371, 1.6852279901504517, 1.6472434997558594, 1.751753568649292, 1.762458324432373, 1.7188551425933838, 1.7829903364181519, 1.774604082107544, 1.6860052347183228, 1.8245781660079956, 1.6233069896697998, 1.7237796783447266, 1.7521642446517944, 1.7632036209106445, 1.6954745054244995, 1.6904410123825073, 1.6630178689956665, 1.7855491638183594, 1.7379460334777832, 1.7844507694244385, 1.777581810951233, 1.868478536605835, 1.8237857818603516, 1.7448759078979492, 1.8103150129318237, 1.7661361694335938, 1.744657039642334, 1.6517003774642944, 1.8183499574661255, 1.7365748882293701, 1.7252882719039917]
val step Loss: [1.7518123388290405, 1.7121657133102417, 1.6910898685455322, 1.6770954132080078, 1.6607850790023804, 1.6574257612228394, 1.587489128112793, 1.6798827648162842, 1.7482609748840332, 1.7063113451004028, 1.6057207584381104, 1.7259695529937744, 1.823083519935608, 1.6178687810897827, 1.69204580783844, 1.6202834844589233]
Train step Accs: [0.612067369979641, 0.6331008427782622, 0.6055433496704411, 0.5931324910916748, 0.594321057070565, 0.6243670886075949, 0.6264494754279404, 0.5971473851030111, 0.5970020178725858, 0.6161151960784313, 0.5963193826061146, 0.6310788149804359, 0.6142987249544627, 0.6367932214437021, 0.5847698427732525, 0.6249814126394052, 0.6036326942482341, 0.6223156630124643, 0.6203333333333333, 0.605625717566016, 0.6108723135271807, 0.6143926788685524, 0.6108874214849412, 0.6374231142764649, 0.6109649122807017, 0.6046936909478817, 0.6081081081081081, 0.6051046745053055, 0.596779003877125, 0.6154873164218959, 0.6327006327006327, 0.591521816246896, 0.5988286969253295, 0.6187133009956599, 0.6261893243025318, 0.6125375580442503, 0.6072401089219926, 0.6152083052447082, 0.6084219991008541, 0.6020394991609656, 0.6226783968719453, 0.591376582278481, 0.6472770190524364, 0.6116449971735444, 0.6175269757946923, 0.61017912994029, 0.6291438454886135, 0.6228070175438597, 0.6257259993167065, 0.5977132805628848, 0.6166097838452788, 0.6032467532467533, 0.6030622324662496, 0.5874857360213008, 0.5964162646450724, 0.6169057774331136, 0.6027045300878973, 0.6017308046400295, 0.6122167789344765, 0.6402808370044053, 0.6035659255998239, 0.6091772151898734, 0.6110665597433841]
val step Accs: [0.6143288084464555, 0.6269282611951476, 0.6298007507941091, 0.6348225322267349, 0.6369964454976303, 0.6374420507226616, 0.6516400631468163, 0.6322709732742604, 0.6221763263198657, 0.6200531600708801, 0.6590447841969963, 0.6176513923677619, 0.5958452722063037, 0.6456479106954292, 0.6256060606060606, 0.6486842105263158]
Preds: [17, 17, 17, 296, 296, 296, 473, 473, 65, 278, 278, 443, 240, 468, 35, 401, 354, 354, 354, 284, 206, 206, 167, 450, 35, 35, 35, 401, 354, 109, 109, 286, 286, 286, 468, 406, 406, 406, 337, 286, 286, 171, 324, 252, 339, 251, 338, 398, 324, 324, 374, 251, 259, 479, 331, 106, 153, 153, 100, 182, 182, 497, 43, 43, 32, 32, 239, 208, 106, 106, 387, 387, 387, 387, 413, 132, 250, 250, 250, 132, 411, 411, 441, 441, 441, 303, 303, 303, 303, 250, 48, 48, 48, 48, 414, 414, 47, 47, 47, 47, 47, 80, 47, 73, 73, 20, 20, 320, 7, 7, 287, 398, 186, 374, 251, 251, 338, 331, 250, 132, 132, 132, 132, 122, 109, 250, 250, 293, 411, 188, 188, 443, 35, 35, 35, 75, 32, 106, 354, 354, 331, 398, 403, 403, 146, 171, 171, 171, 252, 143, 239, 32, 239, 107, 371, 180, 84, 84, 106, 293, 43, 43, 43, 276, 276, 276, 276, 153, 153, 182, 182, 182, 375, 98, 122, 251, 414, 414, 414, 47, 47, 47, 80, 47, 80, 80, 80, 80, 320, 320, 7, 431, 284, 460, 167, 150, 35, 35, 35, 35, 106, 284, 206, 206, 240, 240, 143, 77, 34, 180, 443, 486, 240, 240, 388, 413, 94, 251, 354, 250, 122, 497, 413, 122, 212, 36, 36, 232, 232, 355, 355, 115, 267, 267, 213, 213, 213, 213, 246, 19, 454, 454, 197, 197, 80, 80, 63, 80, 287, 287, 460, 460, 240, 35, 35, 35, 35, 35, 342, 264, 171, 171, 252, 143, 251, 251, 75, 331, 278, 434, 434, 324, 246, 246, 3, 3, 454, 454, 197, 197, 197, 197, 7, 75, 75, 398, 464, 464, 139, 139, 387, 387, 35, 35, 236, 239, 239, 239, 107, 395, 180, 106, 106, 387, 387, 387, 122, 98, 35, 35, 375, 414, 414, 414, 47, 80, 47, 47, 47, 47, 80, 73, 73, 149, 320, 7, 63, 7, 7, 83, 19, 171, 19, 239, 239, 239, 239, 107, 213, 213, 213, 301, 143, 75, 75, 232, 324, 324, 301, 301, 251, 251, 431, 331, 331, 401, 43, 43, 106, 239, 374, 354, 109, 496, 354, 371, 371, 239, 239, 239, 107, 107, 395, 213, 213, 213, 213, 246, 246, 246, 19, 454, 197, 19, 301, 264, 264, 264, 264, 264, 264, 264, 264, 264, 264, 264, 264, 264, 264, 264, 264, 120, 120, 120, 120, 120, 120, 120, 120, 120, 120, 120, 120, 120, 120, 120, 120, 120, 120, 120, 120, 120, 120, 120, 120, 120, 120, 120, 120, 120, 120, 120, 120, 120, 120, 120, 120, 120, 120, 120, 120, 120, 120, 120, 120, 120, 120, 120, 120, 120, 120, 120, 120, 120, 120, 120, 120, 120, 120, 120, 120, 120, 120, 120, 120, 120, 120, 120, 120, 120, 120, 120, 120, 120, 120, 120, 120, 120, 120, 120, 120, 120, 120, 120, 120, 120, 120, 120, 120, 120, 120, 120, 120, 120, 120, 120, 120, 120, 120, 120, 120, 120, 120, 120, 120, 120, 120, 120, 120, 120, 120, 120, 120, 120, 120, 120, 120, 120, 120, 120, 120, 120, 120, 120, 120, 120, 120, 120, 120, 120, 120, 120, 120, 120, 120, 120, 120, 120, 120, 120, 120, 120, 120, 120, 120, 120, 120, 120, 120, 120, 120, 120, 120, 120, 120, 120, 120, 120, 120, 120, 120, 120, 120, 120, 120, 120, 120, 120, 120, 120, 120, 120, 120, 120, 120, 120, 120, 120, 120, 120, 120, 120, 120, 120, 120, 120, 120, 120, 120, 120, 120, 120, 120, 120, 120, 120, 120, 120, 120, 120]

ep169
Train step Loss: [1.7637287378311157, 1.7862213850021362, 1.819848895072937, 1.6722911596298218, 1.751876950263977, 1.7209055423736572, 1.7299392223358154, 1.801330804824829, 1.7768476009368896, 1.8273030519485474, 1.7231135368347168, 1.7830666303634644, 1.7039095163345337, 1.751309871673584, 1.7172068357467651, 1.8481314182281494, 1.7448323965072632, 1.7478946447372437, 1.7513492107391357, 1.732662320137024, 1.7052550315856934, 1.7584092617034912, 1.6633402109146118, 1.8245954513549805, 1.7209113836288452, 1.7607477903366089, 1.6823441982269287, 1.6966832876205444, 1.7411623001098633, 1.6505050659179688, 1.674306869506836, 1.7877787351608276, 1.6951773166656494, 1.7441571950912476, 1.7271397113800049, 1.754249095916748, 1.8253474235534668, 1.6349725723266602, 1.6868116855621338, 1.7340784072875977, 1.7627302408218384, 1.7012808322906494, 1.7734832763671875, 1.6637296676635742, 1.70547354221344, 1.7168917655944824, 1.784345269203186, 1.7123206853866577, 1.7548243999481201, 1.7735202312469482, 1.743778109550476, 1.7059972286224365, 1.7478004693984985, 1.787079930305481, 1.7442768812179565, 1.739121675491333, 1.7535934448242188, 1.7179243564605713, 1.7540411949157715, 1.6372959613800049, 1.7702564001083374, 1.7072299718856812, 1.6715588569641113]
val step Loss: [1.7313263416290283, 1.6968930959701538, 1.7434728145599365, 1.6871693134307861, 1.6228816509246826, 1.5926941633224487, 1.702410101890564, 1.60853910446167, 1.6399492025375366, 1.734789252281189, 1.6590898036956787, 1.6935745477676392, 1.6959896087646484, 1.7008496522903442, 1.6544196605682373, 1.6596693992614746]
Train step Accs: [0.6057857701329163, 0.6036333608587944, 0.5947304088007606, 0.632051848578583, 0.6117629585623051, 0.6172901921132457, 0.6133209990749307, 0.6007977397374107, 0.6144477811144478, 0.5889869181624582, 0.6081588835212024, 0.5991246555357432, 0.6240300051733058, 0.6053576773421131, 0.62259774685222, 0.5965671641791045, 0.6171258376768429, 0.6184110587877867, 0.6158929456467868, 0.6173493975903614, 0.6276083467094703, 0.6194536554555503, 0.6270575325286095, 0.5964704137624203, 0.6252000581987487, 0.6062893081761006, 0.6226271829916477, 0.6241658384211274, 0.6039107111957086, 0.6440630668341008, 0.6314275440489032, 0.6010999676480103, 0.622953216374269, 0.6044583640383199, 0.6128469699171633, 0.6080483490566038, 0.5926265871194738, 0.6421267893660532, 0.6243504083147736, 0.6173056630320084, 0.6191222570532915, 0.6187407040158651, 0.6064821666420009, 0.6211883603415229, 0.625695137601597, 0.6251760788833397, 0.6037550791649152, 0.6235931638182576, 0.5901789811840293, 0.5996420047732697, 0.6240126382306477, 0.6249789314006405, 0.6095900771441537, 0.6163772502787956, 0.6181690388332455, 0.6070180343911645, 0.6148561057816956, 0.6228951027344354, 0.606559832259997, 0.6307314829013955, 0.5990359993974996, 0.6257744733581165, 0.6282228999168283]
val step Accs: [0.6218523260776782, 0.6229871472891121, 0.6141430948419301, 0.6274799147401213, 0.6348827411880353, 0.6548686739269699, 0.6305355715427657, 0.6451179456554196, 0.6398888116747742, 0.6148179628842613, 0.6356231750422622, 0.6282017428043306, 0.6274418604651163, 0.6280706596743031, 0.634703196347032, 0.632988298829883]
Preds: [17, 17, 17, 17, 17, 296, 296, 392, 392, 392, 392, 296, 17, 461, 461, 461, 320, 461, 63, 63, 63, 63, 63, 63, 63, 63, 63, 63, 63, 63, 63, 63, 63, 63, 63, 63, 63, 63, 63, 63, 63, 63, 63, 63, 63, 63, 63, 63, 63, 63, 63, 63, 63, 63, 244, 63, 63, 244, 63, 63, 244, 63, 63, 17, 287, 287, 287, 35, 293, 426, 35, 239, 374, 276, 276, 331, 331, 387, 240, 240, 251, 35, 35, 324, 301, 301, 251, 239, 331, 84, 84, 84, 88, 250, 75, 32, 106, 106, 106, 354, 354, 65, 346, 426, 426, 100, 182, 182, 354, 426, 375, 375, 98, 98, 197, 197, 197, 82, 7, 354, 354, 109, 346, 286, 35, 35, 35, 32, 35, 164, 337, 290, 290, 374, 251, 338, 338, 398, 398, 398, 324, 374, 251, 338, 338, 338, 479, 398, 374, 374, 132, 132, 132, 132, 132, 132, 132, 132, 132, 98, 250, 197, 197, 197, 197, 80, 80, 244, 63, 287, 348, 426, 387, 387, 75, 406, 406, 406, 354, 106, 106, 426, 387, 387, 387, 413, 413, 413, 250, 250, 250, 250, 132, 132, 132, 132, 132, 411, 276, 276, 250, 48, 48, 414, 414, 82, 244, 63, 244, 244, 63, 63, 63, 73, 63, 63, 188, 188, 171, 171, 171, 171, 171, 3, 3, 14, 14, 14, 411, 251, 411, 276, 145, 145, 443, 264, 264, 264, 264, 264, 468, 468, 468, 35, 349, 349, 454, 414, 414, 414, 244, 187, 187, 187, 392, 392, 392, 392, 392, 392, 73, 73, 73, 244, 244, 63, 219, 152, 152, 152, 143, 43, 43, 43, 276, 276, 276, 276, 331, 331, 153, 182, 182, 182, 182, 182, 182, 182, 497, 14, 66, 401, 14, 14, 320, 303, 287, 284, 111, 111, 240, 240, 219, 219, 219, 219, 219, 464, 464, 35, 35, 88, 406, 43, 43, 43, 276, 276, 276, 345, 345, 250, 132, 122, 346, 239, 36, 36, 35, 349, 219, 219, 464, 464, 180, 486, 460, 206, 240, 282, 143, 35, 406, 406, 354, 354, 337, 286, 286, 264, 468, 468, 35, 406, 337, 286, 324, 324, 324, 422, 416, 416, 349, 401, 374, 374, 354, 276, 276, 153, 153, 153, 109, 250, 250, 98, 98, 13, 414, 414, 414, 312, 126, 47, 47, 80, 80, 7, 7, 7, 32, 239, 239, 107, 395, 395, 331, 398, 403, 171, 171, 171, 171, 246, 324, 3, 416, 8, 32, 32, 354, 354, 180, 180, 486, 376, 376, 376, 460, 460, 450, 240, 35, 77, 77, 342, 342, 115, 267, 267, 213, 213, 324, 324, 252, 143, 239, 239, 239, 395, 395, 324, 251, 251, 251, 241, 431, 331, 486, 486, 376, 376, 376, 376, 376, 206, 206, 206, 263, 263, 263, 263, 263, 414, 414, 47, 47, 170, 170, 80, 75, 17, 23, 83, 188, 188, 264, 264, 264, 264, 264, 264, 264, 264, 264, 264, 264, 264, 264, 264, 264, 264, 264, 264, 264, 264, 264, 264, 264, 264, 264, 264, 264, 264, 264, 264, 264, 264, 264, 264, 264, 264, 264, 264, 264, 264, 264, 264, 264, 264, 264, 264, 264, 264, 264, 264, 264, 264, 264, 264, 264, 264, 264, 264, 264, 264, 264, 264, 264, 264, 264, 264, 264, 264, 264, 264, 264, 264, 264, 264, 264, 264, 264, 264, 264, 264, 264, 264, 264, 264, 264, 264, 264, 264, 264, 264, 264, 264, 264, 264, 264, 264, 264, 264, 264, 264, 264, 264, 264, 264, 264, 264, 264, 264, 264, 264, 264, 264, 264, 264, 264, 264, 264, 264, 264, 264, 264, 264, 264, 264]

