ep255
Train step Loss: [0.9660287499427795, 1.0882107019424438, 1.0099973678588867, 0.9697535037994385, 1.0723316669464111, 1.031326174736023, 1.0110701322555542, 0.9555074572563171, 0.9609517455101013, 0.916318416595459, 1.0583099126815796, 0.9669231176376343, 1.1348549127578735, 0.983454167842865, 1.035789966583252, 1.0112121105194092, 1.0367555618286133, 1.033347487449646, 1.0602127313613892, 0.954449474811554, 1.0337131023406982, 1.0458905696868896, 0.9343587160110474, 0.9981999397277832, 1.0467798709869385, 0.964131772518158, 0.956878125667572, 1.0970449447631836, 0.9411795139312744, 1.0802497863769531, 1.0086941719055176, 0.9990312457084656, 1.0095645189285278, 1.0425987243652344, 0.9402859807014465, 1.0232782363891602, 1.0085875988006592, 1.0689032077789307, 1.0285263061523438, 1.0554518699645996, 0.9910987019538879, 1.0366593599319458, 1.1132805347442627, 1.0216072797775269, 1.0387673377990723, 1.106685996055603, 1.0547270774841309, 0.9976397752761841, 0.9974929690361023, 1.0409152507781982, 1.0089075565338135, 1.036625862121582, 1.1332473754882812, 1.0603368282318115, 1.0556949377059937, 0.96791672706604, 0.9997389316558838, 1.002285361289978, 1.0650997161865234, 1.1541237831115723, 0.9534015655517578, 1.0500829219818115, 0.9340639710426331]
val step Loss: [0.9063471555709839, 0.9552940130233765, 1.0145587921142578, 1.0160858631134033, 0.9826820492744446, 0.9663360118865967, 0.9443399906158447, 0.9517098069190979, 0.9980935454368591, 0.9562110900878906, 0.9909061789512634, 0.9666978120803833, 0.9943262934684753, 1.0122829675674438, 0.9639135003089905, 0.9389386177062988]
Train step Accs: [0.8145233145233145, 0.7750859643638637, 0.7943673931502973, 0.8091706001348618, 0.7845713323227219, 0.7855654761904762, 0.7987294700960644, 0.8117319351138784, 0.8050246609124537, 0.8256831577067334, 0.7820397111913358, 0.8123171241465793, 0.7716574043805166, 0.8067563240473903, 0.7980809933681389, 0.8006449721489299, 0.7887386718169663, 0.7971308506013621, 0.7948528324212395, 0.8081769812377485, 0.7970247461021314, 0.7895356442119033, 0.8217225703403367, 0.7991282237559026, 0.7855067785668173, 0.8117663499161543, 0.8109286440924284, 0.775647171620326, 0.8206908522825899, 0.7770761839396019, 0.8033773861967695, 0.8047489823609226, 0.7863202545068929, 0.791624402260542, 0.8131837695610026, 0.7905691056910569, 0.7908629441624365, 0.7733572476765042, 0.7930229163625748, 0.79039759939985, 0.8004889975550122, 0.8013598186908413, 0.7781954887218046, 0.793962891165882, 0.7834565183204907, 0.776066871975363, 0.7894039735099337, 0.8044721788871555, 0.8047987616099072, 0.7937872937872937, 0.8061472480343103, 0.7946643961969633, 0.7660406885758998, 0.7900079093066175, 0.7853992395437263, 0.8213155703580349, 0.8109062980030722, 0.7970551711903495, 0.7783094098883573, 0.7524799244213509, 0.8139446036294173, 0.7841699567587892, 0.8168784620397523]
val step Accs: [0.8163206040365907, 0.8164728373426796, 0.7947689345314506, 0.7957793286806248, 0.7966927763272411, 0.8013678696158324, 0.8122767561846805, 0.8117717358828802, 0.8053981509096332, 0.819036922644953, 0.8082293523469994, 0.8142737896494157, 0.8074433656957929, 0.7993900822063114, 0.8054830287206266, 0.8186429930247305]
Preds: [17, 17, 30, 30, 324, 301, 378, 75, 114, 114, 180, 284, 284, 319, 319, 120, 282, 240, 388, 285, 345, 331, 106, 106, 106, 481, 100, 297, 182, 293, 293, 293, 293, 293, 167, 167, 164, 219, 324, 324, 301, 378, 8, 374, 65, 65, 428, 319, 428, 428, 146, 240, 240, 35, 183, 451, 207, 207, 324, 416, 250, 345, 331, 331, 106, 106, 481, 426, 100, 293, 293, 293, 293, 43, 43, 276, 276, 346, 346, 284, 284, 206, 206, 206, 206, 167, 167, 35, 35, 348, 188, 278, 278, 171, 171, 171, 3, 3, 3, 434, 464, 171, 171, 171, 171, 252, 339, 143, 239, 239, 219, 213, 213, 213, 213, 213, 213, 246, 246, 246, 246, 301, 378, 43, 345, 345, 109, 109, 278, 286, 171, 171, 171, 171, 171, 171, 246, 3, 3, 143, 143, 259, 180, 443, 284, 486, 460, 460, 460, 169, 35, 164, 451, 434, 324, 324, 324, 301, 143, 458, 208, 208, 100, 100, 100, 100, 100, 100, 387, 387, 413, 413, 348, 122, 122, 229, 259, 247, 312, 126, 23, 101, 201, 80, 321, 7, 7, 331, 331, 84, 84, 374, 496, 413, 132, 132, 132, 132, 219, 219, 219, 213, 213, 213, 213, 324, 3, 3, 14, 14, 287, 145, 486, 486, 111, 460, 146, 146, 146, 219, 219, 219, 219, 213, 213, 246, 246, 374, 374, 374, 132, 132, 451, 34, 34, 77, 114, 114, 180, 443, 443, 443, 120, 120, 120, 468, 468, 468, 467, 145, 486, 486, 376, 376, 460, 460, 460, 167, 167, 35, 293, 321, 354, 354, 420, 420, 278, 171, 171, 252, 339, 143, 77, 36, 164, 54, 172, 172, 267, 267, 267, 213, 213, 213, 246, 246, 246, 246, 246, 246, 19, 19, 19, 17, 301, 240, 240, 240, 240, 240, 240, 240, 240, 240, 240, 240, 240, 240, 240, 240, 240, 240, 240, 240, 240, 240, 240, 240, 240, 240, 240, 240, 240, 240, 240, 240, 240, 240, 240, 240, 240, 240, 240, 240, 240, 240, 240, 240, 240, 240, 240, 240, 240, 240, 240, 240, 240, 240, 240, 240, 240, 240, 240, 240, 240, 240, 240, 240, 240, 240, 240, 240, 240, 240, 240, 240, 240, 240, 240, 240, 240, 240, 240, 240, 240, 240, 240, 240, 240, 240, 240, 240, 240, 240, 240, 240, 240, 240, 240, 240, 240, 240, 240, 240, 240, 240, 240, 240, 240, 240, 240, 240, 240, 240, 240, 240, 240, 240, 240, 240, 240, 240, 240, 240, 240, 240, 240, 240, 240, 240, 240, 240, 240, 240, 240, 240, 240, 240, 240, 240, 240, 240, 240, 240, 240, 240, 240, 240, 240, 240, 240, 240, 240, 240, 240, 240, 240, 240, 240, 240, 240, 240, 240, 240, 240, 240, 240, 240, 240, 240, 240, 240, 240, 240, 240, 240, 240, 240, 240, 240, 240, 240, 240, 240, 240, 240, 240, 240, 240, 240, 240, 240, 240, 240, 240, 240, 240, 240, 240, 240, 240, 240, 240, 240, 240, 240, 240, 240, 240, 240, 240, 240, 240, 240, 240, 240, 240, 240, 240, 240, 240, 240, 240, 240, 240, 240, 240, 240, 240, 240, 240, 240, 240, 240, 240, 240, 240, 240, 240, 240, 240, 240, 240, 240, 240, 240, 240, 240, 240, 240, 240, 240, 240, 240, 240, 240, 240, 240, 240, 240, 240, 240, 240, 240, 240, 240, 240, 240, 240, 240, 240, 240, 240, 240, 240, 240, 240, 240, 240, 240, 240, 240, 240, 240, 240, 240, 240, 240, 240, 240, 240, 240, 240, 240, 240, 240, 240, 240, 240, 240, 240, 240, 240, 240, 240, 240, 240, 240, 240, 240]

ep256
Train step Loss: [1.0183031558990479, 1.0098633766174316, 1.043197512626648, 0.9978121519088745, 0.9946044087409973, 0.9823052287101746, 1.0340380668640137, 0.9880781769752502, 1.0119589567184448, 0.9889249801635742, 1.0253854990005493, 1.0609235763549805, 1.0061620473861694, 1.0074846744537354, 1.0363600254058838, 0.967648983001709, 0.9664514064788818, 0.982602596282959, 1.0371546745300293, 1.02133047580719, 1.0122627019882202, 1.1278133392333984, 1.1220297813415527, 1.0279597043991089, 1.0281271934509277, 0.9760858416557312, 1.0580271482467651, 0.9729694128036499, 1.0575003623962402, 1.0590072870254517, 1.027116298675537, 1.035956859588623, 0.9691126346588135, 0.9732211828231812, 0.9547006487846375, 0.9898092150688171, 1.0576153993606567, 0.9916698932647705, 1.0099796056747437, 1.0266681909561157, 1.0146969556808472, 1.0047284364700317, 1.0552724599838257, 1.0208704471588135, 0.9354269504547119, 1.0191783905029297, 0.9495156407356262, 1.0677490234375, 1.0344598293304443, 0.9634886980056763, 1.022455096244812, 0.9561576843261719, 0.9641650915145874, 1.0179617404937744, 1.03257155418396, 1.043534517288208, 1.025551438331604, 1.0052489042282104, 1.0434625148773193, 0.993584156036377, 0.9263424873352051, 1.0393202304840088, 1.007719874382019]
val step Loss: [0.9931685328483582, 0.9253071546554565, 0.9318555593490601, 1.0023081302642822, 0.9816827178001404, 0.9601189494132996, 0.9824583530426025, 0.9242762327194214, 0.9362555742263794, 0.9302680492401123, 0.9939174652099609, 0.9149797558784485, 0.9546954035758972, 0.961402952671051, 0.9883754253387451, 1.0103843212127686]
Train step Accs: [0.7937424058323208, 0.7993046776232617, 0.7969382368467359, 0.7974975304576886, 0.7965689778413152, 0.8070274068868587, 0.795725865880619, 0.7991408680195526, 0.7969280756166002, 0.8009533439260437, 0.7908684546615581, 0.790457312756619, 0.7959029974393734, 0.7964013299432818, 0.7995552260934026, 0.8114454443194601, 0.8058850022519142, 0.8039027071595438, 0.7926036052778294, 0.796229802513465, 0.7904991948470209, 0.7654187013926569, 0.7704190884062404, 0.793082338536884, 0.7869822485207101, 0.8058652818084618, 0.7918032786885246, 0.8093226114215619, 0.791021429688722, 0.7870589875888997, 0.7993092862624712, 0.795677136102668, 0.817831590533847, 0.8082273449920508, 0.8154274230947596, 0.803842578246049, 0.7950524246395806, 0.803961549665016, 0.7984397677793904, 0.789922999665216, 0.799474222287133, 0.8019425121407009, 0.7914353687549563, 0.7952667693600336, 0.8175412293853074, 0.8028071391439958, 0.821180298772371, 0.7905722974841028, 0.785772690106296, 0.8103840898739942, 0.7913566113337149, 0.8154032380087759, 0.8048659384309831, 0.8029556650246306, 0.7949929145016533, 0.797224709042077, 0.8010211743505031, 0.7992559933866079, 0.7922524678432545, 0.8005856923720541, 0.8164322723908216, 0.792732716385411, 0.8059027777777777]
val step Accs: [0.8055593591674655, 0.8165707361405634, 0.8167330677290837, 0.7992058990357346, 0.8020344287949922, 0.8126772310258549, 0.8014044943820224, 0.8132015412966996, 0.8145656624744078, 0.8215102974828375, 0.801061388410786, 0.8203907404367099, 0.810493119266055, 0.8127653552221907, 0.8059950041631974, 0.7862385321100918]
Preds: [17, 17, 287, 287, 284, 284, 348, 450, 450, 88, 88, 88, 109, 146, 146, 171, 324, 324, 252, 219, 219, 143, 395, 420, 152, 285, 282, 259, 259, 259, 354, 371, 180, 240, 240, 285, 34, 34, 355, 273, 319, 330, 388, 94, 10, 10, 398, 398, 398, 207, 422, 143, 251, 259, 401, 208, 208, 276, 100, 153, 387, 387, 313, 236, 310, 239, 384, 34, 106, 106, 426, 426, 319, 348, 348, 122, 199, 401, 335, 53, 287, 285, 313, 164, 164, 32, 239, 144, 208, 208, 106, 106, 387, 426, 387, 122, 406, 406, 467, 337, 236, 236, 464, 464, 464, 464, 355, 355, 355, 240, 468, 36, 36, 77, 342, 342, 342, 224, 494, 449, 290, 434, 293, 208, 188, 171, 443, 443, 169, 169, 349, 349, 303, 395, 395, 395, 106, 284, 284, 405, 206, 293, 293, 43, 43, 276, 109, 109, 428, 428, 428, 146, 358, 349, 349, 203, 401, 414, 414, 170, 170, 170, 244, 244, 187, 187, 187, 187, 187, 392, 392, 244, 244, 228, 392, 392, 392, 73, 244, 320, 188, 66, 66, 251, 10, 309, 479, 331, 374, 132, 132, 212, 129, 129, 129, 129, 371, 371, 371, 278, 219, 219, 219, 286, 286, 286, 286, 264, 264, 264, 264, 330, 203, 399, 217, 217, 217, 473, 473, 476, 330, 264, 264, 314, 314, 77, 458, 458, 401, 401, 401, 75, 371, 371, 224, 77, 278, 324, 286, 286, 464, 464, 464, 180, 264, 120, 120, 468, 468, 406, 406, 406, 337, 236, 10, 10, 10, 309, 398, 398, 464, 464, 443, 443, 443, 120, 240, 240, 468, 406, 467, 337, 337, 337, 337, 324, 339, 339, 10, 199, 398, 398, 324, 434, 339, 339, 10, 10, 309, 479, 398, 132, 132, 250, 250, 98, 335, 293, 82, 411, 287, 426, 426, 239, 129, 129, 401, 401, 208, 208, 354, 399, 426, 426, 426, 413, 348, 122, 175, 431, 331, 376, 355, 355, 452, 263, 17, 240, 240, 240, 240, 240, 240, 240, 240, 240, 240, 240, 240, 240, 240, 240, 240, 240, 240, 240, 240, 240, 240, 240, 240, 240, 240, 240, 240, 240, 240, 240, 240, 240, 240, 240, 240, 240, 240, 240, 240, 240, 240, 240, 240, 240, 240, 240, 240, 240, 240, 240, 240, 240, 240, 240, 240, 240, 240, 240, 240, 240, 240, 240, 240, 240, 240, 240, 240, 240, 240, 240, 240, 240, 240, 240, 240, 240, 240, 240, 240, 240, 240, 240, 240, 240, 240, 240, 240, 240, 240, 240, 240, 240, 240, 240, 240, 240, 240, 240, 240, 240, 240, 240, 240, 240, 240, 240, 240, 240, 240, 240, 240, 240, 240, 240, 240, 240, 240, 240, 240, 240, 240, 240, 240, 240, 240, 240, 240, 240, 240, 240, 240, 240, 240, 240, 240, 240, 240, 240, 240, 240, 240, 240, 240, 240, 240, 240, 240, 240, 240, 240, 240, 240, 240, 240, 240, 240, 240, 240, 240, 240, 240, 240, 240, 240, 240, 240, 240, 240, 240, 240, 240, 240, 240, 240, 240, 240, 240, 240, 240, 240, 240, 240, 240, 240, 240, 240, 240, 240, 240, 240, 240, 240, 240, 240, 240, 240, 240, 240, 240, 240, 240, 240, 240, 240, 240, 240, 240, 240, 240, 240, 240, 240, 240, 240, 240, 240, 240, 240, 240, 240, 240, 240, 240, 240, 240, 240, 240, 240, 240, 240, 240, 240, 240, 240, 240, 240, 240, 240, 240, 240, 240, 240, 240, 240, 240, 240, 240, 240, 240, 240, 240, 240, 240, 240, 240, 240, 240, 240, 240, 240, 240, 240, 240, 240, 240, 240, 240, 240, 240, 240, 240, 240]

ep257
Train step Loss: [1.0427166223526, 1.02731454372406, 1.0300090312957764, 1.00971257686615, 1.014609456062317, 1.032917857170105, 0.9014264941215515, 1.0183162689208984, 1.0392900705337524, 1.0582826137542725, 1.0397390127182007, 1.0672826766967773, 1.0000479221343994, 0.9649035334587097, 0.9850831031799316, 1.0062881708145142, 0.9842181205749512, 0.9455512166023254, 0.9980628490447998, 1.0706788301467896, 0.9931024312973022, 0.9618569016456604, 1.0926358699798584, 1.0314226150512695, 0.9860925078392029, 1.0153038501739502, 0.9684730768203735, 1.0269893407821655, 1.0801770687103271, 1.0119973421096802, 0.9916324019432068, 1.102681040763855, 1.037210464477539, 0.9897239804267883, 1.0127449035644531, 1.0201900005340576, 1.0209039449691772, 0.9628391861915588, 0.9303954839706421, 1.0190070867538452, 1.0387403964996338, 1.0150436162948608, 1.0612894296646118, 0.9532769322395325, 0.9964472651481628, 1.0074187517166138, 0.9299401044845581, 0.9255592823028564, 0.9515580534934998, 1.0241215229034424, 1.0125592947006226, 0.9983919262886047, 1.0366016626358032, 1.0493876934051514, 1.0040748119354248, 0.9756502509117126, 0.9304269552230835, 0.9479242563247681, 0.9322023987770081, 0.9395740628242493, 0.9782426953315735, 0.9504796266555786, 0.9155673980712891]
val step Loss: [0.8742842674255371, 0.9581449627876282, 0.9703502655029297, 0.9631626009941101, 0.9529795050621033, 0.923208475112915, 1.0146398544311523, 1.0272960662841797, 0.9715974926948547, 0.9135020971298218, 1.039231300354004, 0.9312191605567932, 0.873411238193512, 0.9097491502761841, 0.9200767278671265, 0.9884641170501709]
Train step Accs: [0.7857689364957919, 0.7906876790830946, 0.7996635571188255, 0.8014121800529568, 0.7983723633947849, 0.7985511284480357, 0.8299513667616971, 0.8005438259756877, 0.7923746373808537, 0.7873201438848921, 0.793398533007335, 0.7807210031347962, 0.7952169781438074, 0.8089213300892133, 0.805004135649297, 0.8000322528624415, 0.8047567858102661, 0.812387522495501, 0.8015862347089663, 0.7943665696905581, 0.7971784536460241, 0.8065508226972167, 0.7779317512558461, 0.7959542656112577, 0.8048170159524555, 0.7983787767133382, 0.8040143912137853, 0.7990334273056786, 0.7801973993420022, 0.7886206896551724, 0.8029503105590062, 0.7830011923011412, 0.7945678271308524, 0.8087022900763359, 0.7950926226844329, 0.8013687728791978, 0.7961986681465039, 0.8142519917379758, 0.8137974683544303, 0.8057419254173818, 0.7935076645626691, 0.8017783228575809, 0.7853170189098999, 0.8232645948300901, 0.7979313446259931, 0.793041237113402, 0.8262780137688589, 0.8173391494002181, 0.8125772558714462, 0.7971334068357222, 0.7957962341264049, 0.8044724770642202, 0.7909875359539789, 0.7951689472214465, 0.8046675191815856, 0.8151858687055101, 0.8220938897168405, 0.8078530904747686, 0.8131525423728814, 0.8197738554881412, 0.7971104551809849, 0.8121167883211678, 0.8244480344641896]
val step Accs: [0.8288512358153273, 0.8095961129668995, 0.807843754922035, 0.8079953311934637, 0.8047666619095191, 0.8186542669584245, 0.7961558577405857, 0.7917997870074548, 0.806273598605867, 0.8268830008931229, 0.7898706896551724, 0.8197945845004668, 0.8326026952427342, 0.8191206845677191, 0.8193924261339992, 0.8104803493449781]
Preds: [17, 17, 17, 17, 17, 296, 317, 317, 317, 392, 317, 317, 317, 461, 63, 392, 461, 461, 461, 461, 461, 461, 461, 461, 461, 63, 63, 63, 63, 63, 63, 63, 63, 63, 63, 63, 63, 63, 63, 63, 63, 63, 63, 63, 63, 47, 63, 63, 63, 63, 63, 63, 63, 63, 73, 73, 73, 244, 209, 188, 213, 213, 213, 301, 378, 378, 43, 138, 345, 109, 109, 278, 278, 278, 278, 374, 374, 374, 374, 374, 138, 88, 88, 81, 331, 331, 132, 132, 132, 132, 374, 219, 219, 219, 219, 219, 219, 213, 246, 246, 246, 246, 246, 246, 246, 246, 246, 335, 454, 197, 197, 80, 80, 414, 82, 287, 287, 206, 240, 240, 314, 239, 239, 114, 180, 486, 206, 85, 167, 219, 219, 219, 219, 219, 324, 324, 324, 422, 416, 349, 303, 395, 354, 441, 276, 276, 346, 346, 315, 315, 450, 450, 293, 43, 43, 276, 276, 276, 174, 174, 426, 426, 206, 293, 14, 287, 145, 284, 111, 85, 146, 146, 146, 358, 36, 282, 36, 54, 172, 172, 115, 273, 273, 496, 100, 375, 375, 375, 375, 98, 98, 13, 229, 229, 82, 312, 312, 187, 23, 23, 187, 63, 63, 2, 244, 392, 73, 73, 73, 73, 244, 209, 287, 287, 284, 284, 206, 8, 406, 406, 175, 406, 276, 276, 276, 346, 100, 100, 100, 293, 497, 43, 8, 32, 239, 208, 106, 106, 106, 481, 387, 387, 387, 406, 406, 406, 406, 250, 250, 250, 250, 182, 132, 132, 132, 122, 122, 117, 48, 13, 414, 414, 414, 414, 187, 187, 244, 73, 73, 244, 209, 287, 287, 284, 460, 460, 240, 35, 35, 77, 342, 342, 224, 207, 207, 324, 324, 464, 14, 14, 14, 411, 287, 426, 293, 108, 458, 458, 208, 276, 144, 107, 319, 348, 251, 251, 431, 398, 324, 360, 251, 241, 431, 84, 496, 274, 250, 8, 239, 32, 354, 106, 371, 240, 240, 236, 35, 35, 129, 473, 180, 180, 486, 376, 376, 376, 376, 206, 206, 460, 263, 263, 35, 414, 414, 312, 312, 312, 187, 23, 187, 391, 391, 244, 392, 392, 63, 63, 63, 73, 73, 73, 73, 244, 209, 83, 287, 240, 240, 8, 8, 406, 354, 180, 139, 84, 406, 406, 42, 42, 81, 144, 132, 117, 117, 217, 217, 473, 65, 188, 278, 286, 236, 236, 239, 239, 239, 107, 107, 107, 107, 213, 213, 213, 213, 213, 246, 3, 3, 416, 116, 208, 208, 145, 460, 240, 35, 36, 36, 36, 172, 342, 217, 217, 217, 70, 65, 65, 145, 315, 468, 406, 467, 88, 250, 250, 313, 77, 310, 239, 384, 371, 324, 301, 143, 251, 241, 431, 84, 496, 496, 416, 8, 106, 32, 32, 354, 354, 100, 100, 153, 153, 182, 182, 182, 375, 98, 98, 35, 414, 414, 312, 312, 312, 187, 187, 170, 244, 244, 392, 392, 392, 63, 73, 73, 73, 244, 209, 83, 287, 443, 240, 240, 8, 406, 406, 354, 180, 264, 84, 84, 406, 406, 406, 406, 250, 250, 153, 153, 387, 387, 387, 497, 43, 8, 406, 32, 354, 106, 106, 387, 387, 387, 387, 406, 406, 406, 250, 250, 250, 250, 132, 132, 132, 132, 132, 250, 98, 98, 98, 313, 259, 208, 287, 145, 145, 460, 460, 169, 150, 35, 36, 36, 224, 494, 203, 217, 217, 473, 473, 278, 278, 171, 171, 236, 24, 239, 239, 107, 395, 106, 106, 106, 153, 153, 182, 182, 182, 182, 182, 387, 98, 98, 35, 414, 414, 312, 312, 126, 23, 23, 23, 391, 391, 228, 73, 412, 209, 287, 460]

ep258
Train step Loss: [0.9337217807769775, 0.9747610092163086, 1.0314940214157104, 1.0256472826004028, 0.9758074283599854, 0.960824728012085, 0.9532380104064941, 0.9878705143928528, 1.0146081447601318, 0.9662529230117798, 0.9620403051376343, 1.0377813577651978, 0.9977825880050659, 1.0125302076339722, 1.0465126037597656, 1.0335643291473389, 1.0156866312026978, 0.9809924364089966, 0.9673119783401489, 0.9992983341217041, 1.0234252214431763, 0.9724716544151306, 1.043718695640564, 1.013999342918396, 1.0362017154693604, 1.0114562511444092, 0.9733781814575195, 1.0278443098068237, 0.9829368591308594, 0.9880529046058655, 0.969872772693634, 0.9767639636993408, 0.9021869897842407, 0.9399701356887817, 0.953027069568634, 1.0323623418807983, 1.008943796157837, 1.0093767642974854, 0.9908767938613892, 0.9966986775398254, 0.9482362270355225, 1.025343894958496, 1.0715364217758179, 0.9859243631362915, 0.9636338949203491, 1.0091348886489868, 1.0302627086639404, 1.0460151433944702, 1.0583202838897705, 1.0327134132385254, 1.0019803047180176, 0.9260791540145874, 0.9019324779510498, 0.9867285490036011, 0.9140400886535645, 0.9905503988265991, 1.0028202533721924, 0.9999734163284302, 1.013553261756897, 0.9406550526618958, 1.0015442371368408, 0.957937479019165, 0.9359466433525085]
val step Loss: [0.9736012816429138, 0.9855403900146484, 0.9229766726493835, 0.9149321913719177, 0.937941312789917, 0.9054339528083801, 0.8892552852630615, 0.9506030082702637, 0.9942585825920105, 0.8990711569786072, 0.8836946487426758, 1.0054292678833008, 0.9922916293144226, 0.919312059879303, 0.9592649936676025, 0.9160012006759644]
Train step Accs: [0.8120572720422005, 0.8004665350798493, 0.803680981595092, 0.8042168674698795, 0.8112771255780861, 0.8122623574144486, 0.8222859731239619, 0.8072819418511603, 0.7949078632719089, 0.8076574828612081, 0.8131032465633226, 0.79057198618826, 0.8029925187032418, 0.792778649921507, 0.7958033197619794, 0.8, 0.7973109243697479, 0.803811855219444, 0.8136181575433912, 0.8142946317103621, 0.7904552934722984, 0.8123723373212722, 0.794708545557442, 0.796105746398607, 0.7911679735864631, 0.7913338997451147, 0.8057874234835838, 0.7925085483369599, 0.8080267558528428, 0.800185156611634, 0.8080555555555555, 0.8141064871481029, 0.823992133726647, 0.8236802413273001, 0.8147878346384994, 0.8035739411847475, 0.8051107876435387, 0.8110739275935503, 0.7998556998556998, 0.804984696108439, 0.8177979355645918, 0.7873907829364399, 0.7852684144818977, 0.8060035126935973, 0.8127847380410023, 0.8026358084217293, 0.7940838126540674, 0.7938098086124402, 0.7812934094767711, 0.7982142857142858, 0.7969712098518889, 0.8302230314064634, 0.8271009248090069, 0.8052548000577451, 0.8226117961669885, 0.8037593984962406, 0.7964475003581148, 0.7971618278869939, 0.7968536251709987, 0.8136114911080712, 0.7964250248262165, 0.8201354136002355, 0.8227571115973742]
val step Accs: [0.8152617267165194, 0.8018369050932368, 0.8151138168343038, 0.8175113761179978, 0.8129722921914357, 0.835210860774119, 0.8266643368862485, 0.8230735487644393, 0.8081649950557989, 0.8243950757039762, 0.8342977380326144, 0.8003439873871291, 0.8029006526468455, 0.8179878048780488, 0.8097501149777709, 0.8210251954821894]
Preds: [17, 17, 287, 481, 387, 387, 122, 75, 349, 32, 32, 354, 106, 106, 387, 387, 387, 387, 406, 406, 406, 406, 406, 406, 250, 250, 250, 132, 132, 132, 132, 122, 138, 138, 117, 117, 48, 414, 197, 197, 197, 197, 197, 414, 82, 80, 80, 82, 287, 287, 284, 460, 460, 167, 167, 35, 35, 77, 342, 342, 115, 267, 324, 324, 301, 399, 217, 217, 217, 473, 473, 264, 264, 264, 264, 264, 468, 468, 337, 337, 337, 324, 324, 24, 239, 384, 371, 324, 324, 116, 251, 251, 241, 431, 34, 274, 43, 75, 8, 239, 208, 345, 109, 387, 43, 313, 236, 310, 239, 239, 310, 107, 395, 213, 213, 213, 213, 213, 246, 19, 143, 414, 414, 414, 126, 187, 187, 187, 149, 149, 244, 73, 73, 244, 320, 188, 219, 152, 152, 374, 378, 43, 43, 276, 276, 276, 276, 153, 14, 182, 182, 182, 182, 387, 387, 387, 387, 387, 167, 335, 285, 76, 219, 219, 152, 152, 132, 138, 42, 10, 138, 138, 138, 42, 10, 276, 276, 276, 153, 497, 497, 122, 129, 129, 259, 354, 354, 106, 284, 486, 468, 406, 406, 467, 139, 206, 206, 169, 150, 36, 342, 342, 115, 273, 273, 267, 428, 428, 146, 146, 146, 358, 349, 349, 36, 36, 458, 107, 399, 427, 56, 56, 312, 126, 126, 326, 326, 23, 23, 149, 149, 149, 80, 287, 287, 284, 206, 240, 240, 314, 314, 32, 32, 354, 420, 420, 324, 236, 24, 239, 371, 371, 324, 301, 301, 399, 217, 217, 473, 398, 213, 213, 252, 24, 239, 239, 310, 107, 107, 213, 213, 213, 213, 213, 246, 19, 454, 454, 414, 414, 414, 197, 80, 80, 80, 80, 73, 209, 209, 287, 284, 284, 319, 206, 85, 146, 146, 146, 358, 349, 143, 35, 35, 259, 309, 445, 445, 445, 219, 219, 416, 416, 374, 374, 132, 132, 132, 132, 122, 335, 293, 14, 14, 411, 287, 145, 284, 284, 284, 284, 450, 450, 206, 355, 175, 452, 452, 452, 82, 414, 414, 414, 414, 414, 170, 187, 187, 187, 187, 187, 187, 244, 392, 63, 63, 63, 63, 63, 63, 63, 73, 73, 73, 244, 209, 83, 83, 443, 330, 416, 8, 406, 406, 354, 180, 264, 84, 84, 406, 406, 42, 42, 81, 331, 331, 399, 399, 217, 217, 473, 473, 278, 278, 286, 286, 24, 239, 239, 310, 107, 107, 213, 213, 213, 213, 213, 246, 3, 454, 454, 414, 414, 414, 80, 80, 80, 80, 80, 287, 287, 460, 460, 240, 35, 35, 35, 77, 342, 35, 35, 224, 400, 213, 213, 213, 324, 324, 3, 3, 14, 14, 14, 411, 287, 426, 387, 497, 75, 349, 406, 239, 208, 354, 106, 387, 387, 387, 313, 106, 406, 406, 406, 250, 250, 250, 413, 53, 208, 208, 208, 208, 208, 117, 117, 48, 229, 414, 312, 312, 126, 23, 23, 149, 149, 149, 228, 73, 412, 287, 287, 486, 460, 460, 240, 150, 35, 342, 342, 224, 494, 342, 399, 217, 217, 473, 473, 476, 278, 286, 24, 310, 219, 219, 324, 301, 236, 24, 239, 371, 286, 278, 301, 251, 251, 241, 431, 374, 132, 43, 43, 8, 239, 208, 208, 345, 109, 374, 313, 236, 310, 310, 239, 310, 107, 107, 213, 213, 213, 213, 213, 19, 19, 454, 414, 414, 414, 414, 126, 126, 126, 187, 187, 244, 244, 392, 392, 392, 392, 392, 63, 63, 63, 63, 63, 73, 73, 63, 228, 83, 83, 83, 443, 240, 416, 8, 406, 354, 180, 264, 84, 84, 468, 406, 42, 42, 81, 331, 331, 250, 117]

ep259
Train step Loss: [1.0643013715744019, 0.9848206043243408, 0.9325055480003357, 0.9257781505584717, 0.9424498081207275, 1.0281023979187012, 0.9473852515220642, 0.9671943187713623, 0.9327664375305176, 0.9734898209571838, 1.0484342575073242, 0.9728905558586121, 1.081101894378662, 1.0295580625534058, 1.0147697925567627, 1.0490700006484985, 0.9470604658126831, 0.9731296300888062, 0.9661868214607239, 0.9725911021232605, 1.0376958847045898, 1.0258461236953735, 0.9693154692649841, 1.085521936416626, 0.9487607479095459, 0.993817150592804, 0.9512832164764404, 1.0103994607925415, 1.0080476999282837, 0.9504084587097168, 1.0023961067199707, 1.0804051160812378, 0.9652992486953735, 1.0054271221160889, 1.0149192810058594, 0.9662413001060486, 0.9436792135238647, 0.9615669846534729, 1.0798656940460205, 1.0219260454177856, 1.018476128578186, 0.9815607070922852, 1.0146043300628662, 0.9511443376541138, 0.980358898639679, 1.0165468454360962, 0.8904809355735779, 0.9477821588516235, 0.9815533757209778, 0.8978464603424072, 0.9196503758430481, 0.9299322962760925, 0.8806701898574829, 0.8867039680480957, 0.9073124527931213, 0.9714068174362183, 0.949437141418457, 1.017419457435608, 0.9577747583389282, 0.9597212076187134, 0.9602782726287842, 1.0264302492141724, 0.944845974445343]
val step Loss: [0.8976345658302307, 0.8996251821517944, 0.9783422350883484, 0.9190806150436401, 0.968931257724762, 1.020079493522644, 0.8992446660995483, 1.0152181386947632, 0.9069437384605408, 0.9193612933158875, 0.9242297410964966, 0.8988187313079834, 0.9669800996780396, 0.8940747380256653, 0.8637884259223938, 0.8942899107933044]
Train step Accs: [0.7824783477681546, 0.801721704769969, 0.8178289000718907, 0.8143926505614154, 0.8200056513139304, 0.7879315346678271, 0.8050564477659405, 0.8105176663927691, 0.8278062994311086, 0.810711214838472, 0.7931910569105691, 0.8161408657373441, 0.7807438512297541, 0.7963661295851903, 0.7967067764407854, 0.790907882493686, 0.8149215497918668, 0.8167834088724076, 0.8124815579817055, 0.8085876875323331, 0.7896394268619115, 0.8033552404012453, 0.8101798143851509, 0.7880108173076923, 0.8179263422570625, 0.8039464411557434, 0.821934501142422, 0.8064320388349514, 0.8043025676613463, 0.8203313039784794, 0.7986318189791265, 0.7786355758626122, 0.8095238095238095, 0.8020979020979021, 0.8046692607003891, 0.8144164193867458, 0.814088907825593, 0.8091468777484608, 0.7814465408805031, 0.7937540663630449, 0.804188342003468, 0.8051676888946888, 0.8025662251655629, 0.8096864327848494, 0.8063205417607223, 0.7935630689206762, 0.8293153326904532, 0.8233569885837705, 0.8137795275590551, 0.8368194156155198, 0.8217889515991107, 0.8192284688995215, 0.8320704484947778, 0.8298627178775259, 0.8205397826848931, 0.8101604278074866, 0.8182587836884436, 0.801398897838067, 0.8083246926381277, 0.8098653395784543, 0.8056167400881057, 0.7904324644549763, 0.8230746357418971]
val step Accs: [0.8299812282113167, 0.8251779359430605, 0.8112094395280236, 0.8230563002680965, 0.8104083947816222, 0.8006277088626513, 0.8177727784026997, 0.7953744182766888, 0.8344359907376778, 0.8095872170439414, 0.82501611863314, 0.8301435406698564, 0.8186330119115145, 0.83048683160415, 0.8359124087591241, 0.8294444444444444]
Preds: [17, 17, 287, 287, 284, 284, 450, 450, 293, 43, 43, 276, 276, 276, 138, 182, 182, 182, 182, 182, 497, 387, 387, 335, 14, 14, 188, 188, 188, 324, 236, 116, 116, 10, 10, 398, 398, 219, 219, 219, 219, 219, 219, 416, 374, 139, 139, 297, 297, 387, 387, 387, 387, 98, 98, 197, 197, 197, 209, 219, 213, 213, 422, 422, 143, 129, 259, 259, 354, 420, 485, 278, 278, 301, 349, 251, 251, 241, 470, 403, 171, 171, 252, 207, 207, 19, 454, 414, 414, 126, 126, 126, 126, 187, 187, 47, 80, 149, 73, 392, 244, 209, 287, 145, 486, 460, 460, 240, 35, 35, 35, 36, 36, 219, 219, 464, 464, 180, 315, 284, 450, 450, 450, 43, 43, 43, 276, 276, 276, 182, 182, 182, 387, 387, 98, 335, 14, 14, 80, 320, 287, 287, 111, 111, 215, 215, 406, 406, 345, 345, 345, 212, 236, 236, 32, 32, 32, 239, 384, 371, 180, 180, 180, 284, 284, 376, 376, 376, 206, 206, 206, 206, 167, 167, 293, 35, 278, 278, 324, 301, 301, 251, 251, 251, 241, 431, 278, 278, 278, 374, 374, 8, 43, 212, 276, 345, 345, 345, 371, 371, 162, 162, 162, 323, 164, 224, 273, 106, 387, 387, 387, 387, 236, 388, 10, 10, 219, 219, 219, 464, 464, 443, 443, 450, 460, 240, 169, 99, 99, 338, 338, 338, 338, 400, 400, 400, 324, 324, 171, 171, 246, 3, 3, 3, 197, 197, 259, 188, 188, 152, 301, 378, 43, 138, 276, 276, 174, 387, 122, 236, 129, 36, 66, 224, 323, 395, 43, 43, 276, 276, 276, 153, 387, 387, 387, 387, 122, 186, 186, 162, 232, 232, 232, 68, 68, 115, 115, 267, 267, 213, 213, 213, 246, 19, 19, 454, 229, 229, 414, 82, 312, 126, 126, 326, 23, 23, 408, 149, 228, 228, 244, 244, 7, 7, 251, 241, 431, 431, 319, 319, 319, 264, 264, 146, 146, 285, 285, 34, 324, 464, 464, 464, 315, 315, 450, 450, 450, 450, 293, 43, 250, 250, 345, 109, 109, 207, 207, 207, 207, 207, 416, 416, 32, 32, 354, 354, 420, 278, 330, 203, 399, 473, 473, 331, 278, 236, 236, 239, 239, 384, 371, 371, 213, 213, 213, 213, 252, 24, 310, 310, 239, 310, 107, 107, 107, 324, 246, 19, 19, 19, 454, 454, 414, 82, 414, 170, 47, 244, 244, 392, 73, 244, 244, 373, 114, 106, 224, 267, 240, 215, 8, 406, 354, 420, 420, 213, 213, 301, 219, 219, 219, 219, 219, 464, 139, 139, 139, 496, 497, 497, 98, 259, 259, 259, 208, 208, 441, 441, 153, 481, 481, 426, 182, 182, 182, 182, 182, 182, 182, 182, 182, 375, 98, 98, 98, 98, 17, 83, 240, 240, 240, 240, 240, 240, 240, 240, 240, 240, 240, 240, 240, 240, 240, 240, 240, 240, 240, 240, 240, 240, 240, 240, 240, 240, 240, 240, 240, 240, 240, 240, 240, 240, 240, 240, 240, 240, 240, 240, 240, 240, 240, 240, 240, 240, 240, 240, 240, 240, 240, 240, 240, 240, 240, 240, 240, 240, 240, 240, 240, 240, 240, 240, 240, 240, 240, 240, 240, 240, 240, 240, 240, 240, 240, 240, 240, 240, 240, 240, 240, 240, 240, 240, 240, 240, 240, 240, 240, 240, 240, 240, 240, 240, 240, 240, 240, 240, 240, 240, 240, 240, 240, 240, 240, 240, 240, 240, 240, 240, 240, 240, 240, 240, 240, 240, 240, 240, 240, 240, 240, 240, 240, 240, 240, 240, 240, 240, 240, 240, 240, 240, 240, 240, 240, 240, 240, 240, 240, 240, 240, 240]

ep260
Train step Loss: [1.0159351825714111, 1.0476487874984741, 1.0619851350784302, 0.994897723197937, 0.8611392378807068, 0.9201866984367371, 0.9251227974891663, 0.9138745069503784, 1.059546709060669, 1.0390567779541016, 0.9846200346946716, 0.9715633392333984, 1.0796023607254028, 1.0538876056671143, 0.9392092823982239, 0.9617124199867249, 0.8670828342437744, 1.0401256084442139, 0.9410257339477539, 0.921131432056427, 0.9050233960151672, 0.8798484802246094, 0.9994699954986572, 0.9107888340950012, 1.003230333328247, 1.0168198347091675, 1.0800260305404663, 0.9551098942756653, 0.9517118334770203, 0.9428624510765076, 0.9145317673683167, 1.048484444618225, 0.9440929889678955, 1.037156581878662, 0.9879286289215088, 0.9793009161949158, 0.8939271569252014, 0.9769721031188965, 0.9060878753662109, 0.9890125393867493, 0.9750747084617615, 0.942918598651886, 1.0012083053588867, 0.9337395429611206, 0.9923928380012512, 0.9584951996803284, 1.015080213546753, 0.9301448464393616, 1.06125807762146, 0.900179922580719, 0.9851962924003601, 1.0206491947174072, 0.948173999786377, 0.967642605304718, 1.0113285779953003, 0.9344556331634521, 0.9526020884513855, 0.930813729763031, 0.9557486772537231, 0.9353591799736023, 0.9159090518951416, 1.0325038433074951, 1.0194886922836304]
val step Loss: [0.9847244024276733, 0.8814446330070496, 0.8948885798454285, 0.9819356799125671, 0.8861781358718872, 0.8552770018577576, 0.9513311386108398, 0.9332975149154663, 0.8432698249816895, 0.9585869908332825, 0.9165060520172119, 0.9647866487503052, 0.9713351130485535, 0.9073508977890015, 0.9191381931304932, 0.8372634649276733]
Train step Accs: [0.8063675293241482, 0.7948568937963097, 0.7986262355503434, 0.8019815418023887, 0.8457847840986977, 0.8233097746366183, 0.8265124555160143, 0.8212545197296023, 0.7893832943013271, 0.7981150793650794, 0.8040598905845091, 0.8070088025244976, 0.7861187510111632, 0.7871872887085869, 0.8178260869565217, 0.8101761252446184, 0.8425304669313981, 0.7938044530493708, 0.8219716384759952, 0.8216577905230097, 0.8174616551491657, 0.830303871236298, 0.801295097132285, 0.8273282442748091, 0.8006998104679982, 0.8036819552451991, 0.7891176470588235, 0.8101232625229479, 0.8057647740440325, 0.8183346065699006, 0.825496849248667, 0.7942474725900612, 0.8221310315551154, 0.7943325610408127, 0.8009958239640218, 0.8084415584415584, 0.8324472125170894, 0.814539627039627, 0.8256710891700093, 0.80151535651468, 0.8049893086243763, 0.8184314922184925, 0.812210324436631, 0.8274434422593524, 0.8088522130532633, 0.8167215815485996, 0.8004363880496811, 0.8218973747016707, 0.7898966704936854, 0.8259498921519828, 0.8085984940490648, 0.7951360927685618, 0.8177075570129676, 0.8145942952090833, 0.803257114657016, 0.8265736534717716, 0.8121085594989561, 0.8265635074145713, 0.8128323897752616, 0.8140969162995595, 0.8230813178442201, 0.799743964886613, 0.7959475566150179]
val step Accs: [0.8104503373607406, 0.8217897640208397, 0.8235294117647058, 0.8112482853223594, 0.82533150434385, 0.8322836801752465, 0.8196378830083565, 0.8189641434262949, 0.8418218187413449, 0.8060319337670018, 0.8224234938932345, 0.8134529147982063, 0.8158113730929265, 0.8254099718403181, 0.8192359149695257, 0.8455809334657398]
Preds: [17, 17, 7, 309, 309, 479, 479, 398, 398, 213, 213, 246, 246, 246, 301, 378, 114, 114, 324, 324, 324, 360, 422, 186, 36, 31, 232, 232, 115, 273, 273, 273, 403, 403, 403, 403, 403, 207, 207, 207, 207, 3, 3, 120, 219, 219, 219, 286, 286, 286, 286, 468, 468, 468, 468, 467, 467, 467, 467, 180, 443, 486, 460, 240, 240, 285, 175, 331, 486, 486, 486, 206, 206, 215, 35, 35, 406, 100, 100, 497, 497, 497, 122, 406, 467, 109, 180, 264, 264, 264, 468, 468, 468, 337, 337, 337, 464, 464, 464, 315, 315, 315, 450, 450, 450, 450, 450, 35, 203, 197, 320, 208, 473, 10, 208, 70, 309, 331, 331, 34, 355, 355, 452, 452, 263, 263, 13, 13, 170, 244, 66, 66, 127, 127, 401, 244, 201, 201, 20, 392, 73, 244, 321, 321, 321, 83, 83, 83, 301, 150, 169, 150, 99, 338, 338, 338, 395, 395, 395, 470, 486, 486, 460, 178, 178, 35, 183, 445, 451, 451, 451, 451, 30, 213, 213, 464, 464, 282, 31, 36, 36, 54, 342, 342, 168, 168, 449, 368, 66, 464, 464, 464, 106, 284, 284, 284, 206, 206, 293, 293, 293, 122, 251, 241, 431, 431, 284, 284, 206, 206, 206, 206, 215, 35, 35, 406, 139, 302, 302, 302, 497, 406, 75, 34, 34, 34, 114, 114, 486, 486, 443, 146, 169, 178, 150, 150, 150, 342, 342, 35, 436, 436, 401, 401, 401, 420, 420, 30, 213, 213, 213, 246, 246, 246, 464, 464, 464, 464, 271, 36, 36, 36, 36, 232, 232, 172, 115, 115, 273, 273, 470, 264, 264, 443, 139, 450, 450, 450, 203, 271, 169, 77, 349, 224, 224, 494, 494, 290, 116, 116, 10, 10, 199, 398, 398, 464, 301, 422, 349, 349, 395, 395, 395, 106, 284, 284, 405, 405, 206, 206, 169, 263, 35, 229, 229, 229, 312, 312, 312, 187, 23, 23, 23, 149, 149, 149, 321, 321, 320, 7, 320, 122, 122, 88, 81, 144, 313, 36, 99, 99, 99, 338, 338, 338, 338, 400, 400, 400, 395, 84, 496, 81, 144, 144, 259, 99, 99, 99, 99, 436, 338, 338, 338, 338, 338, 338, 496, 81, 303, 19, 48, 48, 48, 17, 417, 82, 82, 82, 82, 82, 82, 82, 82, 392, 392, 244, 321, 75, 208, 208, 348, 348, 76, 164, 164, 395, 444, 428, 213, 213, 213, 213, 252, 301, 301, 252, 219, 219, 324, 324, 324, 464, 464, 464, 464, 464, 315, 486, 464, 464, 403, 403, 403, 207, 207, 246, 246, 246, 246, 246, 246, 318, 325, 77, 371, 66, 342, 342, 115, 115, 224, 267, 267, 41, 41, 19, 19, 19, 48, 48, 414, 414, 170, 82, 80, 80, 80, 80, 320, 320, 320, 287, 287, 481, 426, 293, 98, 35, 458, 208, 276, 276, 345, 399, 319, 293, 348, 348, 75, 310, 395, 395, 395, 371, 278, 285, 34, 331, 84, 84, 139, 293, 293, 293, 122, 8, 441, 276, 174, 331, 331, 331, 426, 413, 413, 98, 98, 17, 83, 240, 240, 240, 240, 240, 240, 240, 240, 240, 240, 240, 240, 240, 240, 240, 240, 240, 240, 240, 240, 240, 240, 240, 240, 240, 240, 240, 240, 240, 240, 240, 240, 240, 240, 240, 240, 240, 240, 240, 240, 240, 240, 240, 240, 240, 240, 240, 240, 240, 240, 240, 240, 240, 240, 240, 240, 240, 240, 240, 240, 240, 240, 240, 240, 240, 240, 240, 240, 240, 240, 240, 240, 240, 240, 240, 240, 240, 240, 240, 240, 240, 240, 240, 240, 240, 240, 240, 240, 240, 240, 240]

ep261
Train step Loss: [0.9224963784217834, 1.05036199092865, 1.0975362062454224, 1.070778727531433, 0.973110556602478, 0.9238607883453369, 0.9246196746826172, 1.042413353919983, 0.9666732549667358, 0.9503028392791748, 0.9673598408699036, 0.9476534724235535, 0.8810328245162964, 0.9632670879364014, 0.8755173087120056, 0.9445469379425049, 1.0125372409820557, 1.018929362297058, 0.9321931600570679, 0.9031320810317993, 0.9288124442100525, 1.024980068206787, 0.8766205310821533, 0.9457020163536072, 1.051493525505066, 0.953398585319519, 0.9637657403945923, 0.9677720069885254, 0.9517397880554199, 0.9304577708244324, 0.8907010555267334, 0.9856444001197815, 0.9645686745643616, 0.974607527256012, 0.9393388032913208, 0.9727069139480591, 0.9628908038139343, 1.0045469999313354, 0.8820285797119141, 0.9707110524177551, 0.9544277191162109, 0.9571927785873413, 0.9381687045097351, 0.9171331524848938, 0.9955567717552185, 0.9859161376953125, 0.9489820003509521, 0.8726528286933899, 0.9377995133399963, 0.9534627795219421, 0.9810134172439575, 0.9559112787246704, 1.0737252235412598, 0.9782004356384277, 0.9647250771522522, 0.9198068380355835, 0.9001467227935791, 1.0308383703231812, 0.9614471793174744, 0.995731770992279, 0.9954822063446045, 0.9068754315376282, 0.9107330441474915]
val step Loss: [0.8832240104675293, 0.938958466053009, 0.8419190645217896, 0.954971969127655, 0.8384442925453186, 0.9401953816413879, 0.941540002822876, 0.9440532326698303, 0.9371941089630127, 0.935766875743866, 0.90369713306427, 0.9291666746139526, 0.9337915778160095, 0.85358065366745, 0.8883660435676575, 0.8415249586105347]
Train step Accs: [0.822976098689283, 0.7823762376237624, 0.7822471147318398, 0.7861311839911062, 0.8140070441614738, 0.824846356453029, 0.822687712051925, 0.7933230080881087, 0.8074513682822289, 0.8150058962264151, 0.8136957382240401, 0.8271119842829077, 0.8370770937326678, 0.8122737742678513, 0.8322655048692978, 0.8191330343796711, 0.8075940745785799, 0.801401520799165, 0.8237781954887218, 0.8258053221288515, 0.8167893077038595, 0.8033690176322418, 0.8263780088306509, 0.8208707671043538, 0.7916867276520623, 0.8163514338010982, 0.8016337854500617, 0.80448533640023, 0.8110921015112632, 0.822054698457223, 0.8240859525336754, 0.807798632329405, 0.8174445076835515, 0.8085876061654609, 0.8165418652144316, 0.8079069025984378, 0.816535301022975, 0.8072045579856644, 0.8364099299809039, 0.8112299465240642, 0.8167056758338209, 0.8106951871657754, 0.8272214386459803, 0.8210960361798351, 0.8031788472964944, 0.8096064814814815, 0.8182486041727887, 0.8298557839828168, 0.8222986100732327, 0.8237076648841355, 0.8026196928635954, 0.8155423949154991, 0.7828658330517066, 0.810455689124965, 0.8093880972338642, 0.8314176245210728, 0.8363218390804598, 0.7968936678614098, 0.8200807442513603, 0.8108236787811458, 0.8108740536820371, 0.8249230769230769, 0.8223258223258223]
val step Accs: [0.8345345805857998, 0.8110373733845616, 0.8438936081325721, 0.8153140235159163, 0.8422273781902552, 0.8220522441910809, 0.8262485136741974, 0.8191214470284238, 0.8164367979525096, 0.8271706381813202, 0.8239839282954721, 0.8174161528049331, 0.8231066152003195, 0.8385126882887773, 0.8370001383700014, 0.8498721227621483]
Preds: [17, 17, 30, 213, 213, 301, 301, 378, 43, 138, 345, 473, 109, 278, 278, 330, 330, 330, 330, 348, 64, 212, 302, 290, 134, 88, 81, 331, 132, 132, 132, 132, 374, 213, 219, 219, 219, 219, 219, 213, 213, 213, 246, 246, 246, 246, 246, 246, 246, 3, 454, 197, 197, 80, 80, 80, 209, 209, 287, 111, 240, 240, 314, 314, 239, 127, 114, 443, 428, 460, 146, 330, 219, 219, 219, 219, 324, 324, 324, 422, 143, 349, 259, 259, 25, 276, 276, 276, 346, 346, 284, 284, 284, 450, 293, 43, 43, 276, 276, 276, 276, 346, 346, 387, 206, 14, 14, 287, 145, 145, 486, 85, 85, 146, 146, 358, 349, 36, 54, 164, 342, 164, 224, 273, 273, 106, 496, 375, 375, 375, 98, 98, 98, 170, 244, 170, 63, 63, 63, 63, 63, 63, 63, 63, 63, 63, 63, 63, 63, 73, 73, 73, 73, 321, 287, 287, 284, 284, 284, 206, 406, 406, 42, 43, 276, 276, 276, 276, 346, 297, 297, 293, 497, 43, 43, 32, 129, 208, 354, 106, 153, 153, 387, 387, 387, 387, 406, 406, 413, 250, 250, 250, 122, 303, 303, 303, 303, 303, 138, 117, 48, 48, 170, 244, 392, 244, 392, 392, 392, 73, 73, 73, 209, 287, 287, 284, 460, 460, 460, 178, 35, 36, 36, 36, 36, 219, 152, 324, 324, 464, 3, 14, 14, 411, 287, 481, 293, 271, 215, 458, 208, 276, 64, 144, 319, 348, 348, 251, 199, 398, 324, 360, 339, 241, 431, 331, 34, 496, 274, 75, 8, 144, 354, 106, 151, 224, 240, 416, 35, 35, 75, 384, 114, 180, 284, 376, 376, 376, 376, 376, 460, 460, 263, 263, 13, 17, 170, 170, 392, 392, 63, 63, 63, 63, 63, 63, 63, 63, 392, 392, 63, 63, 73, 73, 73, 209, 209, 83, 287, 443, 240, 215, 406, 406, 354, 354, 346, 84, 467, 406, 42, 42, 42, 42, 132, 138, 399, 217, 217, 473, 473, 188, 278, 278, 286, 236, 314, 239, 239, 310, 107, 107, 107, 213, 213, 213, 213, 213, 246, 3, 197, 197, 14, 411, 259, 145, 460, 460, 169, 35, 36, 36, 34, 342, 399, 217, 70, 70, 70, 65, 145, 315, 315, 450, 450, 450, 450, 203, 250, 122, 24, 239, 395, 371, 324, 301, 236, 24, 34, 331, 106, 84, 496, 274, 8, 32, 32, 259, 354, 354, 354, 100, 100, 153, 182, 182, 182, 375, 98, 98, 98, 13, 170, 170, 170, 392, 63, 63, 63, 63, 63, 63, 392, 63, 63, 73, 73, 73, 73, 209, 83, 83, 287, 443, 240, 314, 406, 406, 354, 354, 180, 84, 84, 406, 406, 42, 42, 81, 331, 276, 153, 153, 387, 387, 387, 122, 75, 8, 129, 144, 354, 106, 153, 387, 387, 387, 387, 348, 413, 250, 250, 303, 303, 303, 303, 303, 303, 303, 117, 117, 197, 197, 82, 287, 348, 287, 287, 486, 460, 460, 169, 35, 35, 36, 36, 224, 236, 196, 399, 217, 217, 473, 473, 188, 278, 278, 286, 236, 239, 239, 384, 371, 180, 106, 106, 153, 153, 182, 182, 182, 182, 182, 387, 98, 98, 98, 414, 414, 170, 392, 392, 392, 392, 392, 392, 392, 73, 73, 209, 209, 287, 145, 460, 460, 169, 35, 36, 36, 36, 172, 196, 208, 217, 217, 217, 473, 473, 188, 443, 330, 330, 330, 285, 94, 199, 398, 324, 324, 324, 301, 416, 34, 34, 324, 301, 251, 251, 241, 431, 84, 496, 496, 274, 75, 8, 144, 208, 106, 106, 387, 387, 151, 172, 172, 313, 313, 337, 41, 41, 213]

ep262
Train step Loss: [0.9916911125183105, 0.9928619861602783, 0.9660704731941223, 1.0154322385787964, 0.9834827780723572, 0.9801750183105469, 0.9846712350845337, 0.9885257482528687, 0.9331280589103699, 0.9337683916091919, 0.8993185758590698, 0.9263515472412109, 0.998234748840332, 0.9456613063812256, 0.931943416595459, 0.9876538515090942, 0.9500457048416138, 0.9281423091888428, 0.9569298624992371, 0.94817715883255, 0.9594993591308594, 0.8977720737457275, 1.051952838897705, 0.8568512201309204, 1.0219768285751343, 0.9869832396507263, 0.8559386730194092, 0.9722349643707275, 0.9572768807411194, 0.9400292038917542, 0.9514328241348267, 0.9180017113685608, 0.9247519373893738, 0.9040133953094482, 0.9907858371734619, 0.8872143626213074, 0.939806342124939, 1.0240256786346436, 0.9926013946533203, 0.9749870300292969, 1.0103269815444946, 0.9424514174461365, 0.921443521976471, 0.9068783521652222, 0.9795624017715454, 1.048058271408081, 0.8400096893310547, 0.913482129573822, 0.9690643548965454, 0.9179737567901611, 1.040478229522705, 0.9634113907814026, 0.9490670561790466, 0.981048047542572, 0.9678473472595215, 0.9207636713981628, 0.9024262428283691, 0.8960675597190857, 0.8580641746520996, 0.8926838636398315, 0.9257462024688721, 0.9081436395645142, 0.8379536867141724]
val step Loss: [0.8342990279197693, 0.88245689868927, 0.8029061555862427, 0.9251278638839722, 0.9765591025352478, 0.8716849684715271, 0.9234302043914795, 0.9614341259002686, 0.8572056293487549, 0.8878180980682373, 0.9041069149971008, 0.9014148116111755, 0.8671475052833557, 0.9142560958862305, 0.9692469835281372, 0.8681418895721436]
Train step Accs: [0.8102587380844303, 0.8086110713774853, 0.8122724207687121, 0.7953606185841888, 0.8018440634098997, 0.8094749444159398, 0.8074013157894737, 0.8094557920297101, 0.8187560071399149, 0.8207462686567164, 0.8386188500296384, 0.8255179934569248, 0.8079106737320212, 0.8201577845757527, 0.8176795580110497, 0.8027687574773543, 0.8181531176006314, 0.8207831325301205, 0.8165523690773068, 0.8223640026863667, 0.8208109719737626, 0.8256227758007118, 0.8027667984189724, 0.8427995034140285, 0.8020058233581365, 0.8077787138444257, 0.8457890198332855, 0.8141228190685533, 0.8207242159715487, 0.8273153044266506, 0.8091685880916859, 0.8249077194671802, 0.8189098424179798, 0.8197866862817212, 0.8019144665740312, 0.8297971918876755, 0.8221670802315963, 0.7951532430506059, 0.8118564283612827, 0.8082672079719505, 0.8033256099223116, 0.8222504364386606, 0.8287474921180854, 0.8230920952814444, 0.8097270925445952, 0.7915012498162035, 0.8497823950582619, 0.825249169435216, 0.8181970229135307, 0.82486144101346, 0.7933650699196668, 0.8199108978752571, 0.8190848396026705, 0.8079253315867038, 0.8086326592212496, 0.8202737253722364, 0.8272809123649459, 0.8317771314863003, 0.8367314683104157, 0.8285291943828529, 0.8263812154696133, 0.8341941464706661, 0.846280538018117]
val step Accs: [0.8390925877077289, 0.8326745718050066, 0.8518458549222798, 0.8288220172387721, 0.8127426047383215, 0.8309687261632341, 0.8188023580515048, 0.8101893597835889, 0.8439438899379552, 0.8288620283018868, 0.8257518512921264, 0.8298983625070582, 0.8395209580838323, 0.819884287454324, 0.8147736298649721, 0.8363802559414991]
Preds: [17, 17, 296, 153, 497, 274, 122, 122, 10, 10, 309, 479, 398, 374, 374, 250, 250, 43, 8, 406, 467, 380, 374, 374, 374, 374, 374, 337, 337, 337, 337, 215, 278, 434, 434, 434, 324, 301, 301, 250, 250, 138, 138, 424, 424, 182, 497, 497, 497, 497, 43, 411, 276, 106, 153, 153, 153, 153, 387, 387, 122, 122, 413, 413, 250, 250, 250, 122, 138, 195, 195, 195, 195, 195, 117, 117, 117, 117, 117, 48, 197, 197, 197, 80, 244, 244, 209, 287, 287, 287, 287, 284, 284, 426, 426, 293, 293, 43, 43, 276, 346, 346, 346, 284, 206, 206, 206, 293, 251, 251, 251, 241, 241, 431, 431, 428, 428, 428, 146, 146, 146, 146, 358, 36, 150, 54, 54, 224, 224, 273, 106, 496, 100, 100, 182, 182, 182, 375, 375, 375, 98, 98, 98, 13, 13, 13, 47, 170, 244, 392, 392, 392, 63, 63, 63, 63, 63, 63, 63, 63, 309, 127, 63, 63, 401, 401, 401, 63, 63, 73, 73, 244, 321, 321, 287, 287, 287, 287, 284, 284, 206, 206, 293, 293, 43, 43, 276, 346, 346, 346, 284, 284, 206, 293, 175, 175, 241, 331, 331, 428, 428, 428, 146, 146, 330, 36, 150, 150, 224, 224, 494, 496, 497, 497, 497, 335, 70, 65, 65, 284, 284, 284, 426, 167, 406, 406, 406, 406, 406, 406, 250, 413, 250, 250, 250, 122, 138, 219, 219, 219, 219, 324, 301, 301, 399, 217, 473, 473, 346, 403, 403, 171, 171, 301, 301, 143, 458, 467, 109, 109, 403, 403, 171, 171, 171, 252, 252, 416, 467, 107, 106, 84, 84, 426, 293, 43, 43, 43, 276, 276, 276, 276, 153, 182, 182, 182, 497, 497, 497, 98, 259, 259, 371, 354, 354, 354, 284, 284, 460, 167, 167, 35, 77, 36, 494, 273, 428, 443, 443, 315, 315, 450, 450, 450, 43, 276, 276, 346, 284, 284, 284, 206, 175, 175, 431, 331, 428, 428, 146, 146, 330, 36, 150, 150, 54, 224, 494, 494, 496, 497, 203, 399, 70, 473, 473, 188, 278, 278, 178, 150, 150, 54, 54, 54, 224, 224, 273, 273, 496, 100, 100, 375, 375, 375, 98, 98, 98, 35, 247, 126, 126, 47, 47, 47, 149, 320, 188, 30, 30, 152, 301, 339, 217, 10, 10, 199, 345, 236, 290, 313, 342, 416, 77, 34, 224, 77, 467, 278, 240, 285, 143, 35, 100, 100, 100, 497, 497, 497, 43, 122, 70, 346, 172, 494, 494, 494, 172, 172, 172, 172, 313, 337, 337, 324, 301, 301, 416, 458, 354, 100, 100, 100, 100, 122, 496, 182, 375, 98, 98, 98, 229, 312, 312, 312, 187, 187, 187, 391, 228, 321, 320, 7, 309, 309, 309, 250, 250, 138, 138, 138, 138, 138, 182, 497, 98, 43, 14, 346, 346, 346, 284, 206, 206, 167, 240, 285, 34, 443, 180, 315, 319, 319, 319, 388, 348, 348, 138, 195, 195, 195, 212, 212, 77, 77, 36, 66, 68, 68, 115, 267, 267, 213, 213, 213, 213, 324, 324, 464, 416, 486, 486, 486, 460, 460, 460, 178, 35, 35, 34, 34, 290, 278, 278, 278, 171, 252, 325, 77, 219, 246, 360, 324, 324, 324, 246, 246, 19, 19, 19, 454, 454, 414, 414, 170, 244, 392, 392, 392, 47, 321, 321, 320, 7, 451, 213, 213, 213, 324, 324, 301, 378, 473, 109, 355, 172, 403, 403, 403, 240, 240, 330, 378, 43, 345, 346, 139, 319, 428, 428, 146, 167, 290, 35, 36, 36, 445, 106, 494, 116, 10, 479, 331, 331, 106, 153, 153, 481, 182, 182, 182]

ep263
Train step Loss: [0.9219657182693481, 0.9291725158691406, 0.8954973220825195, 0.9676329493522644, 0.8842352032661438, 0.9316366314888, 0.9908850193023682, 0.9598901867866516, 1.0037353038787842, 0.8916470408439636, 0.8960574865341187, 0.9577190279960632, 0.9638007879257202, 0.96308434009552, 0.9588673114776611, 0.9127662181854248, 0.9188737869262695, 0.9508958458900452, 0.8967028260231018, 0.9114378690719604, 0.9838614463806152, 0.9491750001907349, 0.8900160193443298, 0.9743589758872986, 0.9500337839126587, 0.9483433961868286, 0.9665395021438599, 0.9026116132736206, 0.9046491384506226, 0.8733585476875305, 0.955013632774353, 1.0004538297653198, 0.9520571827888489, 0.98906409740448, 1.0099502801895142, 0.9209160208702087, 0.9827476739883423, 0.9646670818328857, 0.8651451468467712, 0.919278085231781, 0.9485633969306946, 0.9662898182868958, 0.9855411648750305, 0.8738067150115967, 0.9346636533737183, 0.8835437893867493, 0.9589508175849915, 0.9232292175292969, 0.8719074726104736, 0.9152272939682007, 0.9880768060684204, 0.9630436897277832, 0.9088522791862488, 0.9125591516494751, 0.929133951663971, 0.8886203765869141, 0.9473510980606079, 0.9305915236473083, 0.9225585460662842, 0.9501450061798096, 0.9635762572288513, 0.9748015403747559, 1.0607035160064697]
val step Loss: [0.8622339367866516, 0.9038393497467041, 0.9068889021873474, 0.8739954233169556, 0.9044396281242371, 0.8518264293670654, 0.9570034742355347, 0.8712645173072815, 0.8263401985168457, 0.8491815328598022, 0.8855873346328735, 0.9234488606452942, 0.9119568467140198, 0.8812742233276367, 0.8963764309883118, 0.9281114339828491]
Train step Accs: [0.8286050271938851, 0.831237385499146, 0.8322024314390727, 0.8147199453551912, 0.8322481151473612, 0.8152, 0.8063229428275964, 0.8176589460593813, 0.7995003123048094, 0.8357046070460704, 0.8279381743948673, 0.8075723830734967, 0.8188044831880449, 0.810954356846473, 0.8175043602346599, 0.8255417956656347, 0.8278465720326186, 0.8173320659062104, 0.8341927806426022, 0.8277398690990113, 0.8082090925823671, 0.8117249154453213, 0.8337960625946491, 0.8079037290150052, 0.8210905813429473, 0.8181551116333725, 0.8068985015549901, 0.8291091212627105, 0.8261230131306151, 0.8260796786072983, 0.8152856486445091, 0.8089016511127064, 0.81765742669444, 0.8069784706755754, 0.796604890204018, 0.8271668160286775, 0.8161880719469864, 0.8199803793328974, 0.8410153640614563, 0.8310819503409237, 0.8107202680067002, 0.8146441372247823, 0.8081795150199059, 0.8285657131426285, 0.8155260134580666, 0.8391371774989426, 0.8258398796590339, 0.8386712546320805, 0.83187190240183, 0.8216793893129771, 0.8046923555003107, 0.8106488614963191, 0.8361968306922435, 0.8245440407182242, 0.8243442381373416, 0.8314252530280405, 0.818350480688143, 0.8186125852918877, 0.8250806564735587, 0.8129857512953368, 0.8201459436256975, 0.8065957774695639, 0.7874564459930313]
val step Accs: [0.8368835716370003, 0.8261330506228466, 0.8331169767777297, 0.831765935214211, 0.8320425208807897, 0.8410573292138689, 0.8102619748876143, 0.831001523756753, 0.8458565908115071, 0.8356701341775968, 0.8395473668939504, 0.8242853017614785, 0.8266202090592335, 0.8348814640232913, 0.8350995504174695, 0.8205128205128205]
Preds: [17, 17, 287, 287, 111, 111, 438, 438, 219, 219, 219, 219, 152, 152, 378, 106, 88, 88, 88, 284, 284, 284, 284, 206, 450, 450, 43, 43, 43, 276, 276, 276, 174, 174, 387, 413, 348, 186, 239, 239, 371, 180, 443, 271, 240, 240, 35, 35, 35, 259, 127, 180, 486, 486, 460, 206, 167, 167, 35, 35, 164, 36, 219, 219, 152, 152, 374, 132, 132, 250, 186, 186, 54, 54, 172, 273, 106, 387, 387, 387, 348, 348, 10, 250, 250, 212, 43, 43, 259, 259, 259, 208, 208, 441, 276, 153, 153, 122, 406, 481, 380, 387, 387, 242, 116, 10, 10, 219, 398, 398, 301, 116, 10, 10, 309, 331, 88, 88, 346, 319, 428, 428, 146, 146, 219, 219, 219, 219, 464, 464, 355, 355, 378, 43, 43, 276, 276, 276, 276, 497, 497, 215, 129, 129, 259, 259, 371, 420, 213, 213, 422, 143, 129, 259, 259, 371, 371, 107, 164, 213, 213, 213, 213, 213, 246, 246, 19, 19, 454, 414, 247, 126, 126, 126, 408, 408, 149, 228, 244, 244, 289, 287, 443, 215, 236, 416, 164, 34, 445, 464, 171, 171, 171, 301, 8, 8, 32, 32, 239, 354, 213, 213, 213, 213, 213, 213, 246, 246, 246, 246, 246, 246, 246, 19, 19, 454, 414, 414, 414, 82, 170, 170, 392, 392, 392, 392, 392, 392, 63, 63, 63, 63, 63, 63, 63, 63, 73, 73, 73, 73, 244, 209, 188, 188, 171, 171, 171, 318, 99, 99, 99, 77, 384, 371, 371, 34, 34, 236, 106, 106, 354, 354, 219, 213, 213, 213, 213, 246, 416, 374, 374, 132, 132, 132, 122, 109, 313, 99, 99, 99, 338, 338, 400, 400, 422, 236, 314, 239, 384, 371, 180, 486, 315, 319, 203, 203, 53, 70, 70, 65, 65, 153, 387, 387, 406, 406, 406, 406, 467, 496, 375, 375, 375, 98, 98, 98, 414, 414, 414, 414, 170, 170, 82, 228, 244, 392, 392, 392, 392, 63, 63, 73, 73, 244, 320, 441, 320, 153, 153, 182, 43, 43, 43, 239, 208, 345, 276, 153, 153, 43, 374, 132, 132, 132, 411, 208, 117, 117, 48, 17, 17, 83, 240, 240, 240, 240, 240, 240, 240, 240, 240, 240, 240, 240, 240, 240, 240, 240, 240, 240, 240, 240, 240, 240, 240, 240, 240, 240, 240, 240, 240, 240, 240, 240, 240, 240, 240, 240, 240, 240, 240, 240, 240, 240, 240, 240, 240, 240, 240, 240, 240, 240, 240, 240, 240, 240, 240, 240, 240, 240, 240, 240, 240, 240, 240, 240, 240, 240, 240, 240, 240, 240, 240, 240, 240, 240, 240, 240, 240, 240, 240, 240, 240, 240, 240, 240, 240, 240, 240, 240, 240, 240, 240, 240, 240, 240, 240, 240, 240, 240, 240, 240, 240, 240, 240, 240, 240, 240, 240, 240, 240, 240, 240, 240, 240, 240, 240, 240, 240, 240, 240, 240, 240, 240, 240, 240, 240, 240, 240, 240, 240, 240, 240, 240, 240, 240, 240, 240, 240, 240, 240, 240, 240, 240, 240, 240, 240, 240, 240, 240, 240, 240, 240, 240, 240, 240, 240, 240, 240, 240, 240, 240, 240, 240, 240, 240, 240, 240, 240, 240, 240, 240, 240, 240, 240, 240, 240, 240, 240, 240, 240, 240, 240, 240, 240, 240, 240, 240, 240, 240, 240, 240, 240, 240, 240, 240, 240, 240, 240, 240, 240, 240, 240, 240, 240, 240, 240, 240, 240, 240, 240, 240, 240, 240, 240, 240, 240, 240, 240, 240, 240, 240, 240, 240, 240, 240, 240, 240, 240, 240, 240, 240, 240, 240, 240, 240, 240, 240, 240, 240]

ep264
Train step Loss: [0.9943127036094666, 0.9258831739425659, 0.8990584015846252, 0.9570139646530151, 0.9229167699813843, 0.8927045464515686, 0.957206666469574, 0.9778643250465393, 1.0173856019973755, 0.918135941028595, 0.9382867813110352, 0.8955264091491699, 0.9412431716918945, 0.8934313058853149, 0.9859377145767212, 0.9468353986740112, 0.9453241229057312, 0.9595798254013062, 0.9500603675842285, 0.8813169002532959, 1.0066171884536743, 0.8961670994758606, 0.8887389898300171, 0.9253702759742737, 0.9070329666137695, 0.8963741064071655, 0.9598698616027832, 0.9363278150558472, 0.9528927803039551, 1.0294561386108398, 0.9052206873893738, 0.9119918942451477, 0.8931642770767212, 0.8824437260627747, 0.8954746723175049, 0.8747633695602417, 0.9501917958259583, 0.9556501507759094, 0.9807494878768921, 0.8091697096824646, 0.8661766648292542, 0.8986738324165344, 0.9173012971878052, 0.9496293663978577, 0.9496169090270996, 0.8674967885017395, 0.8808748722076416, 0.9275149703025818, 0.9146770238876343, 0.9212223887443542, 0.8737394213676453, 0.9642582535743713, 0.9543975591659546, 0.9313617944717407, 0.8681328892707825, 0.9606665372848511, 0.9339842796325684, 0.9112844467163086, 0.9494463205337524, 0.9749605059623718, 0.9567371606826782, 0.9015691876411438, 0.9346240162849426]
val step Loss: [0.8861438035964966, 0.900111973285675, 0.8468453288078308, 0.9071797728538513, 0.8899908661842346, 0.8458607792854309, 0.8623358011245728, 0.8226398825645447, 0.9020735025405884, 0.9216082096099854, 0.8275346159934998, 0.8662610650062561, 0.8994762897491455, 0.8878077864646912, 0.8529690504074097, 0.9223356246948242]
Train step Accs: [0.8068161751721702, 0.8287441235728676, 0.8318544809228039, 0.8130885873902634, 0.8206638884897255, 0.8295294449140603, 0.8171907094327698, 0.8113076656260839, 0.8061838893409276, 0.8241547577553154, 0.8140084388185654, 0.8394557823129252, 0.8249960298554867, 0.8325501253132832, 0.8105423987776929, 0.8192320208265539, 0.8220208845208845, 0.8173169722873294, 0.8151494093120223, 0.8419136112506278, 0.8099773242630386, 0.8314710135401604, 0.8316493719279082, 0.8308419768151312, 0.8265240983083306, 0.8256742179072276, 0.8205371248025276, 0.8240245857830037, 0.8147003493684494, 0.79716800612323, 0.8312856895656688, 0.8284269997026464, 0.8233156276209114, 0.8361790493770189, 0.8280056135973803, 0.8283957518166574, 0.8225783373873229, 0.8115053292451453, 0.8053185437997725, 0.8513104838709677, 0.8405820275023984, 0.8336854814367642, 0.8235380116959065, 0.8140645347995948, 0.8190280845692648, 0.8408466634351268, 0.8364762931034483, 0.8246567505720824, 0.8337284653074126, 0.8323016319639842, 0.8305334512231064, 0.8164150943396227, 0.8072705117790414, 0.8220364287847118, 0.8279864581654038, 0.8184265629673946, 0.81790664330094, 0.8310781318201659, 0.820811683752282, 0.8126327715621017, 0.8164983164983165, 0.8218134034165572, 0.8235724743777453]
val step Accs: [0.8343688223665631, 0.8294842646882853, 0.8507525671683781, 0.8309494451294698, 0.8290217068093964, 0.8429860302677532, 0.8475709162047603, 0.846644397206195, 0.819229554783707, 0.8325825825825826, 0.840778724143925, 0.8478359908883827, 0.8317199096482737, 0.8280727272727273, 0.8336598106431603, 0.8262556585471007]
Preds: [17, 17, 296, 217, 217, 473, 473, 371, 371, 443, 443, 171, 171, 252, 143, 24, 32, 239, 310, 107, 107, 107, 395, 395, 106, 106, 106, 153, 387, 375, 98, 98, 98, 263, 13, 414, 170, 170, 47, 47, 47, 47, 20, 47, 47, 47, 20, 47, 80, 73, 73, 20, 320, 320, 7, 7, 7, 83, 171, 252, 252, 24, 239, 310, 107, 395, 420, 324, 324, 236, 314, 239, 239, 384, 371, 371, 324, 324, 301, 143, 251, 241, 431, 431, 486, 376, 376, 460, 206, 240, 240, 314, 239, 239, 395, 180, 106, 106, 106, 426, 387, 122, 406, 406, 467, 467, 349, 19, 19, 48, 48, 414, 82, 82, 82, 82, 82, 82, 82, 82, 20, 20, 20, 20, 20, 209, 209, 20, 73, 20, 289, 320, 7, 217, 473, 65, 264, 264, 264, 468, 468, 468, 337, 337, 434, 339, 94, 212, 212, 219, 371, 324, 301, 301, 251, 251, 241, 431, 84, 84, 293, 75, 8, 8, 239, 208, 354, 106, 106, 387, 387, 387, 122, 406, 406, 467, 337, 41, 19, 19, 48, 48, 13, 417, 170, 170, 170, 170, 20, 228, 2, 20, 47, 2, 20, 2, 2, 2, 20, 28, 73, 66, 66, 66, 66, 68, 68, 115, 273, 267, 267, 267, 213, 213, 252, 143, 8, 32, 359, 467, 420, 420, 324, 324, 3, 3, 14, 411, 188, 145, 215, 330, 330, 330, 203, 53, 53, 217, 335, 335, 14, 411, 213, 213, 213, 213, 213, 422, 143, 143, 458, 75, 445, 208, 208, 441, 345, 8, 240, 143, 458, 458, 208, 208, 441, 117, 64, 319, 240, 99, 99, 338, 338, 395, 338, 494, 494, 313, 271, 99, 99, 338, 338, 338, 395, 338, 374, 374, 132, 132, 98, 98, 98, 13, 414, 170, 47, 47, 47, 47, 47, 20, 80, 80, 20, 80, 320, 320, 345, 441, 153, 153, 387, 497, 143, 129, 129, 401, 401, 144, 208, 208, 354, 437, 426, 426, 426, 375, 98, 98, 98, 48, 48, 48, 197, 197, 197, 197, 7, 441, 441, 153, 153, 153, 387, 387, 122, 236, 314, 32, 32, 32, 239, 384, 371, 374, 132, 132, 132, 98, 98, 13, 83, 240, 240, 240, 240, 240, 240, 240, 240, 240, 240, 240, 240, 240, 240, 240, 240, 240, 240, 240, 240, 240, 240, 240, 240, 240, 240, 240, 240, 240, 240, 240, 240, 240, 240, 240, 240, 240, 240, 240, 240, 240, 240, 240, 240, 240, 240, 240, 240, 240, 240, 240, 240, 240, 240, 240, 240, 240, 240, 240, 240, 240, 240, 240, 240, 240, 240, 240, 240, 240, 240, 240, 240, 240, 240, 240, 240, 240, 240, 240, 240, 240, 240, 240, 240, 240, 240, 240, 240, 240, 240, 240, 240, 240, 240, 240, 240, 240, 240, 240, 240, 240, 240, 240, 240, 240, 240, 240, 240, 240, 240, 240, 240, 240, 240, 240, 240, 240, 240, 240, 240, 240, 240, 240, 240, 240, 240, 240, 240, 240, 240, 240, 240, 240, 240, 240, 240, 240, 240, 240, 240, 240, 240, 240, 240, 240, 240, 240, 240, 240, 240, 240, 240, 240, 240, 240, 240, 240, 240, 240, 240, 240, 240, 240, 240, 240, 240, 240, 240, 240, 240, 240, 240, 240, 240, 240, 240, 240, 240, 240, 240, 240, 240, 240, 240, 240, 240, 240, 240, 240, 240, 240, 240, 240, 240, 240, 240, 240, 240, 240, 240, 240, 240, 240, 240, 240, 240, 240, 240, 240, 240, 240, 240, 240, 240, 240, 240, 240, 240, 240, 240, 240, 240, 240, 240, 240, 240, 240, 240, 240, 240, 240, 240, 240, 240, 240, 240, 240]

ep265
Train step Loss: [0.9036829471588135, 1.000938057899475, 0.9315882921218872, 0.865691602230072, 0.9697929620742798, 0.8686138391494751, 0.9367448091506958, 0.9346946477890015, 0.896737813949585, 0.898731529712677, 0.9210239052772522, 0.9348151087760925, 0.9624183773994446, 0.9355657696723938, 0.8922749757766724, 0.8270469307899475, 0.9118006229400635, 0.944633424282074, 0.9091742634773254, 0.8484059572219849, 0.9410920739173889, 0.9812583327293396, 0.9414070248603821, 0.8854050040245056, 0.8920148015022278, 0.896818995475769, 0.9220864176750183, 0.9000027179718018, 0.9385098814964294, 0.9502997994422913, 0.8991326689720154, 0.9980192184448242, 0.9321881532669067, 0.9360395669937134, 0.9761494994163513, 0.8626623153686523, 0.9160425066947937, 0.862832248210907, 1.0087997913360596, 0.9223326444625854, 0.9119691848754883, 0.8564550876617432, 0.9603893756866455, 0.8346993327140808, 1.018366813659668, 0.9073362350463867, 0.8551967144012451, 0.9484556317329407, 0.9888132810592651, 0.8994461894035339, 0.9164182543754578, 0.927764892578125, 0.8998880386352539, 0.883828341960907, 0.8715934157371521, 0.9210084676742554, 0.8865029215812683, 0.9249186515808105, 0.9659141302108765, 0.8790290355682373, 0.9523134231567383, 0.9210946559906006, 0.8419307470321655]
val step Loss: [0.8770945072174072, 0.9156754612922668, 0.8931674361228943, 0.7723300457000732, 0.894829511642456, 0.879607081413269, 0.859802782535553, 0.8708980679512024, 0.7669267058372498, 0.8432663083076477, 0.8371163010597229, 0.8474454879760742, 0.9140671491622925, 0.9050144553184509, 0.8759118318557739, 0.8980900645256042]
Train step Accs: [0.8286524091728936, 0.8151050350116705, 0.8200707338638373, 0.8416594889463106, 0.8188416315865873, 0.8388063591347407, 0.8146567057986481, 0.8209606986899564, 0.8310058057429782, 0.821845969433623, 0.8273041837055678, 0.819606764746322, 0.8231153206194803, 0.8274492497793469, 0.8418978562421185, 0.8528173794976239, 0.8232295398181317, 0.8234197856810064, 0.8240803814713896, 0.8469195587839655, 0.8280939774983455, 0.8171809841534612, 0.8271246573133365, 0.8344452008168822, 0.8393437986140574, 0.8283114558472554, 0.8278839088905217, 0.8324677500418831, 0.8226924480116746, 0.8159591020226717, 0.8322078684674105, 0.8100646514066049, 0.8253057526800543, 0.8164535084687176, 0.8057142857142857, 0.8389280287332505, 0.8302651579125148, 0.8327170536902825, 0.8033170731707318, 0.8251655629139073, 0.8259905791077861, 0.8402425267907502, 0.8183797232156741, 0.8457742914979757, 0.804333015397193, 0.8297546012269938, 0.8373895520074407, 0.8208505236432878, 0.8056328803012937, 0.8267432321575061, 0.8266752577319587, 0.8267611874169252, 0.8309128630705395, 0.8433506862281117, 0.8432642487046632, 0.8312146892655368, 0.8298432949660242, 0.8227629304613748, 0.8069771560120418, 0.8354790419161676, 0.816971242385607, 0.823190262652146, 0.8526798509601605]
val step Accs: [0.830320074996652, 0.8321041214750542, 0.8363695510735198, 0.8612055641421947, 0.8350972540045767, 0.8400307929176289, 0.8360219263899765, 0.842008486562942, 0.86031311749506, 0.8490566037735849, 0.8463829787234043, 0.8464815832875207, 0.8266080097087378, 0.8323327615780446, 0.8366744366744366, 0.823992133726647]
Preds: [17, 17, 309, 309, 354, 65, 278, 213, 360, 360, 252, 378, 8, 354, 420, 213, 213, 324, 324, 324, 301, 301, 8, 354, 114, 180, 180, 486, 486, 376, 460, 460, 167, 167, 35, 35, 35, 321, 320, 354, 109, 109, 290, 428, 171, 171, 171, 171, 171, 246, 246, 3, 3, 3, 3, 143, 197, 219, 219, 219, 219, 152, 152, 152, 374, 374, 378, 378, 43, 276, 276, 182, 182, 182, 297, 297, 100, 100, 100, 293, 293, 293, 293, 293, 14, 14, 287, 145, 486, 460, 460, 460, 169, 150, 150, 150, 54, 224, 224, 224, 219, 485, 485, 485, 374, 374, 468, 468, 468, 468, 468, 468, 467, 337, 337, 337, 337, 286, 252, 24, 239, 384, 384, 371, 371, 470, 278, 264, 264, 120, 120, 120, 120, 207, 416, 468, 468, 35, 414, 80, 80, 82, 321, 320, 217, 473, 473, 346, 346, 171, 171, 171, 252, 186, 246, 143, 107, 213, 324, 422, 186, 168, 342, 416, 485, 485, 301, 139, 139, 139, 84, 139, 293, 293, 293, 122, 8, 467, 276, 100, 153, 153, 153, 481, 387, 387, 122, 88, 88, 468, 413, 413, 413, 413, 411, 208, 208, 208, 208, 303, 208, 208, 208, 208, 208, 208, 48, 13, 17, 83, 240, 240, 240, 240, 240, 240, 240, 240, 240, 240, 240, 240, 240, 240, 240, 240, 240, 240, 240, 240, 240, 240, 240, 240, 240, 240, 240, 240, 240, 240, 240, 240, 240, 240, 240, 240, 240, 240, 240, 240, 240, 240, 240, 240, 240, 240, 240, 240, 240, 240, 240, 240, 240, 240, 240, 240, 240, 240, 240, 240, 240, 240, 240, 240, 240, 240, 240, 240, 240, 240, 240, 240, 240, 240, 240, 240, 240, 240, 240, 240, 240, 240, 240, 240, 240, 240, 240, 240, 240, 240, 240, 240, 240, 240, 240, 240, 240, 240, 240, 240, 240, 240, 240, 240, 240, 240, 240, 240, 240, 240, 240, 240, 240, 240, 240, 240, 240, 240, 240, 240, 240, 240, 240, 240, 240, 240, 240, 240, 240, 240, 240, 240, 240, 240, 240, 240, 240, 240, 240, 240, 240, 240, 240, 240, 240, 240, 240, 240, 240, 240, 240, 240, 240, 240, 240, 240, 240, 240, 240, 240, 240, 240, 240, 240, 240, 240, 240, 240, 240, 240, 240, 240, 240, 240, 240, 240, 240, 240, 240, 240, 240, 240, 240, 240, 240, 240, 240, 240, 240, 240, 240, 240, 240, 240, 240, 240, 240, 240, 240, 240, 240, 240, 240, 240, 240, 240, 240, 240, 240, 240, 240, 240, 240, 240, 240, 240, 240, 240, 240, 240, 240, 240, 240, 240, 240, 240, 240, 240, 240, 240, 240, 240, 240, 240, 240, 240, 240, 240, 240, 240, 240, 240, 240, 240, 240, 240, 240, 240, 240, 240, 240, 240, 240, 240, 240, 240, 240, 240, 240, 240, 240, 240, 240, 240, 240, 240, 240, 240, 240, 240, 240, 240, 240, 240, 240, 240, 240, 240, 240, 240, 240, 240, 240, 240, 240, 240, 240, 240, 240, 240, 240, 240, 240, 240, 240, 240, 240, 240, 240, 240, 240, 240, 240, 240, 240, 240, 240, 240, 240, 240, 240, 240, 240, 240, 240, 240, 240, 240, 240, 240, 240, 240, 240, 240, 240, 240, 240, 240, 240, 240, 240, 240, 240, 240, 240, 240, 240, 240, 240, 240, 240, 240, 240, 240, 240, 240, 240, 240, 240, 240, 240, 240, 240, 240, 240, 240, 240, 240, 240, 240, 240, 240, 240, 240, 240, 240, 240, 240, 240, 240, 240, 240, 240, 240, 240, 240, 240, 240, 240, 240, 240, 240, 240, 240, 240, 240, 240, 240, 240, 240]

ep266
Train step Loss: [0.9337837100028992, 0.9007397890090942, 0.8998969793319702, 0.9553596377372742, 0.8502165079116821, 0.9426285624504089, 0.9713425040245056, 0.7887629270553589, 0.9372004270553589, 0.9301472306251526, 0.916469395160675, 0.936591386795044, 0.845330536365509, 0.9414094686508179, 0.9757111072540283, 0.9557229280471802, 0.8976415395736694, 0.8516737818717957, 0.9157459735870361, 0.9312505722045898, 0.8925912976264954, 0.9003778100013733, 0.9720898270606995, 0.8505843281745911, 0.9304882287979126, 0.9867678284645081, 0.871536910533905, 0.950804591178894, 0.9391529560089111, 0.8906610012054443, 0.8914923667907715, 0.9453360438346863, 0.9306758642196655, 0.8745814561843872, 0.912209153175354, 0.9006817936897278, 0.9779229760169983, 0.8777703046798706, 0.8988341093063354, 0.8674780130386353, 0.8440163135528564, 0.8424246907234192, 0.8739214539527893, 0.9186254143714905, 0.9119910001754761, 0.9623786211013794, 0.874165952205658, 0.8587334752082825, 0.8919387459754944, 0.9885305166244507, 0.9236980676651001, 0.9273313283920288, 0.90060955286026, 0.9439541697502136, 0.8496991395950317, 0.9086746573448181, 0.880072295665741, 0.9788212180137634, 0.8167747259140015, 0.8620957732200623, 0.8231104016304016, 0.923713743686676, 0.902599036693573]
val step Loss: [0.8804396986961365, 0.8623265624046326, 0.8416212201118469, 0.8249421119689941, 0.8459029197692871, 0.8961787223815918, 0.8725306391716003, 0.8862334489822388, 0.95955890417099, 0.8210795521736145, 0.875079870223999, 0.7622530460357666, 0.8640733361244202, 0.8276535868644714, 0.8110539317131042, 0.8575066924095154]
Train step Accs: [0.8224516504289661, 0.8303684879288437, 0.8348733233979135, 0.816169118697329, 0.8483687755910712, 0.8165581705892172, 0.8191618584877012, 0.8587492103600758, 0.8228826151560178, 0.8221633416458853, 0.8332840673958025, 0.8284203780839474, 0.8433449477351916, 0.8173183473167643, 0.8095309908007842, 0.8179966672838364, 0.8326302898353517, 0.8407565588773642, 0.8300662251655629, 0.8202580195258019, 0.8343013875443691, 0.8356095093576126, 0.8106983197163558, 0.8446573323507738, 0.8267543859649122, 0.8168264110756124, 0.84, 0.8173913043478261, 0.8282258064516129, 0.8321799307958477, 0.8324292625714704, 0.8186009538950716, 0.8214285714285714, 0.843297974927676, 0.8275410789588483, 0.8364623739332816, 0.8180638884384628, 0.8333076091989504, 0.835659400972244, 0.8340673391106691, 0.8381755231070299, 0.8505266418835192, 0.8398390941597139, 0.8235864745011087, 0.825817191283293, 0.8087209302325581, 0.8379191745485812, 0.8356807511737089, 0.8386062717770035, 0.8147380881917727, 0.8219641993226899, 0.8224068944290551, 0.8247467126535891, 0.8209463887796565, 0.8423998851729583, 0.8289657582110412, 0.8373428527083656, 0.8105646630236795, 0.8437630081864853, 0.8373089558634481, 0.8514825156229224, 0.8289977551828865, 0.83046875]
val step Accs: [0.8379204892966361, 0.8286826735885788, 0.8524417731029301, 0.845467580054166, 0.8399693721286371, 0.8330616237365503, 0.8334903755552564, 0.8335287221570926, 0.8183080983469926, 0.8525621816002398, 0.8401305057096248, 0.8548099762470309, 0.8397773431623289, 0.8427216954824317, 0.8597743113176236, 0.8459498553519769]
Preds: [17, 17, 17, 17, 17, 296, 296, 317, 317, 317, 317, 317, 317, 317, 317, 461, 461, 461, 461, 461, 461, 461, 461, 317, 73, 289, 320, 287, 287, 284, 284, 284, 297, 297, 88, 276, 138, 138, 138, 293, 293, 293, 293, 293, 287, 111, 111, 438, 438, 438, 207, 186, 54, 162, 232, 172, 224, 273, 494, 494, 240, 162, 251, 241, 431, 444, 171, 171, 252, 236, 36, 36, 36, 116, 116, 116, 25, 106, 106, 470, 428, 206, 206, 169, 150, 150, 54, 342, 224, 224, 494, 422, 143, 129, 129, 259, 354, 354, 106, 486, 486, 240, 240, 285, 467, 467, 175, 413, 293, 98, 76, 76, 401, 401, 354, 345, 109, 313, 313, 313, 251, 251, 241, 431, 180, 84, 284, 426, 426, 450, 450, 450, 413, 413, 413, 236, 349, 338, 219, 219, 219, 219, 219, 477, 422, 84, 239, 129, 401, 354, 354, 109, 443, 443, 240, 325, 77, 34, 355, 355, 282, 203, 203, 217, 217, 217, 473, 473, 398, 278, 339, 24, 32, 32, 239, 310, 107, 107, 107, 395, 213, 213, 19, 48, 48, 414, 414, 170, 82, 170, 170, 292, 2, 392, 392, 392, 392, 244, 63, 63, 392, 392, 73, 244, 244, 7, 188, 188, 236, 116, 10, 10, 10, 398, 241, 144, 236, 323, 129, 129, 401, 401, 108, 371, 30, 213, 213, 464, 464, 464, 464, 330, 330, 203, 399, 217, 217, 473, 473, 346, 346, 278, 240, 215, 8, 458, 34, 401, 401, 75, 371, 371, 77, 485, 286, 464, 464, 180, 355, 443, 120, 120, 84, 84, 413, 250, 43, 43, 43, 43, 250, 276, 276, 138, 138, 387, 387, 413, 348, 388, 48, 48, 229, 229, 414, 312, 187, 47, 47, 47, 47, 392, 244, 392, 392, 392, 73, 73, 320, 320, 7, 309, 398, 398, 324, 416, 143, 458, 458, 208, 208, 441, 441, 88, 313, 236, 314, 239, 384, 180, 106, 84, 426, 413, 212, 36, 290, 349, 129, 349, 349, 208, 287, 251, 497, 75, 406, 239, 144, 208, 276, 106, 153, 153, 387, 387, 122, 122, 406, 467, 467, 337, 41, 19, 19, 454, 454, 13, 414, 80, 80, 80, 80, 80, 80, 80, 201, 442, 80, 80, 80, 73, 80, 80, 80, 80, 287, 287, 460, 240, 416, 36, 77, 66, 172, 115, 273, 267, 36, 464, 464, 464, 443, 443, 443, 169, 349, 349, 303, 303, 261, 354, 106, 284, 284, 206, 206, 206, 293, 43, 345, 109, 109, 428, 428, 146, 207, 19, 454, 229, 229, 82, 229, 312, 312, 187, 23, 23, 63, 2, 392, 392, 392, 392, 73, 73, 392, 244, 320, 441, 345, 345, 309, 313, 313, 35, 106, 106, 387, 387, 240, 169, 150, 54, 342, 232, 172, 115, 224, 232, 444, 162, 464, 464, 464, 443, 171, 171, 416, 416, 239, 239, 354, 473, 398, 264, 264, 264, 330, 8, 345, 345, 413, 413, 98, 98, 75, 129, 458, 458, 144, 354, 354, 354, 496, 375, 98, 98, 98, 48, 13, 414, 414, 414, 170, 392, 80, 73, 244, 320, 7, 219, 213, 213, 213, 422, 416, 32, 32, 32, 441, 345, 109, 180, 443, 355, 355, 355, 355, 263, 263, 13, 414, 414, 170, 170, 244, 170, 47, 442, 47, 80, 80, 80, 80, 289, 320, 320, 345, 100, 153, 43, 8, 8, 239, 208, 345, 345, 88, 387, 313, 236, 314, 310, 239, 310, 107, 107, 107, 107, 400, 213, 213, 19, 454, 454, 414, 414, 414, 414, 80, 80, 209, 83, 83, 240, 240, 36, 77, 66, 232, 172, 115, 273, 267, 36, 464, 464, 464, 464]

ep267
Train step Loss: [0.8755524754524231, 0.9314889311790466, 0.9186943173408508, 0.9126671552658081, 0.9981142282485962, 0.9143485426902771, 0.840514063835144, 0.919572114944458, 0.9463852047920227, 0.8763892650604248, 0.8825028538703918, 0.8480234146118164, 0.8627015948295593, 0.88121098279953, 0.956773042678833, 0.9098971486091614, 0.9147791266441345, 0.86932373046875, 0.8028282523155212, 0.9133611917495728, 0.903197705745697, 0.9010815024375916, 0.924213707447052, 0.8542616963386536, 0.8262844085693359, 0.8786445260047913, 0.8802095055580139, 0.9107545614242554, 0.8293219208717346, 0.9470239877700806, 0.8779847621917725, 0.9043200016021729, 0.9082132577896118, 0.8840822577476501, 0.8764017820358276, 0.9345628023147583, 0.9150018692016602, 0.8879356980323792, 0.9443578720092773, 0.8844408988952637, 0.8528686761856079, 0.8938526511192322, 0.9093714356422424, 0.9282278418540955, 0.8774946928024292, 0.9127016663551331, 0.8181111216545105, 0.9474453926086426, 0.948986828327179, 0.8993113040924072, 0.8974993824958801, 0.9792195558547974, 0.9063274264335632, 0.8787477016448975, 0.9116854667663574, 0.9163172245025635, 0.8256115317344666, 0.8578879833221436, 0.9419491291046143, 0.8831546306610107, 0.8799538016319275, 0.9177616238594055, 0.8670607805252075]
val step Loss: [0.7743700742721558, 0.8323854207992554, 0.855179488658905, 0.8748341202735901, 0.8159306645393372, 0.8085123300552368, 0.9176774621009827, 0.8197728395462036, 0.9459397792816162, 0.8290307521820068, 0.8764428496360779, 0.8582344055175781, 0.8780649304389954, 0.7812974452972412, 0.7655014395713806, 0.8794227838516235]
Train step Accs: [0.8390758005674909, 0.8276523221133362, 0.8322509327069227, 0.8322135463954966, 0.8040597215232343, 0.827066269545793, 0.8427629772040648, 0.8221770409759149, 0.8214498806682577, 0.8353005019671687, 0.8380403458213257, 0.8446671438797423, 0.8368290081763242, 0.8332287417634139, 0.8120478137779176, 0.8301082904313865, 0.8319254296533644, 0.8375212224108659, 0.8591891891891892, 0.827682824320538, 0.8415841584158416, 0.8351565447001131, 0.8206112100863369, 0.8413510747185261, 0.8461321287408244, 0.8417589471994864, 0.8331466965285554, 0.8389221556886227, 0.8549618320610687, 0.8232931726907631, 0.8360608254887762, 0.831810854379366, 0.8322017458777885, 0.8286670724284845, 0.8387191539365453, 0.8235628105039035, 0.8316557257476295, 0.8346650276582668, 0.8226415094339623, 0.8287594286631359, 0.8573422236005582, 0.8358711566617862, 0.8224738675958189, 0.8189569418786414, 0.8405818613626244, 0.8241047030058968, 0.8547849788007268, 0.8285425393615484, 0.8255696202531646, 0.8292458049050341, 0.8310423825887744, 0.8053435114503816, 0.8247936726272352, 0.831013916500994, 0.8213058419243986, 0.8266110338433009, 0.8475683890577508, 0.8418218187413449, 0.8175105485232067, 0.838942677116951, 0.8330044026112039, 0.8194181442589086, 0.8411376041367423]
val step Accs: [0.8612012987012987, 0.8500518595347459, 0.8479657387580299, 0.8382459706693771, 0.8530482977038797, 0.8475965327029157, 0.8279518646491123, 0.8430769230769231, 0.8129104597148806, 0.8563432835820896, 0.8402268178785858, 0.8382823871906842, 0.84031144410166, 0.8562228755424891, 0.8625877632898696, 0.8328162073371053]
Preds: [17, 17, 17, 17, 17, 296, 296, 392, 392, 392, 392, 296, 17, 461, 461, 40, 461, 461, 461, 70, 70, 63, 63, 63, 63, 63, 63, 63, 63, 63, 63, 63, 63, 63, 63, 63, 63, 63, 63, 63, 63, 63, 63, 63, 63, 63, 63, 63, 63, 63, 63, 63, 63, 63, 244, 435, 435, 244, 435, 63, 244, 435, 435, 17, 287, 287, 287, 481, 293, 215, 35, 458, 208, 276, 276, 174, 331, 387, 240, 240, 175, 34, 34, 324, 301, 301, 251, 241, 431, 84, 84, 84, 496, 274, 349, 8, 8, 32, 32, 354, 354, 65, 346, 426, 426, 100, 182, 182, 481, 426, 375, 375, 98, 98, 197, 197, 197, 82, 32, 354, 354, 109, 346, 286, 468, 313, 313, 406, 313, 34, 337, 236, 236, 116, 10, 10, 10, 398, 398, 398, 324, 339, 10, 10, 10, 10, 479, 398, 374, 374, 132, 132, 132, 132, 132, 132, 132, 132, 132, 98, 13, 47, 197, 197, 197, 80, 80, 244, 209, 287, 413, 426, 387, 387, 416, 406, 406, 32, 354, 106, 106, 481, 387, 387, 387, 348, 413, 413, 250, 250, 250, 413, 132, 132, 132, 132, 132, 53, 208, 208, 117, 48, 48, 414, 414, 82, 244, 305, 244, 244, 305, 305, 305, 73, 305, 209, 188, 188, 171, 171, 171, 171, 171, 3, 3, 335, 14, 14, 259, 259, 208, 374, 145, 145, 443, 120, 120, 120, 120, 120, 37, 37, 349, 349, 349, 164, 452, 414, 414, 414, 312, 187, 187, 187, 392, 392, 392, 392, 392, 392, 73, 73, 73, 244, 244, 209, 219, 152, 152, 152, 378, 43, 43, 43, 276, 276, 276, 276, 174, 174, 182, 182, 182, 182, 182, 182, 182, 182, 14, 14, 167, 335, 14, 14, 259, 132, 287, 284, 111, 111, 330, 330, 219, 219, 219, 219, 219, 464, 464, 285, 84, 496, 406, 43, 43, 43, 138, 276, 276, 345, 345, 250, 132, 122, 236, 239, 36, 54, 323, 323, 219, 219, 464, 464, 180, 486, 460, 206, 240, 215, 314, 35, 32, 32, 354, 354, 420, 286, 286, 264, 468, 468, 468, 406, 337, 337, 324, 324, 324, 422, 416, 349, 349, 303, 155, 155, 354, 441, 441, 153, 153, 153, 83, 250, 413, 98, 98, 13, 414, 414, 414, 312, 187, 23, 23, 391, 80, 289, 7, 7, 32, 239, 384, 107, 395, 395, 445, 403, 403, 171, 171, 171, 171, 246, 324, 422, 416, 32, 32, 32, 354, 354, 180, 180, 486, 376, 376, 376, 460, 460, 167, 169, 35, 77, 77, 342, 342, 115, 428, 428, 213, 213, 324, 324, 252, 24, 24, 239, 310, 395, 395, 324, 143, 251, 251, 241, 431, 431, 486, 486, 376, 376, 376, 376, 376, 206, 206, 206, 452, 263, 263, 263, 263, 414, 414, 13, 47, 414, 170, 201, 373, 17, 17, 83, 240, 240, 240, 240, 240, 240, 240, 240, 240, 240, 240, 240, 240, 240, 240, 240, 240, 240, 240, 240, 240, 240, 240, 240, 240, 240, 240, 240, 240, 240, 240, 240, 240, 240, 240, 240, 240, 240, 240, 240, 240, 240, 240, 240, 240, 240, 240, 240, 240, 240, 240, 240, 240, 240, 240, 240, 240, 240, 240, 240, 240, 240, 240, 240, 240, 240, 240, 240, 240, 240, 240, 240, 240, 240, 240, 240, 240, 240, 240, 240, 240, 240, 240, 240, 240, 240, 240, 240, 240, 240, 240, 240, 240, 240, 240, 240, 240, 240, 240, 240, 240, 240, 240, 240, 240, 240, 240, 240, 240, 240, 240, 240, 240, 240, 240, 240, 240, 240, 240, 240, 240, 240, 240, 240, 240, 240]

ep268
Train step Loss: [0.9005627632141113, 0.821164071559906, 0.9504604935646057, 0.9040725827217102, 0.9490621089935303, 0.8764291405677795, 0.8238280415534973, 0.9010964632034302, 0.8540176749229431, 0.9143683314323425, 0.9300143122673035, 0.8358158469200134, 0.8771355748176575, 0.8500916957855225, 0.8636718392372131, 0.846489667892456, 0.9275105595588684, 0.8628960251808167, 0.8294821381568909, 0.846217155456543, 0.8730940222740173, 0.9529625773429871, 0.9448139071464539, 0.8997679352760315, 0.8846864104270935, 0.8236338496208191, 0.8992529511451721, 0.9494946002960205, 0.917727530002594, 0.8782591819763184, 0.9220884442329407, 0.8355095386505127, 0.8576028943061829, 0.8975409269332886, 0.87714022397995, 0.8107007741928101, 0.9001803398132324, 0.9804180860519409, 0.9059869050979614, 0.8361928462982178, 0.9194559454917908, 0.8975446224212646, 0.8696983456611633, 0.8877761960029602, 0.8995953798294067, 0.8535296320915222, 0.8904471397399902, 0.8860325813293457, 0.8857484459877014, 0.9331257939338684, 0.8530884981155396, 0.9329601526260376, 0.858417809009552, 0.9453151822090149, 0.8532507419586182, 0.9574790596961975, 0.8497220873832703, 0.9200391173362732, 0.8432243466377258, 0.8933399319648743, 0.8682688474655151, 0.841192364692688, 0.9676189422607422]
val step Loss: [0.8836896419525146, 0.8907577991485596, 0.7719147801399231, 0.8840776085853577, 0.9008790850639343, 0.8108655214309692, 0.8528469800949097, 0.8165489435195923, 0.8746032118797302, 0.7425962090492249, 0.8241941332817078, 0.8186916708946228, 0.8997568488121033, 0.8456243872642517, 0.7815218567848206, 0.805566668510437]
Train step Accs: [0.8359149855907781, 0.8476731601731602, 0.8321071218363744, 0.8264190701962334, 0.8248626373626373, 0.8402603905858789, 0.8509427828348505, 0.8311748381128584, 0.8417508417508418, 0.8256926121372031, 0.8206141684402554, 0.8482513337285121, 0.84151065203357, 0.8504533967593281, 0.8378417060254759, 0.842139175257732, 0.8239734299516909, 0.846089850249584, 0.8533646782250955, 0.8396934865900383, 0.8419123262563006, 0.8088428974600188, 0.822398014580425, 0.8324622121768611, 0.8391991240419209, 0.845245988595677, 0.8290680830516659, 0.81933465085639, 0.8281227694503925, 0.8484802431610943, 0.8330919040721069, 0.8543742322915245, 0.8516002415458938, 0.8392027573804886, 0.8372208436724565, 0.8490653483701529, 0.8355810616929699, 0.8113010115102895, 0.8229885057471265, 0.853244390539721, 0.8304421768707483, 0.8415192190359976, 0.8420165707063615, 0.8282337704387243, 0.8379016393442623, 0.8450387051372273, 0.8327620422154068, 0.838248933407531, 0.836302570093458, 0.8223606667789191, 0.8500212434499362, 0.820561017929439, 0.8439944776806259, 0.823965494001887, 0.8414426229508196, 0.8166077080618135, 0.8365770316446294, 0.8298695714490468, 0.8501829065513801, 0.8350954979536153, 0.8347449990989367, 0.8469936952175919, 0.8162555344718533]
val step Accs: [0.837948438139408, 0.8355408388520972, 0.8653198653198653, 0.8275099513489607, 0.8233476394849786, 0.8468657972233908, 0.835045494570003, 0.8522390168102839, 0.8495635570103656, 0.8638505025125628, 0.8512565751022794, 0.8520587296520906, 0.8345360172173693, 0.8387934766921634, 0.8595800524934383, 0.8577777777777778]
Preds: [17, 17, 17, 51, 172, 172, 115, 115, 267, 444, 301, 378, 8, 354, 354, 470, 290, 290, 271, 271, 150, 342, 342, 342, 224, 494, 324, 301, 301, 8, 8, 354, 354, 470, 470, 403, 403, 403, 403, 403, 207, 207, 207, 207, 207, 19, 454, 197, 197, 197, 197, 197, 188, 30, 152, 378, 43, 345, 109, 109, 139, 428, 240, 240, 240, 314, 183, 239, 384, 213, 213, 324, 422, 251, 129, 259, 354, 371, 213, 213, 213, 422, 99, 338, 338, 338, 400, 400, 324, 324, 464, 464, 180, 443, 443, 443, 240, 240, 8, 406, 34, 29, 337, 236, 236, 32, 32, 32, 239, 384, 384, 371, 470, 264, 264, 468, 468, 468, 337, 337, 337, 324, 422, 36, 31, 342, 68, 68, 115, 267, 213, 213, 213, 422, 143, 129, 401, 401, 259, 354, 420, 286, 286, 171, 171, 171, 171, 246, 246, 3, 454, 454, 143, 414, 247, 126, 126, 126, 23, 23, 149, 149, 149, 73, 73, 244, 244, 209, 287, 284, 284, 284, 450, 293, 43, 43, 276, 276, 276, 276, 100, 100, 100, 100, 182, 182, 182, 293, 98, 14, 14, 80, 414, 70, 411, 287, 100, 481, 88, 88, 88, 406, 406, 467, 467, 106, 481, 293, 43, 43, 250, 250, 276, 276, 174, 109, 109, 146, 299, 219, 219, 219, 219, 219, 219, 219, 219, 213, 246, 246, 246, 246, 246, 246, 19, 454, 229, 259, 247, 126, 408, 149, 82, 82, 7, 32, 32, 473, 371, 374, 374, 374, 313, 313, 175, 153, 153, 274, 497, 497, 75, 75, 349, 303, 303, 261, 395, 354, 354, 441, 153, 153, 153, 106, 497, 497, 335, 14, 14, 259, 287, 287, 284, 284, 206, 178, 35, 35, 208, 276, 276, 276, 138, 138, 138, 88, 406, 467, 346, 387, 387, 167, 88, 35, 36, 108, 371, 77, 290, 236, 236, 129, 310, 310, 107, 107, 384, 395, 445, 106, 374, 374, 132, 132, 132, 413, 413, 413, 413, 411, 208, 48, 48, 414, 414, 414, 312, 312, 312, 292, 23, 23, 23, 23, 292, 149, 149, 228, 73, 73, 244, 287, 287, 284, 284, 206, 167, 167, 35, 35, 77, 310, 164, 164, 164, 35, 35, 153, 250, 70, 88, 65, 65, 284, 284, 206, 206, 178, 35, 35, 35, 208, 208, 276, 276, 276, 138, 138, 387, 122, 88, 406, 406, 406, 467, 499, 100, 182, 375, 375, 375, 98, 98, 35, 414, 414, 312, 312, 187, 187, 391, 391, 228, 244, 320, 7, 32, 7, 371, 420, 422, 416, 143, 458, 406, 354, 354, 100, 132, 250, 143, 239, 458, 458, 445, 445, 445, 219, 219, 485, 416, 374, 132, 88, 132, 337, 285, 236, 24, 239, 239, 384, 384, 371, 286, 286, 286, 264, 264, 264, 264, 207, 207, 454, 263, 35, 414, 414, 414, 126, 126, 187, 391, 391, 244, 244, 244, 244, 392, 392, 73, 73, 392, 244, 287, 287, 284, 206, 167, 35, 35, 35, 35, 290, 36, 35, 35, 88, 346, 139, 284, 284, 206, 206, 178, 178, 35, 35, 35, 208, 276, 276, 138, 138, 138, 138, 88, 88, 406, 406, 467, 467, 499, 182, 182, 182, 182, 375, 375, 375, 98, 98, 98, 17, 83, 240, 240, 240, 240, 240, 240, 240, 240, 240, 240, 240, 240, 240, 240, 240, 240, 240, 240, 240, 240, 240, 240, 240, 240, 240, 240, 240, 240, 240, 240, 240, 240, 240, 240, 240, 240, 240, 240, 240, 240, 240, 240, 240, 240, 240, 240, 240, 240, 240, 240, 240, 240, 240, 240, 240, 240, 240, 240, 240, 240, 240, 240, 240, 240, 240]

ep269
Train step Loss: [0.8514558672904968, 0.9028111696243286, 0.8596639633178711, 0.8769370317459106, 0.8395847082138062, 0.8034419417381287, 0.8445413112640381, 0.843424379825592, 0.9097370505332947, 0.8018069863319397, 0.8842722773551941, 0.8784530758857727, 0.8229167461395264, 0.9290136098861694, 0.9262258410453796, 0.9189276695251465, 0.8485110998153687, 0.9619442224502563, 0.8387017250061035, 0.9216727018356323, 0.8173273801803589, 0.8516927361488342, 0.8339680433273315, 0.9391297698020935, 0.8762643337249756, 0.9082144498825073, 0.9162014722824097, 0.854402482509613, 0.8366315960884094, 0.8639927506446838, 0.8702365756034851, 0.8568214774131775, 0.8443421125411987, 0.9004614949226379, 0.8952533602714539, 0.9305211901664734, 0.934084415435791, 0.8610231280326843, 0.81623375415802, 0.8929932117462158, 0.8691715002059937, 0.8713539838790894, 0.8884211778640747, 0.9155725240707397, 0.9273524284362793, 0.8809897899627686, 0.8710522651672363, 0.933963418006897, 0.8493937849998474, 0.8501332998275757, 0.8594739437103271, 0.9399943947792053, 0.9081447124481201, 0.9069585800170898, 0.852885365486145, 0.8620650768280029, 0.8173375725746155, 0.8769454956054688, 0.8816999793052673, 0.8547922968864441, 0.8622710108757019, 0.8319777250289917, 0.8892849683761597]
val step Loss: [0.8141988515853882, 0.767600417137146, 0.821986734867096, 0.809504508972168, 0.8122197985649109, 0.7721005082130432, 0.8967751264572144, 0.8152137994766235, 0.8184314370155334, 0.7816289067268372, 0.8564059734344482, 0.924737274646759, 0.7897742986679077, 0.8716415166854858, 0.8001742362976074, 0.8749696016311646]
Train step Accs: [0.8338915956151035, 0.8326712411219453, 0.8440218192540174, 0.8311438080224207, 0.8440511652356755, 0.8499459125328388, 0.8447136563876652, 0.8518578092327489, 0.8385502471169687, 0.8547765243467086, 0.8353530457262885, 0.8354719634382141, 0.850384024577573, 0.8289518031681834, 0.8278567925453654, 0.8237940127190941, 0.845025053686471, 0.8223642172523962, 0.8428423236514523, 0.8303523758675921, 0.8493046003362372, 0.8450764613405746, 0.8458652493356261, 0.8204236006051437, 0.8338070556763083, 0.8327376697641172, 0.8324475524475524, 0.8412786657400972, 0.8458724351837125, 0.832945865161076, 0.8356994736002552, 0.8505333504690914, 0.8460668509675798, 0.8280456852791879, 0.8359821996185632, 0.8286091937142018, 0.8204419889502762, 0.847547974413646, 0.8540125213431986, 0.8302516335326011, 0.8398037542662116, 0.8425332290852229, 0.833039129155634, 0.8315434182264498, 0.8284960422163589, 0.8300395256916996, 0.8385850178359097, 0.8217419564510887, 0.8533315090983719, 0.8380364000667891, 0.8452185343411107, 0.8256712026480324, 0.827449872917255, 0.8352490421455939, 0.8450894363820453, 0.8512421430709368, 0.8552183567727609, 0.8403803950256035, 0.840710345755415, 0.844237612920887, 0.8443698016634676, 0.8522525192649674, 0.833058305830583]
val step Accs: [0.853996329050559, 0.8665506237307804, 0.8476662164190305, 0.8512116316639742, 0.8523409363745498, 0.8599328274661028, 0.8370436331255565, 0.8524590163934426, 0.8521589486858573, 0.8594516594516595, 0.8426551936078672, 0.8315355714458853, 0.8518179440230186, 0.8430216983659256, 0.8540718656833517, 0.8472750316856781]
Preds: [17, 17, 83, 145, 111, 111, 438, 169, 150, 150, 54, 54, 172, 115, 115, 267, 267, 267, 213, 246, 246, 246, 246, 246, 3, 3, 335, 259, 259, 145, 111, 111, 111, 330, 330, 314, 217, 217, 473, 398, 213, 324, 324, 464, 464, 464, 464, 84, 84, 84, 175, 43, 43, 43, 276, 276, 276, 153, 153, 182, 182, 182, 182, 182, 497, 497, 98, 313, 164, 127, 437, 437, 284, 284, 206, 206, 206, 206, 206, 167, 35, 406, 406, 276, 276, 153, 153, 153, 182, 182, 182, 182, 497, 122, 122, 174, 174, 380, 380, 374, 374, 313, 313, 337, 324, 464, 464, 464, 139, 315, 450, 450, 450, 450, 413, 413, 250, 250, 345, 345, 88, 88, 88, 132, 132, 250, 53, 188, 188, 360, 324, 324, 324, 318, 339, 339, 219, 219, 464, 219, 219, 464, 464, 464, 374, 153, 153, 153, 387, 387, 387, 387, 167, 122, 335, 313, 127, 127, 437, 284, 284, 314, 206, 206, 206, 215, 167, 35, 29, 276, 100, 153, 153, 153, 182, 182, 182, 182, 375, 98, 98, 229, 229, 312, 187, 187, 244, 244, 244, 244, 321, 287, 287, 287, 287, 284, 284, 460, 460, 460, 169, 150, 54, 36, 494, 494, 464, 464, 464, 139, 315, 450, 450, 450, 450, 175, 175, 241, 431, 331, 346, 426, 206, 206, 175, 175, 467, 331, 443, 443, 443, 330, 330, 146, 34, 443, 443, 443, 443, 240, 240, 240, 77, 183, 183, 324, 324, 339, 116, 10, 398, 398, 398, 398, 398, 213, 213, 246, 246, 246, 246, 3, 335, 335, 14, 287, 287, 287, 284, 460, 460, 178, 35, 35, 276, 100, 100, 153, 153, 497, 43, 43, 321, 276, 276, 276, 153, 153, 387, 182, 182, 375, 17, 240, 240, 240, 240, 240, 240, 240, 240, 240, 240, 240, 240, 240, 240, 240, 240, 240, 240, 240, 240, 240, 240, 240, 240, 240, 240, 240, 240, 240, 240, 240, 240, 240, 240, 240, 240, 240, 240, 240, 240, 240, 240, 240, 240, 240, 240, 240, 240, 240, 240, 240, 240, 240, 240, 240, 240, 240, 240, 240, 240, 240, 240, 240, 240, 240, 240, 240, 240, 240, 240, 240, 240, 240, 240, 240, 240, 240, 240, 240, 240, 240, 240, 240, 240, 240, 240, 240, 240, 240, 240, 240, 240, 240, 240, 240, 240, 240, 240, 240, 240, 240, 240, 240, 240, 240, 240, 240, 240, 240, 240, 240, 240, 240, 240, 240, 240, 240, 240, 240, 240, 240, 240, 240, 240, 240, 240, 240, 240, 240, 240, 240, 240, 240, 240, 240, 240, 240, 240, 240, 240, 240, 240, 240, 240, 240, 240, 240, 240, 240, 240, 240, 240, 240, 240, 240, 240, 240, 240, 240, 240, 240, 240, 240, 240, 240, 240, 240, 240, 240, 240, 240, 240, 240, 240, 240, 240, 240, 240, 240, 240, 240, 240, 240, 240, 240, 240, 240, 240, 240, 240, 240, 240, 240, 240, 240, 240, 240, 240, 240, 240, 240, 240, 240, 240, 240, 240, 240, 240, 240, 240, 240, 240, 240, 240, 240, 240, 240, 240, 240, 240, 240, 240, 240, 240, 240, 240, 240, 240, 240, 240, 240, 240, 240, 240, 240, 240, 240, 240, 240, 240, 240, 240, 240, 240, 240, 240, 240, 240, 240, 240, 240, 240, 240, 240, 240, 240, 240, 240, 240, 240, 240, 240, 240, 240, 240, 240, 240, 240, 240, 240, 240, 240, 240, 240, 240, 240, 240, 240, 240, 240, 240, 240, 240, 240, 240, 240, 240, 240, 240, 240, 240, 240, 240, 240, 240, 240, 240, 240, 240, 240, 240, 240, 240, 240, 240, 240, 240]

ep270
Train step Loss: [0.9019424319267273, 0.9164525866508484, 0.8141655921936035, 0.9017961621284485, 0.8355469107627869, 0.8640936613082886, 0.860332190990448, 0.8782190680503845, 0.8109027743339539, 0.8925052285194397, 0.8303319811820984, 0.9092355966567993, 0.9194076061248779, 0.8662477731704712, 0.9108261466026306, 0.8443788290023804, 0.8869141936302185, 0.8671745657920837, 0.8987422585487366, 0.8605614900588989, 0.8251402378082275, 0.8972228169441223, 0.886368453502655, 0.9118378162384033, 0.9049193263053894, 0.8658028841018677, 0.9339568018913269, 0.9159643054008484, 0.8681263327598572, 0.853594958782196, 0.822961151599884, 0.9556987285614014, 0.8563340306282043, 0.8582987785339355, 0.9008258581161499, 0.8677340745925903, 0.8498216271400452, 0.8425543308258057, 0.8356184363365173, 0.9194186925888062, 0.8314024806022644, 0.9276579022407532, 0.8198382258415222, 0.9081707000732422, 0.8358718752861023, 0.8418563604354858, 0.8158583045005798, 0.8779072165489197, 0.8721214532852173, 0.8729982376098633, 0.8617849349975586, 0.8253552913665771, 0.913666307926178, 0.8347610235214233, 0.7950236797332764, 0.8656870126724243, 0.8152235746383667, 0.8332408666610718, 0.8158470392227173, 0.8048901557922363, 0.8185777068138123, 0.8901320695877075, 0.9211645722389221]
val step Loss: [0.7465295195579529, 0.8148367404937744, 0.7214296460151672, 0.8118615746498108, 0.8406007885932922, 0.7883960604667664, 0.8623532652854919, 0.8184221982955933, 0.8113408088684082, 0.8346558809280396, 0.7850152850151062, 0.774852991104126, 0.7962895035743713, 0.8754569292068481, 0.9326982498168945, 0.8368316292762756]
Train step Accs: [0.8304005362828892, 0.8289386947923534, 0.8507241606319947, 0.8274874731567645, 0.8434670116429496, 0.8458458458458459, 0.8463560683511027, 0.8371335504885994, 0.8605126806653941, 0.841329677861549, 0.8507297247367449, 0.8305620447986808, 0.8297767564018385, 0.8383587193036991, 0.8357681070275258, 0.843069716175255, 0.834204110066179, 0.8418300653594771, 0.8338516215015549, 0.8430289242768931, 0.8528507546115148, 0.8309320788003528, 0.8426132145508537, 0.8245179063360881, 0.8339571282749234, 0.8440682281059063, 0.8190312738367659, 0.8200631911532386, 0.8379333786539769, 0.8485549132947977, 0.8495756511559848, 0.8251942286348501, 0.8438058368076236, 0.8367069486404833, 0.832085391110403, 0.8308466051969824, 0.8522345026429601, 0.8533823529411765, 0.8483030510798766, 0.8267763950220794, 0.8529166666666667, 0.8241179568193786, 0.8571660444732998, 0.8342038753159224, 0.8493975903614458, 0.842623915281659, 0.8586418827761955, 0.8338616714697407, 0.8423827095413812, 0.8409350989046919, 0.8373646933048242, 0.8525874881772734, 0.8339965889710063, 0.8503269916765755, 0.8563158675968532, 0.8439637346906315, 0.8543773475874025, 0.8525007064142414, 0.8468995010691376, 0.8566037735849057, 0.8516868236791852, 0.8335208098987626, 0.8302736404572221]
val step Accs: [0.864825368990209, 0.8538825893497919, 0.8750593072908429, 0.8586096850284446, 0.8529731408166433, 0.8531120331950207, 0.8390851265394506, 0.8518357277608475, 0.8495547570692079, 0.8444913020558777, 0.8611758256817871, 0.8623669186853881, 0.854694594990479, 0.8374444614677493, 0.8267794221282594, 0.8436524453694069]
Preds: [17, 17, 17, 17, 17, 296, 296, 392, 392, 392, 392, 392, 392, 392, 392, 461, 244, 249, 249, 461, 461, 461, 70, 70, 70, 461, 461, 70, 63, 63, 63, 63, 63, 63, 63, 63, 63, 63, 63, 63, 63, 63, 63, 63, 63, 63, 63, 63, 63, 63, 63, 63, 63, 63, 63, 63, 63, 63, 244, 435, 435, 373, 66, 244, 435, 435, 66, 66, 63, 63, 63, 63, 63, 63, 63, 63, 63, 244, 73, 73, 289, 244, 320, 188, 30, 30, 324, 301, 378, 251, 251, 241, 431, 284, 284, 319, 319, 388, 388, 348, 10, 309, 479, 331, 106, 153, 122, 153, 182, 182, 182, 182, 387, 387, 387, 335, 335, 14, 188, 324, 324, 301, 378, 43, 138, 276, 346, 346, 346, 428, 428, 264, 240, 240, 35, 239, 371, 371, 324, 324, 339, 10, 10, 309, 479, 331, 84, 84, 153, 182, 182, 182, 182, 182, 182, 43, 43, 276, 276, 276, 346, 346, 284, 405, 206, 206, 206, 167, 468, 35, 35, 239, 445, 464, 464, 240, 35, 416, 349, 349, 34, 445, 464, 171, 171, 171, 301, 236, 8, 32, 32, 239, 354, 213, 213, 213, 213, 213, 213, 246, 246, 301, 301, 8, 43, 43, 138, 345, 109, 109, 278, 286, 171, 171, 171, 246, 246, 3, 3, 3, 143, 401, 80, 80, 80, 209, 287, 284, 460, 460, 169, 349, 303, 261, 354, 400, 420, 152, 422, 416, 458, 458, 259, 208, 208, 441, 153, 153, 153, 153, 350, 182, 413, 497, 98, 229, 229, 259, 247, 312, 126, 47, 47, 47, 149, 228, 80, 82, 7, 7, 309, 374, 374, 374, 132, 132, 132, 132, 313, 77, 77, 34, 213, 213, 324, 213, 324, 3, 3, 14, 14, 259, 287, 287, 284, 111, 111, 146, 330, 219, 219, 219, 219, 219, 324, 324, 360, 116, 24, 77, 34, 374, 132, 132, 236, 236, 239, 239, 384, 371, 180, 180, 443, 486, 486, 468, 468, 468, 406, 467, 467, 139, 284, 284, 284, 206, 206, 206, 263, 263, 35, 17, 197, 7, 7, 217, 473, 65, 330, 278, 286, 236, 314, 239, 239, 239, 310, 323, 107, 107, 395, 213, 213, 213, 213, 213, 246, 246, 246, 246, 246, 19, 19, 19, 454, 414, 414, 414, 414, 170, 170, 392, 392, 392, 392, 392, 392, 392, 392, 392, 392, 392, 392, 63, 17, 17, 83, 240, 240, 240, 240, 240, 240, 240, 240, 240, 240, 240, 240, 240, 240, 240, 240, 240, 240, 240, 240, 240, 240, 240, 240, 240, 240, 240, 240, 240, 240, 240, 240, 240, 240, 240, 240, 240, 240, 240, 240, 240, 240, 240, 240, 240, 240, 240, 240, 240, 240, 240, 240, 240, 240, 240, 240, 240, 240, 240, 240, 240, 240, 240, 240, 240, 240, 240, 240, 240, 240, 240, 240, 240, 240, 240, 240, 240, 240, 240, 240, 240, 240, 240, 240, 240, 240, 240, 240, 240, 240, 240, 240, 240, 240, 240, 240, 240, 240, 240, 240, 240, 240, 240, 240, 240, 240, 240, 240, 240, 240, 240, 240, 240, 240, 240, 240, 240, 240, 240, 240, 240, 240, 240, 240, 240, 240, 240, 240, 240, 240, 240, 240, 240, 240, 240, 240, 240, 240, 240, 240, 240, 240, 240, 240, 240, 240, 240, 240, 240, 240, 240, 240, 240, 240, 240, 240, 240, 240, 240, 240, 240, 240, 240, 240, 240, 240, 240, 240, 240, 240, 240, 240, 240, 240, 240, 240, 240, 240, 240, 240, 240, 240, 240, 240, 240, 240, 240, 240, 240, 240, 240, 240, 240, 240, 240, 240, 240, 240, 240, 240, 240, 240, 240]

ep271
Train step Loss: [0.8260244727134705, 0.858296811580658, 0.8927726745605469, 0.8546868562698364, 0.8331069350242615, 0.8700073957443237, 0.866258442401886, 0.8960468173027039, 0.952479898929596, 0.84697425365448, 0.8774720430374146, 0.855178952217102, 0.8379380702972412, 0.8026576042175293, 0.8621389269828796, 0.8832406401634216, 0.8345680236816406, 0.9277459383010864, 0.8721784353256226, 0.9147154688835144, 0.8487943410873413, 0.8786042928695679, 0.9181692004203796, 0.8947727084159851, 0.822300374507904, 0.7934827208518982, 0.8320234417915344, 0.8546470999717712, 0.8511039018630981, 0.8243826627731323, 0.8813098073005676, 0.8515453338623047, 0.8267053365707397, 0.8344023823738098, 0.8037221431732178, 0.8573077917098999, 0.873619019985199, 0.7588057518005371, 0.8947985768318176, 0.8662015199661255, 0.8033835887908936, 0.8789763450622559, 0.8495429754257202, 0.8693761229515076, 0.8588167428970337, 0.836905300617218, 0.8975977897644043, 0.9393366575241089, 0.7926650047302246, 0.8577184081077576, 0.8604826331138611, 0.8685938119888306, 0.8440696001052856, 0.8106324076652527, 0.8807164430618286, 0.8596574664115906, 0.8883677124977112, 0.8154436349868774, 0.7997600436210632, 0.8596311211585999, 0.7763846516609192, 0.884001612663269, 0.8175522685050964]
val step Loss: [0.7887721061706543, 0.832114040851593, 0.8639768362045288, 0.8230416774749756, 0.8489530086517334, 0.7764469981193542, 0.8088486194610596, 0.825343906879425, 0.7466471195220947, 0.782468855381012, 0.8500620722770691, 0.8111129403114319, 0.8058730363845825, 0.7626664042472839, 0.8016664385795593, 0.7475972175598145]
Train step Accs: [0.8445273631840796, 0.8479087452471483, 0.826256710590532, 0.8465415849901988, 0.8496051083851454, 0.8399771395913702, 0.8346837428123366, 0.8375874125874125, 0.8171922522810949, 0.8475965327029157, 0.8374070138150903, 0.8414210128495843, 0.8497045200447213, 0.859263185793798, 0.8449772633319553, 0.8323489323034984, 0.851373182552504, 0.8268398268398268, 0.8383274081598104, 0.8383328070729397, 0.8497409326424871, 0.8391043998958605, 0.8339588918677391, 0.8318175041001938, 0.8503390632392367, 0.859733635590819, 0.8565812234628086, 0.8486317435496482, 0.8463418140002875, 0.8544265287496197, 0.840608668920996, 0.8418312867058195, 0.8471160528144545, 0.8456486042692939, 0.8586324786324786, 0.8394525595473089, 0.8422727996180168, 0.8708871915393654, 0.8363872457076901, 0.8366903347340965, 0.8540911691779516, 0.8343488734589769, 0.8446088794926004, 0.8400227725590663, 0.8410385481520731, 0.8432883750802826, 0.8408182097816057, 0.8251542756391419, 0.8600682593856656, 0.8389013813042081, 0.8472334247459268, 0.8412698412698413, 0.8429056548058468, 0.8537313432835821, 0.8439716312056738, 0.8266688974401873, 0.8353507364736765, 0.8449735449735449, 0.8542785535266738, 0.8361833596781146, 0.8702916605598711, 0.8441291767780474, 0.8604895104895105]
val step Accs: [0.8618390448131493, 0.8475813811986614, 0.8396335956650754, 0.8519944555675343, 0.853453196347032, 0.8593083846518238, 0.8531865198531865, 0.8559466363894408, 0.8575248848610905, 0.8580782162449124, 0.8493522145224465, 0.8563462559745088, 0.8529208672835243, 0.8611670020120724, 0.8608647450110865, 0.865146256817055]
Preds: [17, 17, 17, 30, 30, 278, 301, 349, 241, 114, 331, 180, 284, 319, 319, 240, 388, 348, 94, 250, 331, 88, 153, 153, 153, 153, 153, 182, 387, 387, 387, 167, 167, 330, 219, 219, 219, 378, 88, 346, 346, 139, 284, 319, 428, 85, 264, 240, 169, 183, 451, 324, 324, 301, 416, 335, 14, 345, 84, 424, 424, 424, 424, 182, 182, 182, 182, 43, 276, 276, 346, 346, 284, 405, 405, 206, 206, 167, 167, 167, 35, 360, 360, 360, 360, 171, 171, 171, 3, 360, 360, 171, 171, 171, 171, 171, 252, 24, 239, 310, 219, 213, 213, 213, 213, 213, 246, 246, 246, 301, 301, 43, 138, 345, 473, 109, 109, 171, 171, 171, 171, 171, 246, 246, 3, 3, 3, 143, 259, 180, 180, 284, 284, 460, 460, 169, 35, 29, 183, 420, 213, 324, 324, 301, 143, 458, 374, 100, 100, 100, 100, 122, 497, 122, 497, 497, 497, 122, 122, 229, 259, 247, 312, 187, 47, 373, 82, 320, 7, 7, 374, 374, 374, 374, 374, 132, 132, 132, 132, 132, 132, 213, 213, 213, 213, 213, 324, 3, 416, 14, 14, 287, 287, 284, 111, 460, 85, 146, 146, 219, 219, 219, 219, 324, 246, 416, 374, 374, 374, 132, 132, 132, 242, 186, 494, 114, 114, 443, 443, 264, 468, 468, 468, 468, 467, 467, 467, 486, 284, 284, 450, 206, 206, 167, 167, 35, 35, 293, 354, 420, 420, 464, 464, 464, 464, 178, 271, 150, 36, 54, 54, 54, 172, 267, 267, 267, 213, 213, 213, 246, 246, 246, 246, 246, 19, 19, 17, 240, 240, 240, 240, 240, 240, 240, 240, 240, 240, 240, 240, 240, 240, 240, 240, 240, 240, 240, 240, 240, 240, 240, 240, 240, 240, 240, 240, 240, 240, 240, 240, 240, 240, 240, 240, 240, 240, 240, 240, 240, 240, 240, 240, 240, 240, 240, 240, 240, 240, 240, 240, 240, 240, 240, 240, 240, 240, 240, 240, 240, 240, 240, 240, 240, 240, 240, 240, 240, 240, 240, 240, 240, 240, 240, 240, 240, 240, 240, 240, 240, 240, 240, 240, 240, 240, 240, 240, 240, 240, 240, 240, 240, 240, 240, 240, 240, 240, 240, 240, 240, 240, 240, 240, 240, 240, 240, 240, 240, 240, 240, 240, 240, 240, 240, 240, 240, 240, 240, 240, 240, 240, 240, 240, 240, 240, 240, 240, 240, 240, 240, 240, 240, 240, 240, 240, 240, 240, 240, 240, 240, 240, 240, 240, 240, 240, 240, 240, 240, 240, 240, 240, 240, 240, 240, 240, 240, 240, 240, 240, 240, 240, 240, 240, 240, 240, 240, 240, 240, 240, 240, 240, 240, 240, 240, 240, 240, 240, 240, 240, 240, 240, 240, 240, 240, 240, 240, 240, 240, 240, 240, 240, 240, 240, 240, 240, 240, 240, 240, 240, 240, 240, 240, 240, 240, 240, 240, 240, 240, 240, 240, 240, 240, 240, 240, 240, 240, 240, 240, 240, 240, 240, 240, 240, 240, 240, 240, 240, 240, 240, 240, 240, 240, 240, 240, 240, 240, 240, 240, 240, 240, 240, 240, 240, 240, 240, 240, 240, 240, 240, 240, 240, 240, 240, 240, 240, 240, 240, 240, 240, 240, 240, 240, 240, 240, 240, 240, 240, 240, 240, 240, 240, 240, 240, 240, 240, 240, 240, 240, 240, 240, 240, 240, 240, 240, 240, 240, 240, 240, 240, 240, 240, 240, 240, 240, 240, 240, 240, 240, 240, 240, 240, 240, 240, 240, 240, 240, 240, 240, 240, 240, 240, 240, 240, 240, 240, 240, 240, 240, 240, 240, 240, 240, 240, 240, 240, 240, 240, 240, 240, 240, 240, 240]

ep272
Train step Loss: [0.7830603718757629, 0.8497476577758789, 0.8650946617126465, 0.8320026993751526, 0.8997177481651306, 0.9488316178321838, 0.8629878163337708, 0.8631318807601929, 0.8924588561058044, 0.8271619081497192, 0.8964681625366211, 0.8343445062637329, 0.8004941344261169, 0.869225263595581, 0.9062725305557251, 0.8311948180198669, 0.8612470626831055, 0.8245739936828613, 0.8115850687026978, 0.8865496516227722, 0.8622007966041565, 0.8301199078559875, 0.9465928673744202, 0.8262360692024231, 0.9149549603462219, 0.9014579057693481, 0.8038819432258606, 0.8155324459075928, 0.8706179857254028, 0.8265026211738586, 0.8184940814971924, 0.8640312552452087, 0.8465952277183533, 0.7990971207618713, 0.8040298223495483, 0.8344975113868713, 0.8129422068595886, 0.8845118880271912, 0.8640444874763489, 0.8425014019012451, 0.8904276490211487, 0.8317745327949524, 0.828141450881958, 0.848504364490509, 0.8701614141464233, 0.8395511507987976, 0.8538186550140381, 0.8754587769508362, 0.8616350889205933, 0.8415210843086243, 0.8378547430038452, 0.7757265567779541, 0.8378381729125977, 0.8533422350883484, 0.8015496730804443, 0.8568034768104553, 0.7879558801651001, 0.8307539224624634, 0.8199198842048645, 0.7970132231712341, 0.8350589871406555, 0.7918649911880493, 0.8369753956794739]
val step Loss: [0.8053085207939148, 0.7634952068328857, 0.7537051439285278, 0.8251456618309021, 0.7716565728187561, 0.7837398648262024, 0.7566088438034058, 0.7618429064750671, 0.8859684467315674, 0.7992986440658569, 0.8299745321273804, 0.7745738625526428, 0.8180625438690186, 0.8051281571388245, 0.8255122303962708, 0.7778538465499878]
Train step Accs: [0.8612659888488029, 0.8497409326424871, 0.8438268924591114, 0.850118283203785, 0.8341263330598851, 0.8270513675783856, 0.8521080368906456, 0.8382235048901716, 0.8355292376017764, 0.8474979032708974, 0.8342184584469643, 0.8540123923228049, 0.8587360594795539, 0.8446981545198624, 0.8326061663757999, 0.8506037629879247, 0.83833407971339, 0.8470698840488875, 0.8540651045761912, 0.8420969274627811, 0.8438213237691555, 0.8482851580050921, 0.826937777098303, 0.8514760147601476, 0.8301851505517113, 0.8405778240499739, 0.8628238341968912, 0.8587067209775967, 0.8463342191652337, 0.854705715098095, 0.8615738859542191, 0.8401795429815017, 0.8473230873163317, 0.8653193894855851, 0.8614864864864865, 0.8468251021165986, 0.8521645410454464, 0.8357470858353938, 0.84053326496603, 0.8470706731576296, 0.8315175694337885, 0.8494041170097508, 0.8530995443876846, 0.8485686627022542, 0.8407109322602281, 0.8484899048890372, 0.8435044306972078, 0.8377375296912114, 0.8434065934065934, 0.8431319056063293, 0.8479920345170926, 0.859072715143429, 0.8535001583782071, 0.8473428273706148, 0.8550853749072012, 0.8470401843583465, 0.869140625, 0.8457518291772436, 0.8587326120556414, 0.8646084124061748, 0.8549848942598187, 0.8579604578563996, 0.8481174218251436]
val step Accs: [0.8536255817444828, 0.8692373363688105, 0.8616105151835625, 0.852922203586634, 0.865835989568241, 0.8571629608781312, 0.8620586920899747, 0.8640314908971626, 0.838857938718663, 0.8537322019272257, 0.8493419210305236, 0.8653173873045078, 0.8506634172759274, 0.8529109840152514, 0.8477212630269093, 0.8713375796178344]
Preds: [17, 17, 17, 17, 17, 296, 296, 296, 296, 296, 296, 296, 317, 296, 17, 461, 461, 461, 244, 244, 244, 244, 392, 392, 392, 392, 73, 73, 73, 244, 244, 209, 287, 284, 284, 460, 460, 169, 150, 99, 338, 338, 400, 400, 30, 30, 374, 374, 374, 132, 88, 88, 174, 380, 380, 496, 153, 153, 182, 182, 182, 182, 274, 274, 122, 186, 186, 342, 68, 68, 115, 115, 267, 213, 213, 324, 3, 14, 14, 82, 209, 145, 145, 145, 486, 486, 85, 85, 85, 207, 207, 207, 207, 207, 3, 197, 197, 197, 7, 309, 479, 398, 398, 324, 301, 143, 143, 458, 208, 8, 354, 354, 106, 284, 284, 206, 206, 240, 348, 94, 94, 398, 398, 324, 301, 301, 251, 251, 251, 241, 431, 374, 374, 132, 153, 182, 274, 274, 274, 335, 14, 259, 188, 188, 30, 324, 422, 236, 239, 239, 384, 371, 180, 84, 84, 106, 293, 293, 43, 43, 43, 138, 276, 276, 276, 153, 153, 182, 182, 497, 497, 497, 75, 349, 234, 303, 261, 25, 25, 420, 422, 99, 99, 338, 338, 338, 395, 395, 180, 450, 486, 460, 206, 178, 416, 35, 259, 144, 354, 100, 100, 426, 426, 426, 468, 413, 413, 250, 10, 212, 259, 144, 208, 354, 106, 106, 481, 426, 182, 182, 182, 182, 182, 182, 375, 375, 98, 98, 98, 17, 83, 240, 240, 240, 240, 240, 240, 240, 240, 240, 240, 240, 240, 240, 240, 240, 240, 240, 240, 240, 240, 240, 240, 240, 240, 240, 240, 240, 240, 240, 240, 240, 240, 240, 240, 240, 240, 240, 240, 240, 240, 240, 240, 240, 240, 240, 240, 240, 240, 240, 240, 240, 240, 240, 240, 240, 240, 240, 240, 240, 240, 240, 240, 240, 240, 240, 240, 240, 240, 240, 240, 240, 240, 240, 240, 240, 240, 240, 240, 240, 240, 240, 240, 240, 240, 240, 240, 240, 240, 240, 240, 240, 240, 240, 240, 240, 240, 240, 240, 240, 240, 240, 240, 240, 240, 240, 240, 240, 240, 240, 240, 240, 240, 240, 240, 240, 240, 240, 240, 240, 240, 240, 240, 240, 240, 240, 240, 240, 240, 240, 240, 240, 240, 240, 240, 240, 240, 240, 240, 240, 240, 240, 240, 240, 240, 240, 240, 240, 240, 240, 240, 240, 240, 240, 240, 240, 240, 240, 240, 240, 240, 240, 240, 240, 240, 240, 240, 240, 240, 240, 240, 240, 240, 240, 240, 240, 240, 240, 240, 240, 240, 240, 240, 240, 240, 240, 240, 240, 240, 240, 240, 240, 240, 240, 240, 240, 240, 240, 240, 240, 240, 240, 240, 240, 240, 240, 240, 240, 240, 240, 240, 240, 240, 240, 240, 240, 240, 240, 240, 240, 240, 240, 240, 240, 240, 240, 240, 240, 240, 240, 240, 240, 240, 240, 240, 240, 240, 240, 240, 240, 240, 240, 240, 240, 240, 240, 240, 240, 240, 240, 240, 240, 240, 240, 240, 240, 240, 240, 240, 240, 240, 240, 240, 240, 240, 240, 240, 240, 240, 240, 240, 240, 240, 240, 240, 240, 240, 240, 240, 240, 240, 240, 240, 240, 240, 240, 240, 240, 240, 240, 240, 240, 240, 240, 240, 240, 240, 240, 240, 240, 240, 240, 240, 240, 240, 240, 240, 240, 240, 240, 240, 240, 240, 240, 240, 240, 240, 240, 240, 240, 240, 240, 240, 240, 240, 240, 240, 240, 240, 240, 240, 240, 240, 240, 240, 240, 240, 240, 240, 240, 240, 240, 240, 240, 240, 240, 240, 240, 240, 240, 240, 240, 240, 240, 240, 240, 240, 240, 240, 240, 240, 240, 240, 240, 240, 240, 240, 240, 240, 240]

ep273
Train step Loss: [0.78517746925354, 0.8821296691894531, 0.7664097547531128, 0.8448123931884766, 0.7933931946754456, 0.8698084950447083, 0.8511678576469421, 0.8294903039932251, 0.901308000087738, 0.9005511403083801, 0.8250728249549866, 0.8712974190711975, 0.8864974975585938, 0.8545193672180176, 0.7821950316429138, 0.7522619366645813, 0.8280863761901855, 0.8456887006759644, 0.8762263655662537, 0.8591172099113464, 0.8106594085693359, 0.7884986996650696, 0.8712236881256104, 0.8442205786705017, 0.872081995010376, 0.8775215148925781, 0.8179528713226318, 0.8146604895591736, 0.8567597270011902, 0.8684207201004028, 0.8069859147071838, 0.8645800352096558, 0.8279159665107727, 0.7547052502632141, 0.8524004817008972, 0.7490665316581726, 0.8097317814826965, 0.784014105796814, 0.8154314160346985, 0.8256088495254517, 0.8657154440879822, 0.8750354051589966, 0.7907277345657349, 0.8056078553199768, 0.8764985799789429, 0.846534252166748, 0.8807640075683594, 0.85447758436203, 0.7994387149810791, 0.8401042222976685, 0.848895251750946, 0.8851780295372009, 0.8470783233642578, 0.893566370010376, 0.9075772166252136, 0.8020831346511841, 0.7945417761802673, 0.7882871627807617, 0.8429909348487854, 0.7960216403007507, 0.8588780760765076, 0.8985066413879395, 0.8968551158905029]
val step Loss: [0.795291006565094, 0.8219161033630371, 0.8577415943145752, 0.7389808297157288, 0.7488164901733398, 0.7344714999198914, 0.7425402402877808, 0.824787437915802, 0.8126586079597473, 0.8418909311294556, 0.7989502549171448, 0.7964258193969727, 0.7594569325447083, 0.8589576482772827, 0.7311210036277771, 0.7265564203262329]
Train step Accs: [0.8602048857368007, 0.8347837729281028, 0.8701149425287357, 0.8503382949932341, 0.8602840128263857, 0.837646224742999, 0.8428833071690215, 0.8458224342206493, 0.8352786144578314, 0.8313645621181263, 0.8483364539824283, 0.8353347343140198, 0.8326241134751773, 0.8511796733212341, 0.867816091954023, 0.872869205034252, 0.8527378318584071, 0.8535915594739124, 0.8410812672176309, 0.8536101083032491, 0.8485822858813212, 0.8623314194151422, 0.8445672191528545, 0.8512731481481481, 0.8469953544133073, 0.8421140380126709, 0.8555639666919, 0.8567001180637545, 0.8430976430976431, 0.8399825276645312, 0.8558040118382111, 0.8466481417158735, 0.8541942312781159, 0.8623013130615066, 0.8479276123759486, 0.8720714020081815, 0.8552671755725191, 0.8563717746182201, 0.8537351806884731, 0.8544997039668443, 0.8439324116743472, 0.8415162959854525, 0.8668317512725272, 0.8578578578578578, 0.8418690601900739, 0.8458188153310104, 0.8423545331529093, 0.8379828326180258, 0.8563371455428482, 0.8458472820022318, 0.8461777985365094, 0.8453991880920162, 0.8443122460824144, 0.8315578199783851, 0.8325156487903907, 0.8656435500217171, 0.8561188583344194, 0.856393001345895, 0.8543395022335674, 0.8610206297502715, 0.8397022332506203, 0.8324128136342118, 0.8280514590524004]
val step Accs: [0.853111653447224, 0.8531089560752995, 0.8441944659943108, 0.8716216216216216, 0.8710380924687409, 0.8731218697829716, 0.8666895133653187, 0.851639344262295, 0.8636290710733194, 0.8520108090923542, 0.8604718066743383, 0.8519059205190592, 0.8664542678879597, 0.8454769990737883, 0.8703066781312697, 0.8692513368983957]
Preds: [17, 17, 287, 111, 111, 111, 146, 438, 438, 219, 219, 219, 152, 152, 106, 106, 88, 346, 346, 346, 284, 284, 284, 284, 206, 206, 206, 293, 293, 293, 293, 182, 182, 182, 375, 387, 387, 387, 387, 413, 313, 164, 351, 351, 145, 145, 486, 486, 460, 460, 460, 167, 35, 35, 114, 180, 145, 145, 376, 376, 376, 460, 460, 460, 169, 35, 164, 164, 36, 219, 485, 152, 152, 374, 374, 132, 250, 186, 186, 54, 54, 54, 224, 106, 106, 29, 29, 29, 348, 348, 348, 348, 122, 195, 250, 250, 250, 76, 76, 259, 259, 441, 441, 441, 153, 153, 153, 153, 387, 122, 406, 88, 387, 242, 175, 313, 236, 116, 77, 398, 324, 324, 324, 301, 301, 301, 250, 174, 331, 65, 428, 319, 428, 428, 428, 428, 146, 146, 146, 219, 219, 219, 464, 464, 464, 84, 139, 175, 467, 43, 43, 276, 100, 100, 100, 497, 497, 122, 122, 259, 75, 219, 219, 219, 219, 213, 213, 213, 422, 236, 310, 310, 384, 107, 107, 338, 400, 400, 213, 213, 213, 213, 213, 246, 246, 246, 19, 454, 229, 414, 414, 126, 126, 408, 408, 80, 321, 320, 83, 188, 188, 443, 443, 443, 240, 240, 216, 77, 324, 464, 464, 464, 464, 171, 171, 301, 236, 314, 239, 310, 219, 213, 213, 213, 213, 213, 213, 213, 213, 213, 246, 246, 246, 246, 246, 246, 246, 246, 246, 19, 454, 48, 414, 414, 414, 414, 170, 170, 392, 392, 392, 392, 392, 392, 392, 392, 63, 63, 63, 63, 73, 73, 321, 321, 321, 320, 188, 188, 188, 171, 171, 171, 171, 171, 252, 252, 143, 143, 164, 280, 107, 180, 84, 84, 496, 496, 240, 75, 8, 239, 420, 420, 213, 213, 219, 219, 219, 152, 374, 374, 374, 132, 132, 132, 88, 346, 346, 162, 162, 99, 99, 212, 338, 400, 400, 30, 324, 301, 325, 479, 331, 331, 180, 315, 315, 315, 450, 450, 203, 203, 53, 65, 65, 428, 138, 426, 426, 426, 88, 406, 406, 406, 467, 467, 426, 100, 375, 375, 98, 98, 98, 98, 13, 414, 414, 414, 170, 170, 47, 47, 392, 392, 392, 392, 392, 73, 392, 321, 320, 320, 320, 441, 276, 153, 153, 153, 182, 182, 182, 497, 43, 8, 53, 473, 473, 65, 175, 212, 54, 323, 323, 132, 132, 76, 195, 208, 208, 208, 117, 117, 17, 83, 240, 240, 240, 240, 240, 240, 240, 240, 240, 240, 240, 240, 240, 240, 240, 240, 240, 240, 240, 240, 240, 240, 240, 240, 240, 240, 240, 240, 240, 240, 240, 240, 240, 240, 240, 240, 240, 240, 240, 240, 240, 240, 240, 240, 240, 240, 240, 240, 240, 240, 240, 240, 240, 240, 240, 240, 240, 240, 240, 240, 240, 240, 240, 240, 240, 240, 240, 240, 240, 240, 240, 240, 240, 240, 240, 240, 240, 240, 240, 240, 240, 240, 240, 240, 240, 240, 240, 240, 240, 240, 240, 240, 240, 240, 240, 240, 240, 240, 240, 240, 240, 240, 240, 240, 240, 240, 240, 240, 240, 240, 240, 240, 240, 240, 240, 240, 240, 240, 240, 240, 240, 240, 240, 240, 240, 240, 240, 240, 240, 240, 240, 240, 240, 240, 240, 240, 240, 240, 240, 240, 240, 240, 240, 240, 240, 240, 240, 240, 240, 240, 240, 240, 240, 240, 240, 240, 240, 240, 240, 240, 240, 240, 240, 240, 240, 240, 240, 240, 240, 240, 240, 240, 240, 240, 240, 240, 240, 240, 240, 240, 240, 240, 240, 240, 240, 240, 240, 240, 240, 240, 240, 240, 240, 240, 240, 240, 240, 240]

ep274
Train step Loss: [0.9016685485839844, 0.7881037592887878, 0.8141756057739258, 0.826633632183075, 0.8292726874351501, 0.7534580230712891, 0.7857924699783325, 0.8233951926231384, 0.8444541096687317, 0.9135890603065491, 0.8166592121124268, 0.7623052000999451, 0.8934766054153442, 0.8595154881477356, 0.8524700999259949, 0.8645394444465637, 0.7853451371192932, 0.7823196649551392, 0.8509910106658936, 0.8744656443595886, 0.8593679070472717, 0.7582588791847229, 0.7769493460655212, 0.829383909702301, 0.8547338843345642, 0.8726756572723389, 0.7728499174118042, 0.8415399193763733, 0.8207935690879822, 0.8774991631507874, 0.8153199553489685, 0.812040388584137, 0.8104563355445862, 0.7671884894371033, 0.826549768447876, 0.8007197380065918, 0.8385487198829651, 0.8465666174888611, 0.8635610938072205, 0.8411508798599243, 0.8911566734313965, 0.8119684457778931, 0.8237005472183228, 0.8908640146255493, 0.8938146829605103, 0.8188563585281372, 0.7745915055274963, 0.8518596291542053, 0.8420728445053101, 0.8127436637878418, 0.7791703343391418, 0.8576793074607849, 0.7939444780349731, 0.7520788908004761, 0.8365614414215088, 0.8503883481025696, 0.8291055560112, 0.7888638973236084, 0.8351960778236389, 0.7713796496391296, 0.8113858103752136, 0.8227081894874573, 0.8482785820960999]
val step Loss: [0.7443625926971436, 0.8135436177253723, 0.7152826189994812, 0.7716791033744812, 0.8377729654312134, 0.822289764881134, 0.8449840545654297, 0.809686005115509, 0.7601176500320435, 0.7282941937446594, 0.7670461535453796, 0.729965090751648, 0.7400269508361816, 0.7656998038291931, 0.8017439842224121, 0.7871952056884766]
Train step Accs: [0.8323251124554056, 0.8618073878627969, 0.8550030883261273, 0.8514334133596949, 0.8518518518518519, 0.8639791183294664, 0.8666094420600858, 0.8510265796593984, 0.836476955879941, 0.8293464858199754, 0.8521356605647793, 0.8667748598406609, 0.8405797101449275, 0.8444726005701615, 0.851295593332233, 0.8391171772905474, 0.8597615499254844, 0.8566388710711995, 0.8469038658912077, 0.8352562382613362, 0.841267363820821, 0.8707744972186564, 0.8645567466394419, 0.8569426930082668, 0.8403898872982029, 0.8411772872414272, 0.8700859518106242, 0.8398576512455516, 0.8505527501023611, 0.8465669908549862, 0.8601741884402216, 0.854618015963512, 0.8537818055071453, 0.8672630212090607, 0.8539170506912442, 0.8630761438460239, 0.8483442649176132, 0.8533806776150318, 0.8445890968266884, 0.8431012309388205, 0.83551216283303, 0.8454696215890246, 0.8508883248730964, 0.835828025477707, 0.8331240188383046, 0.8639455782312925, 0.8630077158247198, 0.8478680730946367, 0.8464599568894048, 0.8625967945254818, 0.8661725632778632, 0.8435524652338812, 0.8654101016050655, 0.8720876407961734, 0.852478658079976, 0.8419838523644751, 0.8498336106489185, 0.8652672323954146, 0.8506872852233677, 0.8640557006092254, 0.8594711458506569, 0.8513903662057438, 0.8475935828877005]
val step Accs: [0.8664729486647295, 0.858492102263475, 0.8760880696364567, 0.8591909155429382, 0.8492073720840314, 0.8510121457489879, 0.8442758620689655, 0.8523668176847368, 0.8719334719334719, 0.8763329383886256, 0.8637751985339035, 0.8743378457916421, 0.8739954998392799, 0.8665787932044523, 0.8532647521074439, 0.8613968597726043]
Preds: [17, 7, 309, 309, 309, 398, 398, 213, 213, 213, 301, 339, 399, 217, 250, 473, 65, 65, 65, 106, 84, 84, 413, 100, 100, 293, 293, 43, 43, 276, 276, 276, 182, 182, 182, 182, 182, 182, 182, 497, 98, 14, 14, 287, 287, 287, 284, 99, 53, 76, 76, 331, 331, 284, 428, 111, 146, 146, 438, 169, 36, 36, 54, 54, 224, 224, 273, 496, 496, 497, 497, 497, 399, 53, 70, 473, 473, 264, 264, 264, 264, 264, 468, 468, 468, 337, 337, 337, 324, 324, 301, 143, 251, 251, 241, 241, 431, 431, 284, 284, 405, 405, 206, 206, 206, 169, 167, 35, 35, 427, 197, 320, 7, 441, 276, 276, 153, 153, 387, 387, 387, 387, 236, 219, 219, 219, 219, 219, 219, 246, 246, 246, 246, 246, 246, 246, 246, 19, 19, 454, 454, 229, 229, 247, 187, 187, 149, 321, 287, 287, 287, 287, 284, 206, 206, 167, 167, 14, 287, 287, 284, 284, 206, 206, 206, 206, 167, 35, 35, 138, 276, 276, 276, 346, 297, 297, 297, 481, 481, 297, 293, 293, 43, 276, 276, 276, 346, 346, 346, 206, 206, 206, 175, 175, 241, 331, 331, 428, 428, 264, 146, 146, 146, 186, 36, 36, 54, 224, 224, 224, 496, 497, 497, 399, 399, 473, 473, 65, 264, 264, 264, 264, 264, 264, 264, 468, 468, 468, 468, 337, 337, 41, 282, 434, 434, 434, 434, 434, 434, 19, 19, 19, 454, 454, 417, 414, 170, 244, 244, 392, 392, 392, 244, 321, 321, 321, 320, 7, 7, 309, 380, 288, 288, 288, 172, 337, 285, 285, 422, 36, 310, 164, 107, 395, 395, 444, 213, 213, 213, 213, 213, 213, 246, 246, 246, 246, 246, 246, 246, 246, 246, 19, 19, 17, 240, 240, 240, 240, 240, 240, 240, 240, 240, 240, 240, 240, 240, 240, 240, 240, 240, 240, 240, 240, 240, 240, 240, 240, 240, 240, 240, 240, 240, 240, 240, 240, 240, 240, 240, 240, 240, 240, 240, 240, 240, 240, 240, 240, 240, 240, 240, 240, 240, 240, 240, 240, 240, 240, 240, 240, 240, 240, 240, 240, 240, 240, 240, 240, 240, 240, 240, 240, 240, 240, 240, 240, 240, 240, 240, 240, 240, 240, 240, 240, 240, 240, 240, 240, 240, 240, 240, 240, 240, 240, 240, 240, 240, 240, 240, 240, 240, 240, 240, 240, 240, 240, 240, 240, 240, 240, 240, 240, 240, 240, 240, 240, 240, 240, 240, 240, 240, 240, 240, 240, 240, 240, 240, 240, 240, 240, 240, 240, 240, 240, 240, 240, 240, 240, 240, 240, 240, 240, 240, 240, 240, 240, 240, 240, 240, 240, 240, 240, 240, 240, 240, 240, 240, 240, 240, 240, 240, 240, 240, 240, 240, 240, 240, 240, 240, 240, 240, 240, 240, 240, 240, 240, 240, 240, 240, 240, 240, 240, 240, 240, 240, 240, 240, 240, 240, 240, 240, 240, 240, 240, 240, 240, 240, 240, 240, 240, 240, 240, 240, 240, 240, 240, 240, 240, 240, 240, 240, 240, 240, 240, 240, 240, 240, 240, 240, 240, 240, 240, 240, 240, 240, 240, 240, 240, 240, 240, 240, 240, 240, 240, 240, 240, 240, 240, 240, 240, 240, 240, 240, 240, 240, 240, 240, 240, 240, 240, 240, 240, 240, 240, 240, 240, 240, 240, 240, 240, 240, 240, 240, 240, 240, 240, 240, 240, 240, 240, 240, 240, 240, 240, 240, 240, 240, 240, 240, 240, 240, 240, 240, 240, 240, 240, 240, 240, 240, 240, 240, 240, 240, 240, 240, 240, 240, 240, 240, 240, 240, 240, 240, 240, 240, 240, 240, 240, 240, 240]

ep275
Train step Loss: [0.8238735198974609, 0.8375500440597534, 0.8273851275444031, 0.8531878590583801, 0.7688973546028137, 0.785739541053772, 0.7552881836891174, 0.8655567765235901, 0.7705578207969666, 0.8096505403518677, 0.817206621170044, 0.8574121594429016, 0.8270188570022583, 0.8355685472488403, 0.7681010961532593, 0.8248801827430725, 0.7744140625, 0.8427313566207886, 0.8317598700523376, 0.84873366355896, 0.7889784574508667, 0.8606317043304443, 0.8779259920120239, 0.7847375273704529, 0.8407648801803589, 0.8945331573486328, 0.8231848478317261, 0.8993499875068665, 0.8324910998344421, 0.8597254157066345, 0.8410199880599976, 0.8205731511116028, 0.8049173951148987, 0.8544222116470337, 0.7397177219390869, 0.7465546727180481, 0.8128323554992676, 0.7597753405570984, 0.877856433391571, 0.8784984350204468, 0.7908609509468079, 0.7818198204040527, 0.8175532817840576, 0.8154502511024475, 0.8592123985290527, 0.851371169090271, 0.7717227339744568, 0.827778160572052, 0.8152791261672974, 0.781100869178772, 0.8637946248054504, 0.8256190419197083, 0.7814527750015259, 0.8524897694587708, 0.7792758941650391, 0.7914418578147888, 0.8609331846237183, 0.7520032525062561, 0.7874734997749329, 0.7633456587791443, 0.7506079077720642, 0.8486101627349854, 0.8178554773330688]
val step Loss: [0.7711072564125061, 0.7650734186172485, 0.794828474521637, 0.6835625171661377, 0.7652386426925659, 0.7351082563400269, 0.7636730074882507, 0.8081923127174377, 0.8333513736724854, 0.7424904108047485, 0.8054139018058777, 0.7588425874710083, 0.7290136814117432, 0.8218978047370911, 0.7704293727874756, 0.7502340078353882]
Train step Accs: [0.8526122261375824, 0.8481682317153816, 0.8499050031665611, 0.8402347024308466, 0.8619032858028518, 0.8642581028843295, 0.8634696372775438, 0.8461538461538461, 0.8514045325010178, 0.863147605083089, 0.8600488201790073, 0.8481705560357246, 0.8500879249706916, 0.8463687150837989, 0.8617853290183387, 0.8535513119934057, 0.8665989503978331, 0.8503062241845891, 0.851864406779661, 0.8469288267793306, 0.8695776664280601, 0.8476104598737602, 0.8450625869262866, 0.8621539353529497, 0.8500084359709803, 0.8349296617779108, 0.8580495356037152, 0.8437698664971393, 0.8558615462354725, 0.841881513987932, 0.8553532654083849, 0.8568452944518083, 0.862080370431619, 0.8466725300498388, 0.8779268989149057, 0.8699778551091427, 0.8600752115324349, 0.864962873424279, 0.840915553028149, 0.8369690011481056, 0.8569674647022714, 0.8569378676998135, 0.853675547496164, 0.8524682124158564, 0.8439913500154465, 0.8402213384056718, 0.8574034156856243, 0.854133920150896, 0.8591809775429327, 0.8736129396276096, 0.8337367624810893, 0.851358024691358, 0.8616710263117403, 0.8558382257012394, 0.8715042684721813, 0.8644178811200262, 0.8414837244511734, 0.867896236317289, 0.8623837700760778, 0.8612556364897676, 0.8653239140237486, 0.8472344161545216, 0.8563287342531494]
val step Accs: [0.8612446764665476, 0.8626450116009281, 0.8589761280529874, 0.8805786395814097, 0.8652361840074096, 0.8679784729229735, 0.868207370393504, 0.8541253189679614, 0.8481442760062728, 0.8714483182306866, 0.8579096937164509, 0.8731958762886598, 0.8743336886993603, 0.8494019311139934, 0.8678890456041373, 0.8713550600343053]
Preds: [17, 17, 213, 213, 213, 213, 3, 152, 378, 378, 43, 411, 276, 276, 138, 138, 138, 88, 346, 284, 284, 284, 284, 284, 426, 468, 203, 53, 65, 65, 428, 293, 293, 76, 129, 458, 458, 441, 441, 100, 153, 153, 143, 129, 129, 401, 208, 208, 441, 276, 100, 100, 387, 387, 122, 251, 88, 132, 132, 43, 88, 88, 109, 428, 111, 111, 111, 240, 251, 251, 251, 241, 431, 486, 428, 428, 403, 146, 146, 146, 301, 8, 406, 32, 354, 354, 180, 443, 264, 264, 468, 406, 467, 467, 470, 111, 111, 240, 240, 314, 239, 239, 384, 371, 371, 374, 374, 132, 132, 132, 242, 10, 10, 309, 398, 398, 398, 398, 99, 99, 338, 338, 338, 338, 338, 400, 422, 143, 129, 401, 458, 208, 208, 212, 445, 99, 99, 338, 338, 338, 338, 400, 400, 400, 324, 422, 236, 239, 239, 310, 107, 107, 395, 395, 286, 171, 171, 171, 171, 171, 252, 416, 416, 32, 32, 354, 354, 420, 464, 464, 264, 468, 406, 406, 401, 276, 81, 144, 217, 217, 217, 217, 473, 473, 398, 278, 278, 286, 24, 24, 239, 310, 107, 107, 107, 395, 41, 41, 19, 19, 454, 229, 170, 170, 82, 408, 312, 126, 292, 305, 305, 305, 305, 305, 305, 305, 408, 391, 391, 392, 392, 73, 73, 73, 244, 320, 83, 83, 287, 171, 171, 171, 416, 416, 32, 32, 354, 354, 180, 278, 278, 240, 416, 143, 35, 35, 401, 401, 127, 114, 271, 355, 355, 355, 460, 263, 263, 229, 414, 82, 414, 312, 312, 23, 23, 23, 23, 23, 391, 391, 391, 80, 80, 289, 412, 287, 287, 111, 240, 236, 35, 77, 66, 68, 68, 115, 494, 267, 267, 36, 120, 264, 464, 278, 278, 264, 264, 264, 171, 171, 358, 358, 24, 239, 239, 384, 371, 106, 106, 153, 153, 106, 8, 8, 32, 239, 208, 208, 100, 236, 374, 138, 117, 48, 48, 417, 417, 13, 170, 392, 392, 392, 392, 392, 392, 63, 392, 63, 63, 63, 73, 73, 73, 244, 287, 287, 287, 284, 284, 426, 88, 88, 467, 331, 413, 76, 76, 35, 458, 208, 100, 100, 100, 43, 43, 129, 129, 458, 208, 441, 441, 153, 122, 42, 42, 81, 380, 499, 139, 111, 240, 240, 251, 251, 241, 431, 444, 428, 443, 146, 146, 301, 8, 406, 239, 354, 354, 180, 264, 264, 468, 467, 467, 470, 111, 111, 240, 314, 239, 239, 384, 371, 371, 324, 301, 203, 399, 217, 217, 473, 65, 330, 330, 271, 143, 458, 458, 208, 208, 144, 81, 395, 395, 313, 313, 349, 349, 34, 324, 324, 422, 143, 129, 401, 401, 473, 371, 470, 403, 403, 403, 403, 171, 207, 207, 358, 358, 24, 24, 239, 239, 310, 107, 107, 395, 41, 41, 19, 454, 229, 229, 229, 247, 312, 126, 292, 292, 292, 305, 305, 305, 23, 23, 408, 391, 391, 392, 392, 392, 73, 73, 244, 244, 7, 7, 479, 331, 331, 315, 315, 315, 315, 315, 468, 468, 468, 468, 467, 337, 337, 337, 301, 399, 217, 217, 473, 65, 443, 240, 385, 143, 36, 401, 127, 180, 284, 206, 111, 240, 240, 251, 219, 477, 34, 139, 313, 349, 251, 241, 431, 106, 313, 274, 43, 8, 239, 144, 208, 106, 387, 387, 240, 240, 35, 35, 401, 75, 144, 180, 450, 355, 271, 169, 150, 150, 342, 68, 68, 68, 115, 273, 267, 464, 464, 171, 171, 252, 416, 416, 32, 32, 32, 354, 420, 286, 264, 264, 468, 406, 406, 406, 467, 337, 337, 324, 324, 324, 422, 32, 32]

ep276
Train step Loss: [0.8623417615890503, 0.8660273551940918, 0.7579532265663147, 0.76349276304245, 0.8136082291603088, 0.8451619148254395, 0.7766721844673157, 0.7758164405822754, 0.8092425465583801, 0.8073193430900574, 0.8453170657157898, 0.7982628345489502, 0.7920002937316895, 0.8133246898651123, 0.8414742946624756, 0.8241012692451477, 0.774846076965332, 0.8898888230323792, 0.8314252495765686, 0.7913606762886047, 0.7652725577354431, 0.8458089232444763, 0.760231077671051, 0.8291029930114746, 0.9327340722084045, 0.8943349123001099, 0.8251126408576965, 0.7947711944580078, 0.8344926238059998, 0.8098517656326294, 0.7844418287277222, 0.860869288444519, 0.7860349416732788, 0.7658200263977051, 0.7638222575187683, 0.7908087968826294, 0.8067061305046082, 0.8184130787849426, 0.7710510492324829, 0.7635742425918579, 0.7930945754051208, 0.8100171685218811, 0.8049488663673401, 0.773707389831543, 0.8757526874542236, 0.8106750249862671, 0.8386629223823547, 0.7904050350189209, 0.8291544914245605, 0.8286845088005066, 0.8419885039329529, 0.8367627859115601, 0.8026934862136841, 0.8081011772155762, 0.8523615002632141, 0.7634212970733643, 0.7673577666282654, 0.797016441822052, 0.7308356761932373, 0.7316850423812866, 0.8123226761817932, 0.844305157661438, 0.7524304986000061]
val step Loss: [0.8343561887741089, 0.7358421087265015, 0.754153311252594, 0.7745022177696228, 0.7126263380050659, 0.7830043435096741, 0.7495552897453308, 0.7670158743858337, 0.7683742046356201, 0.730908989906311, 0.8012392520904541, 0.7332077026367188, 0.8430700302124023, 0.7082543969154358, 0.7520900964736938, 0.7162446975708008]
Train step Accs: [0.8533719620151295, 0.8428287512421332, 0.8661438987481084, 0.8628295709115974, 0.8462691039856158, 0.844151721948897, 0.8672164948453608, 0.8678682748339883, 0.8563254136086578, 0.8605654761904762, 0.8473218755214417, 0.8628096806530144, 0.8539949838767467, 0.8514056224899599, 0.8465064592304486, 0.8514350945857795, 0.8640980170885055, 0.8350726798360045, 0.8528250303766707, 0.8623902049507586, 0.8694362017804155, 0.8508182349503215, 0.870296726827776, 0.8525528169014085, 0.8234123947972456, 0.8354089532144059, 0.8470824949698189, 0.8519410597903089, 0.8533245556287031, 0.8583778685947815, 0.8627100996578908, 0.8396119644300728, 0.86050344620917, 0.869209363234572, 0.8685275645498953, 0.8585467540202502, 0.8540400972053463, 0.8603891685943665, 0.8664428550576558, 0.8671081677704194, 0.8604130808950086, 0.8592399282335671, 0.8539779852305978, 0.8638114997036159, 0.8412052117263844, 0.8583048641613795, 0.848806860551827, 0.8624075319435104, 0.8510419724097447, 0.8469627784696278, 0.8478013954243063, 0.8474343310934637, 0.8626497655843028, 0.8595053861326051, 0.8481982716451981, 0.8681724239740183, 0.8687751421833819, 0.865072335400059, 0.8758064516129033, 0.879236641221374, 0.8551280295768862, 0.8547332185886403, 0.8663548279318409]
val step Accs: [0.8451698867421719, 0.8736596095683256, 0.8706834272503974, 0.8651851851851852, 0.8768610421836228, 0.8634337430771309, 0.862750635413725, 0.8671822909721296, 0.8607127014638474, 0.8770158251695553, 0.8546291728334156, 0.8747200238912947, 0.8502030162412993, 0.8873859704309531, 0.8729527746859597, 0.8701421800947867]
Preds: [17, 17, 17, 17, 17, 296, 296, 317, 317, 317, 317, 317, 317, 317, 317, 461, 461, 461, 461, 461, 461, 461, 317, 317, 73, 289, 320, 287, 287, 284, 284, 284, 297, 297, 88, 276, 138, 138, 138, 293, 293, 293, 293, 293, 287, 111, 111, 438, 438, 330, 252, 186, 54, 162, 232, 172, 224, 273, 494, 494, 240, 232, 251, 241, 431, 444, 171, 171, 252, 236, 36, 36, 162, 116, 116, 116, 25, 106, 106, 470, 428, 206, 206, 169, 150, 150, 54, 342, 224, 224, 494, 422, 143, 129, 129, 259, 354, 354, 106, 486, 486, 240, 240, 285, 467, 467, 175, 413, 293, 98, 76, 76, 401, 82, 354, 345, 109, 313, 313, 313, 251, 251, 241, 431, 180, 84, 284, 426, 426, 450, 450, 450, 413, 413, 413, 236, 349, 338, 219, 219, 219, 219, 219, 477, 422, 84, 143, 129, 401, 354, 354, 109, 443, 443, 240, 325, 77, 34, 355, 355, 282, 203, 203, 217, 217, 217, 473, 473, 398, 434, 339, 24, 32, 32, 310, 310, 107, 107, 107, 395, 213, 213, 19, 48, 48, 414, 414, 170, 82, 170, 170, 201, 2, 392, 392, 392, 392, 244, 63, 63, 392, 392, 73, 244, 244, 7, 188, 188, 236, 116, 10, 10, 10, 398, 241, 144, 236, 323, 129, 129, 401, 401, 108, 108, 30, 213, 213, 464, 464, 464, 464, 330, 330, 203, 399, 217, 217, 473, 473, 346, 346, 278, 240, 215, 8, 436, 34, 401, 401, 75, 371, 371, 77, 485, 286, 464, 464, 180, 355, 443, 85, 85, 84, 84, 413, 274, 43, 43, 43, 43, 250, 276, 276, 138, 138, 387, 387, 413, 348, 388, 48, 48, 229, 229, 414, 312, 187, 47, 47, 47, 47, 392, 244, 392, 392, 392, 73, 73, 320, 320, 7, 309, 398, 398, 324, 416, 143, 458, 458, 208, 208, 441, 441, 88, 313, 236, 314, 239, 384, 180, 106, 84, 426, 413, 212, 36, 400, 349, 338, 349, 349, 208, 287, 116, 497, 416, 8, 239, 144, 208, 441, 106, 153, 153, 387, 387, 122, 122, 406, 467, 467, 337, 41, 19, 19, 454, 454, 13, 414, 80, 80, 80, 80, 80, 80, 80, 442, 442, 80, 80, 80, 73, 305, 80, 80, 80, 287, 287, 460, 240, 416, 36, 77, 66, 172, 115, 273, 267, 162, 464, 464, 464, 443, 443, 443, 169, 349, 349, 234, 303, 261, 25, 106, 284, 284, 405, 206, 206, 293, 43, 345, 109, 109, 428, 428, 146, 207, 19, 454, 229, 229, 82, 229, 312, 312, 187, 23, 23, 201, 2, 392, 392, 392, 392, 73, 73, 392, 244, 320, 441, 345, 345, 309, 313, 285, 481, 106, 106, 387, 387, 240, 169, 150, 54, 342, 232, 172, 115, 224, 232, 444, 162, 464, 464, 464, 443, 171, 171, 416, 416, 239, 239, 354, 473, 464, 264, 264, 264, 330, 8, 345, 345, 413, 413, 98, 98, 76, 129, 458, 458, 144, 27, 354, 354, 496, 375, 98, 98, 98, 48, 13, 414, 414, 414, 170, 392, 80, 73, 244, 320, 7, 219, 213, 213, 213, 422, 416, 32, 32, 32, 338, 345, 109, 180, 443, 355, 355, 355, 355, 263, 263, 13, 414, 414, 170, 170, 244, 170, 47, 201, 47, 80, 80, 80, 80, 289, 320, 320, 345, 100, 153, 43, 8, 8, 239, 208, 345, 345, 88, 387, 313, 236, 314, 310, 239, 310, 107, 107, 107, 107, 400, 213, 213, 19, 454, 454, 414, 414, 414, 414, 80, 80, 209, 83, 83, 240, 240, 36, 77, 66, 232, 172, 115, 273, 267, 162, 464, 464, 464, 464]

ep277
Train step Loss: [0.7771196961402893, 0.7723667025566101, 0.7582714557647705, 0.8364391326904297, 0.8052116632461548, 0.7711750268936157, 0.8949793577194214, 0.7901290655136108, 0.7820480465888977, 0.7884836792945862, 0.7578805088996887, 0.8122413158416748, 0.7894773483276367, 0.8443572521209717, 0.8321805596351624, 0.7895738482475281, 0.8482681512832642, 0.8148291110992432, 0.7936597466468811, 0.717949390411377, 0.795088529586792, 0.7479615807533264, 0.7730425000190735, 0.7773621678352356, 0.8304150700569153, 0.7650466561317444, 0.8457973599433899, 0.8863226175308228, 0.7812964916229248, 0.7782363295555115, 0.8907132148742676, 0.7326075434684753, 0.861683189868927, 0.7691964507102966, 0.8306055665016174, 0.8086798787117004, 0.8853816390037537, 0.802931547164917, 0.8236587047576904, 0.8516268730163574, 0.7964332699775696, 0.8311747908592224, 0.7451125979423523, 0.8393173217773438, 0.821573793888092, 0.786456286907196, 0.7787420153617859, 0.8304415941238403, 0.7653647065162659, 0.7983225584030151, 0.840468168258667, 0.8245778679847717, 0.7782448530197144, 0.7478363513946533, 0.7474486827850342, 0.7424075603485107, 0.7889189124107361, 0.8439024686813354, 0.7911700010299683, 0.7105987071990967, 0.7820227742195129, 0.7723259925842285, 0.7696213722229004]
val step Loss: [0.7483307123184204, 0.7529343962669373, 0.7932873368263245, 0.7992503643035889, 0.7384397387504578, 0.7614226937294006, 0.7322288751602173, 0.7805627584457397, 0.7509521842002869, 0.7767232656478882, 0.7386981844902039, 0.7948204278945923, 0.6579161286354065, 0.7092833518981934, 0.7524088025093079, 0.7426934838294983]
Train step Accs: [0.8716508210890234, 0.8644020213363279, 0.8707643814026793, 0.8507061197041023, 0.8600306705701938, 0.866231647634584, 0.8326015367727772, 0.8583028180226079, 0.8669297553275453, 0.862834177878735, 0.8663374485596708, 0.8513362137942071, 0.865616574428835, 0.8494152046783626, 0.8548005908419498, 0.8528968014484007, 0.8447458519884119, 0.851333032083145, 0.8639455782312925, 0.8748962081372821, 0.8593694016481548, 0.8676293622141997, 0.8678512766910557, 0.8637379981586216, 0.8492975734355045, 0.862558624283481, 0.8514542936288089, 0.8385943088166693, 0.8685182651525516, 0.8653596655614819, 0.8404500865551068, 0.8770465489566613, 0.8459227467811159, 0.8646437095124446, 0.8529004462224957, 0.8640716713005869, 0.837689779308186, 0.8579369981470043, 0.8567964843158055, 0.8515835230801077, 0.8683916307299153, 0.8561484918793504, 0.8678584592701806, 0.8514363885088919, 0.8489220295023505, 0.8626873318816447, 0.8697137280416396, 0.8520299900976093, 0.8699463327370304, 0.8615459882583171, 0.8550578761952693, 0.857205559619605, 0.8602855477855478, 0.8750204214997549, 0.8635691032849956, 0.873114338079797, 0.8546466476831478, 0.8491757818517948, 0.865641813989239, 0.8806034482758621, 0.8670947030497592, 0.8672593979098424, 0.8667249927092446]
val step Accs: [0.8664624808575804, 0.8698527201683198, 0.8628125, 0.8601677437096109, 0.87083392933772, 0.8606317636735887, 0.8692737430167597, 0.8662983425414365, 0.8785573400958017, 0.861214190292415, 0.8778604118993135, 0.8572647142450952, 0.89509498157074, 0.872803226735811, 0.8725965066784089, 0.8758949880668258]
Preds: [17, 17, 296, 473, 473, 398, 398, 464, 464, 464, 284, 315, 486, 486, 460, 460, 460, 169, 169, 169, 349, 183, 395, 354, 485, 485, 485, 213, 422, 422, 143, 143, 458, 208, 208, 345, 100, 242, 134, 303, 303, 303, 303, 117, 48, 48, 48, 414, 414, 170, 170, 80, 80, 392, 392, 392, 392, 63, 63, 63, 63, 63, 63, 63, 73, 392, 244, 321, 321, 412, 83, 83, 55, 169, 169, 186, 162, 54, 54, 338, 400, 400, 400, 290, 464, 443, 443, 443, 460, 460, 178, 178, 35, 35, 183, 445, 451, 451, 451, 451, 30, 360, 360, 171, 171, 171, 252, 186, 31, 54, 342, 342, 342, 115, 168, 267, 267, 267, 213, 246, 246, 246, 246, 246, 246, 246, 246, 246, 301, 301, 378, 259, 259, 354, 65, 139, 139, 428, 428, 264, 240, 240, 325, 77, 34, 34, 355, 355, 355, 263, 263, 263, 13, 13, 417, 170, 244, 392, 392, 392, 392, 392, 63, 63, 63, 63, 63, 63, 73, 320, 320, 7, 7, 7, 7, 217, 479, 331, 331, 331, 331, 284, 284, 284, 284, 486, 460, 169, 169, 240, 24, 285, 84, 331, 84, 84, 84, 387, 387, 387, 35, 337, 337, 464, 464, 464, 464, 120, 282, 282, 282, 271, 150, 77, 342, 68, 115, 115, 273, 470, 278, 330, 199, 331, 331, 315, 315, 315, 319, 319, 348, 199, 242, 203, 203, 467, 467, 413, 413, 413, 303, 473, 77, 17, 75, 17, 188, 213, 213, 213, 213, 19, 19, 17, 80, 80, 80, 80, 80, 80, 80, 80, 80, 80, 80, 80, 80, 80, 80, 201, 201, 201, 201, 392, 149, 73, 392, 244, 321, 321, 321, 287, 287, 287, 284, 111, 111, 111, 111, 438, 240, 240, 77, 34, 331, 331, 84, 84, 84, 413, 468, 468, 337, 337, 464, 464, 464, 271, 330, 330, 271, 77, 77, 342, 342, 115, 273, 273, 470, 271, 315, 315, 315, 315, 315, 319, 319, 203, 203, 53, 53, 413, 413, 413, 413, 212, 34, 34, 338, 76, 239, 371, 186, 186, 351, 213, 213, 213, 213, 19, 19, 19, 454, 48, 414, 414, 417, 170, 170, 201, 201, 201, 201, 187, 187, 187, 392, 392, 63, 392, 244, 201, 201, 201, 201, 321, 321, 83, 287, 287, 486, 486, 111, 438, 438, 240, 285, 34, 331, 106, 84, 84, 84, 387, 35, 468, 467, 337, 464, 464, 464, 271, 271, 330, 330, 271, 150, 77, 342, 342, 115, 273, 470, 405, 271, 271, 271, 315, 315, 315, 315, 450, 450, 388, 413, 413, 413, 413, 76, 76, 239, 75, 75, 371, 445, 445, 213, 213, 213, 213, 213, 213, 246, 19, 19, 454, 454, 414, 414, 170, 170, 170, 392, 392, 392, 392, 63, 63, 63, 249, 392, 244, 101, 80, 201, 73, 289, 321, 321, 412, 83, 83, 301, 460, 460, 282, 36, 77, 342, 68, 115, 273, 470, 240, 464, 464, 486, 486, 486, 486, 486, 460, 460, 240, 240, 314, 34, 34, 180, 106, 84, 84, 84, 413, 413, 387, 348, 468, 467, 467, 242, 299, 168, 54, 434, 120, 399, 321, 321, 83, 145, 145, 486, 460, 215, 169, 150, 77, 342, 342, 224, 168, 267, 267, 267, 324, 464, 464, 464, 286, 264, 264, 264, 264, 264, 264, 264, 468, 468, 337, 337, 337, 324, 434, 3, 14, 14, 145, 145, 145, 486, 206, 428, 428, 146, 146, 358, 37, 349, 203, 414, 414, 442, 442, 442, 442, 442, 442, 442, 442, 442, 442, 80, 442, 321, 320, 7, 7, 7, 309, 309, 338, 338, 338, 473, 473, 476, 330, 171, 252]

