ep278
Train step Loss: [0.7596023082733154, 0.7630897760391235, 0.7693670988082886, 0.8084508180618286, 0.7754392027854919, 0.8753403425216675, 0.8181884288787842, 0.8108579516410828, 0.8347781896591187, 0.8350518345832825, 0.773792028427124, 0.7825664281845093, 0.8191088438034058, 0.8305677771568298, 0.8007552623748779, 0.833634614944458, 0.7956157326698303, 0.748321533203125, 0.8367950320243835, 0.8159226179122925, 0.8002249598503113, 0.8291310667991638, 0.799057126045227, 0.7096999883651733, 0.7929584980010986, 0.7708426117897034, 0.8028881549835205, 0.7911137938499451, 0.7725103497505188, 0.817144513130188, 0.7759622931480408, 0.8094779849052429, 0.7603376507759094, 0.8116524815559387, 0.7715314030647278, 0.7531858086585999, 0.7681369781494141, 0.824478805065155, 0.857873797416687, 0.7783110737800598, 0.7990189790725708, 0.9102259278297424, 0.78961181640625, 0.7335212826728821, 0.7342086434364319, 0.7675563097000122, 0.7911543250083923, 0.803511917591095, 0.7993553280830383, 0.8314772248268127, 0.8215966820716858, 0.7697763442993164, 0.8395254015922546, 0.7764402031898499, 0.7502305507659912, 0.6999469995498657, 0.7363060116767883, 0.8091523051261902, 0.7947461605072021, 0.7689127922058105, 0.7451460957527161, 0.705680251121521, 0.7442346811294556]
val step Loss: [0.8055403828620911, 0.802222490310669, 0.7606127858161926, 0.7095585465431213, 0.709264874458313, 0.7159996032714844, 0.7477710843086243, 0.7121945023536682, 0.6819900274276733, 0.71132493019104, 0.7152562737464905, 0.726306140422821, 0.7751402854919434, 0.7567057609558105, 0.8033596277236938, 0.7789615988731384]
Train step Accs: [0.8721203573107663, 0.8558295027162558, 0.8708741385564018, 0.8549443352979699, 0.8664265345940267, 0.8442859310972833, 0.8535282099638535, 0.8630608312689237, 0.8563797313797313, 0.8519952352590828, 0.8679212406342568, 0.8652858060372511, 0.8551693404634582, 0.8505139500734215, 0.8592270681359615, 0.8537005163511188, 0.8629749393694423, 0.8730998017184401, 0.8545426736004894, 0.8667811963142277, 0.8558424115803611, 0.8504007123775601, 0.8636231462634487, 0.877397575571582, 0.8661585365853659, 0.8654918180183421, 0.8602540834845736, 0.8568592057761732, 0.8704716336295284, 0.8514432522291069, 0.8610553484370519, 0.8603360567288423, 0.8722772277227723, 0.8598267821452366, 0.8707665973835432, 0.8752404154378767, 0.8669778296382731, 0.8491327751196173, 0.8535878643258906, 0.8579872688693544, 0.8587155963302753, 0.8271201544630923, 0.8690993788819876, 0.8795497734249379, 0.865654862282181, 0.8624068451559481, 0.8556918612320275, 0.8562126011967617, 0.8553744907552492, 0.8586780210867803, 0.8666755817063386, 0.8721946954240746, 0.8477842003853564, 0.8654683330992838, 0.872406317745432, 0.8868677198021382, 0.8727653631284916, 0.8616477272727273, 0.8655737704918033, 0.8679675259934482, 0.8685798381162619, 0.8806584362139918, 0.8722826086956522]
val step Accs: [0.852929238262752, 0.8606089438629876, 0.866875, 0.8799294645719782, 0.8731265766434189, 0.8711498973305954, 0.8726428370391218, 0.8764305177111716, 0.8895019157088122, 0.8820645905420992, 0.8782722513089005, 0.8781702193869613, 0.8665845016176243, 0.8696879643387816, 0.8535605430867276, 0.8532574320050601]
Preds: [17, 17, 296, 217, 217, 217, 473, 473, 65, 278, 278, 278, 301, 349, 349, 234, 261, 354, 354, 284, 405, 206, 460, 167, 35, 35, 401, 320, 354, 109, 109, 286, 286, 286, 468, 468, 406, 406, 337, 337, 337, 324, 324, 252, 116, 94, 94, 398, 324, 324, 301, 116, 10, 250, 250, 106, 153, 153, 153, 182, 182, 497, 43, 43, 32, 239, 144, 208, 106, 153, 153, 387, 387, 387, 413, 348, 413, 413, 303, 303, 303, 411, 411, 208, 208, 208, 208, 208, 208, 48, 48, 48, 170, 170, 392, 63, 63, 63, 63, 63, 63, 392, 63, 63, 73, 73, 244, 321, 7, 7, 398, 213, 301, 116, 10, 10, 10, 345, 395, 395, 395, 406, 88, 88, 467, 335, 335, 14, 53, 188, 171, 171, 171, 416, 416, 416, 32, 32, 354, 354, 331, 288, 403, 403, 403, 171, 171, 171, 252, 143, 143, 259, 75, 384, 371, 106, 84, 84, 293, 43, 43, 43, 43, 138, 276, 276, 276, 153, 153, 153, 182, 182, 98, 98, 197, 414, 170, 47, 392, 392, 392, 392, 392, 392, 73, 73, 73, 320, 320, 7, 241, 431, 486, 460, 460, 215, 215, 35, 35, 354, 346, 284, 206, 240, 240, 240, 24, 384, 34, 180, 180, 486, 460, 240, 240, 348, 348, 199, 345, 496, 496, 497, 122, 122, 36, 36, 68, 68, 68, 68, 323, 395, 444, 213, 213, 213, 213, 213, 213, 252, 454, 197, 80, 80, 80, 80, 209, 209, 287, 287, 460, 460, 240, 35, 35, 35, 75, 384, 114, 240, 171, 171, 171, 416, 416, 219, 219, 219, 152, 152, 41, 324, 246, 246, 3, 3, 454, 143, 401, 401, 244, 320, 7, 208, 473, 398, 398, 464, 139, 139, 387, 387, 313, 313, 236, 239, 239, 75, 384, 395, 180, 106, 106, 387, 387, 387, 167, 98, 82, 197, 170, 170, 392, 392, 392, 392, 392, 392, 392, 244, 392, 73, 73, 244, 244, 7, 63, 7, 473, 476, 476, 171, 252, 24, 239, 310, 310, 107, 107, 213, 324, 301, 143, 239, 77, 34, 420, 324, 301, 301, 24, 24, 34, 331, 374, 132, 43, 43, 8, 239, 208, 345, 345, 387, 313, 313, 236, 24, 239, 310, 107, 107, 107, 395, 213, 213, 213, 246, 246, 246, 19, 454, 17, 240, 240, 240, 240, 240, 240, 240, 240, 240, 240, 240, 240, 240, 240, 240, 240, 240, 240, 240, 240, 240, 240, 240, 240, 240, 240, 240, 240, 240, 240, 240, 240, 240, 240, 240, 240, 240, 240, 240, 240, 240, 240, 240, 240, 240, 240, 240, 240, 240, 240, 240, 240, 240, 240, 240, 240, 240, 240, 240, 240, 240, 240, 240, 240, 240, 240, 240, 240, 240, 240, 240, 240, 240, 240, 240, 240, 240, 240, 240, 240, 240, 240, 240, 240, 240, 240, 240, 240, 240, 240, 240, 240, 240, 240, 240, 240, 240, 240, 240, 240, 240, 240, 240, 240, 240, 240, 240, 240, 240, 240, 240, 240, 240, 240, 240, 240, 240, 240, 240, 240, 240, 240, 240, 240, 240, 240, 240, 240, 240, 240, 240, 240, 240, 240, 240, 240, 240, 240, 240, 240, 240, 240, 240, 240, 240, 240, 240, 240, 240, 240, 240, 240, 240, 240, 240, 240, 240, 240, 240, 240, 240, 240, 240, 240, 240, 240, 240, 240, 240, 240, 240, 240, 240, 240, 240, 240, 240, 240, 240, 240, 240, 240, 240, 240, 240, 240, 240, 240, 240, 240, 240, 240, 240, 240, 240, 240, 240, 240, 240, 240, 240, 240, 240, 240, 240, 240, 240, 240, 240, 240, 240, 240, 240, 240, 240, 240, 240]

ep279
Train step Loss: [0.7691003084182739, 0.8499270081520081, 0.7919833064079285, 0.8124555349349976, 0.7794908881187439, 0.7600990533828735, 0.8070037961006165, 0.7767049670219421, 0.7713115811347961, 0.8195131421089172, 0.7589987516403198, 0.8003174662590027, 0.7844225764274597, 0.8445284962654114, 0.7309914827346802, 0.7614303827285767, 0.7844277024269104, 0.7943100929260254, 0.7913768291473389, 0.789634108543396, 0.766569972038269, 0.8178046941757202, 0.7735505700111389, 0.8000648617744446, 0.7924059629440308, 0.7007042169570923, 0.8313103914260864, 0.7526945471763611, 0.7878668308258057, 0.8203792572021484, 0.8199191093444824, 0.8177053332328796, 0.7252803444862366, 0.8525112867355347, 0.7859140038490295, 0.8011212944984436, 0.8109530210494995, 0.7657110095024109, 0.7232571244239807, 0.7849622964859009, 0.8129151463508606, 0.7906015515327454, 0.8262527585029602, 0.789477527141571, 0.8172839879989624, 0.7044026255607605, 0.742658257484436, 0.7756007313728333, 0.7716172337532043, 0.7821654081344604, 0.7500916123390198, 0.810361921787262, 0.7486944794654846, 0.7854241728782654, 0.8168842196464539, 0.7436413168907166, 0.7984229326248169, 0.7371319532394409, 0.7949371933937073, 0.7566139698028564, 0.7727581262588501, 0.6865613460540771, 0.7726555466651917]
val step Loss: [0.7455466389656067, 0.7836424708366394, 0.7519224286079407, 0.7257366180419922, 0.7393949627876282, 0.7503980398178101, 0.7923826575279236, 0.6929507255554199, 0.7117941379547119, 0.7448437809944153, 0.6698565483093262, 0.6884243488311768, 0.7364568114280701, 0.7328425049781799, 0.7569106817245483, 0.7336387038230896]
Train step Accs: [0.8623693379790941, 0.8440043407487792, 0.8696944673823287, 0.8565494322902243, 0.8710564633554441, 0.8667419536984754, 0.8579914352811162, 0.8578414250785888, 0.8637956935403105, 0.8592712550607288, 0.8757335680751174, 0.8634067123782028, 0.8611679521485912, 0.8582024432809773, 0.8801364782673194, 0.863173007896626, 0.8624297314178638, 0.862494219207646, 0.8605108055009824, 0.8565509358479783, 0.8738332296204107, 0.8626126126126126, 0.8695014662756598, 0.8625680356259278, 0.8639192366201078, 0.8828793774319066, 0.8515297906602255, 0.8725259515570934, 0.8651395848246242, 0.8539237314843996, 0.8512319851231985, 0.8524955436720143, 0.8788894849785408, 0.8411645476322093, 0.871436716077537, 0.8587555788920976, 0.8509266720386784, 0.8631042296072508, 0.8819270398217767, 0.8591265848259207, 0.8542807725569328, 0.8599722029186936, 0.852184424106372, 0.8624777711914642, 0.8505816588608551, 0.8790066416401964, 0.8782647853497448, 0.8661037394451147, 0.8681903119160558, 0.8616860171630489, 0.8717448823283666, 0.8548884454924723, 0.8747619745129632, 0.8626506024096385, 0.8556995806328631, 0.8730181818181818, 0.8638537271448664, 0.8738433066008636, 0.8677638227226794, 0.868875326939843, 0.867814414940181, 0.8890892696122633, 0.8565482796892342]
val step Accs: [0.8680317040951123, 0.8618627597548213, 0.8730453630592971, 0.8751038033549244, 0.876001104667219, 0.8716236271890769, 0.8637878787878788, 0.8788057067215767, 0.8884852314010425, 0.8653706658929349, 0.8913385826771654, 0.8903461949062071, 0.8678875081752779, 0.8763352506162695, 0.8623227187583623, 0.8654828508878618]
Preds: [17, 17, 83, 301, 330, 330, 349, 349, 32, 32, 354, 354, 109, 264, 264, 264, 468, 468, 406, 406, 467, 134, 338, 338, 203, 399, 217, 473, 473, 65, 330, 171, 360, 434, 339, 76, 239, 239, 310, 107, 107, 395, 395, 213, 213, 324, 464, 464, 464, 145, 271, 240, 240, 385, 35, 77, 77, 232, 172, 232, 436, 196, 196, 217, 70, 473, 65, 264, 264, 264, 468, 468, 468, 468, 337, 285, 77, 219, 219, 477, 324, 301, 301, 251, 251, 251, 241, 431, 106, 496, 274, 43, 43, 8, 32, 32, 32, 208, 208, 441, 441, 153, 250, 122, 117, 48, 48, 48, 197, 197, 20, 80, 80, 80, 20, 320, 7, 219, 219, 398, 464, 464, 290, 330, 416, 8, 32, 32, 354, 354, 420, 264, 264, 264, 468, 406, 406, 406, 354, 250, 132, 117, 399, 217, 473, 473, 398, 324, 324, 252, 236, 32, 239, 310, 310, 107, 107, 107, 395, 286, 464, 464, 443, 443, 460, 240, 169, 35, 36, 77, 99, 99, 436, 224, 349, 278, 278, 145, 271, 271, 330, 330, 468, 468, 468, 337, 337, 337, 301, 143, 359, 359, 81, 355, 355, 355, 355, 263, 13, 229, 170, 170, 312, 187, 187, 20, 187, 187, 23, 2, 391, 391, 73, 73, 289, 320, 412, 83, 400, 285, 416, 416, 32, 32, 354, 354, 109, 264, 264, 468, 468, 406, 406, 175, 175, 399, 217, 217, 473, 473, 324, 324, 422, 236, 239, 310, 107, 107, 395, 464, 464, 443, 443, 240, 240, 385, 35, 77, 77, 342, 172, 115, 273, 36, 464, 464, 464, 171, 207, 207, 358, 24, 239, 239, 395, 34, 106, 496, 153, 43, 8, 8, 32, 32, 208, 354, 208, 250, 117, 117, 48, 13, 229, 170, 170, 47, 20, 47, 20, 47, 47, 20, 80, 73, 73, 289, 320, 320, 241, 114, 431, 486, 486, 240, 169, 150, 35, 77, 342, 342, 115, 224, 267, 267, 278, 324, 434, 434, 416, 395, 129, 401, 401, 401, 53, 473, 398, 398, 213, 374, 81, 464, 464, 464, 464, 315, 319, 319, 282, 388, 94, 10, 10, 479, 331, 331, 319, 319, 319, 319, 203, 53, 53, 212, 354, 32, 107, 331, 380, 355, 355, 355, 355, 263, 13, 229, 170, 170, 20, 187, 187, 47, 2, 2, 20, 47, 20, 28, 73, 20, 373, 66, 66, 172, 115, 273, 273, 106, 470, 470, 206, 206, 167, 215, 35, 36, 77, 99, 436, 473, 359, 401, 401, 188, 213, 213, 213, 422, 422, 31, 31, 342, 473, 384, 384, 384, 224, 196, 196, 338, 338, 199, 290, 290, 434, 434, 339, 10, 212, 239, 310, 107, 107, 395, 485, 485, 374, 374, 374, 337, 464, 464, 464, 180, 486, 355, 355, 452, 263, 263, 263, 225, 225, 80, 320, 7, 217, 473, 473, 65, 290, 171, 171, 252, 24, 24, 239, 310, 107, 107, 107, 395, 106, 496, 100, 375, 98, 98, 17, 240, 240, 240, 240, 240, 240, 240, 240, 240, 240, 240, 240, 240, 240, 240, 240, 240, 240, 240, 240, 240, 240, 240, 240, 240, 240, 240, 240, 240, 240, 240, 240, 240, 240, 240, 240, 240, 240, 240, 240, 240, 240, 240, 240, 240, 240, 240, 240, 240, 240, 240, 240, 240, 240, 240, 240, 240, 240, 240, 240, 240, 240, 240, 240, 240, 240, 240, 240, 240, 240, 240, 240, 240, 240, 240, 240, 240, 240, 240, 240, 240, 240, 240, 240, 240, 240, 240, 240, 240, 240, 240, 240, 240, 240, 240, 240, 240, 240, 240, 240, 240, 240, 240, 240, 240, 240, 240, 240, 240, 240, 240]

ep280
Train step Loss: [0.7962313890457153, 0.752561628818512, 0.8506924510002136, 0.7494076490402222, 0.801192581653595, 0.7870088219642639, 0.7860111594200134, 0.75424724817276, 0.7764084339141846, 0.7851663827896118, 0.8064448833465576, 0.7693329453468323, 0.7580738067626953, 0.8089704513549805, 0.7871661186218262, 0.7335936427116394, 0.8148641586303711, 0.7379218339920044, 0.8106213212013245, 0.7966629266738892, 0.7495877146720886, 0.7690402269363403, 0.8131903409957886, 0.7573146224021912, 0.7203314900398254, 0.8395086526870728, 0.7721472978591919, 0.7645295262336731, 0.7586793899536133, 0.7910411357879639, 0.8270409107208252, 0.7598442435264587, 0.6857697367668152, 0.7962416410446167, 0.757007360458374, 0.807789146900177, 0.7562215328216553, 0.7795032858848572, 0.8212780952453613, 0.849507212638855, 0.7333568930625916, 0.730854868888855, 0.7649664282798767, 0.7332928776741028, 0.7415280342102051, 0.8280191421508789, 0.7204124927520752, 0.805169939994812, 0.6921210289001465, 0.7156389355659485, 0.7714993357658386, 0.844118595123291, 0.8035873770713806, 0.7860352396965027, 0.6974794268608093, 0.7960323691368103, 0.7858041524887085, 0.8192511200904846, 0.7352665066719055, 0.7662293910980225, 0.6837185025215149, 0.74809730052948, 0.8088251352310181]
val step Loss: [0.6595139503479004, 0.7361728549003601, 0.7433834671974182, 0.7323696613311768, 0.6860326528549194, 0.7170151472091675, 0.7194404602050781, 0.7382189035415649, 0.7393620014190674, 0.7208811640739441, 0.7107919454574585, 0.7395143508911133, 0.7998537421226501, 0.6847079992294312, 0.7656912803649902, 0.7581318020820618]
Train step Accs: [0.8624312964759133, 0.8706555213374395, 0.854198344314918, 0.8713298791018999, 0.85661614092585, 0.8675668303327878, 0.8569268569268569, 0.8793316831683168, 0.8612481857764877, 0.8630817253121453, 0.8605482717520858, 0.8678565836856114, 0.8722362869198312, 0.8581424936386769, 0.8654774089779208, 0.8724092312215199, 0.8582834331337326, 0.8698869752421959, 0.8598888006354249, 0.8640137866207113, 0.8703512396694215, 0.8642311886586695, 0.8559270516717326, 0.8591240875912409, 0.8699025920422652, 0.8485964689444938, 0.8637112475662723, 0.8755286157316041, 0.8700938894874557, 0.8629458952039597, 0.8562672387373582, 0.8680114358322745, 0.8858536585365854, 0.868541530412034, 0.8688357905439756, 0.8521429630728162, 0.8713235294117647, 0.8739672525161484, 0.8613070924619384, 0.8466915948626239, 0.8772071926129921, 0.8770603357024044, 0.8693314955203308, 0.8842725487233721, 0.877252952144189, 0.8453418230563002, 0.8844322344322344, 0.8597552776657255, 0.8864547537227949, 0.8821281149671304, 0.8744611139851699, 0.8435863874345549, 0.857165887473803, 0.8640406607369758, 0.8825261780104712, 0.8601424361493124, 0.8586301369863014, 0.8507439553626782, 0.8762956901254774, 0.8689196108550947, 0.8896269078575466, 0.8712206047032475, 0.8584678804534525]
val step Accs: [0.8969634936881611, 0.8720023114706732, 0.8760775862068966, 0.8721702589128372, 0.8823778593617622, 0.8809812235009086, 0.879382889200561, 0.8742393509127789, 0.8755020080321285, 0.8713892709766162, 0.8828439838802533, 0.8659973226238287, 0.8588498879761016, 0.878685287064466, 0.8638926992836458, 0.8639639639639639]
Preds: [17, 17, 296, 473, 65, 443, 443, 443, 271, 150, 150, 342, 342, 342, 273, 106, 106, 426, 468, 413, 98, 164, 164, 129, 82, 20, 345, 345, 109, 278, 285, 285, 288, 288, 171, 171, 171, 252, 252, 116, 94, 199, 398, 324, 467, 116, 10, 10, 309, 331, 250, 88, 88, 346, 481, 481, 293, 293, 416, 8, 32, 239, 144, 354, 106, 106, 346, 481, 426, 494, 496, 88, 406, 406, 467, 413, 413, 413, 98, 98, 98, 48, 48, 20, 80, 20, 80, 20, 20, 320, 7, 217, 473, 473, 476, 324, 213, 252, 236, 314, 32, 239, 310, 310, 107, 107, 107, 400, 400, 213, 213, 213, 422, 143, 129, 401, 75, 108, 172, 172, 115, 162, 108, 464, 464, 180, 315, 319, 319, 450, 450, 43, 43, 276, 276, 276, 346, 319, 319, 428, 264, 264, 146, 146, 219, 219, 219, 219, 219, 477, 477, 416, 100, 43, 43, 43, 364, 364, 276, 276, 98, 98, 98, 17, 240, 240, 240, 240, 240, 240, 240, 240, 240, 240, 240, 240, 240, 240, 240, 240, 240, 240, 240, 240, 240, 240, 240, 240, 240, 240, 240, 240, 240, 240, 240, 240, 240, 240, 240, 240, 240, 240, 240, 240, 240, 240, 240, 240, 240, 240, 240, 240, 240, 240, 240, 240, 240, 240, 240, 240, 240, 240, 240, 240, 240, 240, 240, 240, 240, 240, 240, 240, 240, 240, 240, 240, 240, 240, 240, 240, 240, 240, 240, 240, 240, 240, 240, 240, 240, 240, 240, 240, 240, 240, 240, 240, 240, 240, 240, 240, 240, 240, 240, 240, 240, 240, 240, 240, 240, 240, 240, 240, 240, 240, 240, 240, 240, 240, 240, 240, 240, 240, 240, 240, 240, 240, 240, 240, 240, 240, 240, 240, 240, 240, 240, 240, 240, 240, 240, 240, 240, 240, 240, 240, 240, 240, 240, 240, 240, 240, 240, 240, 240, 240, 240, 240, 240, 240, 240, 240, 240, 240, 240, 240, 240, 240, 240, 240, 240, 240, 240, 240, 240, 240, 240, 240, 240, 240, 240, 240, 240, 240, 240, 240, 240, 240, 240, 240, 240, 240, 240, 240, 240, 240, 240, 240, 240, 240, 240, 240, 240, 240, 240, 240, 240, 240, 240, 240, 240, 240, 240, 240, 240, 240, 240, 240, 240, 240, 240, 240, 240, 240, 240, 240, 240, 240, 240, 240, 240, 240, 240, 240, 240, 240, 240, 240, 240, 240, 240, 240, 240, 240, 240, 240, 240, 240, 240, 240, 240, 240, 240, 240, 240, 240, 240, 240, 240, 240, 240, 240, 240, 240, 240, 240, 240, 240, 240, 240, 240, 240, 240, 240, 240, 240, 240, 240, 240, 240, 240, 240, 240, 240, 240, 240, 240, 240, 240, 240, 240, 240, 240, 240, 240, 240, 240, 240, 240, 240, 240, 240, 240, 240, 240, 240, 240, 240, 240, 240, 240, 240, 240, 240, 240, 240, 240, 240, 240, 240, 240, 240, 240, 240, 240, 240, 240, 240, 240, 240, 240, 240, 240, 240, 240, 240, 240, 240, 240, 240, 240, 240, 240, 240, 240, 240, 240, 240, 240, 240, 240, 240, 240, 240, 240, 240, 240, 240, 240, 240, 240, 240, 240, 240, 240, 240, 240, 240, 240, 240, 240, 240, 240, 240, 240, 240, 240, 240, 240, 240, 240, 240, 240, 240, 240, 240, 240, 240, 240, 240, 240, 240, 240, 240, 240, 240, 240, 240, 240, 240, 240, 240, 240, 240, 240, 240, 240, 240, 240, 240, 240, 240, 240, 240, 240, 240, 240, 240, 240, 240, 240, 240, 240, 240, 240, 240, 240, 240, 240, 240, 240, 240, 240, 240, 240, 240, 240, 240, 240, 240, 240, 240]

ep281
Train step Loss: [0.7471233606338501, 0.8049940466880798, 0.7540407180786133, 0.7803809642791748, 0.8200272917747498, 0.8089988827705383, 0.7703752517700195, 0.761734664440155, 0.7936521172523499, 0.7550647258758545, 0.7926042675971985, 0.770794689655304, 0.7501242756843567, 0.7378755211830139, 0.7855187654495239, 0.7910985946655273, 0.7778280973434448, 0.7142184376716614, 0.7278174757957458, 0.7906803488731384, 0.7576165199279785, 0.7912049293518066, 0.7166703343391418, 0.7819074988365173, 0.7863691449165344, 0.7085809111595154, 0.7650370597839355, 0.7554845809936523, 0.8051354289054871, 0.7676771283149719, 0.8011387586593628, 0.7355449795722961, 0.7072229385375977, 0.7670758366584778, 0.7743498086929321, 0.7924970984458923, 0.8122901320457458, 0.8101872801780701, 0.7503798007965088, 0.7599576115608215, 0.7060444951057434, 0.7687563300132751, 0.7680677175521851, 0.7518807053565979, 0.7841375470161438, 0.7802576422691345, 0.7930269837379456, 0.8065226078033447, 0.7390162348747253, 0.7180727124214172, 0.7709382176399231, 0.7930459976196289, 0.7661758065223694, 0.8465567827224731, 0.7021920680999756, 0.7479390501976013, 0.7274882793426514, 0.6578034162521362, 0.7947600483894348, 0.7778244614601135, 0.7521059513092041, 0.7198209762573242, 0.7913161516189575]
val step Loss: [0.697008490562439, 0.6872573494911194, 0.7076134085655212, 0.7319457530975342, 0.7078149914741516, 0.7338268756866455, 0.7143537402153015, 0.6808192133903503, 0.6668052077293396, 0.7531689405441284, 0.7717310786247253, 0.6924058794975281, 0.773206353187561, 0.7447251081466675, 0.7267642617225647, 0.7130797505378723]
Train step Accs: [0.8778720395899611, 0.8621917111619629, 0.8578947368421053, 0.8613760217983651, 0.856875, 0.8552178469830813, 0.8611607142857143, 0.8736358414704193, 0.8642364236423642, 0.8703125, 0.8660586552217453, 0.8744150943396226, 0.8678768745067088, 0.8749637786148943, 0.8653376729048007, 0.8570923865041512, 0.8656716417910447, 0.8781532603522132, 0.8715719063545151, 0.8666568871937802, 0.8680429397192403, 0.8554196105462691, 0.8795326349717969, 0.861857964027443, 0.8605708908406524, 0.8814640232912796, 0.867483660130719, 0.8715217045635236, 0.8641314380653499, 0.864908073541167, 0.8596211718888299, 0.8722680913064594, 0.8824869791666666, 0.8673233800215484, 0.8648725615833689, 0.8590994692689607, 0.8519676351599853, 0.8653041519150306, 0.8715324135884883, 0.8702000292013433, 0.8888888888888888, 0.8609879186419942, 0.863400252702513, 0.8644630293375813, 0.8636507936507937, 0.8605985424096759, 0.8589724043299284, 0.861099627945432, 0.8765714285714286, 0.8772788656313302, 0.868751870697396, 0.8655199374511336, 0.8687976461147519, 0.8498630136986302, 0.8913043478260869, 0.8745720936601397, 0.8738951090159104, 0.8935548377172743, 0.8550339533510481, 0.8653846153846154, 0.8795507358636716, 0.8789225589225589, 0.8518214187893728]
val step Accs: [0.8862944162436548, 0.8872919818456884, 0.8801120448179272, 0.8775296057562584, 0.8758716875871687, 0.875821375888427, 0.879544459045116, 0.8868531018964964, 0.8927602456090247, 0.8741945382019024, 0.8682733575437438, 0.8824233358264771, 0.8647928994082841, 0.875460687960688, 0.8730938878386894, 0.872250198780811]
Preds: [17, 17, 17, 17, 51, 172, 115, 115, 267, 444, 301, 301, 8, 354, 32, 278, 290, 271, 271, 271, 164, 164, 164, 164, 164, 420, 30, 301, 301, 8, 8, 354, 354, 470, 470, 403, 403, 403, 403, 403, 171, 207, 207, 207, 207, 19, 454, 197, 197, 244, 197, 7, 7, 420, 378, 378, 345, 345, 88, 109, 109, 443, 240, 240, 240, 35, 239, 239, 34, 219, 213, 213, 422, 143, 129, 321, 371, 108, 213, 213, 213, 422, 99, 338, 338, 338, 400, 400, 219, 324, 464, 464, 180, 443, 486, 486, 460, 240, 406, 406, 42, 42, 313, 236, 32, 32, 32, 244, 75, 384, 384, 371, 286, 286, 264, 264, 468, 468, 337, 337, 324, 324, 324, 422, 416, 164, 164, 164, 164, 395, 213, 213, 213, 213, 143, 401, 401, 244, 354, 354, 420, 213, 213, 286, 171, 171, 171, 171, 171, 3, 3, 454, 454, 414, 170, 47, 392, 392, 392, 392, 392, 392, 392, 244, 73, 73, 209, 287, 287, 284, 284, 284, 450, 293, 43, 43, 43, 276, 276, 276, 276, 297, 297, 297, 297, 182, 293, 98, 98, 14, 14, 259, 127, 437, 287, 100, 100, 481, 387, 122, 88, 406, 406, 467, 467, 106, 481, 293, 43, 43, 43, 276, 276, 276, 174, 109, 109, 403, 146, 207, 219, 219, 219, 219, 219, 219, 213, 213, 213, 213, 246, 246, 246, 246, 19, 454, 229, 47, 392, 392, 244, 80, 73, 244, 244, 7, 32, 7, 371, 374, 374, 132, 313, 285, 42, 496, 153, 497, 497, 497, 75, 349, 349, 234, 303, 261, 261, 25, 441, 441, 441, 153, 153, 182, 497, 497, 335, 14, 14, 14, 287, 145, 284, 284, 169, 215, 35, 35, 371, 441, 441, 138, 138, 153, 88, 88, 406, 467, 499, 387, 387, 122, 122, 35, 36, 66, 323, 196, 494, 236, 236, 401, 310, 310, 107, 384, 384, 338, 338, 374, 374, 374, 374, 132, 132, 413, 413, 413, 381, 303, 48, 48, 48, 170, 170, 170, 392, 392, 63, 63, 63, 63, 392, 392, 63, 63, 73, 244, 73, 73, 321, 287, 287, 284, 284, 460, 167, 167, 35, 35, 36, 323, 164, 164, 164, 35, 106, 153, 153, 153, 122, 346, 284, 284, 284, 206, 206, 215, 215, 35, 35, 371, 441, 441, 276, 138, 138, 153, 387, 387, 406, 406, 406, 406, 467, 106, 182, 182, 182, 387, 375, 98, 98, 197, 414, 170, 392, 47, 201, 201, 392, 244, 80, 80, 73, 7, 7, 7, 371, 420, 422, 143, 143, 458, 354, 345, 345, 100, 250, 274, 143, 129, 129, 259, 309, 445, 445, 219, 219, 485, 416, 374, 132, 132, 132, 337, 324, 236, 236, 239, 239, 384, 384, 371, 286, 286, 286, 264, 120, 120, 120, 120, 120, 385, 416, 416, 414, 170, 170, 392, 392, 392, 392, 63, 63, 392, 392, 392, 63, 73, 244, 73, 73, 209, 287, 287, 284, 460, 167, 167, 35, 35, 75, 371, 323, 436, 106, 106, 106, 284, 284, 405, 405, 206, 206, 215, 35, 35, 259, 371, 441, 441, 441, 138, 138, 153, 88, 88, 88, 406, 406, 467, 499, 481, 100, 182, 182, 182, 375, 375, 98, 98, 17, 17, 240, 240, 240, 240, 240, 240, 240, 240, 240, 240, 240, 240, 240, 240, 240, 240, 240, 240, 240, 240, 240, 240, 240, 240, 240, 240, 240, 240, 240, 240, 240, 240, 240, 240, 240, 240, 240, 240, 240, 240, 240, 240, 240, 240, 240, 240, 240, 240, 240, 240, 240, 240, 240, 240, 240, 240, 240, 240, 240, 240, 240, 240, 240, 240, 240, 240]

ep282
Train step Loss: [0.7376077771186829, 0.7481386065483093, 0.7403978109359741, 0.7754090428352356, 0.7263710498809814, 0.745246410369873, 0.7256194949150085, 0.7521793842315674, 0.718910813331604, 0.7782471179962158, 0.7622210383415222, 0.7734086513519287, 0.7800197005271912, 0.7931920289993286, 0.7330580949783325, 0.8013186454772949, 0.7124125957489014, 0.8354172110557556, 0.7443915009498596, 0.74482262134552, 0.7592943906784058, 0.6613137125968933, 0.7924250960350037, 0.7862711548805237, 0.8233540654182434, 0.7120176553726196, 0.6911748051643372, 0.7720703482627869, 0.7227281928062439, 0.7884499430656433, 0.7799909710884094, 0.7068662643432617, 0.7606922388076782, 0.7707657217979431, 0.7078237533569336, 0.7965162396430969, 0.8028889894485474, 0.7363574504852295, 0.726667582988739, 0.7295888066291809, 0.7084088325500488, 0.7352965474128723, 0.78275465965271, 0.6643945574760437, 0.7971577644348145, 0.7741877436637878, 0.7783614993095398, 0.782720685005188, 0.7629531025886536, 0.7843557596206665, 0.7892735004425049, 0.7867366671562195, 0.7702597975730896, 0.646043598651886, 0.7827281355857849, 0.7233219742774963, 0.7899468541145325, 0.7572256326675415, 0.8604047298431396, 0.7918858528137207, 0.7977165579795837, 0.8029752373695374, 0.7443247437477112]
val step Loss: [0.7168179750442505, 0.6905615329742432, 0.7401086688041687, 0.6904082894325256, 0.6843653917312622, 0.6998887062072754, 0.688422679901123, 0.7343825697898865, 0.6605522632598877, 0.7467610239982605, 0.7605055570602417, 0.713076114654541, 0.6934801340103149, 0.6972715258598328, 0.7560737133026123, 0.7406755685806274]
Train step Accs: [0.8765944367604118, 0.8753884860145035, 0.8696488696488697, 0.8709922504178697, 0.8811012102673228, 0.8763817530748871, 0.8765317201799286, 0.8732851985559567, 0.8766121526392767, 0.8672199170124482, 0.8668469615017499, 0.8645816276404127, 0.8607136984048677, 0.8587183308494784, 0.8820811227109362, 0.856139323869457, 0.8765905258316725, 0.8486005089058524, 0.8770392749244713, 0.878802206461781, 0.8704759190652608, 0.8944691671964399, 0.8530280649926145, 0.8706594456833386, 0.863671814069568, 0.8801281261549834, 0.8881057268722466, 0.8610905044510386, 0.8689164691117, 0.8671651288577792, 0.8693298487959679, 0.8809251493201169, 0.8699926632428466, 0.863769327204346, 0.8815767496241858, 0.863664596273292, 0.8617744741420212, 0.8808131032465634, 0.8747611347934735, 0.8786292241789624, 0.8847913862718708, 0.8777885548011639, 0.8651803082448002, 0.8948260132933663, 0.8611745513866231, 0.8669845445577112, 0.8684654300168634, 0.8609635464370764, 0.862030128114881, 0.861961171437973, 0.8652547575199508, 0.8740307242136064, 0.8745697896749522, 0.894636984568682, 0.8658231368186874, 0.8758738764445713, 0.8601398601398601, 0.8677475546027067, 0.8372870562012419, 0.862869869551384, 0.8639090622039786, 0.8667112076165024, 0.8774373259052924]
val step Accs: [0.8794817716179573, 0.8890502468777229, 0.8800794378246257, 0.8819615217705772, 0.8872132199582865, 0.8837684806542938, 0.8887573964497042, 0.8717158373697343, 0.8931460195828012, 0.8747606892150607, 0.8666485605649104, 0.8776567481402763, 0.8893215515950277, 0.8778165236051502, 0.8687539531941809, 0.8747404844290657]
Preds: [17, 17, 287, 287, 284, 460, 460, 460, 169, 169, 349, 234, 234, 234, 348, 155, 25, 138, 138, 138, 387, 387, 387, 348, 348, 10, 398, 398, 324, 324, 324, 324, 301, 3, 3, 285, 106, 354, 284, 284, 284, 319, 319, 85, 85, 376, 376, 376, 376, 460, 460, 169, 150, 150, 150, 342, 342, 224, 494, 26, 34, 34, 127, 114, 106, 284, 284, 284, 450, 450, 450, 413, 413, 348, 348, 250, 70, 65, 100, 297, 297, 297, 297, 182, 182, 375, 375, 98, 98, 98, 414, 414, 197, 80, 80, 320, 320, 7, 7, 398, 398, 398, 360, 360, 360, 464, 464, 464, 180, 315, 315, 460, 460, 169, 215, 35, 35, 29, 100, 100, 100, 497, 497, 43, 43, 138, 276, 276, 153, 153, 153, 497, 43, 43, 259, 276, 276, 276, 174, 387, 387, 319, 348, 348, 348, 348, 53, 479, 331, 331, 84, 84, 426, 426, 426, 426, 375, 375, 375, 98, 35, 229, 229, 247, 312, 312, 187, 23, 23, 23, 23, 391, 228, 289, 320, 320, 320, 219, 219, 219, 219, 152, 374, 374, 374, 139, 346, 186, 36, 99, 338, 338, 338, 400, 400, 400, 400, 324, 324, 339, 339, 339, 10, 398, 398, 398, 398, 398, 398, 213, 374, 374, 374, 374, 285, 374, 374, 374, 88, 132, 132, 132, 132, 132, 132, 98, 98, 98, 98, 414, 414, 414, 414, 82, 170, 244, 392, 392, 392, 392, 392, 392, 392, 392, 392, 392, 321, 321, 7, 7, 7, 7, 7, 309, 127, 114, 114, 443, 443, 443, 443, 460, 460, 240, 35, 35, 75, 139, 139, 139, 77, 395, 406, 406, 406, 313, 313, 313, 337, 337, 213, 213, 213, 246, 246, 246, 246, 246, 422, 246, 32, 239, 354, 354, 420, 286, 286, 286, 286, 286, 286, 286, 264, 264, 468, 468, 468, 468, 285, 34, 337, 337, 337, 171, 171, 171, 171, 171, 246, 246, 246, 246, 246, 301, 301, 24, 310, 310, 286, 286, 286, 286, 286, 264, 139, 374, 132, 132, 43, 43, 43, 43, 276, 345, 345, 346, 371, 371, 162, 349, 54, 54, 115, 273, 106, 106, 106, 153, 481, 88, 387, 387, 387, 375, 98, 98, 17, 240, 240, 240, 240, 240, 240, 240, 240, 240, 240, 240, 240, 240, 240, 240, 240, 240, 240, 240, 240, 240, 240, 240, 240, 240, 240, 240, 240, 240, 240, 240, 240, 240, 240, 240, 240, 240, 240, 240, 240, 240, 240, 240, 240, 240, 240, 240, 240, 240, 240, 240, 240, 240, 240, 240, 240, 240, 240, 240, 240, 240, 240, 240, 240, 240, 240, 240, 240, 240, 240, 240, 240, 240, 240, 240, 240, 240, 240, 240, 240, 240, 240, 240, 240, 240, 240, 240, 240, 240, 240, 240, 240, 240, 240, 240, 240, 240, 240, 240, 240, 240, 240, 240, 240, 240, 240, 240, 240, 240, 240, 240, 240, 240, 240, 240, 240, 240, 240, 240, 240, 240, 240, 240, 240, 240, 240, 240, 240, 240, 240, 240, 240, 240, 240, 240, 240, 240, 240, 240, 240, 240, 240, 240, 240, 240, 240, 240, 240, 240, 240, 240, 240, 240, 240, 240, 240, 240, 240, 240, 240, 240, 240, 240, 240, 240, 240, 240, 240, 240, 240, 240, 240, 240, 240, 240, 240, 240, 240, 240, 240, 240, 240, 240, 240, 240, 240, 240, 240, 240, 240, 240, 240, 240, 240, 240, 240, 240, 240, 240, 240, 240, 240, 240, 240, 240, 240, 240, 240, 240, 240, 240, 240, 240, 240, 240, 240, 240, 240, 240, 240, 240, 240, 240, 240, 240, 240, 240, 240, 240, 240, 240, 240, 240]

ep283
Train step Loss: [0.6994170546531677, 0.7095212936401367, 0.7792842388153076, 0.7676019072532654, 0.7702456116676331, 0.708702564239502, 0.7462354898452759, 0.7484684586524963, 0.7758693099021912, 0.7613423466682434, 0.7513135075569153, 0.7808489799499512, 0.733528196811676, 0.8215997815132141, 0.7493069767951965, 0.700849711894989, 0.6352408528327942, 0.7391146421432495, 0.7689859867095947, 0.7813622951507568, 0.7555103302001953, 0.8082959055900574, 0.7823318243026733, 0.7935453653335571, 0.8057065606117249, 0.7667976021766663, 0.8249088525772095, 0.7706053256988525, 0.7705336213111877, 0.686570942401886, 0.7375512719154358, 0.7432953119277954, 0.7490367293357849, 0.7047374844551086, 0.7520129680633545, 0.7698268294334412, 0.7566317319869995, 0.7762364149093628, 0.7663700580596924, 0.7621252536773682, 0.7203934192657471, 0.7301138043403625, 0.7424614429473877, 0.7302415370941162, 0.7083603143692017, 0.6920900344848633, 0.7980735898017883, 0.7414995431900024, 0.671576976776123, 0.753259003162384, 0.7722105979919434, 0.8013426065444946, 0.7152364253997803, 0.7534822225570679, 0.8050401210784912, 0.713411271572113, 0.76860111951828, 0.760816752910614, 0.7348100543022156, 0.6753299832344055, 0.7240001559257507, 0.7437129020690918, 0.7092794179916382]
val step Loss: [0.6371068954467773, 0.6798056364059448, 0.7755570411682129, 0.7548320293426514, 0.6833364367485046, 0.7081614136695862, 0.6901636719703674, 0.7259927988052368, 0.6815064549446106, 0.7334995865821838, 0.7176145911216736, 0.7139267921447754, 0.6634083390235901, 0.7458123564720154, 0.6807989478111267, 0.6591200232505798]
Train step Accs: [0.8836928848988342, 0.8857051384664639, 0.8679968076616121, 0.8676510067114094, 0.8681701225972454, 0.8779931584948689, 0.8718631711762231, 0.8704028021015762, 0.8704203013481364, 0.8739061827571367, 0.8718782325993794, 0.8664246823956443, 0.8809523809523809, 0.8544397891606974, 0.8846951472418084, 0.8860266398592611, 0.8943203573707722, 0.8758911211924821, 0.8714921024382764, 0.8698354661791591, 0.8718322940161868, 0.8564755154639175, 0.8684830137907837, 0.862597628001157, 0.8630042918454935, 0.8693086003372681, 0.858647096362476, 0.8745980707395499, 0.8719181268413707, 0.8825132475397426, 0.8753532649114979, 0.871, 0.8670352817272249, 0.8832275050332972, 0.8663055872291904, 0.8689172203268091, 0.8817733990147784, 0.8663383152173914, 0.8711858529819695, 0.8676668590113483, 0.877258146209691, 0.8814456373809164, 0.8713198809130003, 0.8786945812807881, 0.8857731958762887, 0.8867246029367696, 0.8580312722103767, 0.8772091593668357, 0.8949970041941282, 0.8756110809342749, 0.8634397870924817, 0.8591867469879518, 0.8729591043383611, 0.8719338277239019, 0.8620052770448549, 0.8795162278015921, 0.8690984170681348, 0.8680492936579501, 0.8695421601555595, 0.88427734375, 0.8687867067755336, 0.8660512105904895, 0.8773752216873575]
val step Accs: [0.8962008141112618, 0.8823958029728942, 0.8629932985852569, 0.8753597122302158, 0.8856853086062011, 0.8843475628216773, 0.8878718535469108, 0.8731182795698925, 0.8860981308411215, 0.8796246648793565, 0.876775833707193, 0.8743155149934811, 0.8914764788076386, 0.8694885361552028, 0.8843859917418565, 0.8922544353093899]
Preds: [17, 17, 7, 479, 398, 213, 213, 434, 339, 411, 10, 250, 473, 331, 109, 288, 403, 403, 171, 171, 416, 143, 32, 32, 32, 32, 354, 473, 331, 264, 264, 264, 264, 264, 171, 171, 178, 143, 458, 259, 144, 354, 100, 100, 497, 43, 43, 76, 129, 259, 354, 346, 319, 319, 428, 264, 146, 285, 285, 285, 34, 34, 324, 324, 422, 236, 129, 259, 321, 473, 106, 106, 100, 100, 182, 182, 182, 375, 98, 98, 98, 13, 170, 392, 392, 392, 73, 73, 73, 321, 287, 287, 284, 111, 240, 251, 251, 251, 241, 431, 444, 428, 428, 146, 146, 146, 271, 150, 150, 342, 68, 224, 224, 494, 458, 196, 77, 129, 129, 401, 321, 208, 441, 441, 153, 387, 387, 387, 319, 348, 348, 10, 10, 10, 309, 398, 398, 213, 213, 213, 213, 213, 3, 3, 14, 14, 411, 53, 145, 443, 443, 240, 240, 271, 150, 77, 164, 68, 68, 68, 354, 219, 219, 213, 213, 213, 252, 286, 286, 120, 120, 120, 37, 271, 314, 77, 310, 310, 170, 170, 392, 392, 244, 392, 392, 73, 244, 244, 244, 7, 309, 309, 398, 398, 398, 464, 139, 496, 496, 387, 313, 313, 236, 236, 239, 321, 473, 107, 395, 180, 106, 106, 481, 481, 293, 293, 293, 293, 293, 14, 70, 287, 287, 481, 293, 215, 215, 175, 436, 467, 437, 437, 206, 206, 167, 285, 251, 219, 219, 324, 324, 251, 251, 251, 374, 374, 374, 132, 43, 43, 43, 8, 239, 148, 208, 276, 276, 153, 153, 350, 413, 413, 413, 413, 381, 208, 208, 48, 229, 17, 240, 240, 240, 240, 240, 240, 240, 240, 240, 240, 240, 240, 240, 240, 240, 240, 240, 240, 240, 240, 240, 240, 240, 240, 240, 240, 240, 240, 240, 240, 240, 240, 240, 240, 240, 240, 240, 240, 240, 240, 240, 240, 240, 240, 240, 240, 240, 240, 240, 240, 240, 240, 240, 240, 240, 240, 240, 240, 240, 240, 240, 240, 240, 240, 240, 240, 240, 240, 240, 240, 240, 240, 240, 240, 240, 240, 240, 240, 240, 240, 240, 240, 240, 240, 240, 240, 240, 240, 240, 240, 240, 240, 240, 240, 240, 240, 240, 240, 240, 240, 240, 240, 240, 240, 240, 240, 240, 240, 240, 240, 240, 240, 240, 240, 240, 240, 240, 240, 240, 240, 240, 240, 240, 240, 240, 240, 240, 240, 240, 240, 240, 240, 240, 240, 240, 240, 240, 240, 240, 240, 240, 240, 240, 240, 240, 240, 240, 240, 240, 240, 240, 240, 240, 240, 240, 240, 240, 240, 240, 240, 240, 240, 240, 240, 240, 240, 240, 240, 240, 240, 240, 240, 240, 240, 240, 240, 240, 240, 240, 240, 240, 240, 240, 240, 240, 240, 240, 240, 240, 240, 240, 240, 240, 240, 240, 240, 240, 240, 240, 240, 240, 240, 240, 240, 240, 240, 240, 240, 240, 240, 240, 240, 240, 240, 240, 240, 240, 240, 240, 240, 240, 240, 240, 240, 240, 240, 240, 240, 240, 240, 240, 240, 240, 240, 240, 240, 240, 240, 240, 240, 240, 240, 240, 240, 240, 240, 240, 240, 240, 240, 240, 240, 240, 240, 240, 240, 240, 240, 240, 240, 240, 240, 240, 240, 240, 240, 240, 240, 240, 240, 240, 240, 240, 240, 240, 240, 240, 240, 240, 240, 240, 240, 240, 240, 240, 240, 240, 240, 240, 240, 240, 240, 240, 240, 240, 240, 240, 240, 240, 240, 240, 240, 240, 240, 240, 240, 240, 240, 240, 240, 240, 240, 240, 240, 240, 240, 240, 240, 240, 240, 240, 240, 240, 240, 240, 240, 240, 240, 240, 240]

ep284
Train step Loss: [0.6856252551078796, 0.6584210991859436, 0.7174007296562195, 0.7667713165283203, 0.7718418836593628, 0.738764226436615, 0.7769248485565186, 0.7682641744613647, 0.7298221588134766, 0.7458128333091736, 0.6973069906234741, 0.6890875697135925, 0.7151520252227783, 0.7418830990791321, 0.7145892381668091, 0.7203246355056763, 0.7633929252624512, 0.7731838822364807, 0.7926993370056152, 0.7750524878501892, 0.6790715456008911, 0.7078739404678345, 0.7425591945648193, 0.7801842093467712, 0.7804311513900757, 0.6852505803108215, 0.7914623022079468, 0.7769567370414734, 0.812140166759491, 0.7530719637870789, 0.7692727446556091, 0.7501445412635803, 0.7394135594367981, 0.7472262978553772, 0.7258507609367371, 0.7377512454986572, 0.6804620027542114, 0.7310512065887451, 0.7409474849700928, 0.7436115741729736, 0.7552855610847473, 0.6867355704307556, 0.7212920188903809, 0.7194862365722656, 0.7247825860977173, 0.747539758682251, 0.745342493057251, 0.7770363092422485, 0.7117897868156433, 0.787880003452301, 0.7606232762336731, 0.7143553495407104, 0.6961947083473206, 0.732859194278717, 0.7147049903869629, 0.7282326817512512, 0.7621005177497864, 0.7562997341156006, 0.7142559885978699, 0.7896361947059631, 0.7564345002174377, 0.7761765718460083, 0.7846980690956116]
val step Loss: [0.7210656404495239, 0.6632461547851562, 0.6941787600517273, 0.7418233752250671, 0.682795524597168, 0.6657220721244812, 0.7414031028747559, 0.6725267767906189, 0.6883494853973389, 0.6982864141464233, 0.6689892411231995, 0.7229729294776917, 0.7462047934532166, 0.6897455453872681, 0.6722496151924133, 0.7285513281822205]
Train step Accs: [0.8802091342457328, 0.8907159487776485, 0.8811568799298861, 0.8678515121112226, 0.8756225985484559, 0.8719402985074627, 0.8619444008167112, 0.8635922330097088, 0.8760365425158116, 0.8718630056096841, 0.88765359859567, 0.8869740723490142, 0.8831839174137462, 0.876647976966207, 0.8811758455817248, 0.88, 0.8741976893453145, 0.8642469276936268, 0.8621688142464167, 0.8696534234995773, 0.8890417239798257, 0.880388978930308, 0.8702508960573476, 0.8652282157676349, 0.868416478359117, 0.8858881139634961, 0.8596297319701575, 0.8578033062482489, 0.8614475201845444, 0.8673778060818341, 0.865612016618728, 0.8729281767955801, 0.875558867362146, 0.8783830078794107, 0.8737031401300318, 0.8777260831637104, 0.8904662672570982, 0.8752973156642881, 0.8755526445063042, 0.8702465524446301, 0.8696300715990454, 0.8923599870508255, 0.8809419335966067, 0.8775448650278993, 0.8798166694958411, 0.8733992543361971, 0.8771207379344425, 0.8598394768133175, 0.882146860986547, 0.8619912688353752, 0.8638822493395396, 0.883538633818589, 0.888819331413547, 0.882612116443745, 0.8732590529247911, 0.8844615138422147, 0.8749797832767265, 0.8740853237608726, 0.885014409221902, 0.8591285334999219, 0.8698259470528009, 0.8651634382566586, 0.8610644257703082]
val step Accs: [0.8768356229275225, 0.8876953125, 0.8866525423728814, 0.8660863742885838, 0.886000911992704, 0.88773163803598, 0.8759262178779758, 0.8901204819277109, 0.8877922866686911, 0.8887694787748522, 0.8906011384145495, 0.8737995401055052, 0.8785702888144248, 0.8876998103494987, 0.880920564216778, 0.8741413693773543]
Preds: [17, 17, 287, 287, 284, 284, 284, 293, 88, 88, 276, 174, 174, 346, 284, 284, 428, 428, 428, 111, 146, 146, 438, 252, 186, 342, 342, 35, 224, 273, 494, 168, 290, 337, 324, 324, 464, 464, 324, 422, 422, 349, 303, 261, 25, 437, 437, 284, 405, 405, 206, 206, 169, 150, 150, 54, 232, 168, 168, 494, 301, 303, 259, 354, 65, 65, 84, 315, 315, 315, 315, 468, 468, 450, 450, 413, 43, 43, 8, 259, 354, 109, 109, 467, 313, 313, 116, 94, 479, 331, 284, 284, 284, 426, 426, 450, 450, 203, 413, 413, 109, 299, 324, 324, 324, 324, 422, 416, 26, 26, 26, 107, 431, 431, 486, 443, 443, 240, 240, 120, 282, 282, 282, 282, 282, 388, 388, 303, 303, 212, 34, 77, 183, 310, 310, 338, 338, 338, 338, 338, 338, 338, 338, 303, 48, 48, 414, 414, 170, 244, 392, 392, 392, 392, 244, 392, 392, 244, 244, 321, 321, 320, 188, 188, 188, 188, 434, 434, 434, 339, 195, 94, 94, 94, 76, 76, 239, 259, 354, 420, 420, 213, 324, 464, 464, 464, 330, 330, 330, 203, 399, 473, 473, 337, 288, 288, 171, 171, 252, 143, 143, 310, 310, 371, 371, 395, 494, 494, 180, 285, 34, 443, 443, 315, 264, 282, 282, 450, 203, 43, 43, 43, 364, 276, 174, 174, 331, 387, 122, 413, 452, 53, 48, 48, 48, 417, 417, 170, 170, 47, 47, 392, 392, 392, 244, 320, 320, 320, 7, 7, 188, 188, 278, 434, 301, 76, 239, 208, 441, 441, 441, 153, 374, 374, 313, 313, 285, 34, 496, 496, 319, 169, 36, 349, 323, 323, 482, 496, 100, 100, 497, 497, 43, 458, 441, 441, 153, 153, 387, 387, 387, 122, 122, 467, 467, 337, 337, 207, 207, 19, 19, 454, 414, 414, 414, 80, 80, 80, 47, 80, 80, 80, 75, 75, 234, 155, 345, 437, 437, 437, 486, 460, 169, 150, 77, 342, 342, 168, 267, 290, 464, 464, 464, 464, 443, 240, 169, 169, 349, 24, 354, 437, 437, 284, 284, 405, 206, 175, 175, 81, 431, 264, 403, 403, 207, 207, 19, 454, 454, 229, 229, 247, 312, 23, 23, 23, 23, 23, 391, 392, 244, 80, 321, 320, 7, 7, 309, 42, 380, 380, 380, 331, 139, 139, 139, 139, 36, 36, 150, 342, 342, 342, 224, 273, 267, 162, 324, 464, 464, 464, 171, 171, 171, 252, 416, 416, 464, 464, 464, 464, 264, 264, 330, 468, 468, 203, 413, 250, 94, 76, 239, 144, 144, 27, 27, 302, 496, 496, 98, 98, 98, 48, 197, 414, 414, 244, 321, 320, 7, 219, 213, 213, 213, 213, 213, 301, 301, 8, 467, 384, 180, 180, 443, 355, 355, 355, 355, 355, 263, 263, 263, 414, 414, 414, 170, 170, 80, 80, 80, 80, 320, 320, 320, 7, 345, 345, 153, 43, 43, 43, 43, 345, 345, 345, 387, 387, 274, 122, 186, 310, 99, 338, 338, 338, 338, 338, 338, 338, 116, 117, 117, 197, 321, 321, 225, 83, 83, 55, 150, 150, 150, 150, 342, 342, 342, 168, 267, 290, 324, 464, 464, 464, 443, 171, 236, 416, 349, 395, 354, 437, 284, 284, 405, 405, 206, 293, 175, 175, 241, 431, 431, 443, 443, 403, 207, 358, 143, 454, 414, 414, 414, 13, 292, 201, 201, 201, 201, 7, 7, 7, 219, 219, 219, 464, 464, 464, 271, 271, 271, 330, 150, 150, 282, 203, 203, 53, 53, 473, 398, 398, 398, 434, 434, 434, 434, 434, 219, 219, 219, 219, 219, 464, 464, 374, 374, 374, 374, 132, 132, 132]

ep285
Train step Loss: [0.7399152517318726, 0.7242242693901062, 0.6922681927680969, 0.7473873496055603, 0.7465105056762695, 0.6756458878517151, 0.7304978966712952, 0.6270436644554138, 0.7361800670623779, 0.7348350882530212, 0.6883705854415894, 0.7813067436218262, 0.7652212381362915, 0.7402429580688477, 0.7756273150444031, 0.6872147917747498, 0.7564563751220703, 0.7175516486167908, 0.75145024061203, 0.7655923962593079, 0.6788547039031982, 0.7400376796722412, 0.7034780979156494, 0.6745302081108093, 0.6992412209510803, 0.7160699367523193, 0.745833158493042, 0.7684517502784729, 0.6640897393226624, 0.7276609539985657, 0.7180522084236145, 0.7839191555976868, 0.7781361937522888, 0.7755531668663025, 0.734314501285553, 0.7743982076644897, 0.7866979241371155, 0.7778353691101074, 0.792228102684021, 0.7076331973075867, 0.7646927833557129, 0.7677199840545654, 0.6697152853012085, 0.6983538866043091, 0.7787206172943115, 0.7669121026992798, 0.690838098526001, 0.712848961353302, 0.7728793025016785, 0.7549238801002502, 0.7420477271080017, 0.7064657211303711, 0.7101874947547913, 0.7339745759963989, 0.727973997592926, 0.7834899425506592, 0.7023497819900513, 0.6741172075271606, 0.720568060874939, 0.6970579028129578, 0.7807601690292358, 0.7569481730461121, 0.8157842755317688]
val step Loss: [0.7207580208778381, 0.7513589262962341, 0.6308375597000122, 0.6592628955841064, 0.6300667524337769, 0.6777405738830566, 0.6516884565353394, 0.6455544233322144, 0.6814190149307251, 0.7094714045524597, 0.6980305314064026, 0.7267316579818726, 0.7166169881820679, 0.6861993670463562, 0.7037981748580933, 0.7691197991371155]
Train step Accs: [0.8712066211703209, 0.8804673930206853, 0.8923436155831388, 0.8828270303781773, 0.8799653329481438, 0.8944474248927039, 0.8818409794955008, 0.8963881794965342, 0.8772506654141224, 0.8734394506866417, 0.8860919701870341, 0.865112540192926, 0.8742657342657343, 0.8799108386737253, 0.864841745081266, 0.8891412349183818, 0.873678715907608, 0.8801689248636284, 0.8719321731369924, 0.8703310051624659, 0.8886386034070112, 0.8715166985747713, 0.8779012749264465, 0.8976589484456953, 0.8814849332090712, 0.8767377201112141, 0.8752986144290492, 0.8687791239515378, 0.8932364449413079, 0.8725359419001038, 0.8767028078954684, 0.8644793152639088, 0.8724147975531605, 0.8661267270128633, 0.8756180469715699, 0.8666470415072123, 0.8635564786707142, 0.8650468384074942, 0.8652535957607873, 0.8870056497175142, 0.8687331962675945, 0.8583545377438507, 0.8919389978213508, 0.873024523160763, 0.8712366836498379, 0.8678178484107579, 0.8889063977308541, 0.8854151305117239, 0.8646481178396072, 0.878946602648043, 0.8691422085292687, 0.8803069888961463, 0.8792286874154263, 0.8713440405748099, 0.8779035139964264, 0.8689446960340332, 0.8799052273063823, 0.8943206326383897, 0.8786938775510205, 0.8870460394623964, 0.8658815257514502, 0.8717322608445849, 0.8492239467849224]
val step Accs: [0.8787922152261018, 0.8708983324367939, 0.8942821883998354, 0.890669628689305, 0.9025082820634169, 0.8910750826381237, 0.8957030730344553, 0.8936209102540669, 0.8829234012649333, 0.8824470211915234, 0.884362856760016, 0.8773818181818182, 0.8802366485449312, 0.8907910271546635, 0.8716945704897512, 0.8707616707616708]
Preds: [17, 17, 17, 317, 317, 317, 317, 317, 317, 461, 461, 461, 461, 461, 461, 461, 461, 461, 461, 461, 461, 7, 102, 102, 102, 102, 102, 102, 102, 102, 102, 102, 102, 102, 102, 412, 461, 63, 63, 63, 63, 63, 63, 63, 63, 461, 63, 63, 63, 63, 63, 63, 63, 63, 63, 63, 244, 40, 249, 249, 412, 70, 70, 63, 63, 63, 63, 63, 63, 63, 63, 63, 63, 63, 63, 63, 63, 63, 63, 63, 63, 63, 63, 63, 63, 63, 63, 63, 63, 63, 63, 63, 63, 63, 63, 63, 63, 63, 63, 63, 63, 63, 63, 63, 63, 73, 73, 244, 209, 287, 287, 481, 293, 293, 122, 349, 8, 144, 354, 106, 106, 387, 387, 387, 387, 313, 406, 406, 406, 406, 250, 250, 250, 250, 132, 132, 132, 132, 138, 138, 138, 117, 117, 48, 414, 414, 197, 197, 197, 197, 197, 197, 80, 80, 82, 287, 287, 284, 284, 206, 167, 167, 35, 35, 77, 342, 342, 115, 267, 267, 324, 301, 301, 399, 217, 217, 473, 473, 65, 264, 264, 264, 264, 468, 468, 468, 337, 337, 324, 324, 252, 24, 384, 371, 371, 324, 301, 116, 251, 241, 431, 34, 496, 274, 43, 8, 8, 208, 345, 345, 88, 132, 313, 236, 77, 77, 239, 310, 107, 395, 213, 213, 213, 213, 213, 246, 19, 454, 143, 414, 414, 414, 126, 187, 187, 391, 391, 244, 73, 73, 244, 320, 188, 219, 152, 152, 301, 378, 43, 43, 276, 276, 276, 276, 153, 276, 346, 182, 182, 387, 387, 387, 387, 387, 387, 167, 335, 416, 76, 219, 219, 152, 152, 132, 42, 42, 364, 148, 148, 42, 42, 364, 276, 276, 276, 153, 153, 497, 497, 215, 129, 259, 354, 354, 106, 284, 486, 460, 468, 406, 467, 139, 206, 206, 169, 150, 150, 342, 68, 115, 273, 273, 428, 428, 428, 146, 146, 146, 358, 37, 349, 35, 36, 107, 436, 427, 225, 229, 82, 247, 126, 126, 126, 326, 23, 23, 101, 149, 149, 228, 412, 287, 284, 206, 206, 240, 314, 314, 32, 406, 354, 109, 420, 324, 422, 24, 239, 384, 371, 324, 301, 301, 399, 217, 217, 473, 398, 213, 213, 213, 236, 24, 239, 310, 310, 107, 213, 213, 213, 213, 213, 246, 19, 19, 454, 414, 414, 414, 414, 80, 80, 80, 80, 80, 209, 209, 287, 287, 284, 319, 428, 85, 146, 146, 146, 358, 37, 143, 143, 35, 458, 445, 445, 445, 445, 445, 219, 416, 349, 374, 374, 132, 132, 132, 132, 132, 335, 14, 14, 14, 411, 411, 145, 284, 284, 284, 284, 450, 450, 206, 206, 175, 452, 452, 452, 197, 414, 414, 414, 414, 414, 170, 187, 187, 187, 187, 187, 187, 392, 392, 63, 63, 63, 63, 63, 63, 63, 73, 73, 73, 244, 209, 83, 83, 443, 438, 416, 8, 8, 8, 354, 109, 264, 84, 84, 406, 406, 42, 42, 81, 331, 331, 132, 117, 217, 217, 473, 473, 278, 278, 252, 252, 236, 24, 239, 310, 107, 107, 213, 213, 213, 213, 213, 246, 246, 454, 454, 414, 414, 197, 80, 80, 80, 80, 82, 287, 287, 460, 206, 240, 167, 35, 35, 77, 342, 342, 35, 224, 224, 213, 213, 213, 324, 324, 3, 3, 14, 14, 14, 411, 287, 481, 387, 387, 497, 416, 406, 239, 144, 27, 106, 387, 387, 387, 313, 35, 413, 406, 406, 250, 250, 250, 413, 413, 381, 381, 208, 208, 208, 117, 117, 48, 229, 414, 247, 312, 126, 23, 23, 149, 149, 149, 228, 73, 244, 209, 287, 284, 460, 460]

ep286
Train step Loss: [0.7348793148994446, 0.6498664021492004, 0.7251792550086975, 0.729353129863739, 0.7415214776992798, 0.6869236826896667, 0.7414414286613464, 0.7730025053024292, 0.7091441750526428, 0.6673144698143005, 0.7495050430297852, 0.6989624500274658, 0.6979358792304993, 0.7163257598876953, 0.7091756463050842, 0.7025570273399353, 0.7790908217430115, 0.7736538648605347, 0.7274267077445984, 0.7705026865005493, 0.6738443970680237, 0.7199644446372986, 0.7582709193229675, 0.7319343090057373, 0.7044019103050232, 0.6649651527404785, 0.7126022577285767, 0.7917828559875488, 0.7689954042434692, 0.7159258723258972, 0.6927681565284729, 0.7543036341667175, 0.7913634181022644, 0.7429763674736023, 0.7088629603385925, 0.7586290240287781, 0.6751689910888672, 0.8443370461463928, 0.7738844752311707, 0.7417247891426086, 0.66103196144104, 0.7144545912742615, 0.7092865705490112, 0.7145645022392273, 0.7786092758178711, 0.7708122730255127, 0.7285553812980652, 0.7245369553565979, 0.7345951795578003, 0.7448897361755371, 0.7020655274391174, 0.7198102474212646, 0.7278940677642822, 0.7680766582489014, 0.7909038066864014, 0.7166673541069031, 0.617810845375061, 0.6800664663314819, 0.675336480140686, 0.715944230556488, 0.7411447167396545, 0.7138131856918335, 0.717686116695404]
val step Loss: [0.6933030486106873, 0.6536757946014404, 0.6692202091217041, 0.6624280214309692, 0.7021617889404297, 0.7673167586326599, 0.6716375350952148, 0.7484753131866455, 0.6207310557365417, 0.6760231852531433, 0.6720535159111023, 0.7084448337554932, 0.6786324381828308, 0.6333028078079224, 0.6578477025032043, 0.728380024433136]
Train step Accs: [0.8712839974699558, 0.9000280033604032, 0.8811004333898624, 0.8730505757178254, 0.8767245215843347, 0.8858938547486034, 0.8724093264248705, 0.8692604276200491, 0.8867010974822466, 0.8861209964412812, 0.8734736842105263, 0.8869618134793854, 0.8788982111761913, 0.8737279633080121, 0.8883501339798392, 0.8838425543627856, 0.868610054921842, 0.8655398203136897, 0.876299224125311, 0.8711645101663585, 0.8854073410922113, 0.8784606322403299, 0.8657423063916131, 0.8742493818438715, 0.884360599078341, 0.8938356164383562, 0.8841169379144063, 0.8633978107662318, 0.8597133272339128, 0.8751539408866995, 0.8889380530973451, 0.8725745728352158, 0.862800875273523, 0.8757897981198952, 0.8783189197390381, 0.8702582084794389, 0.8979180658159839, 0.8497363796133568, 0.8655090765588003, 0.8766584050153083, 0.8923969072164949, 0.8784351762043323, 0.8867151956323931, 0.8812039705411463, 0.8679721109627652, 0.8688669515249742, 0.878552544613351, 0.8804978079479564, 0.875648436342078, 0.8770393951452448, 0.880244399185336, 0.8812331297059242, 0.8810592459605027, 0.8620591581342435, 0.8630568235479301, 0.8789015606242497, 0.8975880304398297, 0.8858654572940288, 0.8852435112277632, 0.8797289666854884, 0.8691334294409739, 0.8745152784240732, 0.8788522848034006]
val step Accs: [0.8814218272702027, 0.8941313528469492, 0.8852187028657617, 0.8904170363797693, 0.8846700796359499, 0.8682777399591559, 0.8925925925925926, 0.8819865595803966, 0.8959220937309799, 0.8876551273677336, 0.8868122009569378, 0.8855202905416074, 0.8879321423981493, 0.8972832722832723, 0.8850589607360373, 0.8905706688484353]
Preds: [17, 17, 451, 213, 213, 213, 213, 213, 213, 213, 213, 213, 246, 246, 246, 252, 252, 464, 464, 180, 180, 84, 84, 84, 84, 413, 413, 293, 293, 43, 43, 345, 345, 109, 331, 331, 319, 139, 319, 240, 240, 175, 75, 331, 331, 486, 428, 428, 428, 146, 146, 146, 146, 186, 186, 54, 54, 168, 168, 106, 496, 100, 424, 387, 387, 387, 122, 122, 8, 239, 219, 219, 219, 213, 213, 213, 213, 422, 143, 239, 239, 445, 445, 213, 213, 213, 213, 213, 213, 213, 422, 239, 239, 384, 371, 371, 371, 286, 286, 286, 286, 264, 264, 264, 139, 139, 293, 53, 411, 88, 293, 293, 497, 497, 497, 43, 276, 276, 153, 153, 153, 153, 387, 387, 387, 387, 122, 406, 406, 250, 250, 250, 250, 250, 250, 250, 411, 303, 303, 303, 303, 303, 98, 98, 48, 48, 414, 414, 187, 187, 187, 187, 391, 244, 321, 412, 287, 287, 287, 287, 284, 284, 460, 206, 240, 167, 167, 35, 35, 77, 342, 68, 172, 115, 115, 267, 267, 213, 213, 213, 213, 213, 246, 246, 246, 246, 3, 454, 197, 197, 80, 287, 287, 287, 287, 284, 284, 284, 284, 284, 284, 284, 284, 284, 284, 206, 206, 206, 206, 240, 240, 285, 35, 34, 346, 106, 106, 106, 387, 122, 406, 406, 406, 467, 467, 337, 337, 337, 360, 434, 434, 434, 434, 434, 434, 434, 434, 19, 19, 454, 454, 229, 414, 414, 414, 47, 47, 47, 392, 392, 392, 244, 320, 321, 321, 287, 287, 287, 284, 460, 460, 460, 460, 167, 35, 35, 36, 449, 449, 219, 485, 485, 464, 139, 139, 139, 496, 100, 497, 497, 497, 497, 122, 8, 208, 276, 106, 153, 153, 153, 153, 387, 387, 387, 387, 122, 122, 406, 406, 406, 413, 250, 250, 413, 413, 122, 413, 413, 303, 413, 303, 303, 303, 303, 303, 48, 48, 414, 414, 414, 414, 170, 392, 392, 392, 392, 392, 244, 321, 321, 412, 287, 287, 287, 287, 486, 486, 460, 460, 240, 167, 35, 35, 77, 54, 54, 168, 451, 30, 30, 360, 360, 434, 301, 399, 10, 217, 473, 473, 331, 331, 264, 290, 264, 264, 264, 264, 290, 468, 337, 171, 434, 434, 434, 339, 337, 143, 219, 371, 371, 324, 324, 301, 301, 416, 241, 114, 331, 331, 284, 284, 284, 284, 284, 284, 206, 206, 206, 206, 85, 240, 24, 24, 34, 34, 139, 77, 467, 151, 406, 406, 406, 406, 467, 467, 337, 337, 337, 290, 168, 434, 434, 434, 434, 434, 434, 19, 19, 454, 454, 229, 229, 187, 187, 187, 187, 187, 80, 320, 320, 320, 7, 251, 241, 241, 431, 431, 284, 405, 206, 206, 167, 167, 167, 35, 36, 36, 449, 395, 395, 464, 180, 180, 315, 315, 315, 450, 450, 450, 450, 293, 293, 293, 345, 109, 109, 109, 403, 403, 403, 207, 207, 171, 301, 301, 8, 259, 280, 473, 109, 288, 403, 171, 171, 171, 171, 171, 252, 252, 252, 325, 34, 34, 107, 84, 84, 84, 424, 43, 43, 43, 43, 276, 276, 276, 182, 182, 182, 182, 182, 182, 375, 98, 98, 98, 414, 414, 414, 187, 187, 187, 187, 244, 321, 321, 287, 287, 287, 287, 460, 460, 460, 167, 167, 35, 77, 36, 449, 168, 213, 213, 213, 213, 324, 3, 3, 464, 14, 14, 145, 284, 284, 284, 460, 460, 169, 169, 150, 150, 436, 436, 338, 395, 494, 494, 494, 494, 106, 43, 345, 345, 473, 473, 374, 286, 286, 286, 286, 286, 286, 285, 34, 180, 180, 180, 284, 284, 284, 284, 405]

ep287
Train step Loss: [0.7340761423110962, 0.790144681930542, 0.7125843167304993, 0.751044750213623, 0.6724981069564819, 0.6791678071022034, 0.7241097688674927, 0.730868399143219, 0.7213315963745117, 0.7731500267982483, 0.7502848505973816, 0.6838939189910889, 0.7504221200942993, 0.7383443117141724, 0.7418022155761719, 0.731326162815094, 0.7190589308738708, 0.6956186890602112, 0.7743578553199768, 0.6822496652603149, 0.7620033025741577, 0.7609423398971558, 0.7039843201637268, 0.6728392839431763, 0.6904624700546265, 0.730457067489624, 0.703082263469696, 0.7079480886459351, 0.7125555872917175, 0.6728617548942566, 0.767942488193512, 0.6977688074111938, 0.6989895105361938, 0.765718936920166, 0.711357831954956, 0.7100173830986023, 0.7466429471969604, 0.7366939187049866, 0.7008780837059021, 0.687545895576477, 0.686950147151947, 0.6514576077461243, 0.6890711188316345, 0.7540782690048218, 0.7179853916168213, 0.7149384617805481, 0.746303379535675, 0.7572375535964966, 0.6813660860061646, 0.7519777417182922, 0.6539998650550842, 0.7470791339874268, 0.732040524482727, 0.705604076385498, 0.7458094954490662, 0.6796799302101135, 0.7574458718299866, 0.6530968546867371, 0.758575439453125, 0.6630487442016602, 0.6470134854316711, 0.715640664100647, 0.6849382519721985]
val step Loss: [0.688650369644165, 0.6376279592514038, 0.7168269753456116, 0.6944235563278198, 0.6544383764266968, 0.6558104157447815, 0.7328673601150513, 0.680959165096283, 0.6117404699325562, 0.693706214427948, 0.6357216835021973, 0.7225748300552368, 0.7238603234291077, 0.6163684129714966, 0.6488234996795654, 0.6912421584129333]
Train step Accs: [0.874420401854714, 0.8637433784579164, 0.8852769177846577, 0.872009369248787, 0.893136403127715, 0.8893409275834011, 0.883951748358528, 0.8770918295598369, 0.8809424229750453, 0.8653123933082963, 0.8768074851148284, 0.89375, 0.8755626542761725, 0.8708687014628861, 0.878298250815298, 0.8807531380753139, 0.8837601594847416, 0.8819455375413191, 0.8652819847108034, 0.8886617392671804, 0.8690253671562083, 0.8685988887220303, 0.891329290280282, 0.8844889420203228, 0.8838760921366163, 0.8829199149539334, 0.8768795593270805, 0.8832415643089087, 0.8871104815864023, 0.8974246414983904, 0.8702900966988997, 0.8826610049539986, 0.8808276232701867, 0.8681047258356661, 0.8823937554206418, 0.8806634925510675, 0.8772180881511162, 0.8752755326965467, 0.8901098901098901, 0.8838641562554989, 0.889251827655934, 0.8874440109810721, 0.8887652947719689, 0.8703609557702084, 0.8829835422014193, 0.8887195121951219, 0.8768566493955094, 0.8745387453874539, 0.8891718038059502, 0.8714542687145427, 0.8914545760997808, 0.8731829573934837, 0.8753669602348545, 0.880487423840025, 0.8664979436887061, 0.8871176217147781, 0.8718813216453135, 0.8953089244851259, 0.8690833959429001, 0.8923550087873462, 0.8973112128146453, 0.886909933391254, 0.8835925740090316]
val step Accs: [0.8866567123659563, 0.8977272727272727, 0.8776009791921665, 0.8836675340578601, 0.8893142476697736, 0.889163996504515, 0.8720372460496614, 0.8819515523712044, 0.9044715447154471, 0.8858768908192302, 0.9019420131291028, 0.8803975325565456, 0.8829741067553883, 0.8999379267535692, 0.8944045911047346, 0.8820167381098183]
Preds: [17, 17, 188, 188, 278, 339, 411, 76, 76, 239, 384, 114, 151, 240, 167, 99, 479, 331, 319, 111, 111, 240, 99, 99, 338, 199, 496, 302, 242, 348, 94, 479, 331, 351, 380, 111, 330, 330, 314, 239, 239, 380, 395, 106, 88, 387, 236, 348, 94, 479, 331, 331, 331, 284, 315, 315, 355, 450, 450, 450, 167, 98, 14, 14, 14, 80, 411, 411, 424, 424, 424, 182, 497, 497, 349, 349, 183, 183, 338, 349, 401, 226, 188, 236, 278, 479, 301, 422, 76, 349, 116, 234, 234, 234, 261, 261, 25, 470, 443, 443, 240, 178, 143, 36, 36, 310, 107, 107, 395, 485, 286, 139, 139, 139, 371, 162, 162, 54, 54, 34, 32, 239, 384, 384, 371, 349, 422, 150, 162, 342, 342, 115, 224, 267, 278, 314, 36, 162, 232, 172, 172, 115, 267, 444, 213, 213, 213, 246, 246, 318, 318, 349, 164, 99, 338, 359, 427, 56, 56, 47, 47, 47, 47, 47, 47, 47, 47, 47, 80, 73, 73, 289, 209, 209, 287, 287, 481, 293, 416, 406, 406, 144, 208, 106, 153, 153, 387, 387, 387, 387, 387, 406, 406, 406, 42, 250, 250, 132, 132, 132, 132, 132, 98, 98, 98, 197, 197, 197, 197, 80, 80, 209, 287, 284, 284, 206, 240, 35, 35, 35, 36, 36, 444, 324, 324, 3, 143, 14, 14, 259, 208, 208, 313, 313, 143, 129, 458, 208, 441, 144, 144, 319, 348, 388, 94, 81, 34, 324, 324, 324, 251, 251, 251, 251, 241, 431, 84, 84, 496, 497, 416, 8, 8, 354, 106, 313, 313, 240, 416, 35, 129, 259, 384, 114, 180, 284, 284, 284, 284, 284, 405, 206, 206, 206, 206, 263, 263, 263, 414, 414, 414, 170, 170, 28, 28, 28, 28, 2, 2, 2, 2, 20, 2, 2, 20, 2, 28, 73, 73, 20, 289, 320, 209, 83, 83, 240, 271, 416, 8, 8, 32, 354, 354, 180, 84, 84, 406, 42, 42, 42, 81, 81, 132, 132, 117, 217, 217, 473, 473, 188, 278, 252, 252, 314, 314, 239, 239, 384, 384, 371, 213, 213, 213, 213, 213, 246, 246, 246, 3, 335, 197, 80, 80, 80, 287, 145, 284, 460, 240, 240, 35, 108, 36, 36, 494, 301, 399, 70, 70, 70, 65, 65, 315, 315, 468, 406, 406, 406, 413, 413, 413, 64, 212, 239, 384, 371, 371, 324, 301, 26, 251, 241, 431, 431, 84, 496, 274, 416, 8, 8, 32, 196, 196, 70, 65, 65, 138, 426, 426, 426, 375, 375, 375, 98, 98, 263, 13, 414, 414, 170, 20, 228, 228, 2, 2, 2, 2, 2, 2, 2, 2, 2, 28, 73, 73, 73, 289, 209, 209, 83, 83, 443, 240, 416, 8, 406, 239, 354, 354, 180, 84, 84, 84, 406, 406, 406, 406, 250, 250, 250, 250, 497, 497, 335, 14, 14, 411, 287, 387, 387, 274, 416, 416, 406, 144, 208, 106, 106, 387, 387, 387, 387, 406, 406, 406, 406, 406, 250, 250, 250, 250, 413, 413, 122, 195, 195, 195, 195, 117, 117, 117, 197, 197, 197, 80, 209, 287, 145, 460, 460, 169, 35, 35, 77, 342, 224, 168, 324, 301, 301, 217, 217, 217, 473, 473, 476, 476, 171, 252, 236, 24, 239, 310, 107, 395, 106, 106, 106, 153, 153, 182, 182, 182, 182, 182, 182, 182, 387, 98, 98, 35, 414, 312, 312, 187, 187, 187, 47, 20, 47, 47, 20, 73, 73, 289, 209, 209, 287, 486, 460, 460, 282, 150, 342, 342, 224, 494, 324, 301, 399, 217, 217, 473, 473, 264, 264, 264, 468, 468, 285]

ep288
Train step Loss: [0.7610489726066589, 0.7469046711921692, 0.6741681098937988, 0.7346214056015015, 0.7780616879463196, 0.6886565089225769, 0.6781672835350037, 0.710404098033905, 0.7198854088783264, 0.740752100944519, 0.7450446486473083, 0.7303645610809326, 0.7559208273887634, 0.7100627422332764, 0.7001581192016602, 0.7123132944107056, 0.6979027390480042, 0.7562727332115173, 0.6988182663917542, 0.6616621017456055, 0.6854298710823059, 0.749783992767334, 0.7129448056221008, 0.6957098245620728, 0.7764289975166321, 0.7303767800331116, 0.6836192011833191, 0.7045575380325317, 0.7150858640670776, 0.6272392272949219, 0.687560498714447, 0.7289161682128906, 0.6979267001152039, 0.7055867910385132, 0.6860548257827759, 0.6701560616493225, 0.6689767241477966, 0.7403312921524048, 0.6931872963905334, 0.7043614983558655, 0.6734879016876221, 0.7898311614990234, 0.6763966679573059, 0.764748215675354, 0.7033730745315552, 0.705947756767273, 0.7183223962783813, 0.6874769926071167, 0.6838456392288208, 0.6652757525444031, 0.6946226954460144, 0.7508951425552368, 0.6714892387390137, 0.7408154606819153, 0.5968506932258606, 0.6911609172821045, 0.7023448944091797, 0.7295160889625549, 0.7444930672645569, 0.741453230381012, 0.722912073135376, 0.7077487707138062, 0.6900938749313354]
val step Loss: [0.7101976871490479, 0.6855411529541016, 0.6402387619018555, 0.6492992639541626, 0.6462675333023071, 0.6688650846481323, 0.6544547080993652, 0.6639517545700073, 0.6499515175819397, 0.777163028717041, 0.6328240036964417, 0.7166141271591187, 0.6448847651481628, 0.6684985756874084, 0.6141773462295532, 0.6828387975692749]
Train step Accs: [0.873718615361759, 0.8711689000928752, 0.8883509389671361, 0.8765774084333641, 0.8667751265365148, 0.8858518623424444, 0.893699694698862, 0.8790307193283724, 0.8771599120326736, 0.8743362831858407, 0.8777777777777778, 0.8744875433617155, 0.8768442304705699, 0.8808456117873158, 0.8830981860063346, 0.8857592446892211, 0.8888729154686601, 0.8721285140562249, 0.8848771266540643, 0.8903166590178981, 0.8915348230305007, 0.867042849585611, 0.8809488728451451, 0.8814194008559201, 0.863115111046596, 0.8759519625073228, 0.8925493466777871, 0.8842003320420586, 0.8844368811881188, 0.9023495857666712, 0.8875633760811213, 0.8682572614107884, 0.8914663292562913, 0.880061115355233, 0.893060470841668, 0.890625, 0.8989381179055291, 0.8789510006901311, 0.8910230758970255, 0.8797572178477691, 0.8887589533693905, 0.860408412069491, 0.8872146118721461, 0.8634174813950095, 0.8776128445925477, 0.8765499635302699, 0.8811564724684005, 0.8879197557784562, 0.882625036137612, 0.8954593453009504, 0.8862088535754824, 0.8691483361534122, 0.8934302908726178, 0.8751601423487545, 0.9000637551801084, 0.8868673503142573, 0.8836700336700337, 0.8798137427636546, 0.8854150134899222, 0.8756562586349821, 0.8779078844652615, 0.8800870875900184, 0.8907936507936508]
val step Accs: [0.8815834767641997, 0.8830445544554455, 0.8935879945429741, 0.8976880148817433, 0.8928719150696264, 0.8939210136136946, 0.8916006339144216, 0.8860672614962252, 0.8943712921429605, 0.8631759389122643, 0.895573361355576, 0.8803066037735849, 0.8917992320351069, 0.8953524161280394, 0.8998677498583034, 0.8807409286982999]
Preds: [17, 17, 30, 213, 213, 301, 301, 378, 43, 364, 345, 473, 109, 278, 278, 330, 330, 330, 330, 348, 64, 212, 134, 271, 134, 134, 81, 81, 132, 132, 132, 132, 374, 213, 219, 219, 219, 219, 219, 213, 213, 213, 246, 246, 246, 246, 246, 246, 246, 3, 454, 197, 197, 80, 80, 80, 209, 209, 287, 111, 240, 240, 314, 314, 239, 127, 114, 443, 428, 460, 146, 438, 219, 219, 219, 219, 324, 324, 324, 422, 143, 349, 205, 205, 25, 441, 276, 276, 346, 346, 284, 284, 284, 450, 293, 43, 43, 276, 276, 276, 276, 346, 346, 387, 206, 14, 14, 287, 145, 145, 486, 85, 85, 146, 146, 358, 358, 36, 54, 164, 68, 164, 224, 273, 273, 106, 496, 375, 375, 375, 98, 98, 98, 170, 244, 170, 63, 63, 63, 63, 63, 63, 63, 63, 63, 63, 63, 63, 63, 73, 73, 73, 73, 321, 287, 287, 284, 284, 284, 206, 406, 406, 42, 43, 276, 276, 276, 276, 346, 297, 297, 293, 497, 43, 43, 32, 259, 208, 25, 106, 153, 153, 387, 387, 387, 387, 406, 406, 413, 250, 250, 250, 122, 303, 303, 303, 303, 303, 138, 117, 48, 48, 170, 244, 392, 244, 392, 392, 392, 73, 73, 73, 209, 287, 287, 284, 460, 460, 460, 178, 35, 36, 36, 36, 36, 219, 152, 324, 324, 464, 3, 14, 14, 411, 287, 481, 293, 271, 215, 458, 208, 441, 144, 144, 319, 348, 348, 251, 199, 398, 324, 360, 116, 241, 331, 331, 34, 496, 274, 416, 8, 144, 354, 106, 151, 151, 240, 416, 35, 35, 75, 384, 114, 180, 284, 376, 376, 376, 376, 376, 460, 460, 263, 263, 13, 417, 170, 170, 392, 392, 63, 63, 63, 63, 63, 63, 63, 63, 392, 392, 63, 63, 73, 73, 73, 209, 209, 83, 287, 443, 240, 215, 8, 406, 354, 354, 346, 84, 467, 406, 42, 42, 42, 42, 132, 42, 399, 217, 217, 473, 473, 278, 278, 278, 252, 236, 314, 239, 239, 310, 107, 107, 107, 213, 213, 213, 213, 213, 246, 3, 197, 197, 14, 440, 440, 145, 460, 460, 169, 35, 36, 36, 34, 342, 399, 217, 70, 70, 70, 65, 145, 315, 315, 450, 450, 450, 450, 274, 274, 122, 24, 239, 380, 371, 324, 301, 236, 24, 34, 331, 106, 84, 496, 274, 8, 32, 32, 259, 354, 354, 354, 100, 100, 153, 182, 182, 182, 375, 98, 98, 98, 13, 170, 170, 170, 392, 63, 63, 63, 63, 63, 63, 392, 63, 63, 73, 73, 73, 73, 209, 83, 83, 287, 443, 240, 314, 406, 406, 354, 354, 180, 84, 84, 406, 406, 42, 42, 147, 81, 276, 153, 153, 387, 387, 387, 122, 416, 8, 259, 144, 27, 106, 153, 387, 387, 387, 387, 348, 413, 250, 250, 303, 303, 303, 303, 303, 303, 303, 117, 117, 197, 197, 82, 287, 70, 287, 287, 486, 460, 460, 169, 35, 35, 36, 36, 224, 236, 196, 399, 217, 217, 473, 473, 278, 278, 278, 252, 236, 239, 239, 384, 371, 180, 106, 106, 153, 153, 182, 182, 182, 182, 182, 387, 98, 98, 98, 414, 414, 170, 392, 392, 392, 392, 392, 392, 392, 73, 73, 209, 209, 287, 145, 460, 460, 169, 35, 36, 36, 36, 494, 196, 196, 217, 217, 217, 473, 473, 188, 443, 330, 330, 330, 285, 94, 199, 398, 324, 324, 324, 301, 349, 34, 34, 324, 301, 251, 251, 241, 431, 84, 496, 496, 274, 416, 8, 144, 208, 106, 106, 387, 387, 151, 172, 172, 313, 313, 337, 41, 41, 213]

ep289
Train step Loss: [0.6380985975265503, 0.6616531014442444, 0.6796984076499939, 0.6846597194671631, 0.723156750202179, 0.7119989991188049, 0.6966522932052612, 0.6538549661636353, 0.7565008401870728, 0.675606369972229, 0.7087087035179138, 0.7152602672576904, 0.7284945845603943, 0.7124650478363037, 0.6691430807113647, 0.7040117979049683, 0.7257698774337769, 0.6967055797576904, 0.722690761089325, 0.7411683797836304, 0.6775991320610046, 0.7818790674209595, 0.7152273058891296, 0.7034285664558411, 0.7834250926971436, 0.6717053055763245, 0.721400797367096, 0.7140890955924988, 0.7817860245704651, 0.6873526573181152, 0.7395843267440796, 0.7039823532104492, 0.713153064250946, 0.7539404034614563, 0.6610698699951172, 0.749149739742279, 0.6663861274719238, 0.6859899759292603, 0.7045941948890686, 0.6971552968025208, 0.6853423714637756, 0.711764931678772, 0.6890639662742615, 0.672569751739502, 0.716660737991333, 0.6769387125968933, 0.6619118452072144, 0.7299632430076599, 0.7003533840179443, 0.7603633999824524, 0.6874489784240723, 0.7054979205131531, 0.6851489543914795, 0.698684573173523, 0.7213026881217957, 0.6888847947120667, 0.688387930393219, 0.7315481305122375, 0.6470438241958618, 0.6962053775787354, 0.6641334891319275, 0.6689286828041077, 0.6610015034675598]
val step Loss: [0.6494690179824829, 0.679511308670044, 0.7114400267601013, 0.7041198015213013, 0.6472230553627014, 0.6415741443634033, 0.6211907863616943, 0.6138803958892822, 0.6316119432449341, 0.6514922380447388, 0.6499419212341309, 0.6906015872955322, 0.6604294180870056, 0.6853440403938293, 0.6612542271614075, 0.668070375919342]
Train step Accs: [0.8933437744714174, 0.8908431550317316, 0.8833907056798623, 0.8832220485864469, 0.8814229249011858, 0.8787972243639167, 0.8880749574105622, 0.8965705697499659, 0.8715646757053865, 0.8853686635944701, 0.8793368130181148, 0.8843201754385965, 0.8778125890059812, 0.8781106355999366, 0.8963633750179675, 0.8921102661596958, 0.8738428026865129, 0.8848167539267016, 0.883314383172257, 0.8753988975921091, 0.8936109526525956, 0.8676835081029552, 0.8747461069735951, 0.8898448702907052, 0.8620232660874687, 0.8974747474747474, 0.8756740563211504, 0.8845273719415596, 0.8688311688311688, 0.8911682429732249, 0.8740323715693173, 0.8883262624880252, 0.8801252422841807, 0.8709065021357381, 0.8959613696224759, 0.8679048776254122, 0.88883222845487, 0.8794426178174417, 0.8873050477947342, 0.8895235232226063, 0.897060852766662, 0.8789073500422416, 0.8906904472368599, 0.8912945421741092, 0.88, 0.8834287309786403, 0.8975781355702882, 0.8776978417266187, 0.8866250410778836, 0.8661108386463953, 0.8886656621463251, 0.8830774152271273, 0.8891143644006377, 0.8815153826595474, 0.8824385510996119, 0.8856755535472209, 0.8916924133196018, 0.8772498200143989, 0.8971428571428571, 0.8869390824768112, 0.8960012899064818, 0.8956618775282467, 0.8995548135781859]
val step Accs: [0.8890847656823858, 0.8852076528231452, 0.8793977569519127, 0.8830639684911041, 0.8912140100920154, 0.8935675911136924, 0.9003789074834228, 0.9093811768283412, 0.8954344624447718, 0.8889563106796117, 0.8967020986644862, 0.8820108018280016, 0.8921977367480644, 0.8818606940684224, 0.8875274897895068, 0.8841765873015873]
Preds: [17, 17, 287, 287, 293, 169, 215, 35, 35, 441, 106, 331, 293, 293, 122, 122, 64, 212, 290, 345, 345, 109, 109, 288, 403, 403, 171, 171, 171, 252, 468, 468, 337, 337, 337, 355, 355, 278, 278, 278, 278, 278, 434, 434, 434, 434, 434, 434, 434, 339, 250, 88, 65, 106, 139, 481, 293, 293, 293, 293, 122, 8, 280, 354, 106, 106, 84, 84, 426, 426, 106, 106, 467, 467, 413, 413, 413, 250, 250, 250, 250, 132, 132, 132, 132, 411, 381, 208, 117, 48, 48, 48, 414, 414, 47, 23, 442, 442, 320, 321, 320, 451, 451, 30, 213, 360, 360, 434, 434, 339, 94, 473, 473, 65, 403, 403, 171, 171, 171, 252, 416, 416, 239, 384, 180, 355, 403, 403, 403, 403, 120, 171, 252, 143, 143, 441, 441, 100, 144, 144, 293, 399, 8, 8, 354, 106, 499, 139, 319, 428, 428, 146, 146, 146, 146, 207, 337, 252, 252, 252, 143, 144, 114, 106, 496, 139, 139, 481, 293, 293, 293, 375, 375, 98, 35, 414, 414, 47, 47, 47, 392, 392, 392, 392, 320, 321, 7, 7, 7, 217, 309, 473, 374, 374, 374, 213, 213, 213, 213, 246, 246, 246, 246, 246, 19, 454, 454, 197, 197, 197, 197, 197, 80, 244, 321, 320, 320, 7, 7, 441, 138, 138, 138, 138, 293, 293, 293, 98, 35, 259, 437, 437, 284, 319, 428, 428, 85, 146, 330, 325, 34, 180, 145, 443, 486, 315, 282, 330, 388, 203, 53, 53, 53, 65, 346, 64, 458, 212, 342, 68, 68, 115, 267, 444, 444, 213, 213, 213, 246, 246, 3, 3, 14, 14, 145, 145, 486, 460, 460, 460, 460, 35, 35, 34, 114, 445, 171, 171, 171, 171, 171, 252, 325, 324, 324, 324, 324, 324, 246, 246, 246, 3, 19, 454, 143, 197, 197, 197, 321, 320, 354, 144, 180, 180, 180, 486, 486, 486, 85, 85, 85, 146, 146, 146, 178, 299, 464, 215, 77, 467, 467, 313, 313, 313, 416, 219, 219, 371, 180, 180, 139, 139, 139, 139, 293, 293, 293, 497, 122, 35, 458, 208, 208, 345, 437, 437, 437, 284, 405, 426, 426, 426, 426, 450, 450, 450, 98, 98, 98, 35, 414, 247, 126, 126, 149, 149, 321, 321, 83, 287, 486, 486, 486, 460, 460, 460, 169, 150, 36, 168, 236, 236, 116, 94, 479, 199, 290, 290, 330, 171, 252, 252, 310, 36, 213, 213, 213, 116, 212, 219, 219, 219, 485, 286, 286, 286, 139, 139, 139, 139, 139, 139, 139, 497, 122, 399, 8, 70, 70, 65, 65, 284, 426, 426, 426, 426, 426, 375, 98, 98, 98, 98, 13, 414, 414, 170, 170, 170, 244, 392, 392, 392, 392, 392, 63, 63, 73, 73, 321, 412, 287, 287, 287, 486, 486, 486, 460, 460, 460, 460, 35, 77, 342, 35, 172, 172, 213, 213, 213, 213, 213, 213, 464, 464, 464, 139, 139, 139, 426, 293, 293, 497, 497, 98, 313, 437, 437, 437, 437, 437, 284, 284, 426, 426, 426, 426, 426, 426, 426, 426, 98, 98, 98, 98, 13, 414, 414, 414, 414, 170, 170, 392, 392, 392, 63, 63, 63, 392, 244, 321, 320, 320, 441, 153, 153, 153, 153, 387, 387, 387, 122, 122, 8, 280, 280, 106, 106, 106, 496, 497, 182, 182, 182, 182, 182, 182, 182, 182, 182, 182, 182, 182, 182, 182, 182, 182, 375, 98, 17, 240, 240, 240, 240, 240, 240, 240, 240, 240, 240, 240, 240, 240, 240, 240, 240, 240, 240, 240, 240, 240, 240, 240, 240, 240, 240, 240, 240, 240, 240, 240]

ep290
Train step Loss: [0.65962815284729, 0.6781575083732605, 0.7334961891174316, 0.7635564804077148, 0.6586032509803772, 0.6680342555046082, 0.764282763004303, 0.729453980922699, 0.6704588532447815, 0.6607747673988342, 0.6979782581329346, 0.7304120063781738, 0.7616428732872009, 0.683551013469696, 0.7114949226379395, 0.6551291942596436, 0.7198577523231506, 0.7793012261390686, 0.7043883204460144, 0.7044771313667297, 0.6920424103736877, 0.7000084519386292, 0.6431965231895447, 0.6995800733566284, 0.6863238215446472, 0.6934665441513062, 0.6934627890586853, 0.7067715525627136, 0.6980650424957275, 0.7220858335494995, 0.7174519896507263, 0.7045433521270752, 0.6649016737937927, 0.746834933757782, 0.6643542051315308, 0.792811930179596, 0.7364036440849304, 0.6569603681564331, 0.7120953798294067, 0.7146531939506531, 0.6862441897392273, 0.722030520439148, 0.7004718780517578, 0.7287293076515198, 0.7128728032112122, 0.6247758269309998, 0.6785048246383667, 0.7020450234413147, 0.6440984606742859, 0.6705381274223328, 0.6793110966682434, 0.669565737247467, 0.6587798595428467, 0.6687256693840027, 0.6916187405586243, 0.6517274379730225, 0.7000392079353333, 0.7004885077476501, 0.6658123135566711, 0.6738147735595703, 0.6505544781684875, 0.658469021320343, 0.6748657822608948]
val step Loss: [0.6646901369094849, 0.6390753984451294, 0.6402420997619629, 0.6426898241043091, 0.5916898846626282, 0.7049043774604797, 0.6899615526199341, 0.6501350998878479, 0.6774359941482544, 0.6240235567092896, 0.6583957076072693, 0.6547988653182983, 0.6529137492179871, 0.6509998440742493, 0.6234962940216064, 0.6629754304885864]
Train step Accs: [0.8960322797579018, 0.8912780540249966, 0.8777117146071027, 0.8684993871476099, 0.8952140309155767, 0.8893320039880359, 0.8681996634885025, 0.8786592505854801, 0.8854883584712256, 0.8838674828952107, 0.8819484240687679, 0.8785274316000573, 0.8720577069096431, 0.8864737846967249, 0.8785776235906332, 0.8883480825958702, 0.8776749127333434, 0.8554838709677419, 0.8851641739728382, 0.8829160530191458, 0.8826865671641791, 0.8930271632595912, 0.900990099009901, 0.8802674545171824, 0.8848514211886305, 0.8845338983050848, 0.8906598661141217, 0.8824372759856631, 0.8879000189358076, 0.8837447057105302, 0.8793655210797273, 0.8831855388813097, 0.8930489260143198, 0.870392749244713, 0.8928892889288929, 0.8628757108042242, 0.8810949529512404, 0.8868992959902051, 0.8801056064606305, 0.8742673737091823, 0.8910939012584704, 0.8810420117452191, 0.8773323480509884, 0.877668187840424, 0.8795673779596609, 0.9015204352071419, 0.8906882591093117, 0.8831367743911778, 0.8924032759107596, 0.8877535909965941, 0.886035737921906, 0.892018779342723, 0.8999400838825644, 0.8956738472494215, 0.8900020445716622, 0.8933405522468868, 0.8813333333333333, 0.8854907539118065, 0.8961217109365257, 0.8917050691244239, 0.8968475658419792, 0.9002335669002336, 0.8978205491084065]
val step Accs: [0.8898884490824037, 0.8952057700466695, 0.9006419201786212, 0.8915044514863437, 0.9067460317460317, 0.8855204273134113, 0.8844155844155844, 0.8955933179723502, 0.8850871530019367, 0.8969924812030076, 0.8937284455230553, 0.8924993578217313, 0.8964338055691256, 0.8860670688929423, 0.9073305670816044, 0.8926393728222997]
Preds: [17, 17, 296, 217, 217, 217, 473, 473, 65, 278, 278, 278, 169, 349, 349, 234, 261, 25, 354, 284, 405, 206, 460, 167, 35, 35, 401, 320, 354, 109, 109, 286, 286, 286, 468, 468, 406, 406, 337, 337, 337, 324, 324, 252, 116, 94, 94, 398, 324, 324, 301, 116, 411, 250, 250, 106, 153, 153, 153, 182, 182, 497, 43, 43, 32, 239, 144, 208, 106, 153, 153, 387, 387, 387, 413, 348, 413, 413, 303, 303, 303, 381, 381, 208, 208, 208, 208, 208, 208, 48, 48, 48, 170, 170, 392, 63, 63, 63, 63, 63, 63, 392, 63, 63, 73, 73, 244, 321, 7, 7, 398, 213, 301, 116, 10, 10, 10, 345, 395, 395, 395, 406, 88, 88, 467, 335, 335, 14, 53, 188, 171, 171, 171, 416, 416, 416, 32, 32, 354, 354, 331, 288, 403, 403, 403, 171, 171, 171, 252, 143, 143, 259, 75, 384, 371, 106, 84, 84, 293, 43, 43, 43, 43, 138, 276, 276, 276, 153, 153, 153, 182, 182, 98, 98, 82, 414, 170, 47, 392, 392, 392, 392, 392, 392, 73, 73, 73, 320, 320, 7, 241, 431, 486, 460, 460, 215, 215, 35, 35, 354, 346, 284, 206, 240, 240, 240, 24, 384, 34, 180, 180, 486, 460, 240, 240, 348, 348, 199, 199, 88, 302, 497, 122, 122, 36, 36, 68, 68, 68, 68, 323, 395, 444, 213, 213, 213, 213, 213, 213, 252, 454, 197, 80, 80, 80, 80, 209, 209, 287, 287, 460, 460, 240, 35, 35, 35, 75, 384, 114, 240, 171, 171, 171, 416, 416, 219, 219, 219, 152, 152, 41, 324, 246, 246, 3, 3, 454, 143, 401, 401, 244, 320, 7, 208, 473, 398, 398, 464, 139, 139, 387, 387, 313, 313, 236, 239, 239, 75, 384, 395, 180, 106, 106, 387, 387, 387, 167, 98, 82, 197, 170, 170, 392, 392, 392, 392, 392, 392, 392, 244, 392, 73, 73, 244, 244, 7, 63, 473, 473, 476, 476, 171, 252, 24, 239, 310, 310, 107, 107, 213, 324, 301, 143, 26, 77, 34, 420, 324, 301, 301, 24, 24, 34, 331, 374, 132, 43, 43, 8, 239, 208, 345, 345, 387, 313, 313, 236, 24, 239, 310, 107, 107, 107, 395, 213, 213, 213, 246, 246, 246, 19, 454, 17, 301, 240, 240, 240, 240, 240, 240, 240, 240, 240, 240, 240, 240, 240, 240, 240, 240, 240, 240, 240, 240, 240, 240, 240, 240, 240, 240, 240, 240, 240, 240, 240, 240, 240, 240, 240, 240, 240, 240, 240, 240, 240, 240, 240, 240, 240, 240, 240, 240, 240, 240, 240, 240, 240, 240, 240, 240, 240, 240, 240, 240, 240, 240, 240, 240, 240, 240, 240, 240, 240, 240, 240, 240, 240, 240, 240, 240, 240, 240, 240, 240, 240, 240, 240, 240, 240, 240, 240, 240, 240, 240, 240, 240, 240, 240, 240, 240, 240, 240, 240, 240, 240, 240, 240, 240, 240, 240, 240, 240, 240, 240, 240, 240, 240, 240, 240, 240, 240, 240, 240, 240, 240, 240, 240, 240, 240, 240, 240, 240, 240, 240, 240, 240, 240, 240, 240, 240, 240, 240, 240, 240, 240, 240, 240, 240, 240, 240, 240, 240, 240, 240, 240, 240, 240, 240, 240, 240, 240, 240, 240, 240, 240, 240, 240, 240, 240, 240, 240, 240, 240, 240, 240, 240, 240, 240, 240, 240, 240, 240, 240, 240, 240, 240, 240, 240, 240, 240, 240, 240, 240, 240, 240, 240, 240, 240, 240, 240, 240, 240, 240, 240, 240, 240, 240, 240, 240, 240, 240, 240, 240, 240, 240, 240, 240, 240, 240, 240]

ep291
Train step Loss: [0.6581631898880005, 0.7295269966125488, 0.6222145557403564, 0.798278272151947, 0.7146933674812317, 0.699850857257843, 0.6505040526390076, 0.678987979888916, 0.6670771241188049, 0.720879316329956, 0.6723700165748596, 0.6111767292022705, 0.6756244897842407, 0.6596283316612244, 0.6018321514129639, 0.6677150726318359, 0.7221392393112183, 0.6812319159507751, 0.6657919883728027, 0.7242432236671448, 0.7066313624382019, 0.7239142060279846, 0.6850249767303467, 0.7274187207221985, 0.7105040550231934, 0.7220470309257507, 0.6704000234603882, 0.6869159936904907, 0.7099709510803223, 0.6435232162475586, 0.6431306600570679, 0.6966325640678406, 0.6543158888816833, 0.6886700391769409, 0.7209731340408325, 0.6838685870170593, 0.6386485695838928, 0.6911460757255554, 0.7130534052848816, 0.6710681915283203, 0.7181234955787659, 0.7061924338340759, 0.6670787334442139, 0.6651761531829834, 0.6830579042434692, 0.6233260631561279, 0.7143862843513489, 0.75004643201828, 0.7766395211219788, 0.7194035053253174, 0.611517071723938, 0.684932291507721, 0.7310274839401245, 0.6783434748649597, 0.6599168181419373, 0.7554879784584045, 0.6773905754089355, 0.6822560429573059, 0.6705808043479919, 0.7011285424232483, 0.6527709364891052, 0.7280938625335693, 0.6225523352622986]
val step Loss: [0.6848828196525574, 0.6405017971992493, 0.6559068560600281, 0.6344273090362549, 0.6335213780403137, 0.5703997611999512, 0.6948482990264893, 0.5990161895751953, 0.6717217564582825, 0.636446475982666, 0.6634914875030518, 0.6392669081687927, 0.6673242449760437, 0.6968876719474792, 0.6345197558403015, 0.6122956871986389]
Train step Accs: [0.8962925851703407, 0.8863241929885456, 0.9034170153417015, 0.8566110780226325, 0.8804824561403509, 0.8810579664238201, 0.8914972802748354, 0.890850042360915, 0.8912178702570379, 0.8802067946824225, 0.8837709196990634, 0.9036831812255541, 0.8927144174608054, 0.8842284071605906, 0.912275311107697, 0.8866060845515606, 0.8783053323593865, 0.8882616313023165, 0.8986461763629711, 0.8841208133971292, 0.8770343580470162, 0.8814655172413793, 0.8948288419519301, 0.8816363362911716, 0.8783283371539411, 0.8714775607574177, 0.8919774322278795, 0.8824374820350676, 0.8812581425646753, 0.8949726231956198, 0.8946984878848606, 0.8824346508397525, 0.8940269749518305, 0.8842900302114803, 0.8852289512555391, 0.8876870647503334, 0.895112016293279, 0.8851226993865031, 0.8811896135265701, 0.8894664424399938, 0.8814576320796136, 0.8814759597465524, 0.8855740668991346, 0.8896407282100854, 0.8927852348993288, 0.8929471032745592, 0.8818289786223278, 0.8701425775789768, 0.8597252349963846, 0.8805104408352669, 0.9017202481669486, 0.8883063234826819, 0.8850469008644473, 0.8850518806744487, 0.8954986057628469, 0.8770906858984195, 0.8870453095086152, 0.893110905159098, 0.8925025183479637, 0.887815750371471, 0.8954385047706183, 0.876475321888412, 0.9130434782608695]
val step Accs: [0.8885007684784128, 0.8953432549207874, 0.8947789025039957, 0.8957064113722077, 0.8970792767732962, 0.9090053763440861, 0.8912736152165531, 0.9030706098768926, 0.8915265413781734, 0.8926385442514475, 0.8944494995450409, 0.9006259780907668, 0.8870992021676953, 0.88553184862171, 0.8968219416630387, 0.8965879265091864]
Preds: [17, 17, 287, 287, 293, 169, 215, 35, 35, 441, 106, 331, 293, 293, 122, 122, 64, 212, 290, 345, 345, 109, 109, 288, 403, 403, 171, 171, 171, 252, 468, 468, 337, 337, 337, 355, 355, 278, 278, 360, 360, 360, 434, 434, 434, 434, 434, 434, 434, 339, 250, 88, 65, 106, 139, 481, 293, 293, 293, 293, 122, 8, 280, 354, 106, 106, 84, 84, 426, 426, 106, 106, 106, 467, 413, 413, 413, 250, 250, 250, 250, 132, 132, 132, 132, 411, 381, 208, 117, 48, 48, 48, 414, 414, 47, 23, 442, 442, 320, 321, 320, 451, 451, 30, 213, 360, 360, 434, 434, 339, 94, 473, 473, 65, 403, 403, 171, 171, 171, 252, 416, 416, 239, 384, 180, 355, 403, 403, 403, 403, 120, 171, 252, 143, 143, 441, 441, 100, 144, 144, 293, 399, 8, 8, 354, 106, 499, 139, 319, 428, 428, 146, 146, 146, 146, 207, 337, 252, 252, 252, 143, 144, 114, 106, 496, 139, 139, 481, 293, 293, 293, 375, 375, 98, 35, 414, 414, 47, 47, 47, 392, 392, 392, 392, 320, 321, 7, 7, 7, 217, 309, 473, 374, 374, 374, 213, 213, 213, 213, 246, 246, 246, 246, 246, 19, 454, 454, 197, 197, 197, 197, 197, 80, 244, 321, 320, 320, 7, 7, 441, 138, 138, 138, 138, 293, 293, 293, 98, 35, 259, 437, 437, 284, 319, 428, 428, 85, 146, 330, 325, 34, 180, 145, 443, 486, 315, 282, 330, 388, 203, 53, 53, 53, 65, 346, 314, 458, 212, 342, 68, 68, 115, 267, 444, 444, 213, 213, 213, 246, 246, 3, 3, 14, 14, 145, 145, 486, 460, 460, 460, 460, 35, 35, 34, 114, 445, 171, 171, 171, 171, 171, 252, 325, 324, 324, 324, 324, 324, 246, 246, 246, 3, 19, 454, 143, 197, 197, 225, 321, 320, 354, 378, 180, 180, 180, 486, 486, 486, 85, 85, 85, 146, 146, 146, 299, 299, 464, 215, 77, 467, 467, 313, 313, 313, 416, 219, 219, 371, 180, 180, 139, 139, 139, 139, 293, 293, 293, 497, 122, 35, 458, 208, 208, 345, 437, 437, 437, 284, 405, 426, 426, 426, 426, 450, 450, 450, 98, 98, 98, 35, 414, 247, 126, 126, 149, 149, 321, 321, 83, 287, 486, 486, 486, 460, 460, 460, 169, 150, 449, 168, 299, 299, 116, 94, 479, 199, 290, 290, 330, 171, 252, 252, 310, 36, 213, 213, 213, 116, 212, 219, 219, 219, 485, 286, 286, 286, 139, 139, 139, 139, 139, 139, 139, 497, 122, 399, 8, 70, 70, 65, 65, 284, 426, 426, 426, 426, 426, 375, 98, 98, 98, 98, 13, 414, 414, 170, 170, 170, 244, 392, 392, 392, 392, 392, 63, 63, 73, 73, 321, 412, 287, 287, 287, 486, 486, 486, 460, 460, 460, 460, 35, 77, 342, 35, 172, 172, 213, 213, 213, 213, 213, 213, 464, 464, 464, 139, 139, 139, 426, 293, 293, 497, 497, 98, 313, 437, 437, 437, 437, 437, 284, 284, 426, 426, 426, 426, 426, 426, 426, 426, 98, 98, 98, 98, 13, 414, 414, 414, 414, 170, 170, 392, 392, 392, 63, 63, 63, 392, 244, 321, 320, 320, 441, 153, 153, 153, 153, 387, 387, 387, 122, 122, 8, 280, 280, 106, 106, 106, 496, 497, 182, 182, 182, 182, 182, 182, 182, 182, 182, 182, 182, 182, 182, 182, 182, 182, 375, 98, 17, 240, 240, 240, 240, 240, 240, 240, 240, 240, 240, 240, 240, 240, 240, 240, 240, 240, 240, 240, 240, 240, 240, 240, 240, 240, 240, 240, 240, 240, 240, 240]

ep292
Train step Loss: [0.688295841217041, 0.7477294206619263, 0.6485372185707092, 0.6884986162185669, 0.7220330238342285, 0.6998609900474548, 0.7112953662872314, 0.7105336785316467, 0.6428816914558411, 0.744733452796936, 0.6904249787330627, 0.687425971031189, 0.6215179562568665, 0.7418574094772339, 0.6665747165679932, 0.6960071325302124, 0.7174420356750488, 0.6383865475654602, 0.7004616856575012, 0.6809377670288086, 0.688590407371521, 0.6982862949371338, 0.6843850612640381, 0.5984790921211243, 0.6594793200492859, 0.6527918577194214, 0.7011445760726929, 0.6939010620117188, 0.6715927720069885, 0.7273648977279663, 0.6610279083251953, 0.6823042035102844, 0.6753894686698914, 0.6846636533737183, 0.6776171922683716, 0.6506410837173462, 0.7200377583503723, 0.6689785718917847, 0.7051465511322021, 0.6413463354110718, 0.6888782382011414, 0.6942048668861389, 0.6329325437545776, 0.6381946206092834, 0.6410139203071594, 0.6511765718460083, 0.6436768770217896, 0.6339443922042847, 0.6473628282546997, 0.6825121641159058, 0.6556467413902283, 0.7195788621902466, 0.7278579473495483, 0.6435441970825195, 0.6770886778831482, 0.70015949010849, 0.675769567489624, 0.6804784536361694, 0.7026332020759583, 0.6857622265815735, 0.691691517829895, 0.7099044919013977, 0.7264783382415771]
val step Loss: [0.7283005714416504, 0.6887930631637573, 0.6417968273162842, 0.6711715459823608, 0.5936959981918335, 0.6456433534622192, 0.5837223529815674, 0.6291652321815491, 0.6321158409118652, 0.6750644445419312, 0.6051427721977234, 0.5963191986083984, 0.6711065173149109, 0.6134318709373474, 0.6137598156929016, 0.6196531057357788]
Train step Accs: [0.8952138204474653, 0.8709398756046994, 0.8965924426450742, 0.8885111205553194, 0.8733803509922913, 0.8866932044355985, 0.8825184664087232, 0.8835782334894235, 0.8967583346136119, 0.8752627890679747, 0.8821687775722215, 0.8878553648630945, 0.9032733224222586, 0.8795053536419846, 0.8951813214108296, 0.8823633782824698, 0.8785101980490688, 0.8999738151348521, 0.879440983330527, 0.8814204185161699, 0.8878534196809351, 0.8869330796067237, 0.8853950518754988, 0.9069076823757263, 0.8908145580589255, 0.8995583183379683, 0.8826388888888889, 0.8863161890301765, 0.8904714428144139, 0.8701998016154173, 0.8854312029025956, 0.8922301938635323, 0.8895232217250424, 0.8905346311186345, 0.8912639405204461, 0.8816429170159262, 0.8868431146912159, 0.8963526263906492, 0.8838819226750261, 0.8961690885072655, 0.8902674830808894, 0.882196781151485, 0.9016477857878475, 0.8977601706536645, 0.895884900990099, 0.8947586206896552, 0.8979385901686608, 0.9022658099425093, 0.9033259423503326, 0.8848021185817272, 0.8914451026312165, 0.8823344344816737, 0.8771441817338896, 0.8964099319943065, 0.8866926070038911, 0.8817115479927309, 0.883862355384159, 0.8920757737459979, 0.8843575418994414, 0.8875691506671005, 0.887988209285188, 0.887856071964018, 0.8739342265529841]
val step Accs: [0.8789932236205228, 0.8875829646017699, 0.8982104509663564, 0.8951473136915078, 0.9024607174621998, 0.8897879915843988, 0.9041966226383548, 0.8962472406181016, 0.8958024024834661, 0.890625, 0.9065841305571187, 0.9059662775616083, 0.8938332646614476, 0.9024319629415171, 0.9044348215618934, 0.9038751887267237]
Preds: [17, 17, 213, 213, 213, 301, 301, 378, 43, 364, 345, 109, 109, 278, 278, 278, 278, 278, 374, 374, 374, 374, 374, 88, 88, 134, 81, 81, 380, 132, 132, 132, 374, 219, 219, 219, 219, 219, 219, 398, 213, 213, 246, 246, 246, 246, 246, 246, 246, 3, 454, 197, 197, 197, 197, 197, 80, 209, 287, 111, 240, 240, 314, 314, 239, 354, 114, 284, 486, 460, 167, 167, 219, 219, 219, 219, 324, 324, 324, 301, 349, 349, 349, 234, 261, 25, 441, 276, 346, 346, 284, 284, 284, 450, 293, 43, 43, 276, 276, 276, 346, 346, 426, 426, 426, 293, 293, 14, 287, 284, 284, 85, 85, 146, 146, 358, 358, 36, 54, 54, 54, 172, 172, 115, 273, 106, 496, 375, 375, 375, 375, 98, 98, 13, 13, 414, 170, 170, 28, 20, 187, 187, 187, 391, 2, 20, 2, 28, 28, 73, 73, 73, 289, 209, 287, 287, 284, 284, 284, 468, 406, 406, 42, 42, 276, 276, 276, 346, 297, 297, 297, 293, 497, 43, 8, 32, 239, 144, 27, 106, 153, 481, 387, 387, 387, 406, 406, 406, 406, 250, 250, 250, 250, 182, 182, 132, 122, 195, 195, 117, 117, 48, 414, 414, 414, 47, 20, 20, 80, 80, 80, 80, 209, 209, 287, 284, 284, 460, 240, 35, 35, 36, 342, 342, 36, 224, 30, 324, 324, 301, 14, 14, 14, 14, 440, 481, 293, 236, 143, 458, 144, 441, 144, 144, 319, 348, 251, 251, 241, 431, 324, 360, 116, 251, 331, 331, 84, 496, 274, 416, 8, 144, 27, 106, 387, 206, 240, 236, 35, 129, 259, 36, 114, 180, 486, 376, 376, 376, 376, 376, 206, 206, 263, 263, 35, 414, 414, 414, 312, 187, 187, 47, 80, 2, 20, 2, 2, 20, 2, 2, 73, 73, 73, 73, 289, 209, 209, 83, 443, 443, 240, 416, 8, 8, 354, 354, 180, 84, 84, 406, 42, 42, 147, 81, 144, 203, 399, 217, 217, 473, 473, 278, 278, 278, 252, 236, 314, 239, 239, 310, 107, 107, 107, 213, 213, 213, 213, 213, 246, 3, 3, 335, 14, 440, 440, 145, 460, 240, 240, 35, 36, 36, 371, 301, 399, 217, 217, 70, 473, 65, 65, 315, 468, 406, 406, 467, 274, 274, 274, 236, 24, 239, 384, 371, 324, 301, 314, 239, 241, 431, 431, 496, 496, 274, 416, 8, 32, 32, 32, 354, 354, 100, 100, 153, 182, 182, 182, 375, 98, 98, 98, 229, 414, 312, 312, 414, 47, 20, 47, 47, 47, 20, 47, 47, 20, 80, 73, 73, 289, 209, 209, 145, 443, 443, 240, 8, 8, 8, 354, 354, 180, 84, 84, 406, 406, 42, 42, 147, 250, 153, 153, 153, 387, 387, 387, 497, 416, 8, 239, 144, 27, 106, 153, 387, 387, 387, 406, 406, 406, 250, 250, 250, 250, 182, 43, 364, 182, 182, 250, 117, 98, 98, 197, 197, 197, 440, 287, 145, 460, 460, 169, 178, 35, 36, 36, 36, 494, 301, 217, 217, 217, 473, 473, 278, 278, 171, 252, 236, 239, 239, 310, 395, 180, 106, 106, 153, 153, 182, 182, 182, 182, 182, 182, 98, 98, 35, 414, 414, 312, 312, 187, 187, 187, 47, 80, 20, 80, 73, 289, 209, 287, 287, 460, 460, 169, 35, 36, 36, 36, 494, 301, 399, 217, 217, 217, 473, 473, 264, 264, 264, 468, 468, 313, 94, 199, 398, 324, 324, 324, 301, 359, 359, 34, 324, 301, 251, 251, 241, 431, 84, 496, 496, 274, 416, 8, 144, 208, 106, 106, 387, 387, 387, 167, 167, 313, 285, 345, 41, 41, 41]

ep293
Train step Loss: [0.620481550693512, 0.6606448888778687, 0.6831198930740356, 0.7095357179641724, 0.6960955858230591, 0.7178027033805847, 0.6711103916168213, 0.6622754335403442, 0.6391158699989319, 0.6812881827354431, 0.7339727282524109, 0.6843395233154297, 0.7025590538978577, 0.6650606989860535, 0.7201927304267883, 0.6605724096298218, 0.6132375597953796, 0.6524990797042847, 0.7143967151641846, 0.6805281639099121, 0.6743148565292358, 0.6855563521385193, 0.6703459620475769, 0.667337954044342, 0.6478639245033264, 0.6859995722770691, 0.6555740833282471, 0.6340233683586121, 0.6241792440414429, 0.6271498799324036, 0.7487806677818298, 0.6846986413002014, 0.5906527638435364, 0.6591676473617554, 0.685983419418335, 0.6826342940330505, 0.6701322197914124, 0.6299799680709839, 0.7321867346763611, 0.6230193376541138, 0.6732794046401978, 0.6804195046424866, 0.6880418658256531, 0.7192116975784302, 0.7316327691078186, 0.6876815557479858, 0.6537565588951111, 0.6301344037055969, 0.6872267723083496, 0.7281069755554199, 0.6463546752929688, 0.6813322305679321, 0.6599550843238831, 0.6519514918327332, 0.7189274430274963, 0.6405695080757141, 0.6520927548408508, 0.6359044313430786, 0.7664385437965393, 0.6782214641571045, 0.6642752885818481, 0.7227701544761658, 0.6506890058517456]
val step Loss: [0.6386916637420654, 0.6176770329475403, 0.6568340063095093, 0.6482992172241211, 0.6527349352836609, 0.647312581539154, 0.6046149730682373, 0.6400745511054993, 0.6516736745834351, 0.5869504809379578, 0.5950608253479004, 0.6159048080444336, 0.6641473770141602, 0.6344241499900818, 0.6198797821998596, 0.6877859830856323]
Train step Accs: [0.8995055264688773, 0.8912458918434419, 0.883194961351274, 0.8893135849657589, 0.8826747720364742, 0.8764835164835165, 0.8885033192516596, 0.8888695045359386, 0.8942397026943326, 0.8822670560127422, 0.8759948176938738, 0.8856950067476383, 0.8815950920245399, 0.8919839059114825, 0.8869364572239972, 0.891060291060291, 0.9039612425192363, 0.8993690851735016, 0.8783715012722646, 0.8928248689680102, 0.8870991797166293, 0.886283185840708, 0.891994750656168, 0.8927504324579336, 0.8993700533031821, 0.8841316564088841, 0.8976902805766548, 0.8996145197558625, 0.8975573280159521, 0.9038180125049887, 0.866838931955211, 0.8864726574992006, 0.9097578870139399, 0.891657010428737, 0.8846723984583457, 0.8888389513108614, 0.8945700705746795, 0.9071023494463948, 0.875809585492228, 0.9012012012012012, 0.8930980054527192, 0.8888888888888888, 0.8859509397897419, 0.8781168589505024, 0.8733723958333334, 0.8844367015098722, 0.8872610576252268, 0.9019028265287271, 0.8928571428571429, 0.8761658031088083, 0.8989406423406759, 0.8931297709923665, 0.8919326119709629, 0.892982749958131, 0.8798532558850505, 0.9003526185190022, 0.8928867517824574, 0.8993086865043582, 0.872412562455389, 0.8918097553563288, 0.895807560137457, 0.8752007006276455, 0.9028755868544601]
val step Accs: [0.9020308924485125, 0.9068166554734721, 0.8912080961416825, 0.8922692533803644, 0.8919803600654664, 0.8904412781850879, 0.9059233449477352, 0.8950013224014811, 0.8906888102368636, 0.9072820229376813, 0.9082323089935157, 0.8973727422003284, 0.8957256928135274, 0.8956722290055623, 0.8993991416309013, 0.8855942096661219]
Preds: [17, 17, 296, 473, 473, 65, 443, 443, 240, 240, 349, 349, 349, 234, 25, 25, 106, 284, 405, 206, 206, 167, 215, 35, 35, 401, 320, 345, 345, 109, 278, 324, 416, 285, 464, 337, 337, 171, 171, 252, 252, 325, 34, 34, 324, 324, 324, 301, 301, 338, 338, 250, 106, 65, 65, 138, 481, 293, 497, 122, 43, 32, 32, 239, 208, 208, 106, 106, 481, 426, 468, 468, 164, 164, 467, 413, 413, 413, 98, 98, 98, 98, 13, 7, 7, 309, 479, 331, 331, 151, 443, 120, 330, 271, 99, 99, 338, 338, 338, 338, 400, 400, 324, 324, 324, 3, 464, 464, 464, 106, 106, 387, 387, 175, 42, 219, 219, 219, 485, 485, 175, 180, 331, 443, 443, 271, 240, 385, 203, 203, 75, 77, 351, 164, 164, 384, 196, 32, 32, 32, 32, 473, 473, 213, 213, 213, 213, 246, 19, 24, 32, 401, 244, 401, 401, 75, 384, 371, 240, 278, 236, 37, 116, 10, 10, 212, 479, 398, 464, 464, 443, 378, 94, 468, 467, 355, 355, 355, 355, 452, 263, 229, 229, 170, 170, 170, 244, 187, 187, 187, 244, 392, 187, 392, 63, 63, 63, 63, 63, 63, 63, 63, 63, 73, 73, 73, 320, 244, 320, 345, 109, 496, 496, 175, 348, 76, 76, 129, 401, 244, 75, 354, 420, 420, 324, 324, 324, 464, 464, 464, 464, 264, 264, 120, 171, 207, 236, 143, 36, 54, 162, 323, 164, 164, 164, 115, 115, 273, 464, 464, 180, 180, 486, 315, 450, 450, 450, 450, 274, 122, 143, 233, 233, 36, 108, 108, 323, 323, 224, 224, 41, 41, 303, 303, 48, 48, 417, 244, 170, 392, 244, 392, 63, 63, 63, 63, 63, 63, 63, 63, 63, 73, 73, 244, 73, 244, 412, 83, 145, 55, 240, 240, 35, 36, 77, 164, 164, 224, 494, 494, 236, 236, 129, 401, 401, 244, 75, 354, 420, 213, 324, 324, 464, 464, 464, 464, 443, 330, 330, 203, 399, 217, 217, 473, 65, 476, 278, 314, 215, 129, 99, 34, 401, 75, 75, 310, 219, 219, 485, 464, 464, 464, 180, 443, 315, 315, 84, 84, 450, 43, 43, 43, 276, 276, 174, 174, 355, 355, 452, 452, 263, 13, 170, 170, 170, 392, 392, 392, 392, 63, 63, 63, 63, 73, 244, 73, 73, 244, 7, 7, 309, 479, 398, 398, 213, 213, 213, 213, 246, 246, 246, 19, 143, 143, 401, 401, 401, 75, 75, 127, 114, 240, 171, 171, 358, 26, 251, 251, 241, 398, 485, 286, 286, 286, 286, 374, 406, 467, 467, 467, 355, 355, 355, 452, 263, 263, 13, 17, 240, 240, 240, 240, 240, 240, 240, 240, 240, 240, 240, 240, 240, 240, 240, 240, 240, 240, 240, 240, 240, 240, 240, 240, 240, 240, 240, 240, 240, 240, 240, 240, 240, 240, 240, 240, 240, 240, 240, 240, 240, 240, 240, 240, 240, 240, 240, 240, 240, 240, 240, 240, 240, 240, 240, 240, 240, 240, 240, 240, 240, 240, 240, 240, 240, 240, 240, 240, 240, 240, 240, 240, 240, 240, 240, 240, 240, 240, 240, 240, 240, 240, 240, 240, 240, 240, 240, 240, 240, 240, 240, 240, 240, 240, 240, 240, 240, 240, 240, 240, 240, 240, 240, 240, 240, 240, 240, 240, 240, 240, 240, 240, 240, 240, 240, 240, 240, 240, 240, 240, 240, 240, 240, 240, 240, 240, 240, 240, 240, 240, 240, 240, 240, 240, 240, 240, 240, 240, 240, 240, 240, 240, 240, 240, 240, 240, 240, 240, 240, 240, 240, 240, 240, 240, 240, 240, 240, 240, 240, 240, 240, 240]

ep294
Train step Loss: [0.6399326920509338, 0.5962826609611511, 0.6530833840370178, 0.6622270345687866, 0.7192579507827759, 0.6494684815406799, 0.648232638835907, 0.6642771363258362, 0.6767546534538269, 0.6514285802841187, 0.6029512882232666, 0.6958458423614502, 0.6904107332229614, 0.6025004982948303, 0.5937451720237732, 0.6595554351806641, 0.6637176871299744, 0.7181707620620728, 0.6996017098426819, 0.6855840086936951, 0.7226293683052063, 0.6753379106521606, 0.6867680549621582, 0.669233500957489, 0.6478260159492493, 0.671586811542511, 0.6518767476081848, 0.6765730977058411, 0.674380898475647, 0.6951177716255188, 0.6638557314872742, 0.6862514615058899, 0.5965064167976379, 0.7547112703323364, 0.6777755618095398, 0.6696333885192871, 0.6547977328300476, 0.6481351256370544, 0.6929639577865601, 0.6314653754234314, 0.7204282879829407, 0.6652942299842834, 0.5955525040626526, 0.6756117343902588, 0.6592952013015747, 0.6161262392997742, 0.647386372089386, 0.5997544527053833, 0.7021921277046204, 0.6685933470726013, 0.7213258147239685, 0.6980800628662109, 0.7272897362709045, 0.6267841458320618, 0.6554689407348633, 0.6389265656471252, 0.6597866415977478, 0.7052960395812988, 0.7170578837394714, 0.708034336566925, 0.662695050239563, 0.6489208340644836, 0.7191675901412964]
val step Loss: [0.6848257184028625, 0.6171450018882751, 0.6391721963882446, 0.5272529125213623, 0.6284136176109314, 0.6149296760559082, 0.6693193316459656, 0.6211968064308167, 0.6347482204437256, 0.6513778567314148, 0.5941705703735352, 0.6283078193664551, 0.635286271572113, 0.6320125460624695, 0.6349708437919617, 0.5915099382400513]
Train step Accs: [0.9000656383327863, 0.907554146856841, 0.8951598173515982, 0.8913234005258545, 0.8758778376612771, 0.8990531459987783, 0.893507199130671, 0.8865193026151931, 0.8905035971223022, 0.898935324964246, 0.9006901840490797, 0.8853726119294152, 0.8937707761237172, 0.9056631672334763, 0.9118832522585129, 0.8892559799127792, 0.8908603950451959, 0.8804685294947784, 0.8826806749442853, 0.8838180941668006, 0.8828567281172884, 0.89008, 0.883458094818729, 0.887513373070457, 0.8964817320703654, 0.8827106863596872, 0.8958412819534529, 0.8919821826280624, 0.8945971267957527, 0.8849018280297901, 0.8963442154355348, 0.8873832631386193, 0.9087896756191141, 0.8649868919312554, 0.8849326964828484, 0.8910246227164417, 0.8942917547568711, 0.8953468258086836, 0.8849754792688364, 0.9018103344922671, 0.8728937728937729, 0.8899542705413778, 0.9052069425901201, 0.8866525423728814, 0.8924517593643587, 0.9054250072526835, 0.8974901723616571, 0.909338688853823, 0.881557913094027, 0.8908153030520132, 0.8833434773787786, 0.8798305982001059, 0.8801229508196722, 0.8951744617668894, 0.8966727319989602, 0.8907766990291263, 0.8971419344421121, 0.8808988764044944, 0.8900894816815803, 0.8817126269956459, 0.8947786065703857, 0.89875, 0.8741279069767441]
val step Accs: [0.892483056069008, 0.9005079175380938, 0.8969987318585317, 0.9211869814932993, 0.9023143164693218, 0.8996651210716126, 0.8917079207920792, 0.8986313731388179, 0.8979431621918669, 0.8983926521239954, 0.9030756207674944, 0.896875, 0.8980994152046784, 0.8959097703492322, 0.8938953488372093, 0.9054669703872438]
Preds: [17, 17, 296, 317, 317, 296, 461, 461, 461, 82, 51, 461, 244, 461, 20, 244, 244, 461, 461, 244, 392, 392, 392, 73, 73, 244, 244, 321, 287, 287, 287, 284, 284, 284, 206, 206, 169, 150, 150, 99, 338, 107, 219, 219, 152, 152, 152, 374, 374, 374, 132, 8, 250, 250, 250, 250, 153, 153, 182, 182, 182, 132, 497, 122, 186, 349, 349, 342, 68, 224, 224, 267, 213, 213, 324, 324, 3, 14, 14, 14, 145, 145, 284, 319, 319, 85, 85, 85, 85, 146, 146, 207, 207, 207, 85, 416, 416, 259, 278, 398, 398, 398, 324, 324, 301, 301, 301, 8, 259, 354, 106, 284, 284, 319, 319, 319, 206, 85, 146, 146, 219, 219, 219, 219, 324, 301, 301, 374, 374, 374, 374, 374, 374, 132, 153, 182, 182, 497, 274, 274, 122, 335, 188, 219, 219, 324, 324, 219, 219, 477, 374, 84, 84, 84, 496, 496, 293, 497, 43, 43, 43, 364, 276, 276, 153, 153, 153, 182, 182, 497, 497, 497, 122, 349, 349, 395, 25, 25, 420, 213, 422, 422, 162, 54, 54, 54, 273, 273, 273, 151, 151, 470, 206, 206, 167, 35, 35, 496, 100, 100, 100, 153, 387, 387, 387, 497, 122, 122, 250, 364, 364, 276, 100, 100, 153, 153, 153, 182, 182, 182, 182, 182, 182, 182, 182, 375, 98, 98, 98, 17, 240, 240, 240, 240, 240, 240, 240, 240, 240, 240, 240, 240, 240, 240, 240, 240, 240, 240, 240, 240, 240, 240, 240, 240, 240, 240, 240, 240, 240, 240, 240, 240, 240, 240, 240, 240, 240, 240, 240, 240, 240, 240, 240, 240, 240, 240, 240, 240, 240, 240, 240, 240, 240, 240, 240, 240, 240, 240, 240, 240, 240, 240, 240, 240, 240, 240, 240, 240, 240, 240, 240, 240, 240, 240, 240, 240, 240, 240, 240, 240, 240, 240, 240, 240, 240, 240, 240, 240, 240, 240, 240, 240, 240, 240, 240, 240, 240, 240, 240, 240, 240, 240, 240, 240, 240, 240, 240, 240, 240, 240, 240, 240, 240, 240, 240, 240, 240, 240, 240, 240, 240, 240, 240, 240, 240, 240, 240, 240, 240, 240, 240, 240, 240, 240, 240, 240, 240, 240, 240, 240, 240, 240, 240, 240, 240, 240, 240, 240, 240, 240, 240, 240, 240, 240, 240, 240, 240, 240, 240, 240, 240, 240, 240, 240, 240, 240, 240, 240, 240, 240, 240, 240, 240, 240, 240, 240, 240, 240, 240, 240, 240, 240, 240, 240, 240, 240, 240, 240, 240, 240, 240, 240, 240, 240, 240, 240, 240, 240, 240, 240, 240, 240, 240, 240, 240, 240, 240, 240, 240, 240, 240, 240, 240, 240, 240, 240, 240, 240, 240, 240, 240, 240, 240, 240, 240, 240, 240, 240, 240, 240, 240, 240, 240, 240, 240, 240, 240, 240, 240, 240, 240, 240, 240, 240, 240, 240, 240, 240, 240, 240, 240, 240, 240, 240, 240, 240, 240, 240, 240, 240, 240, 240, 240, 240, 240, 240, 240, 240, 240, 240, 240, 240, 240, 240, 240, 240, 240, 240, 240, 240, 240, 240, 240, 240, 240, 240, 240, 240, 240, 240, 240, 240, 240, 240, 240, 240, 240, 240, 240, 240, 240, 240, 240, 240, 240, 240, 240, 240, 240, 240, 240, 240, 240, 240, 240, 240, 240, 240, 240, 240, 240, 240, 240, 240, 240, 240, 240, 240, 240, 240, 240, 240, 240, 240, 240, 240, 240, 240, 240, 240, 240, 240, 240, 240, 240, 240, 240, 240, 240, 240, 240, 240, 240, 240, 240, 240, 240, 240, 240, 240, 240, 240, 240, 240, 240, 240, 240, 240, 240, 240]

ep295
Train step Loss: [0.6823468208312988, 0.6536266803741455, 0.6342074871063232, 0.6540426015853882, 0.6648372411727905, 0.636401891708374, 0.6678439974784851, 0.6354868412017822, 0.6652987599372864, 0.6312095522880554, 0.6397518515586853, 0.6906046867370605, 0.6947398781776428, 0.6556437015533447, 0.6938827037811279, 0.643361508846283, 0.63602215051651, 0.6372764110565186, 0.5892407298088074, 0.6628356575965881, 0.7157145142555237, 0.5784157514572144, 0.6385807991027832, 0.6094496250152588, 0.6683261394500732, 0.6383121609687805, 0.6153155565261841, 0.6689590215682983, 0.7132759094238281, 0.7231482863426208, 0.7309904098510742, 0.6771860122680664, 0.7334003448486328, 0.6749242544174194, 0.6364056468009949, 0.6860601902008057, 0.658904492855072, 0.6739956736564636, 0.6729685664176941, 0.6460515260696411, 0.6164258122444153, 0.7190204858779907, 0.6486528515815735, 0.6587585806846619, 0.7547293901443481, 0.6516876816749573, 0.6442269682884216, 0.6520229578018188, 0.6279983520507812, 0.6300700306892395, 0.6013972759246826, 0.6735410690307617, 0.7110668420791626, 0.7102718353271484, 0.6051943302154541, 0.7158716917037964, 0.6206697225570679, 0.6608182787895203, 0.5992026329040527, 0.6306172013282776, 0.6625016331672668, 0.6527153253555298, 0.6440110802650452]
val step Loss: [0.6344485878944397, 0.6047831773757935, 0.6273881793022156, 0.6062561869621277, 0.6476309299468994, 0.6113663911819458, 0.5716997981071472, 0.6110130548477173, 0.6519548296928406, 0.6234875321388245, 0.6657450199127197, 0.6329213380813599, 0.6539484858512878, 0.5928925275802612, 0.5689277648925781, 0.6229360103607178]
Train step Accs: [0.8929227941176471, 0.8955797565663036, 0.8959269459341933, 0.8995936335929563, 0.8913940465664604, 0.9004122011541632, 0.8896346973021815, 0.8978328173374613, 0.8940609951845907, 0.8907844852726743, 0.8920948034741646, 0.8822637695805963, 0.879907306434024, 0.8935470024323937, 0.882803943044907, 0.9010060362173038, 0.8939590776226047, 0.8920053997300135, 0.9093194770365404, 0.8933183604716451, 0.8839355545127483, 0.9176486898655206, 0.8948092803775068, 0.907176287051482, 0.8870265914585012, 0.897320625786729, 0.9008620689655172, 0.8859041425137848, 0.8811076923076923, 0.8762132508088338, 0.8761155649674784, 0.881380890052356, 0.8736858379715523, 0.8923220973782772, 0.8974282741192211, 0.8845175512972698, 0.8958429918096121, 0.8907053637031594, 0.8982799525504152, 0.8983231707317073, 0.9060814859197124, 0.8828333333333334, 0.9009753678293932, 0.8988393402565669, 0.869144857476246, 0.899863863258206, 0.8989864864864865, 0.8921875, 0.9101258238466148, 0.8957974280790136, 0.9079322488680195, 0.8902327005511329, 0.8852810285149167, 0.8810414484512943, 0.9078369905956113, 0.8864474492931776, 0.8981010512037979, 0.8884669479606189, 0.9117514633048176, 0.8982122725076502, 0.8953967992080515, 0.894993894993895, 0.8969367306040653]
val step Accs: [0.8962488835963084, 0.9032862496396656, 0.8982365907421014, 0.8977811782708492, 0.8947368421052632, 0.9005651237890204, 0.9095029460643602, 0.9003667481662592, 0.8900906632734213, 0.8953956834532374, 0.8866384047731198, 0.8987971130713713, 0.8930111038536904, 0.9138813610358326, 0.9168528566868815, 0.9038461538461539]
Preds: [17, 17, 7, 217, 217, 473, 473, 473, 278, 278, 278, 278, 330, 330, 240, 24, 310, 310, 310, 338, 338, 338, 338, 400, 400, 400, 267, 444, 444, 324, 246, 246, 246, 246, 246, 246, 19, 454, 454, 454, 454, 197, 80, 80, 321, 321, 320, 320, 188, 7, 451, 451, 30, 324, 324, 324, 3, 464, 464, 464, 464, 120, 330, 330, 330, 388, 34, 212, 465, 335, 335, 53, 188, 188, 360, 290, 290, 290, 290, 434, 434, 434, 339, 339, 94, 183, 77, 310, 310, 107, 395, 395, 395, 395, 464, 464, 464, 180, 180, 486, 486, 486, 486, 315, 460, 450, 450, 175, 43, 43, 43, 43, 276, 276, 174, 174, 284, 319, 319, 319, 319, 282, 282, 282, 282, 263, 263, 263, 414, 414, 170, 170, 244, 392, 392, 392, 392, 392, 244, 320, 321, 320, 7, 7, 127, 34, 34, 10, 76, 310, 310, 107, 395, 395, 395, 403, 403, 264, 264, 264, 14, 14, 14, 411, 297, 293, 293, 293, 497, 313, 127, 437, 437, 437, 470, 206, 206, 146, 146, 285, 219, 219, 152, 374, 374, 374, 374, 285, 374, 374, 88, 153, 497, 497, 497, 122, 122, 259, 196, 196, 138, 195, 195, 195, 195, 117, 48, 229, 229, 229, 312, 312, 312, 187, 187, 187, 23, 201, 2, 2, 2, 321, 320, 320, 7, 7, 309, 309, 380, 380, 380, 109, 139, 315, 315, 315, 450, 450, 450, 450, 450, 293, 122, 186, 36, 349, 323, 323, 427, 13, 13, 226, 225, 225, 225, 56, 321, 320, 7, 217, 473, 473, 473, 445, 213, 213, 213, 246, 246, 422, 99, 99, 338, 338, 338, 338, 338, 400, 400, 400, 213, 213, 213, 246, 19, 454, 454, 48, 414, 414, 80, 392, 392, 244, 321, 321, 320, 320, 7, 217, 217, 473, 473, 371, 290, 443, 443, 330, 271, 150, 150, 342, 342, 342, 224, 273, 496, 496, 375, 375, 98, 17, 240, 240, 240, 240, 240, 240, 240, 240, 240, 240, 240, 240, 240, 240, 240, 240, 240, 240, 240, 240, 240, 240, 240, 240, 240, 240, 240, 240, 240, 240, 240, 240, 240, 240, 240, 240, 240, 240, 240, 240, 240, 240, 240, 240, 240, 240, 240, 240, 240, 240, 240, 240, 240, 240, 240, 240, 240, 240, 240, 240, 240, 240, 240, 240, 240, 240, 240, 240, 240, 240, 240, 240, 240, 240, 240, 240, 240, 240, 240, 240, 240, 240, 240, 240, 240, 240, 240, 240, 240, 240, 240, 240, 240, 240, 240, 240, 240, 240, 240, 240, 240, 240, 240, 240, 240, 240, 240, 240, 240, 240, 240, 240, 240, 240, 240, 240, 240, 240, 240, 240, 240, 240, 240, 240, 240, 240, 240, 240, 240, 240, 240, 240, 240, 240, 240, 240, 240, 240, 240, 240, 240, 240, 240, 240, 240, 240, 240, 240, 240, 240, 240, 240, 240, 240, 240, 240, 240, 240, 240, 240, 240, 240, 240, 240, 240, 240, 240, 240, 240, 240, 240, 240, 240, 240, 240, 240, 240, 240, 240, 240, 240, 240, 240, 240, 240, 240, 240, 240, 240, 240, 240, 240, 240, 240, 240, 240, 240, 240, 240, 240, 240, 240, 240, 240, 240, 240, 240, 240, 240, 240, 240, 240, 240, 240, 240, 240, 240, 240, 240, 240, 240, 240, 240, 240, 240, 240, 240, 240, 240, 240, 240, 240, 240, 240, 240, 240, 240, 240, 240, 240, 240, 240, 240, 240, 240, 240, 240, 240, 240, 240, 240, 240, 240, 240, 240, 240, 240, 240, 240, 240, 240, 240, 240, 240, 240, 240, 240, 240, 240, 240, 240, 240, 240, 240, 240, 240, 240, 240]

ep296
Train step Loss: [0.6548336148262024, 0.6595973968505859, 0.6719979047775269, 0.7045735716819763, 0.5792919993400574, 0.691947877407074, 0.7165778875350952, 0.6457913517951965, 0.6607192158699036, 0.7086740732192993, 0.689318835735321, 0.687380313873291, 0.6249690055847168, 0.6202777624130249, 0.7110206484794617, 0.6755901575088501, 0.6149287223815918, 0.6905510425567627, 0.7029918432235718, 0.6544455885887146, 0.6188760995864868, 0.6140114068984985, 0.6353147029876709, 0.603284478187561, 0.6701620817184448, 0.6740793585777283, 0.6625040769577026, 0.6580387353897095, 0.6023609638214111, 0.6174849271774292, 0.6810939311981201, 0.6811921000480652, 0.6809403300285339, 0.64471834897995, 0.6037659049034119, 0.6319622993469238, 0.612695038318634, 0.6715919375419617, 0.6650143265724182, 0.6089692115783691, 0.6544169783592224, 0.6272500157356262, 0.6065433025360107, 0.710020124912262, 0.6239280104637146, 0.6432008147239685, 0.6595523953437805, 0.6573336124420166, 0.6575008630752563, 0.6229378581047058, 0.6730847358703613, 0.659270703792572, 0.6742475628852844, 0.6373891830444336, 0.6696573495864868, 0.7002015113830566, 0.6435662508010864, 0.6669514775276184, 0.628746509552002, 0.6222240924835205, 0.6460139751434326, 0.6123473644256592, 0.6635092496871948]
val step Loss: [0.6498696208000183, 0.5180237889289856, 0.626292884349823, 0.64791339635849, 0.6384607553482056, 0.5704575777053833, 0.6502181887626648, 0.568363606929779, 0.6164891123771667, 0.5963338613510132, 0.6076870560646057, 0.6513481736183167, 0.6597295999526978, 0.6152825355529785, 0.5820521712303162, 0.6161742210388184]
Train step Accs: [0.8965853658536586, 0.8935983630517392, 0.8895627194382381, 0.8831235993794173, 0.9133259607409455, 0.8841054882394868, 0.8835576360444705, 0.8886032562125107, 0.8926569909469751, 0.8802352521832115, 0.8929289544235925, 0.8883622959452343, 0.9026057240495515, 0.9005405405405406, 0.8821482602118003, 0.8999832467750042, 0.9028366481904141, 0.890087783467447, 0.8867546350425923, 0.8979591836734694, 0.9054238212046879, 0.9014041043048913, 0.8982084690553745, 0.9136439520412809, 0.8931555555555556, 0.8892502567613831, 0.8905109489051095, 0.886286594761171, 0.8979591836734694, 0.9051610057344508, 0.8871379258592226, 0.8895940764246992, 0.8892554870176446, 0.8863411415374464, 0.9054638679698767, 0.8948961937716263, 0.900297127764939, 0.8868382710053424, 0.8946611540535682, 0.9073976915005246, 0.8868974042027195, 0.895793991416309, 0.9016117729502453, 0.8816234498308907, 0.9007105119329568, 0.893640897755611, 0.8959463772741781, 0.8945307565997221, 0.8840147643384441, 0.9045895468365427, 0.8922255588922255, 0.8977180773587959, 0.8931536681638764, 0.8974121996303143, 0.8932390479475681, 0.8849407783417935, 0.8874581054859764, 0.8872641509433963, 0.8953319802841403, 0.9040370615486433, 0.8893765133171913, 0.9062834428986394, 0.8942986881937437]
val step Accs: [0.8952840138616845, 0.9191770756796473, 0.8967611336032388, 0.8896359462118727, 0.8948129115143729, 0.9147792080821248, 0.8938017089380171, 0.9142616033755274, 0.8955947136563877, 0.9093078758949881, 0.9011446409989594, 0.8959269854243291, 0.8987897326772177, 0.9022110105356878, 0.9118067467124071, 0.9096259730396811]
Preds: [17, 17, 287, 481, 481, 387, 293, 349, 416, 8, 144, 354, 106, 106, 153, 387, 387, 35, 164, 164, 350, 413, 413, 413, 413, 250, 413, 413, 413, 122, 122, 88, 195, 195, 117, 48, 48, 414, 414, 197, 47, 80, 80, 73, 73, 73, 209, 209, 287, 287, 284, 460, 460, 167, 167, 35, 35, 36, 164, 164, 224, 172, 324, 324, 301, 301, 399, 217, 217, 473, 473, 264, 264, 264, 264, 264, 171, 171, 171, 171, 171, 324, 252, 143, 24, 384, 371, 324, 324, 301, 325, 325, 34, 374, 374, 274, 274, 416, 8, 239, 208, 345, 345, 88, 374, 313, 236, 24, 239, 310, 310, 107, 107, 213, 213, 213, 213, 213, 213, 19, 454, 454, 414, 414, 47, 47, 47, 47, 80, 80, 80, 80, 80, 320, 320, 188, 213, 152, 301, 301, 378, 43, 276, 276, 276, 276, 276, 153, 411, 182, 182, 182, 182, 387, 387, 387, 387, 387, 167, 167, 416, 219, 219, 219, 152, 152, 32, 32, 148, 148, 148, 148, 364, 364, 364, 364, 276, 276, 276, 153, 497, 43, 129, 129, 259, 354, 354, 106, 284, 486, 460, 285, 406, 467, 139, 206, 206, 169, 150, 150, 68, 164, 115, 273, 273, 428, 428, 428, 403, 146, 171, 358, 358, 349, 233, 36, 107, 310, 427, 56, 56, 56, 56, 244, 392, 392, 392, 392, 73, 73, 73, 320, 209, 287, 287, 284, 460, 460, 167, 35, 35, 32, 354, 354, 420, 420, 324, 236, 24, 239, 371, 371, 324, 301, 301, 8, 217, 217, 473, 398, 213, 213, 213, 236, 239, 239, 310, 310, 107, 395, 213, 213, 213, 213, 213, 246, 19, 454, 414, 80, 80, 80, 80, 80, 80, 80, 80, 209, 209, 287, 284, 284, 428, 428, 85, 146, 146, 146, 358, 37, 143, 401, 401, 244, 75, 445, 445, 445, 219, 485, 416, 374, 374, 374, 132, 132, 132, 132, 132, 335, 14, 14, 209, 411, 287, 284, 284, 284, 284, 284, 450, 206, 206, 355, 355, 375, 98, 13, 13, 170, 170, 170, 170, 63, 63, 63, 63, 63, 63, 63, 63, 63, 63, 63, 63, 63, 63, 63, 63, 63, 73, 73, 73, 320, 209, 83, 83, 443, 240, 416, 416, 8, 354, 354, 180, 84, 84, 84, 496, 406, 42, 42, 132, 132, 132, 132, 117, 217, 217, 473, 473, 188, 278, 213, 252, 143, 239, 259, 310, 107, 107, 213, 213, 213, 213, 213, 213, 246, 454, 454, 414, 80, 80, 80, 80, 80, 209, 209, 287, 287, 460, 460, 169, 35, 35, 36, 108, 66, 68, 224, 224, 219, 213, 213, 213, 213, 324, 3, 3, 14, 14, 14, 411, 287, 481, 481, 497, 43, 416, 8, 144, 208, 106, 106, 153, 481, 426, 468, 468, 106, 413, 413, 413, 413, 303, 303, 303, 303, 381, 381, 381, 48, 48, 48, 13, 170, 170, 392, 392, 392, 392, 63, 63, 63, 73, 73, 73, 209, 412, 287, 486, 460, 460, 169, 35, 35, 36, 36, 224, 494, 301, 116, 217, 217, 473, 473, 476, 213, 213, 24, 310, 310, 219, 324, 301, 236, 24, 239, 34, 420, 374, 301, 314, 77, 374, 374, 374, 132, 132, 8, 32, 239, 208, 345, 345, 132, 374, 313, 236, 24, 239, 239, 310, 107, 107, 213, 213, 213, 213, 213, 246, 19, 454, 414, 170, 170, 392, 392, 392, 392, 63, 63, 63, 63, 63, 63, 63, 63, 63, 63, 63, 63, 63, 63, 73, 73, 73, 209, 83, 83, 55, 443, 240, 416, 416, 8, 354, 180, 180, 84, 84, 84, 496, 42, 42, 42, 132, 132, 132, 117]

ep297
Train step Loss: [0.6471366286277771, 0.634019672870636, 0.6709868907928467, 0.6506037712097168, 0.6962738037109375, 0.7244732975959778, 0.6838350296020508, 0.6886031031608582, 0.6671741604804993, 0.6377624273300171, 0.638874888420105, 0.6208445429801941, 0.7068966627120972, 0.6293824911117554, 0.6534686088562012, 0.7038173675537109, 0.6599283218383789, 0.6708270907402039, 0.6326488256454468, 0.5612384080886841, 0.6346749663352966, 0.6442620754241943, 0.6589680910110474, 0.6558398008346558, 0.6210076212882996, 0.6639376878738403, 0.6289948225021362, 0.603989839553833, 0.6543275713920593, 0.5805982351303101, 0.5842851996421814, 0.6117907166481018, 0.6830543875694275, 0.653681218624115, 0.7495864629745483, 0.6300321817398071, 0.6198251843452454, 0.7245778441429138, 0.6553213000297546, 0.6143566370010376, 0.6116044521331787, 0.6600419282913208, 0.6087417602539062, 0.6806312203407288, 0.6180365681648254, 0.6589596271514893, 0.6806086897850037, 0.5984506607055664, 0.6610445976257324, 0.5973779559135437, 0.6108049750328064, 0.6703094840049744, 0.6563189029693604, 0.5740734934806824, 0.6638973951339722, 0.6372291445732117, 0.6673970818519592, 0.664776623249054, 0.6674596071243286, 0.6400876641273499, 0.5749584436416626, 0.5718342065811157, 0.77362060546875]
val step Loss: [0.596405565738678, 0.6181641817092896, 0.6454436779022217, 0.609004557132721, 0.6557074189186096, 0.6567168235778809, 0.5850837826728821, 0.6071784496307373, 0.6129295825958252, 0.5903549790382385, 0.6435739994049072, 0.5663495063781738, 0.568844199180603, 0.5746956467628479, 0.6078029274940491, 0.5633483529090881]
Train step Accs: [0.8970927549607752, 0.9061066513761468, 0.8928255093002657, 0.8959012905970785, 0.8897012078830261, 0.8754270696452037, 0.8840082361015786, 0.8931609947643979, 0.8859048622081798, 0.8943745863666446, 0.8958333333333334, 0.905065307422746, 0.8794492456423026, 0.9034147735390771, 0.8957282705428656, 0.8894480264192484, 0.8963002490217005, 0.8936610965336279, 0.9007046764894299, 0.9188516185733119, 0.8971265280203207, 0.8980526918671249, 0.8924798991013716, 0.8906133133881825, 0.9043331457512662, 0.8923348867105898, 0.9002665830327741, 0.9025943762622339, 0.8952032634688423, 0.913484692122463, 0.9088768868577759, 0.9037109924093337, 0.8876783796225257, 0.8956051770729626, 0.8671067106710671, 0.9015570065293822, 0.902972027972028, 0.8811812230115615, 0.9005887075194006, 0.9004654983570646, 0.9015868953160993, 0.890515496028656, 0.9064641600296351, 0.8916689207465512, 0.9032358918242926, 0.8976702278285493, 0.8958827014218009, 0.9054270333187836, 0.8904694167852063, 0.9025506867233486, 0.9012710611882944, 0.8876986252454919, 0.8902711323763955, 0.908260168428597, 0.8957540709176686, 0.892812456554984, 0.8905345590738849, 0.8929329693660903, 0.8888888888888888, 0.8957682969129379, 0.9081277672359266, 0.9151478936360921, 0.8706000670465974]
val step Accs: [0.9041543997383056, 0.9031460365434812, 0.8924205378973105, 0.9057837146511297, 0.8955042527339003, 0.8936756599941978, 0.9100375554796859, 0.9059334298118669, 0.9050398633257403, 0.9103169251517195, 0.8997735849056604, 0.9109134760325596, 0.9115056619600168, 0.9122830987839868, 0.9069631363370392, 0.910062746920753]
Preds: [17, 188, 188, 278, 278, 339, 411, 76, 76, 239, 384, 114, 151, 240, 388, 94, 94, 331, 319, 111, 240, 240, 99, 99, 338, 199, 496, 302, 242, 348, 94, 199, 331, 351, 25, 428, 240, 240, 24, 239, 239, 380, 395, 302, 88, 387, 236, 116, 94, 479, 331, 331, 331, 284, 315, 315, 315, 450, 450, 450, 167, 98, 14, 14, 414, 414, 411, 411, 424, 424, 424, 182, 497, 497, 349, 349, 183, 183, 436, 349, 226, 208, 188, 236, 278, 479, 301, 422, 76, 349, 349, 234, 234, 234, 261, 261, 25, 470, 443, 443, 240, 178, 143, 143, 36, 310, 107, 107, 395, 485, 286, 139, 139, 139, 371, 162, 162, 54, 54, 164, 34, 239, 384, 371, 371, 278, 422, 150, 162, 342, 342, 115, 224, 494, 278, 173, 31, 162, 232, 172, 172, 115, 267, 444, 213, 213, 213, 246, 246, 318, 318, 349, 342, 99, 338, 359, 427, 56, 56, 82, 82, 187, 187, 244, 392, 392, 392, 63, 63, 63, 73, 73, 244, 209, 287, 287, 481, 293, 416, 406, 406, 144, 27, 106, 106, 153, 387, 387, 387, 387, 387, 406, 406, 406, 42, 250, 250, 132, 132, 132, 132, 132, 98, 98, 98, 197, 197, 414, 197, 80, 80, 209, 287, 284, 284, 206, 240, 167, 35, 35, 36, 36, 371, 324, 324, 3, 143, 14, 14, 14, 440, 440, 313, 77, 143, 129, 458, 208, 441, 441, 144, 319, 348, 388, 94, 199, 34, 324, 324, 324, 116, 251, 251, 251, 241, 431, 84, 84, 496, 497, 416, 8, 458, 27, 106, 106, 313, 240, 416, 35, 35, 259, 384, 114, 180, 284, 284, 284, 284, 284, 405, 206, 206, 206, 206, 452, 263, 35, 414, 414, 312, 312, 312, 187, 187, 187, 187, 244, 392, 392, 63, 63, 63, 63, 63, 63, 63, 63, 73, 73, 73, 244, 209, 83, 83, 240, 271, 416, 8, 8, 32, 354, 354, 180, 84, 84, 406, 42, 42, 42, 250, 250, 132, 132, 117, 217, 217, 473, 473, 188, 278, 252, 252, 236, 314, 239, 239, 384, 384, 371, 213, 213, 213, 213, 213, 246, 246, 246, 3, 335, 226, 226, 226, 226, 287, 145, 284, 460, 240, 240, 35, 108, 449, 449, 494, 301, 399, 217, 70, 70, 65, 65, 315, 315, 468, 406, 406, 467, 413, 413, 413, 64, 212, 239, 384, 371, 371, 324, 301, 26, 251, 241, 431, 431, 84, 496, 274, 416, 8, 8, 32, 196, 196, 70, 65, 65, 138, 426, 426, 426, 182, 375, 375, 98, 98, 263, 414, 414, 414, 414, 312, 312, 187, 187, 187, 187, 187, 244, 392, 63, 63, 63, 63, 63, 73, 73, 73, 244, 209, 83, 83, 443, 240, 416, 8, 8, 239, 354, 354, 180, 84, 84, 84, 406, 406, 406, 406, 250, 250, 250, 250, 497, 497, 335, 14, 14, 411, 287, 208, 387, 274, 416, 416, 406, 144, 208, 106, 106, 387, 387, 387, 387, 406, 406, 406, 406, 406, 250, 413, 413, 413, 413, 132, 132, 122, 138, 195, 195, 117, 117, 335, 197, 197, 414, 414, 209, 287, 145, 460, 460, 169, 150, 35, 77, 342, 224, 168, 108, 301, 301, 217, 217, 217, 473, 473, 476, 278, 171, 252, 236, 143, 239, 310, 107, 395, 106, 106, 106, 153, 153, 182, 182, 182, 182, 182, 182, 182, 387, 98, 98, 35, 247, 312, 126, 126, 126, 23, 23, 23, 23, 149, 149, 228, 73, 73, 412, 209, 287, 486, 460, 460, 282, 150, 342, 342, 224, 494, 324, 301, 217, 217, 217, 473, 473, 264, 264, 264, 468, 468, 313]

ep298
Train step Loss: [0.6020349264144897, 0.6532325744628906, 0.6330021619796753, 0.6452725529670715, 0.6644279956817627, 0.689083993434906, 0.6745622158050537, 0.6572222113609314, 0.6437913179397583, 0.632246196269989, 0.6490368247032166, 0.6514157056808472, 0.6852574944496155, 0.6238011717796326, 0.6211938261985779, 0.6989702582359314, 0.6115004420280457, 0.6594539284706116, 0.6900932192802429, 0.6214386224746704, 0.6542388796806335, 0.6318724155426025, 0.5875651836395264, 0.6891652345657349, 0.6512466073036194, 0.6183435320854187, 0.5787770748138428, 0.6174392104148865, 0.65354984998703, 0.6277884840965271, 0.572536051273346, 0.6120678186416626, 0.6222507357597351, 0.6328835487365723, 0.6575284600257874, 0.615502655506134, 0.6560915112495422, 0.6481004953384399, 0.6763906478881836, 0.668950080871582, 0.590971827507019, 0.6338168382644653, 0.6665549278259277, 0.6606065034866333, 0.6837736964225769, 0.6410277485847473, 0.6258637309074402, 0.6188979744911194, 0.6705688238143921, 0.5766094923019409, 0.6522620916366577, 0.652908980846405, 0.6399443745613098, 0.6449249982833862, 0.6645817756652832, 0.6063194274902344, 0.6281678080558777, 0.650922954082489, 0.6233161687850952, 0.6494935750961304, 0.6221344470977783, 0.6203513145446777, 0.6284006237983704]
val step Loss: [0.5996630787849426, 0.6195129752159119, 0.5960021018981934, 0.6799105405807495, 0.5408930778503418, 0.5895218253135681, 0.54865962266922, 0.5905534625053406, 0.5961613059043884, 0.5789896249771118, 0.6470200419425964, 0.5580937266349792, 0.6695595979690552, 0.588129460811615, 0.615281879901886, 0.6060048937797546]
Train step Accs: [0.9070323712326582, 0.9028823205434184, 0.9017026756331378, 0.8992404278406448, 0.8965665236051502, 0.8851770719240599, 0.8887709991158267, 0.8963782696177063, 0.894233555491162, 0.9054726368159204, 0.8995280864667377, 0.8960291847902343, 0.8802840158520475, 0.90329856216521, 0.9001551262163305, 0.8832356724310418, 0.909129213483146, 0.8945438545027867, 0.8842232590288578, 0.9015422963078361, 0.9005865102639297, 0.8968678380443086, 0.9066666666666666, 0.8817936935509428, 0.8887587822014051, 0.9005243227497816, 0.9098305084745762, 0.904084535663483, 0.8949167657550535, 0.8985342251316352, 0.9127835683629675, 0.9046649968691296, 0.898989898989899, 0.8985465534609296, 0.8985305491105955, 0.9022377797224653, 0.904605732211607, 0.8956433637284701, 0.885132611131864, 0.8910008410428932, 0.905160390516039, 0.9082582360762299, 0.8941092721124755, 0.8945022288261516, 0.8870443265445833, 0.8953336240732664, 0.9004472420076197, 0.901517362124307, 0.8893206678180772, 0.9095152062631737, 0.8969406674907293, 0.8890716101061444, 0.902163538020999, 0.8897037254326782, 0.8903988183161005, 0.9054425508521166, 0.8980257199782649, 0.8913503598137434, 0.9045596148399887, 0.8877581562406465, 0.9020009453285016, 0.9044631398830743, 0.8955039525691699]
val step Accs: [0.9055464926590538, 0.8944381384790011, 0.9072727272727272, 0.887066541705717, 0.9187269110542767, 0.9128041714947857, 0.9184097078077599, 0.9055746730901583, 0.9049720506031186, 0.9094638949671773, 0.900631975258841, 0.9136850897953501, 0.8933217692974849, 0.9098159509202454, 0.9016139044072005, 0.911946446961895]
Preds: [17, 287, 287, 284, 284, 284, 450, 450, 293, 88, 88, 88, 109, 150, 146, 299, 299, 301, 219, 219, 219, 219, 219, 485, 152, 374, 374, 374, 378, 378, 35, 354, 287, 287, 287, 284, 111, 240, 240, 285, 34, 34, 145, 486, 486, 282, 282, 282, 203, 203, 94, 473, 473, 398, 330, 360, 360, 360, 213, 252, 422, 310, 310, 107, 107, 338, 395, 395, 338, 338, 116, 116, 116, 10, 398, 398, 398, 398, 398, 434, 434, 132, 132, 132, 132, 250, 10, 10, 76, 259, 259, 74, 371, 420, 485, 286, 286, 286, 286, 286, 264, 264, 264, 264, 264, 264, 120, 120, 282, 271, 271, 186, 31, 342, 342, 342, 68, 115, 115, 273, 273, 470, 470, 180, 486, 315, 315, 315, 315, 450, 450, 450, 450, 146, 146, 358, 368, 77, 77, 66, 68, 68, 224, 224, 224, 267, 267, 340, 236, 168, 168, 164, 164, 302, 34, 34, 34, 351, 351, 351, 486, 486, 486, 486, 169, 468, 468, 468, 468, 337, 337, 337, 337, 324, 252, 325, 34, 445, 467, 236, 116, 208, 381, 381, 364, 364, 399, 64, 458, 458, 458, 212, 232, 232, 172, 115, 115, 267, 267, 267, 267, 213, 213, 213, 252, 252, 143, 143, 259, 354, 420, 420, 324, 324, 324, 324, 324, 464, 464, 464, 464, 290, 290, 290, 290, 330, 330, 388, 339, 339, 34, 34, 77, 242, 54, 168, 168, 41, 324, 213, 422, 236, 325, 77, 351, 232, 458, 458, 115, 115, 115, 273, 267, 444, 41, 19, 19, 454, 48, 414, 414, 170, 244, 392, 392, 392, 392, 392, 392, 392, 392, 244, 321, 321, 320, 320, 441, 153, 424, 424, 424, 424, 497, 497, 497, 122, 458, 321, 75, 144, 208, 437, 437, 100, 100, 375, 98, 98, 98, 98, 13, 442, 17, 169, 240, 240, 240, 240, 240, 240, 240, 240, 240, 240, 240, 240, 240, 240, 240, 240, 240, 240, 240, 240, 240, 240, 240, 240, 240, 240, 240, 240, 240, 240, 240, 240, 240, 240, 240, 240, 240, 240, 240, 240, 240, 240, 240, 240, 240, 240, 240, 240, 240, 240, 240, 240, 240, 240, 240, 240, 240, 240, 240, 240, 240, 240, 240, 240, 240, 240, 240, 240, 240, 240, 240, 240, 240, 240, 240, 240, 240, 240, 240, 240, 240, 240, 240, 240, 240, 240, 240, 240, 240, 240, 240, 240, 240, 240, 240, 240, 240, 240, 240, 240, 240, 240, 240, 240, 240, 240, 240, 240, 240, 240, 240, 240, 240, 240, 240, 240, 240, 240, 240, 240, 240, 240, 240, 240, 240, 240, 240, 240, 240, 240, 240, 240, 240, 240, 240, 240, 240, 240, 240, 240, 240, 240, 240, 240, 240, 240, 240, 240, 240, 240, 240, 240, 240, 240, 240, 240, 240, 240, 240, 240, 240, 240, 240, 240, 240, 240, 240, 240, 240, 240, 240, 240, 240, 240, 240, 240, 240, 240, 240, 240, 240, 240, 240, 240, 240, 240, 240, 240, 240, 240, 240, 240, 240, 240, 240, 240, 240, 240, 240, 240, 240, 240, 240, 240, 240, 240, 240, 240, 240, 240, 240, 240, 240, 240, 240, 240, 240, 240, 240, 240, 240, 240, 240, 240, 240, 240, 240, 240, 240, 240, 240, 240, 240, 240, 240, 240, 240, 240, 240, 240, 240, 240, 240, 240, 240, 240, 240, 240, 240, 240, 240, 240, 240, 240, 240, 240, 240, 240, 240, 240, 240, 240, 240, 240, 240, 240, 240, 240, 240, 240, 240, 240, 240, 240, 240, 240, 240, 240, 240, 240, 240, 240, 240, 240, 240, 240, 240, 240, 240, 240, 240, 240, 240, 240, 240, 240]

ep299
Train step Loss: [0.6858797669410706, 0.5745458006858826, 0.6401256918907166, 0.6344298124313354, 0.6775442957878113, 0.6674705743789673, 0.635382354259491, 0.6282337307929993, 0.6378052830696106, 0.6654747724533081, 0.6507284641265869, 0.639091432094574, 0.6089439988136292, 0.6341570615768433, 0.6751037240028381, 0.6396973133087158, 0.6524863839149475, 0.6016398668289185, 0.6477184295654297, 0.6533931493759155, 0.6249079704284668, 0.6104918718338013, 0.6453253030776978, 0.720793604850769, 0.6107417941093445, 0.5885601043701172, 0.5763065814971924, 0.6176267266273499, 0.6864117383956909, 0.6484542489051819, 0.6558438539505005, 0.6258352398872375, 0.639853835105896, 0.5968664288520813, 0.6182684302330017, 0.6234426498413086, 0.6512792110443115, 0.5875309705734253, 0.6098017692565918, 0.6337593793869019, 0.6297847032546997, 0.6847449541091919, 0.5965319275856018, 0.7087467312812805, 0.6416316628456116, 0.5821436047554016, 0.6435725092887878, 0.579021155834198, 0.6913537383079529, 0.675926685333252, 0.6013994216918945, 0.611296534538269, 0.6266971230506897, 0.6905307769775391, 0.6177999377250671, 0.6018332839012146, 0.6350406408309937, 0.6135881543159485, 0.6246809959411621, 0.5982033014297485, 0.6219552755355835, 0.5850067138671875, 0.6730724573135376]
val step Loss: [0.5891880393028259, 0.6195091009140015, 0.6329953670501709, 0.5734765529632568, 0.5690076947212219, 0.5574893355369568, 0.5780624151229858, 0.5732957720756531, 0.6107959151268005, 0.5661414861679077, 0.5396162867546082, 0.6284429430961609, 0.6604717969894409, 0.647325873374939, 0.597832977771759, 0.5626326203346252]
Train step Accs: [0.8896713615023474, 0.9173616376042456, 0.8989237248479176, 0.8997679141282274, 0.8852198990627254, 0.8898860890576459, 0.8990005260389269, 0.8971665514858328, 0.8983235020180068, 0.8920150895944672, 0.9012824336415151, 0.8962061560486757, 0.9028004148762779, 0.9070252240983948, 0.8895119733252501, 0.8922734026745914, 0.8927633498686898, 0.9041769041769042, 0.8959974280662273, 0.8906890130353817, 0.9035880980163361, 0.9087985969014908, 0.8959765910753474, 0.8774233896185115, 0.9053294971913961, 0.9072356215213359, 0.9136434108527132, 0.8986688851913478, 0.883300867717372, 0.8924012158054712, 0.8938114118255474, 0.9039555863983345, 0.900701101731292, 0.9108210128971375, 0.8938475428866245, 0.9002999571489787, 0.8930727220465651, 0.9084624553039332, 0.9054941534518661, 0.9037987173162308, 0.8967383761276891, 0.885969894916217, 0.9057746270861025, 0.8802606092621941, 0.8898266767143934, 0.9067602624752022, 0.902600400061548, 0.9033262561924982, 0.8903162055335968, 0.8961738818034848, 0.9039039039039038, 0.9059481443823081, 0.9059776792539367, 0.8861788617886179, 0.9061578171091446, 0.902157551430005, 0.8992816302594927, 0.9040236892527435, 0.8997279440342013, 0.9038841342988808, 0.9021657953696789, 0.9064718732932824, 0.8908002991772626]
val step Accs: [0.9087130541871922, 0.9005645601894008, 0.9005915452315684, 0.9077243637446049, 0.9150836174703686, 0.9158850226928895, 0.9101236698303135, 0.9080072557657424, 0.9071332436069987, 0.914079648792725, 0.9192139737991266, 0.8922993345103898, 0.8962596116251792, 0.8899656142544545, 0.9045590115040477, 0.9162730785744955]
Preds: [17, 17, 296, 217, 217, 473, 473, 65, 443, 240, 240, 314, 35, 35, 259, 127, 180, 486, 460, 460, 178, 35, 35, 35, 35, 345, 345, 109, 286, 286, 286, 468, 285, 406, 285, 337, 337, 337, 171, 171, 171, 252, 116, 116, 94, 398, 398, 324, 324, 301, 10, 10, 479, 398, 106, 88, 153, 387, 387, 497, 122, 416, 406, 239, 239, 144, 27, 106, 153, 387, 387, 387, 387, 313, 313, 406, 406, 250, 250, 250, 250, 250, 413, 132, 122, 195, 195, 195, 195, 195, 117, 117, 48, 229, 414, 414, 414, 244, 392, 392, 392, 244, 320, 7, 7, 309, 309, 398, 420, 301, 116, 10, 10, 250, 250, 88, 109, 109, 346, 403, 120, 171, 240, 416, 416, 32, 32, 32, 32, 354, 354, 470, 278, 403, 403, 171, 171, 171, 171, 252, 143, 143, 36, 401, 384, 180, 106, 106, 481, 424, 43, 43, 43, 364, 276, 276, 276, 153, 153, 182, 182, 497, 497, 98, 129, 129, 414, 197, 197, 197, 80, 80, 244, 209, 287, 145, 460, 460, 460, 169, 35, 35, 77, 342, 172, 224, 224, 324, 301, 399, 217, 217, 217, 473, 473, 443, 443, 443, 271, 150, 162, 54, 54, 172, 172, 115, 273, 106, 106, 106, 481, 481, 481, 182, 182, 182, 182, 182, 182, 481, 426, 375, 375, 98, 98, 263, 13, 414, 414, 414, 170, 170, 170, 392, 392, 392, 392, 392, 392, 63, 63, 63, 63, 63, 63, 63, 63, 63, 63, 63, 63, 63, 63, 63, 63, 73, 73, 73, 244, 244, 7, 70, 70, 70, 65, 65, 315, 315, 315, 450, 450, 406, 406, 406, 406, 406, 468, 467, 42, 375, 375, 303, 303, 303, 303, 303, 303, 303, 303, 303, 303, 375, 375, 98, 98, 98, 98, 17, 240, 240, 240, 240, 240, 240, 240, 240, 240, 240, 240, 240, 240, 240, 240, 240, 240, 240, 240, 240, 240, 240, 240, 240, 240, 240, 240, 240, 240, 240, 240, 240, 240, 240, 240, 240, 240, 240, 240, 240, 240, 240, 240, 240, 240, 240, 240, 240, 240, 240, 240, 240, 240, 240, 240, 240, 240, 240, 240, 240, 240, 240, 240, 240, 240, 240, 240, 240, 240, 240, 240, 240, 240, 240, 240, 240, 240, 240, 240, 240, 240, 240, 240, 240, 240, 240, 240, 240, 240, 240, 240, 240, 240, 240, 240, 240, 240, 240, 240, 240, 240, 240, 240, 240, 240, 240, 240, 240, 240, 240, 240, 240, 240, 240, 240, 240, 240, 240, 240, 240, 240, 240, 240, 240, 240, 240, 240, 240, 240, 240, 240, 240, 240, 240, 240, 240, 240, 240, 240, 240, 240, 240, 240, 240, 240, 240, 240, 240, 240, 240, 240, 240, 240, 240, 240, 240, 240, 240, 240, 240, 240, 240, 240, 240, 240, 240, 240, 240, 240, 240, 240, 240, 240, 240, 240, 240, 240, 240, 240, 240, 240, 240, 240, 240, 240, 240, 240, 240, 240, 240, 240, 240, 240, 240, 240, 240, 240, 240, 240, 240, 240, 240, 240, 240, 240, 240, 240, 240, 240, 240, 240, 240, 240, 240, 240, 240, 240, 240, 240, 240, 240, 240, 240, 240, 240, 240, 240, 240, 240, 240, 240, 240, 240, 240, 240, 240, 240, 240, 240, 240, 240, 240, 240, 240, 240, 240, 240, 240, 240, 240, 240, 240, 240, 240, 240, 240, 240, 240, 240, 240, 240, 240, 240, 240, 240, 240, 240, 240, 240, 240, 240, 240, 240, 240, 240, 240, 240, 240, 240, 240, 240, 240, 240, 240, 240, 240, 240, 240, 240, 240, 240, 240, 240, 240, 240, 240, 240, 240, 240, 240, 240, 240]

ep300
Train step Loss: [0.7121846079826355, 0.6370190382003784, 0.6916978359222412, 0.630933940410614, 0.6269971132278442, 0.6291261315345764, 0.5793293714523315, 0.6542994379997253, 0.6331328749656677, 0.6247283816337585, 0.5698314905166626, 0.6285428404808044, 0.6369660496711731, 0.5714448094367981, 0.6202091574668884, 0.6158533692359924, 0.6404117345809937, 0.62158203125, 0.624798595905304, 0.6649384498596191, 0.6807073950767517, 0.6483362913131714, 0.6174296140670776, 0.6140391826629639, 0.6414439678192139, 0.5770850777626038, 0.6089564561843872, 0.6007357835769653, 0.6552923321723938, 0.6250331997871399, 0.6528540849685669, 0.6258835792541504, 0.6262881755828857, 0.6157320141792297, 0.6327454447746277, 0.5679343938827515, 0.6296205520629883, 0.6685311198234558, 0.6113028526306152, 0.6412698030471802, 0.619686484336853, 0.624977171421051, 0.6173524856567383, 0.6294480562210083, 0.6234637498855591, 0.6444187164306641, 0.6015483140945435, 0.5880430936813354, 0.5977387428283691, 0.6278344392776489, 0.6226922273635864, 0.5938850045204163, 0.6286866068840027, 0.6088821887969971, 0.656916618347168, 0.6372325420379639, 0.5535621643066406, 0.6558722257614136, 0.6372806429862976, 0.6726170778274536, 0.5957925915718079, 0.6800094246864319, 0.6552202701568604]
val step Loss: [0.5996793508529663, 0.5528052449226379, 0.6192256808280945, 0.5264788866043091, 0.6026340126991272, 0.571759045124054, 0.5561054348945618, 0.5545153617858887, 0.5957996845245361, 0.5558049082756042, 0.6286178827285767, 0.5998864769935608, 0.6202054619789124, 0.6172866821289062, 0.6418121457099915, 0.6068457961082458]
Train step Accs: [0.8822615719167444, 0.8980063565443513, 0.8851739788199697, 0.8923652694610779, 0.9047174217655302, 0.9027698458023986, 0.9078849306901178, 0.9009306514560192, 0.8949196699956579, 0.9022428460943542, 0.9149986290101453, 0.9028571428571428, 0.8997278911564626, 0.9177759290072102, 0.9021500658183413, 0.9073403793253222, 0.900702875399361, 0.8945972357950579, 0.8982795049803803, 0.8919911829537105, 0.8885068762278978, 0.8960423634336678, 0.9045501197399931, 0.8970897089708971, 0.895663775850567, 0.9143722466960352, 0.9048948993091284, 0.9046321525885559, 0.8961581291759465, 0.9000503947589451, 0.8960578768640189, 0.8956708792686205, 0.8944881889763779, 0.8992425576889203, 0.8972308892355694, 0.9064930672979371, 0.9021043000914913, 0.8914370811615786, 0.9072763306908267, 0.8931782125859333, 0.8996001142530705, 0.8937362077745714, 0.9008810572687225, 0.8962720055229548, 0.8988496628322095, 0.8963739188290086, 0.9141779788838612, 0.904485317844466, 0.9101269944643439, 0.8995904995904996, 0.9016971937489497, 0.9055746946445349, 0.8997276950184206, 0.9050863571541753, 0.8946100572116832, 0.896321566300801, 0.9196587725999491, 0.888499912480308, 0.9019607843137255, 0.891218872870249, 0.9091199488899537, 0.8853364579845999, 0.8853955375253549]
val step Accs: [0.9053775271627011, 0.9182239707742026, 0.9015289661944171, 0.9218314532183145, 0.9094928837916264, 0.9096797409139978, 0.916213897626537, 0.9162063855583996, 0.9025252525252525, 0.9156739392316959, 0.9001048375018721, 0.897887323943662, 0.9007506255212677, 0.9042443064182195, 0.8970084834052686, 0.9085280045032367]
Preds: [17, 17, 188, 30, 30, 278, 378, 251, 251, 241, 431, 431, 284, 319, 319, 319, 388, 348, 10, 10, 479, 331, 331, 106, 138, 138, 153, 182, 182, 182, 182, 387, 387, 387, 335, 335, 440, 188, 324, 301, 301, 43, 364, 276, 276, 346, 346, 284, 428, 428, 240, 240, 24, 35, 384, 371, 324, 324, 301, 339, 10, 10, 479, 331, 331, 84, 153, 153, 182, 182, 182, 182, 182, 182, 43, 43, 276, 276, 346, 346, 284, 284, 206, 206, 206, 167, 167, 35, 35, 239, 239, 445, 464, 240, 171, 416, 416, 416, 416, 445, 464, 171, 171, 171, 171, 301, 8, 8, 32, 239, 354, 420, 213, 213, 213, 213, 213, 246, 246, 246, 301, 301, 43, 43, 43, 345, 345, 109, 109, 286, 171, 171, 171, 171, 246, 3, 3, 3, 454, 143, 226, 226, 226, 17, 287, 284, 460, 460, 169, 349, 234, 234, 261, 25, 485, 420, 422, 416, 143, 458, 82, 144, 208, 441, 100, 153, 153, 153, 182, 497, 497, 497, 122, 13, 229, 229, 247, 312, 126, 126, 47, 101, 149, 228, 82, 244, 320, 7, 445, 482, 374, 374, 374, 132, 132, 132, 313, 24, 77, 34, 213, 213, 213, 324, 324, 3, 3, 14, 14, 82, 287, 145, 287, 284, 111, 85, 438, 146, 219, 219, 219, 219, 219, 324, 324, 301, 325, 325, 34, 374, 132, 132, 132, 236, 239, 239, 384, 371, 180, 180, 443, 486, 486, 85, 468, 468, 406, 406, 467, 139, 284, 284, 284, 206, 206, 206, 452, 263, 35, 197, 197, 197, 7, 217, 473, 473, 476, 278, 278, 236, 24, 314, 239, 239, 310, 164, 107, 107, 395, 395, 213, 213, 213, 213, 213, 246, 246, 246, 246, 246, 19, 19, 454, 17, 301, 240, 240, 240, 240, 240, 240, 240, 240, 240, 240, 240, 240, 240, 240, 240, 240, 240, 240, 240, 240, 240, 240, 240, 240, 240, 240, 240, 240, 240, 240, 240, 240, 240, 240, 240, 240, 240, 240, 240, 240, 240, 240, 240, 240, 240, 240, 240, 240, 240, 240, 240, 240, 240, 240, 240, 240, 240, 240, 240, 240, 240, 240, 240, 240, 240, 240, 240, 240, 240, 240, 240, 240, 240, 240, 240, 240, 240, 240, 240, 240, 240, 240, 240, 240, 240, 240, 240, 240, 240, 240, 240, 240, 240, 240, 240, 240, 240, 240, 240, 240, 240, 240, 240, 240, 240, 240, 240, 240, 240, 240, 240, 240, 240, 240, 240, 240, 240, 240, 240, 240, 240, 240, 240, 240, 240, 240, 240, 240, 240, 240, 240, 240, 240, 240, 240, 240, 240, 240, 240, 240, 240, 240, 240, 240, 240, 240, 240, 240, 240, 240, 240, 240, 240, 240, 240, 240, 240, 240, 240, 240, 240, 240, 240, 240, 240, 240, 240, 240, 240, 240, 240, 240, 240, 240, 240, 240, 240, 240, 240, 240, 240, 240, 240, 240, 240, 240, 240, 240, 240, 240, 240, 240, 240, 240, 240, 240, 240, 240, 240, 240, 240, 240, 240, 240, 240, 240, 240, 240, 240, 240, 240, 240, 240, 240, 240, 240, 240, 240, 240, 240, 240, 240, 240, 240, 240, 240, 240, 240, 240, 240, 240, 240, 240, 240, 240, 240, 240, 240, 240, 240, 240, 240, 240, 240, 240, 240, 240, 240, 240, 240, 240, 240, 240, 240, 240, 240, 240, 240, 240, 240, 240, 240, 240, 240, 240, 240, 240, 240, 240, 240, 240, 240, 240, 240, 240, 240, 240, 240, 240, 240, 240, 240, 240, 240, 240, 240, 240, 240, 240, 240, 240, 240, 240, 240, 240, 240, 240, 240, 240, 240, 240, 240, 240, 240, 240]

ep301
Train step Loss: [0.5764822959899902, 0.6376340985298157, 0.6500364542007446, 0.6568578481674194, 0.6619141697883606, 0.57383131980896, 0.670068085193634, 0.5917453169822693, 0.5766584873199463, 0.6763354539871216, 0.6368089914321899, 0.6225918531417847, 0.6435885429382324, 0.60508131980896, 0.5979629755020142, 0.6211490631103516, 0.6063350439071655, 0.5919515490531921, 0.6509562134742737, 0.5924363732337952, 0.6078568696975708, 0.6281325221061707, 0.6492220163345337, 0.598581075668335, 0.6355187892913818, 0.577258825302124, 0.5219855904579163, 0.5493455529212952, 0.6897718906402588, 0.6094691753387451, 0.6458914875984192, 0.620250940322876, 0.6515201926231384, 0.5780956149101257, 0.6698403358459473, 0.6291354894638062, 0.593130886554718, 0.6449788808822632, 0.6460745930671692, 0.6040111780166626, 0.5753816366195679, 0.6155484914779663, 0.6485976576805115, 0.6539422273635864, 0.672295331954956, 0.6783502697944641, 0.616108775138855, 0.5873550176620483, 0.6477857232093811, 0.5973643660545349, 0.6726517677307129, 0.5840637683868408, 0.6015397310256958, 0.6569109559059143, 0.610097348690033, 0.6106518507003784, 0.663582444190979, 0.6138541102409363, 0.6653153300285339, 0.5655926465988159, 0.6235376000404358, 0.6095851063728333, 0.5790332555770874]
val step Loss: [0.6289576888084412, 0.5493471622467041, 0.5858343243598938, 0.5219894647598267, 0.6041592955589294, 0.5515121817588806, 0.5626728534698486, 0.5802657008171082, 0.5762447118759155, 0.6128507852554321, 0.5844834446907043, 0.570831298828125, 0.5746402740478516, 0.6354004740715027, 0.5738869309425354, 0.6095420718193054]
Train step Accs: [0.9179307041353983, 0.894313120931826, 0.8927431059506531, 0.9024822695035462, 0.8843703402467128, 0.9105145413870246, 0.8864149725717974, 0.9015115354017502, 0.9115765909817717, 0.8913134120917303, 0.9026038560922282, 0.9069808027923211, 0.9046650196192414, 0.9038219235615288, 0.9095685840707964, 0.901440059846643, 0.9048605577689243, 0.9066841907622981, 0.8904070594933106, 0.9062257413445117, 0.9025007024445069, 0.8959929657078256, 0.8903906378770398, 0.9060063528732313, 0.9005445227418322, 0.9082382366734407, 0.9205601835083906, 0.9134387351778656, 0.8861928616155291, 0.9011102886750555, 0.8978057388368882, 0.9047619047619048, 0.8902775523453985, 0.9055894786284641, 0.8949091991664185, 0.9011120615911035, 0.913009648303766, 0.8941342937998457, 0.8939899833055092, 0.9065420560747663, 0.9115067765081052, 0.9080390683696469, 0.89238621863037, 0.8889817756228056, 0.8944655041698256, 0.8919569754374699, 0.9014989293361885, 0.9057340138096668, 0.8945945945945946, 0.9056015190560152, 0.8913857677902621, 0.9168369753183462, 0.9046092796092796, 0.8861749680715197, 0.9054237288135594, 0.9004538134972918, 0.8825246260488873, 0.9022362385321101, 0.8867574257425742, 0.9091023701462431, 0.8963424373103338, 0.9026739744228534, 0.9097504352872896]
val step Accs: [0.9003034901365705, 0.9187607081667618, 0.9087016748520338, 0.926891060441549, 0.8975788190210765, 0.9154887218045112, 0.9100276837896032, 0.9098655305551857, 0.9105154639175258, 0.9017697900946632, 0.9107883817427386, 0.9132286007928351, 0.9074912016088487, 0.898548642046271, 0.9126751384815901, 0.9052980132450331]
Preds: [17, 17, 451, 398, 398, 398, 213, 213, 434, 434, 434, 250, 250, 174, 481, 109, 109, 467, 288, 403, 403, 146, 438, 301, 143, 239, 259, 354, 354, 473, 470, 403, 403, 403, 171, 171, 464, 171, 171, 207, 252, 3, 14, 14, 411, 287, 100, 297, 297, 293, 293, 497, 43, 313, 345, 437, 284, 167, 167, 167, 428, 167, 468, 494, 313, 313, 337, 337, 337, 324, 324, 324, 301, 301, 143, 144, 100, 100, 100, 100, 100, 100, 182, 182, 182, 375, 375, 375, 98, 98, 98, 98, 197, 197, 80, 244, 321, 287, 287, 287, 287, 111, 111, 111, 111, 111, 175, 175, 331, 331, 486, 486, 428, 428, 85, 146, 146, 146, 271, 186, 342, 342, 172, 224, 168, 494, 494, 139, 196, 77, 313, 35, 35, 259, 441, 441, 441, 64, 29, 29, 29, 319, 319, 348, 348, 348, 348, 35, 196, 398, 360, 213, 213, 213, 213, 213, 246, 246, 246, 3, 3, 335, 440, 188, 145, 443, 443, 443, 330, 282, 271, 271, 150, 342, 342, 68, 68, 115, 267, 267, 213, 213, 213, 213, 252, 286, 286, 286, 120, 120, 360, 360, 271, 173, 173, 183, 183, 183, 183, 183, 56, 247, 312, 187, 23, 23, 149, 320, 7, 7, 309, 398, 398, 398, 398, 398, 464, 374, 139, 496, 496, 496, 313, 313, 313, 236, 77, 310, 310, 371, 371, 106, 106, 106, 84, 481, 100, 182, 293, 293, 293, 293, 14, 14, 411, 411, 287, 297, 297, 481, 293, 293, 35, 441, 441, 345, 437, 437, 206, 206, 167, 240, 285, 34, 41, 324, 324, 324, 301, 416, 349, 374, 132, 100, 100, 497, 497, 497, 43, 43, 364, 196, 250, 250, 250, 250, 250, 250, 467, 467, 374, 413, 413, 413, 413, 411, 381, 303, 48, 17, 301, 240, 240, 240, 240, 240, 240, 240, 240, 240, 240, 240, 240, 240, 240, 240, 240, 240, 240, 240, 240, 240, 240, 240, 240, 240, 240, 240, 240, 240, 240, 240, 240, 240, 240, 240, 240, 240, 240, 240, 240, 240, 240, 240, 240, 240, 240, 240, 240, 240, 240, 240, 240, 240, 240, 240, 240, 240, 240, 240, 240, 240, 240, 240, 240, 240, 240, 240, 240, 240, 240, 240, 240, 240, 240, 240, 240, 240, 240, 240, 240, 240, 240, 240, 240, 240, 240, 240, 240, 240, 240, 240, 240, 240, 240, 240, 240, 240, 240, 240, 240, 240, 240, 240, 240, 240, 240, 240, 240, 240, 240, 240, 240, 240, 240, 240, 240, 240, 240, 240, 240, 240, 240, 240, 240, 240, 240, 240, 240, 240, 240, 240, 240, 240, 240, 240, 240, 240, 240, 240, 240, 240, 240, 240, 240, 240, 240, 240, 240, 240, 240, 240, 240, 240, 240, 240, 240, 240, 240, 240, 240, 240, 240, 240, 240, 240, 240, 240, 240, 240, 240, 240, 240, 240, 240, 240, 240, 240, 240, 240, 240, 240, 240, 240, 240, 240, 240, 240, 240, 240, 240, 240, 240, 240, 240, 240, 240, 240, 240, 240, 240, 240, 240, 240, 240, 240, 240, 240, 240, 240, 240, 240, 240, 240, 240, 240, 240, 240, 240, 240, 240, 240, 240, 240, 240, 240, 240, 240, 240, 240, 240, 240, 240, 240, 240, 240, 240, 240, 240, 240, 240, 240, 240, 240, 240, 240, 240, 240, 240, 240, 240, 240, 240, 240, 240, 240, 240, 240, 240, 240, 240, 240, 240, 240, 240, 240, 240, 240, 240, 240, 240, 240, 240, 240, 240, 240, 240, 240, 240, 240, 240, 240, 240, 240, 240, 240, 240, 240, 240, 240, 240, 240, 240, 240, 240, 240, 240, 240, 240, 240]

ep302
Train step Loss: [0.5815573930740356, 0.6160280704498291, 0.6169130206108093, 0.6508405208587646, 0.6309255957603455, 0.6193205118179321, 0.6730101108551025, 0.6328250765800476, 0.609741747379303, 0.6101013422012329, 0.6149702072143555, 0.6131064295768738, 0.5365596413612366, 0.5956419706344604, 0.6519818902015686, 0.6441219449043274, 0.6130864024162292, 0.5962221026420593, 0.6286404132843018, 0.5617064237594604, 0.6021766662597656, 0.6062936782836914, 0.596743643283844, 0.6262138485908508, 0.642487645149231, 0.6235477924346924, 0.6032190918922424, 0.6611496806144714, 0.5874089002609253, 0.6267573237419128, 0.5710419416427612, 0.5841513872146606, 0.5824305415153503, 0.636786699295044, 0.5895211100578308, 0.6095271110534668, 0.6630313396453857, 0.5938237905502319, 0.6508198380470276, 0.5847565531730652, 0.6470187902450562, 0.6279621124267578, 0.6870874762535095, 0.5634409189224243, 0.6052840948104858, 0.5640830993652344, 0.6867678761482239, 0.6267300844192505, 0.6135124564170837, 0.6180520057678223, 0.707030713558197, 0.5920666456222534, 0.6109521985054016, 0.6504976749420166, 0.6326929330825806, 0.599242091178894, 0.6155009269714355, 0.6181669235229492, 0.53685063123703, 0.5789092779159546, 0.6079530715942383, 0.6456247568130493, 0.5916387438774109]
val step Loss: [0.547912061214447, 0.5556946396827698, 0.5374049544334412, 0.5288050174713135, 0.5845388174057007, 0.5988410711288452, 0.6249973773956299, 0.605827271938324, 0.5833175182342529, 0.5780967473983765, 0.5135915875434875, 0.6510393023490906, 0.5501230359077454, 0.6354781985282898, 0.5884193778038025, 0.552626371383667]
Train step Accs: [0.9134704251386322, 0.8998350577297946, 0.907125, 0.9002379064234735, 0.8982231698649609, 0.8956987553174728, 0.8828602791281167, 0.8984646581691773, 0.9023337595907929, 0.8987740225314778, 0.9041033434650456, 0.9030955585464334, 0.9263969692869707, 0.9057427125152732, 0.8877453783114161, 0.8946638946638946, 0.90625, 0.9018711923411662, 0.9069020866773676, 0.9089763779527559, 0.9110245656081486, 0.9046325878594249, 0.9097454358446901, 0.900824097755044, 0.9011380776086658, 0.9103513770180437, 0.9081332300542215, 0.8889738199885343, 0.9059606481481481, 0.9010449651678277, 0.9185439111981717, 0.9133323907818465, 0.9147368421052632, 0.89979815455594, 0.909277698751383, 0.9046753246753246, 0.8880025526483727, 0.9097829151395546, 0.8898612945838837, 0.9111556446225785, 0.8896462187601428, 0.9008400840084009, 0.8910191725529768, 0.9110501029512698, 0.9064407814407814, 0.9145098039215687, 0.8830511156828612, 0.9009420076538122, 0.9031294452347084, 0.9081173366444203, 0.8795661189982453, 0.9079563182527302, 0.9002799160251924, 0.898936170212766, 0.8919178960872354, 0.9046300569143209, 0.9023639896373057, 0.8996191926884997, 0.9241118077324973, 0.9090909090909091, 0.9010589536905327, 0.897867737948084, 0.9082367679298465]
val step Accs: [0.918848846253565, 0.9133547632963179, 0.915654633172517, 0.9209938997173039, 0.9125574272588055, 0.8975007438262422, 0.9033434650455927, 0.9045553145336226, 0.9071466524973433, 0.9080907017308466, 0.9194474835886215, 0.8961693548387096, 0.9147524247064829, 0.8977566867989646, 0.9107220373317899, 0.9073265405143135]
Preds: [17, 17, 287, 284, 460, 460, 460, 169, 169, 349, 205, 234, 261, 261, 25, 485, 485, 213, 213, 324, 301, 339, 212, 239, 219, 219, 213, 213, 213, 213, 213, 213, 213, 246, 246, 246, 246, 246, 246, 246, 246, 19, 19, 454, 454, 414, 414, 414, 414, 80, 80, 82, 321, 321, 287, 287, 287, 287, 111, 111, 111, 111, 146, 146, 146, 358, 37, 186, 54, 232, 232, 68, 68, 68, 68, 68, 115, 267, 267, 267, 267, 213, 213, 213, 213, 246, 246, 246, 434, 301, 301, 399, 399, 250, 70, 138, 138, 138, 138, 138, 182, 497, 497, 98, 98, 35, 35, 197, 7, 7, 70, 70, 138, 138, 153, 374, 374, 374, 374, 77, 34, 371, 278, 403, 403, 403, 403, 403, 207, 207, 207, 207, 207, 454, 414, 414, 414, 414, 414, 414, 170, 392, 244, 392, 392, 392, 244, 244, 373, 66, 66, 115, 451, 451, 30, 30, 213, 324, 464, 464, 464, 464, 14, 14, 284, 284, 284, 284, 206, 206, 240, 251, 251, 251, 241, 431, 431, 431, 376, 376, 376, 376, 376, 376, 460, 460, 460, 178, 178, 35, 35, 278, 30, 207, 422, 186, 338, 338, 395, 273, 273, 470, 443, 486, 443, 460, 240, 240, 146, 34, 403, 403, 171, 171, 171, 207, 207, 207, 207, 207, 358, 143, 143, 34, 34, 127, 108, 449, 162, 422, 31, 31, 342, 232, 196, 196, 219, 219, 219, 219, 464, 464, 464, 443, 443, 120, 120, 146, 240, 240, 314, 280, 106, 106, 106, 284, 428, 428, 146, 146, 146, 385, 24, 36, 310, 351, 351, 351, 280, 280, 280, 132, 43, 117, 217, 70, 65, 65, 65, 319, 319, 319, 319, 450, 450, 413, 413, 413, 175, 250, 76, 259, 354, 29, 109, 109, 288, 288, 288, 288, 313, 337, 34, 445, 445, 351, 168, 434, 434, 434, 434, 434, 434, 339, 199, 331, 331, 496, 100, 424, 497, 497, 497, 497, 122, 259, 144, 106, 106, 106, 106, 496, 387, 387, 387, 413, 406, 406, 250, 467, 313, 313, 313, 241, 331, 331, 331, 106, 106, 84, 182, 182, 182, 182, 182, 375, 375, 98, 17, 240, 240, 240, 240, 240, 240, 240, 240, 240, 240, 240, 240, 240, 240, 240, 240, 240, 240, 240, 240, 240, 240, 240, 240, 240, 240, 240, 240, 240, 240, 240, 240, 240, 240, 240, 240, 240, 240, 240, 240, 240, 240, 240, 240, 240, 240, 240, 240, 240, 240, 240, 240, 240, 240, 240, 240, 240, 240, 240, 240, 240, 240, 240, 240, 240, 240, 240, 240, 240, 240, 240, 240, 240, 240, 240, 240, 240, 240, 240, 240, 240, 240, 240, 240, 240, 240, 240, 240, 240, 240, 240, 240, 240, 240, 240, 240, 240, 240, 240, 240, 240, 240, 240, 240, 240, 240, 240, 240, 240, 240, 240, 240, 240, 240, 240, 240, 240, 240, 240, 240, 240, 240, 240, 240, 240, 240, 240, 240, 240, 240, 240, 240, 240, 240, 240, 240, 240, 240, 240, 240, 240, 240, 240, 240, 240, 240, 240, 240, 240, 240, 240, 240, 240, 240, 240, 240, 240, 240, 240, 240, 240, 240, 240, 240, 240, 240, 240, 240, 240, 240, 240, 240, 240, 240, 240, 240, 240, 240, 240, 240, 240, 240, 240, 240, 240, 240, 240, 240, 240, 240, 240, 240, 240, 240, 240, 240, 240, 240, 240, 240, 240, 240, 240, 240, 240, 240, 240, 240, 240, 240, 240, 240, 240, 240, 240, 240, 240, 240, 240, 240, 240, 240, 240, 240, 240, 240, 240, 240, 240, 240, 240, 240, 240, 240, 240, 240, 240, 240, 240, 240, 240]

ep303
Train step Loss: [0.5934532880783081, 0.5501609444618225, 0.597771167755127, 0.6260075569152832, 0.6350917220115662, 0.5993125438690186, 0.6707472801208496, 0.5990079045295715, 0.5938289165496826, 0.6630437970161438, 0.5909530520439148, 0.6293849349021912, 0.5693155527114868, 0.6270855665206909, 0.6093242764472961, 0.6674894094467163, 0.5805796980857849, 0.6416383385658264, 0.6454640626907349, 0.6000160574913025, 0.6175258755683899, 0.5588991045951843, 0.6025513410568237, 0.5851091742515564, 0.6024795770645142, 0.6327493190765381, 0.6192032694816589, 0.5873036980628967, 0.6739303469657898, 0.645667552947998, 0.6526596546173096, 0.5486449599266052, 0.59031081199646, 0.5657201409339905, 0.5976982116699219, 0.5811694264411926, 0.6804072260856628, 0.5926979184150696, 0.6081309914588928, 0.5833852291107178, 0.6286930441856384, 0.6317947506904602, 0.652643620967865, 0.59196937084198, 0.6014022827148438, 0.5804280042648315, 0.5911616086959839, 0.5757322311401367, 0.6039194464683533, 0.6838317513465881, 0.5670199394226074, 0.577612578868866, 0.6141415238380432, 0.6004312038421631, 0.61699378490448, 0.6590676307678223, 0.5871354341506958, 0.5891676545143127, 0.5893408060073853, 0.6152259111404419, 0.624688982963562, 0.6063786149024963, 0.5888676643371582]
val step Loss: [0.5670198202133179, 0.6047298908233643, 0.5650399327278137, 0.5547249913215637, 0.5641232132911682, 0.6022629141807556, 0.5778064727783203, 0.5651103854179382, 0.5404418706893921, 0.5837270617485046, 0.5499283671379089, 0.6049075722694397, 0.5571072697639465, 0.5869559049606323, 0.5973907113075256, 0.49791982769966125]
Train step Accs: [0.9052303860523039, 0.9128588166373756, 0.907752823245781, 0.8955574182732607, 0.8964682139253279, 0.9085946248600224, 0.8895723930982745, 0.9124453795112478, 0.9031596925704526, 0.890068233510235, 0.9061185727852394, 0.8950239709042817, 0.90460821230052, 0.9024957370950241, 0.8990580847723705, 0.8908071418031578, 0.9114111886036504, 0.8954954954954955, 0.8955440749112044, 0.9106781376518218, 0.8986698550291436, 0.9161243673174259, 0.9005174428309131, 0.9100335468130527, 0.908182302771855, 0.8963540837446267, 0.9014580996635154, 0.9135275278328504, 0.8874767956590033, 0.8980308349870249, 0.8946392447741065, 0.9202612393681653, 0.9065678581807614, 0.9196199668225004, 0.9037721324095458, 0.9083653561927284, 0.8810295519542422, 0.9075663541529116, 0.9038409521233433, 0.915736040609137, 0.8940287504607446, 0.8992014196983141, 0.8925643200452361, 0.9041841655000777, 0.9056189036955625, 0.907171853856563, 0.906386934006108, 0.9139369592088998, 0.9081852450188476, 0.8917991329479769, 0.9180304127443881, 0.9106666666666666, 0.8988877654196158, 0.9122634898388227, 0.8947538337368846, 0.8951411218292247, 0.9108983799705449, 0.9093511450381679, 0.9060764456060111, 0.9032214032214032, 0.9042309454712082, 0.9029938554059355, 0.9112828438948996]
val step Accs: [0.9086214989829448, 0.901152959262106, 0.9142063724057293, 0.9143665958952583, 0.9126242397270434, 0.9060498220640569, 0.9075107638335194, 0.9181522244613238, 0.9133412745681954, 0.9165307232191409, 0.9162871684971873, 0.9041916167664671, 0.9156034024455078, 0.9136942675159235, 0.9052158518316764, 0.9213564213564214]
Preds: [17, 17, 17, 296, 296, 217, 473, 473, 65, 278, 278, 443, 169, 349, 349, 234, 261, 25, 25, 284, 405, 206, 167, 178, 35, 35, 35, 401, 345, 109, 109, 286, 286, 286, 468, 406, 406, 406, 337, 337, 286, 171, 324, 252, 116, 94, 94, 398, 324, 324, 339, 10, 10, 479, 331, 106, 153, 153, 297, 182, 182, 497, 43, 43, 32, 32, 239, 208, 106, 106, 387, 387, 387, 387, 413, 348, 250, 250, 250, 413, 381, 381, 381, 381, 381, 303, 303, 303, 303, 117, 48, 48, 48, 48, 414, 170, 47, 47, 47, 47, 47, 20, 47, 73, 73, 20, 20, 320, 7, 479, 398, 398, 236, 116, 10, 10, 195, 331, 250, 132, 132, 132, 132, 88, 109, 335, 335, 14, 440, 188, 188, 443, 215, 416, 416, 416, 32, 32, 354, 354, 380, 403, 403, 403, 403, 171, 171, 171, 252, 314, 314, 32, 239, 384, 371, 180, 84, 84, 106, 293, 43, 43, 43, 276, 276, 276, 276, 153, 153, 182, 182, 182, 375, 98, 129, 129, 414, 414, 414, 47, 47, 47, 20, 47, 80, 80, 80, 20, 320, 251, 241, 431, 486, 460, 215, 215, 35, 35, 35, 354, 106, 284, 206, 206, 240, 240, 24, 384, 34, 180, 180, 486, 319, 240, 388, 348, 94, 94, 199, 250, 122, 497, 413, 122, 186, 186, 162, 232, 232, 172, 172, 115, 267, 267, 213, 213, 213, 213, 246, 19, 454, 454, 197, 197, 80, 80, 209, 20, 287, 287, 460, 460, 240, 35, 35, 35, 35, 127, 114, 240, 171, 171, 252, 143, 251, 251, 359, 81, 41, 41, 41, 324, 246, 246, 3, 3, 454, 454, 197, 197, 197, 197, 7, 309, 309, 398, 398, 464, 139, 139, 387, 387, 313, 313, 236, 239, 239, 239, 384, 395, 180, 106, 106, 387, 387, 387, 122, 98, 35, 35, 414, 414, 414, 414, 47, 20, 47, 47, 47, 47, 20, 73, 73, 20, 320, 7, 217, 473, 473, 476, 476, 171, 236, 24, 239, 239, 310, 107, 213, 213, 213, 301, 26, 359, 359, 81, 324, 324, 301, 301, 251, 251, 81, 431, 34, 274, 43, 43, 8, 239, 208, 345, 109, 496, 395, 236, 236, 239, 239, 310, 107, 107, 395, 213, 213, 213, 213, 246, 246, 246, 19, 454, 17, 301, 240, 240, 240, 240, 240, 240, 240, 240, 240, 240, 240, 240, 240, 240, 240, 240, 240, 240, 240, 240, 240, 240, 240, 240, 240, 240, 240, 240, 240, 240, 240, 240, 240, 240, 240, 240, 240, 240, 240, 240, 240, 240, 240, 240, 240, 240, 240, 240, 240, 240, 240, 240, 240, 240, 240, 240, 240, 240, 240, 240, 240, 240, 240, 240, 240, 240, 240, 240, 240, 240, 240, 240, 240, 240, 240, 240, 240, 240, 240, 240, 240, 240, 240, 240, 240, 240, 240, 240, 240, 240, 240, 240, 240, 240, 240, 240, 240, 240, 240, 240, 240, 240, 240, 240, 240, 240, 240, 240, 240, 240, 240, 240, 240, 240, 240, 240, 240, 240, 240, 240, 240, 240, 240, 240, 240, 240, 240, 240, 240, 240, 240, 240, 240, 240, 240, 240, 240, 240, 240, 240, 240, 240, 240, 240, 240, 240, 240, 240, 240, 240, 240, 240, 240, 240, 240, 240, 240, 240, 240, 240, 240, 240, 240, 240, 240, 240, 240, 240, 240, 240, 240, 240, 240, 240, 240, 240, 240, 240, 240, 240, 240, 240, 240, 240, 240, 240, 240, 240, 240, 240, 240, 240, 240, 240, 240, 240, 240, 240, 240, 240, 240, 240, 240, 240, 240, 240, 240, 240, 240, 240, 240, 240, 240, 240, 240, 240]

ep304
Train step Loss: [0.6170952916145325, 0.7022431492805481, 0.6271404027938843, 0.5983064770698547, 0.6235556602478027, 0.5539979338645935, 0.6238513588905334, 0.6235703825950623, 0.5584169030189514, 0.6029255390167236, 0.6011468172073364, 0.6494678854942322, 0.6076509356498718, 0.6325505971908569, 0.558151364326477, 0.5794180035591125, 0.6365026831626892, 0.6048927307128906, 0.561598002910614, 0.6056758761405945, 0.6310697197914124, 0.6475272178649902, 0.654262125492096, 0.6013427376747131, 0.6604544520378113, 0.5694541931152344, 0.5526058077812195, 0.5989397764205933, 0.58409184217453, 0.579875111579895, 0.6065760850906372, 0.6164122819900513, 0.5915723443031311, 0.5996289849281311, 0.5992991924285889, 0.5745495557785034, 0.5896104574203491, 0.6246046423912048, 0.6335920691490173, 0.5945194959640503, 0.5663928985595703, 0.6058703064918518, 0.6012483239173889, 0.5905842781066895, 0.6333659291267395, 0.5816628932952881, 0.5401760339736938, 0.6095689535140991, 0.6955434679985046, 0.5695645213127136, 0.5835950374603271, 0.5534991025924683, 0.6353316307067871, 0.5947936773300171, 0.6062315106391907, 0.5857410430908203, 0.6620100140571594, 0.6147692799568176, 0.5375616550445557, 0.5938721895217896, 0.6457798480987549, 0.5355848073959351, 0.5508518815040588]
val step Loss: [0.5991197228431702, 0.5731275677680969, 0.6086439490318298, 0.5484691858291626, 0.5050021409988403, 0.533578097820282, 0.5589896440505981, 0.5849072337150574, 0.5548068881034851, 0.5342448949813843, 0.5335837006568909, 0.5713627934455872, 0.5501905083656311, 0.6197112798690796, 0.5735344886779785, 0.6063636541366577]
Train step Accs: [0.9011406844106464, 0.8729535036018337, 0.8975933609958506, 0.9030351437699681, 0.9014281713805656, 0.9190706377670357, 0.8942577030812325, 0.898509260653516, 0.91712, 0.9031241043278877, 0.9024210215529967, 0.897680763983629, 0.9100506756756757, 0.9027350952673633, 0.9192189380767688, 0.9109557109557109, 0.8952164009111617, 0.9013139885026006, 0.9127448486390232, 0.9090668431502317, 0.893920484934926, 0.8921108051190669, 0.8854257356782169, 0.9065634348055605, 0.89501312335958, 0.9103173386478615, 0.9159021406727829, 0.9058282208588957, 0.9153388057299211, 0.912008281573499, 0.9072760270582412, 0.9016367137355584, 0.9043491037320012, 0.9088724901321434, 0.9035015617294099, 0.9135987978963186, 0.9090078567513247, 0.899873257287706, 0.9008449732712537, 0.907112970711297, 0.9133333333333333, 0.907293570360525, 0.904077782615005, 0.9082184610015704, 0.9053041222254252, 0.9077991790337859, 0.9162473040977714, 0.9074157303370787, 0.882864038616251, 0.9157811260904044, 0.9095477386934674, 0.916845263609087, 0.8945665363354456, 0.9041672512978813, 0.9061178001952489, 0.9005287508261731, 0.890516348572274, 0.9023751023751023, 0.9173744062185116, 0.9132107738349722, 0.8883142072086633, 0.9164153382162861, 0.9199625555815586]
val step Accs: [0.9052339991252369, 0.9151570048309179, 0.9005625879043601, 0.9191714686185952, 0.9210108303249097, 0.9228975594590393, 0.9155379698676, 0.9095096179897046, 0.9110325318246111, 0.92212927756654, 0.9185857491194798, 0.9054916985951469, 0.9162645102386853, 0.9012805965310423, 0.9105703657780533, 0.9045967042497832]
Preds: [17, 17, 287, 387, 293, 122, 349, 8, 8, 259, 208, 354, 106, 106, 481, 387, 387, 387, 348, 348, 250, 250, 250, 250, 250, 250, 250, 250, 250, 53, 250, 413, 413, 413, 122, 117, 335, 14, 259, 287, 287, 287, 287, 284, 284, 206, 206, 167, 169, 150, 150, 54, 164, 219, 219, 219, 152, 106, 153, 153, 424, 424, 497, 497, 43, 43, 43, 364, 276, 250, 70, 70, 65, 387, 242, 348, 348, 348, 348, 122, 195, 195, 117, 117, 414, 414, 414, 414, 414, 80, 80, 244, 321, 209, 83, 83, 83, 145, 403, 403, 403, 403, 146, 146, 378, 378, 43, 345, 297, 100, 297, 497, 497, 497, 497, 122, 10, 10, 309, 374, 374, 374, 374, 374, 374, 132, 132, 132, 132, 132, 122, 239, 479, 219, 152, 213, 213, 213, 213, 213, 360, 246, 434, 246, 246, 246, 19, 454, 454, 414, 414, 414, 414, 187, 187, 187, 187, 47, 201, 201, 201, 201, 201, 101, 23, 373, 310, 310, 107, 107, 400, 400, 485, 485, 286, 374, 374, 468, 180, 180, 84, 284, 284, 450, 450, 450, 450, 413, 35, 53, 250, 250, 65, 250, 374, 413, 250, 413, 98, 117, 47, 47, 197, 414, 414, 440, 155, 155, 234, 234, 234, 261, 261, 25, 148, 148, 148, 148, 148, 148, 182, 182, 182, 182, 182, 182, 182, 375, 98, 98, 35, 414, 312, 312, 47, 149, 149, 228, 47, 320, 188, 188, 188, 188, 55, 314, 314, 458, 458, 271, 271, 31, 31, 342, 232, 68, 115, 115, 115, 267, 267, 444, 444, 444, 374, 246, 246, 246, 246, 301, 301, 416, 127, 114, 114, 180, 284, 178, 284, 405, 206, 206, 206, 167, 167, 35, 35, 35, 35, 203, 225, 225, 80, 321, 209, 411, 411, 297, 297, 297, 297, 182, 182, 497, 497, 497, 43, 313, 441, 441, 441, 153, 153, 153, 182, 182, 182, 182, 182, 182, 182, 182, 182, 182, 375, 98, 98, 98, 414, 414, 312, 312, 312, 187, 187, 47, 244, 392, 392, 244, 23, 23, 7, 7, 7, 7, 32, 239, 36, 54, 54, 107, 395, 400, 213, 213, 213, 213, 213, 213, 246, 246, 246, 246, 246, 19, 454, 454, 454, 414, 414, 414, 170, 170, 170, 170, 392, 392, 392, 392, 392, 392, 392, 392, 321, 373, 208, 155, 66, 66, 68, 68, 115, 26, 251, 251, 241, 241, 431, 431, 284, 376, 376, 376, 460, 169, 169, 169, 150, 150, 99, 436, 436, 196, 384, 427, 225, 225, 7, 7, 239, 219, 219, 213, 213, 213, 213, 213, 213, 324, 3, 3, 3, 14, 188, 360, 360, 403, 403, 403, 403, 403, 171, 171, 207, 207, 207, 358, 37, 37, 37, 416, 414, 414, 414, 414, 414, 170, 170, 170, 392, 392, 392, 392, 392, 392, 392, 392, 392, 321, 321, 320, 188, 451, 30, 30, 213, 213, 213, 422, 422, 186, 349, 349, 34, 395, 239, 26, 251, 114, 114, 431, 431, 486, 284, 284, 284, 284, 284, 284, 284, 284, 284, 284, 206, 206, 206, 206, 167, 167, 17, 240, 240, 240, 240, 240, 240, 240, 240, 240, 240, 240, 240, 240, 240, 240, 240, 240, 240, 240, 240, 240, 240, 240, 240, 240, 240, 240, 240, 240, 240, 240, 240, 240, 240, 240, 240, 240, 240, 240, 240, 240, 240, 240, 240, 240, 240, 240, 240, 240, 240, 240, 240, 240, 240, 240, 240, 240, 240, 240, 240, 240, 240, 240, 240, 240, 240, 240, 240, 240, 240, 240, 240, 240, 240, 240, 240, 240, 240, 240, 240, 240, 240, 240, 240, 240, 240, 240, 240, 240]

ep305
Train step Loss: [0.5436347126960754, 0.5533276200294495, 0.5819369554519653, 0.5738675594329834, 0.5885534882545471, 0.6317483186721802, 0.5500199794769287, 0.5767866373062134, 0.536830484867096, 0.6226065754890442, 0.601822018623352, 0.5762633085250854, 0.5700178742408752, 0.5676832795143127, 0.5940069556236267, 0.5525334477424622, 0.6161837577819824, 0.6788478493690491, 0.6478092074394226, 0.6339443325996399, 0.5877115726470947, 0.6766473650932312, 0.5959575176239014, 0.5913825631141663, 0.5501562356948853, 0.5948060750961304, 0.6146371364593506, 0.6180774569511414, 0.5657598972320557, 0.6108993291854858, 0.5477555394172668, 0.5908198356628418, 0.6066629886627197, 0.6068388223648071, 0.6071128845214844, 0.6014207601547241, 0.6175530552864075, 0.5881935358047485, 0.5861201286315918, 0.6182559728622437, 0.6562444567680359, 0.5863631367683411, 0.5885855555534363, 0.6537941694259644, 0.5973846316337585, 0.57086181640625, 0.5773971676826477, 0.635537326335907, 0.5974506735801697, 0.603363037109375, 0.5862429141998291, 0.6195714473724365, 0.6545763611793518, 0.5807544589042664, 0.6458221673965454, 0.558550238609314, 0.5550347566604614, 0.6419265270233154, 0.5911793112754822, 0.5416519641876221, 0.5909774899482727, 0.5701415538787842, 0.6169955730438232]
val step Loss: [0.5491340756416321, 0.5580843687057495, 0.5301656723022461, 0.5829088687896729, 0.5874270796775818, 0.5351333022117615, 0.5444828271865845, 0.5315813422203064, 0.5544109344482422, 0.5472031831741333, 0.5821046829223633, 0.6183874607086182, 0.5749369263648987, 0.5281158089637756, 0.568389892578125, 0.5711295008659363]
Train step Accs: [0.9185495873359492, 0.908558888076079, 0.9094663803072857, 0.9116854288885365, 0.9064302191464821, 0.8987730061349694, 0.9191220685508118, 0.9108945969884854, 0.9153267191241875, 0.8999857122446063, 0.9087130983089711, 0.9134786781845605, 0.9106835601439074, 0.9104225352112676, 0.9040396455924313, 0.9178555987894509, 0.8989767978094826, 0.8919308357348703, 0.8947937308593046, 0.9036676977463544, 0.906872102536133, 0.8861342042755345, 0.9011739011739012, 0.9081843191196699, 0.916234247590808, 0.9062389223679547, 0.8963671748297113, 0.8976932294787298, 0.9091819699499165, 0.9068861745441671, 0.9136546184738956, 0.9065562690098006, 0.9004272099901413, 0.9032998565279771, 0.9011497685530835, 0.8994354269583628, 0.9077544426494346, 0.9119309729247248, 0.9158376756671404, 0.9030274361400189, 0.8851674641148325, 0.905613434924584, 0.9068646606747427, 0.8950016772895002, 0.9112279616455304, 0.908289241622575, 0.9172725803845533, 0.895964583688064, 0.905037637521714, 0.9056542284503829, 0.9142504626773597, 0.8993050421410617, 0.8887784090909091, 0.9022008679479231, 0.8944548620412537, 0.9101869648785602, 0.9183639947437582, 0.890814313891237, 0.9079527420208077, 0.9192886456908345, 0.9029902163428414, 0.9110411041104111, 0.9019029750737068]
val step Accs: [0.9117040094339622, 0.9145418018853345, 0.9229547259729944, 0.9086029521395557, 0.9094197857242243, 0.9148233266302787, 0.9210144927536232, 0.9207535885167464, 0.9159323992488806, 0.9150886684700932, 0.9115893558237603, 0.9006720209801672, 0.9158234345211907, 0.9216042481833426, 0.9088394150968252, 0.9032498139419499]
Preds: [17, 296, 217, 473, 473, 476, 476, 171, 171, 171, 252, 252, 24, 36, 310, 310, 107, 338, 338, 338, 400, 400, 400, 213, 213, 213, 246, 246, 19, 454, 454, 454, 197, 197, 320, 411, 217, 217, 217, 473, 473, 290, 360, 360, 434, 434, 434, 339, 76, 310, 338, 338, 338, 400, 400, 400, 400, 213, 324, 324, 301, 301, 32, 32, 217, 217, 473, 473, 65, 290, 290, 290, 290, 290, 434, 434, 339, 76, 310, 310, 107, 107, 395, 395, 380, 482, 302, 496, 274, 274, 98, 98, 14, 80, 75, 441, 188, 188, 290, 290, 290, 290, 434, 434, 434, 434, 339, 399, 197, 197, 197, 259, 411, 287, 100, 297, 297, 293, 497, 43, 43, 364, 276, 276, 153, 153, 346, 346, 387, 215, 88, 88, 88, 406, 467, 467, 467, 236, 236, 19, 454, 229, 229, 229, 170, 312, 126, 292, 292, 292, 326, 408, 408, 408, 149, 321, 412, 83, 145, 486, 460, 460, 460, 169, 150, 150, 342, 342, 68, 224, 168, 267, 108, 108, 324, 464, 464, 464, 171, 171, 171, 171, 422, 416, 349, 395, 395, 106, 284, 284, 284, 405, 206, 206, 293, 175, 175, 467, 109, 431, 319, 319, 85, 85, 146, 207, 454, 454, 229, 247, 312, 126, 23, 23, 23, 101, 101, 149, 228, 228, 321, 320, 7, 7, 479, 380, 288, 467, 467, 139, 139, 139, 293, 293, 293, 186, 186, 162, 232, 232, 68, 68, 115, 115, 444, 444, 444, 444, 444, 213, 246, 246, 246, 19, 454, 197, 197, 197, 7, 7, 32, 239, 239, 371, 108, 371, 371, 267, 444, 213, 213, 246, 246, 3, 3, 454, 197, 197, 197, 80, 244, 321, 209, 188, 188, 55, 55, 445, 445, 445, 314, 239, 354, 473, 264, 264, 264, 264, 468, 468, 468, 467, 467, 42, 42, 274, 497, 76, 458, 144, 144, 208, 27, 496, 100, 100, 426, 375, 413, 98, 98, 98, 98, 13, 414, 170, 47, 47, 47, 244, 392, 244, 244, 80, 320, 7, 219, 213, 213, 213, 213, 213, 246, 246, 301, 8, 354, 473, 180, 180, 355, 355, 355, 355, 355, 355, 452, 263, 263, 263, 414, 170, 47, 47, 47, 80, 73, 80, 320, 320, 7, 345, 153, 153, 153, 43, 43, 43, 43, 364, 276, 345, 345, 109, 387, 88, 346, 288, 186, 186, 99, 107, 107, 107, 400, 400, 400, 213, 324, 19, 19, 454, 229, 229, 414, 312, 187, 187, 408, 149, 244, 321, 412, 83, 83, 55, 55, 460, 150, 150, 150, 342, 342, 68, 342, 168, 267, 108, 464, 464, 464, 464, 264, 264, 264, 240, 314, 416, 314, 395, 106, 106, 284, 284, 405, 206, 206, 293, 175, 88, 346, 346, 319, 428, 85, 264, 264, 236, 19, 454, 454, 414, 225, 225, 225, 225, 225, 80, 320, 320, 7, 345, 276, 424, 424, 424, 424, 497, 497, 122, 458, 458, 208, 208, 441, 345, 406, 431, 355, 355, 355, 282, 452, 263, 197, 197, 197, 321, 209, 188, 188, 188, 171, 171, 171, 252, 422, 36, 99, 338, 338, 338, 107, 400, 400, 213, 324, 301, 464, 34, 355, 355, 355, 355, 355, 17, 240, 240, 240, 240, 240, 240, 240, 240, 240, 240, 240, 240, 240, 240, 240, 240, 240, 240, 240, 240, 240, 240, 240, 240, 240, 240, 240, 240, 240, 240, 240, 240, 240, 240, 240, 240, 240, 240, 240, 240, 240, 240, 240, 240, 240, 240, 240, 240, 240, 240, 240, 240, 240, 240, 240, 240, 240, 240, 240, 240, 240, 240, 240, 240, 240, 240, 240, 240, 240, 240, 240, 240, 240, 240]

ep306
Train step Loss: [0.6257029175758362, 0.6170668601989746, 0.6228987574577332, 0.6092349886894226, 0.5778691172599792, 0.5706483721733093, 0.6052566170692444, 0.5659263134002686, 0.5934963226318359, 0.643572211265564, 0.5925002098083496, 0.5648040771484375, 0.6172016263008118, 0.5692480206489563, 0.6266176700592041, 0.5681197047233582, 0.5987231135368347, 0.6094328165054321, 0.638647735118866, 0.6561367511749268, 0.6519419550895691, 0.5926681160926819, 0.6062673926353455, 0.542568564414978, 0.540486216545105, 0.5435957908630371, 0.5933526754379272, 0.6366705894470215, 0.59535151720047, 0.6009541153907776, 0.5937737226486206, 0.5925998091697693, 0.5519479513168335, 0.6295611262321472, 0.5643220543861389, 0.5572479367256165, 0.5742858052253723, 0.5995197296142578, 0.5760617852210999, 0.5806586742401123, 0.5849187970161438, 0.5694108605384827, 0.6088112592697144, 0.5684680938720703, 0.5920192003250122, 0.6362822651863098, 0.5934213995933533, 0.5621377825737, 0.5788119435310364, 0.5530501008033752, 0.6233301162719727, 0.5380006432533264, 0.5590173006057739, 0.5644652247428894, 0.6219605207443237, 0.630693793296814, 0.5736021399497986, 0.6045975089073181, 0.5982174277305603, 0.557341992855072, 0.5626804828643799, 0.5913263559341431, 0.5546465516090393]
val step Loss: [0.489998459815979, 0.5644683837890625, 0.6425321102142334, 0.5742473006248474, 0.5299726128578186, 0.525789737701416, 0.5541645884513855, 0.633368730545044, 0.48929184675216675, 0.538873553276062, 0.5438380837440491, 0.5679298043251038, 0.5199359655380249, 0.5875354409217834, 0.5439299941062927, 0.55771404504776]
Train step Accs: [0.8982142857142857, 0.8964039785768937, 0.9022181982797646, 0.900171821305842, 0.9132396321360402, 0.9180545320560058, 0.9021391275054741, 0.9109477124183006, 0.9015735883986424, 0.8912747618327537, 0.9093466708346358, 0.9163460168163032, 0.9024902070509233, 0.9137931034482759, 0.8933622117467194, 0.9129731478485927, 0.9054390851781263, 0.9020021074815595, 0.8946085071796261, 0.892784206943499, 0.8964326812428078, 0.9053337492202121, 0.9091032240585207, 0.917759388924252, 0.9183638541844943, 0.9222817764165391, 0.905073086844368, 0.8964225752292393, 0.9060611011272668, 0.9046274509803922, 0.9016241299303944, 0.9086772320728072, 0.9192430703624733, 0.8983810349812085, 0.9095437860513896, 0.9133605600933489, 0.9101984941820671, 0.9118412491867274, 0.9077231695085256, 0.9107988632775498, 0.9119954357438311, 0.9116974226017996, 0.9039619651347068, 0.9109305971212769, 0.910826844642195, 0.8973207123375582, 0.9076114595694186, 0.9072760270582412, 0.9140999845225197, 0.9120388101621345, 0.8974792499231479, 0.9183881291824265, 0.9147286821705426, 0.9107257546563905, 0.9048387096774193, 0.8962487326799594, 0.9146438204029828, 0.9065768734775755, 0.9101183118488434, 0.9118773946360154, 0.9174191669094087, 0.9106863596872284, 0.9171473518615627]
val step Accs: [0.9269986113866296, 0.913168187744459, 0.8946181599518942, 0.905520867564903, 0.9225567746874203, 0.9195489867438671, 0.9119469664216746, 0.8912846803377563, 0.9316185696361355, 0.9174045196246862, 0.9161014450014745, 0.911527757433719, 0.9228378378378378, 0.908169014084507, 0.9168739938533587, 0.91484375]
Preds: [17, 296, 287, 481, 481, 293, 497, 122, 8, 259, 208, 354, 106, 153, 387, 387, 387, 164, 348, 348, 348, 250, 250, 250, 250, 250, 250, 122, 138, 195, 195, 195, 195, 117, 117, 197, 414, 197, 197, 414, 209, 287, 287, 287, 284, 284, 460, 460, 167, 167, 35, 35, 36, 342, 224, 30, 30, 324, 301, 339, 10, 10, 479, 331, 331, 403, 403, 403, 403, 171, 171, 171, 171, 434, 434, 246, 219, 219, 219, 219, 219, 152, 374, 374, 374, 132, 132, 132, 132, 8, 345, 345, 345, 387, 387, 374, 313, 313, 310, 310, 107, 107, 213, 213, 213, 213, 213, 246, 246, 19, 454, 454, 414, 414, 197, 80, 80, 80, 320, 7, 219, 219, 219, 152, 152, 374, 374, 378, 43, 43, 276, 276, 276, 153, 153, 182, 182, 182, 182, 387, 387, 387, 387, 387, 167, 167, 35, 219, 219, 219, 152, 152, 378, 43, 364, 364, 364, 364, 364, 276, 276, 153, 153, 497, 497, 43, 8, 354, 109, 109, 106, 499, 215, 468, 499, 139, 486, 460, 206, 206, 282, 150, 342, 273, 273, 405, 428, 403, 403, 403, 146, 146, 358, 358, 37, 349, 54, 433, 436, 427, 427, 56, 247, 126, 126, 126, 23, 408, 149, 412, 287, 287, 287, 460, 460, 460, 460, 240, 35, 280, 473, 420, 420, 324, 324, 252, 219, 246, 324, 324, 324, 301, 325, 325, 199, 398, 213, 213, 213, 213, 252, 310, 310, 107, 213, 213, 213, 213, 213, 246, 246, 246, 19, 454, 197, 197, 197, 414, 209, 209, 287, 287, 287, 284, 284, 428, 428, 428, 146, 146, 146, 146, 358, 358, 35, 36, 310, 219, 219, 219, 485, 152, 477, 374, 374, 132, 132, 132, 132, 88, 88, 293, 14, 14, 145, 145, 284, 450, 450, 450, 450, 450, 450, 450, 206, 167, 167, 167, 203, 414, 414, 414, 414, 170, 170, 187, 187, 187, 187, 392, 392, 392, 63, 63, 73, 73, 244, 321, 412, 83, 83, 55, 403, 403, 378, 240, 314, 314, 29, 107, 77, 77, 84, 84, 175, 42, 42, 42, 250, 42, 42, 217, 473, 473, 346, 278, 278, 213, 213, 213, 213, 310, 107, 107, 213, 213, 213, 213, 213, 246, 246, 246, 3, 454, 197, 414, 259, 209, 287, 287, 145, 284, 460, 460, 167, 169, 35, 77, 342, 35, 224, 400, 213, 213, 213, 324, 324, 3, 464, 14, 14, 14, 411, 481, 481, 293, 293, 497, 122, 241, 106, 331, 106, 76, 468, 468, 468, 482, 413, 413, 250, 250, 250, 250, 303, 381, 303, 303, 303, 303, 303, 117, 48, 414, 414, 312, 187, 187, 149, 149, 321, 209, 287, 287, 287, 486, 460, 460, 460, 169, 35, 342, 224, 168, 494, 301, 399, 94, 473, 473, 398, 360, 213, 252, 246, 246, 239, 324, 219, 219, 477, 477, 349, 374, 374, 374, 374, 374, 374, 132, 132, 43, 43, 345, 345, 345, 109, 109, 374, 313, 313, 186, 310, 107, 107, 213, 213, 213, 213, 213, 246, 19, 19, 454, 454, 414, 414, 414, 187, 187, 187, 47, 392, 392, 392, 392, 392, 392, 392, 73, 244, 320, 320, 412, 83, 83, 400, 403, 64, 94, 240, 314, 467, 107, 467, 77, 84, 468, 175, 175, 42, 42, 250, 250, 174, 473, 473, 65, 278, 278, 278, 443, 240, 240, 416, 36, 114, 106, 284, 284, 284, 284, 405, 206, 206, 206, 167, 167, 35, 35, 287, 287, 284, 284, 460, 460, 167, 35, 36, 36, 324, 324, 324, 301, 3, 14, 14, 411, 297, 297, 297, 182, 387, 387, 387, 387, 387, 240, 146, 360]

ep307
Train step Loss: [0.5779163241386414, 0.5560488104820251, 0.5638126730918884, 0.6225780844688416, 0.6062217950820923, 0.5569108128547668, 0.5924062728881836, 0.5971845388412476, 0.6435532569885254, 0.5582999587059021, 0.5728847980499268, 0.5931193232536316, 0.555038571357727, 0.6180374622344971, 0.5560091733932495, 0.5608342885971069, 0.6288527250289917, 0.5706618428230286, 0.5950692296028137, 0.6546474099159241, 0.5635852217674255, 0.5811503529548645, 0.581281840801239, 0.5872277617454529, 0.5874098539352417, 0.5665998458862305, 0.620636522769928, 0.5655993819236755, 0.5587224960327148, 0.5268022418022156, 0.5870110392570496, 0.5730215311050415, 0.5567052364349365, 0.5511119961738586, 0.5907513499259949, 0.6057503819465637, 0.5477799773216248, 0.6284444332122803, 0.5861440896987915, 0.5896066427230835, 0.5347664952278137, 0.5785474181175232, 0.5891784429550171, 0.6372238993644714, 0.615752637386322, 0.5981787443161011, 0.5688398480415344, 0.5678460001945496, 0.6009851694107056, 0.6434069275856018, 0.5769138336181641, 0.5633305907249451, 0.6288945078849792, 0.5743505954742432, 0.632092297077179, 0.6036289930343628, 0.5672026872634888, 0.6008444428443909, 0.5866921544075012, 0.5723093748092651, 0.5456452965736389, 0.5674628019332886, 0.6172637343406677]
val step Loss: [0.5196520686149597, 0.530561625957489, 0.5591527223587036, 0.5390999913215637, 0.5769107341766357, 0.5860087275505066, 0.5383933186531067, 0.543035089969635, 0.5572025179862976, 0.568500280380249, 0.5315102338790894, 0.5148553252220154, 0.5350861549377441, 0.54530930519104, 0.5595204830169678, 0.6043601632118225]
Train step Accs: [0.9064449064449065, 0.9082633053221288, 0.9134980988593155, 0.8960669158213205, 0.9075731267530386, 0.9179208688906129, 0.9093349855431639, 0.9036684402128256, 0.8948215330602691, 0.9204855842185129, 0.9211773151471644, 0.9045592705167174, 0.9121338912133892, 0.9017922457937089, 0.9113278974956319, 0.9166328325889836, 0.8936758250690945, 0.9117050067658998, 0.9014635560063758, 0.894780585106383, 0.9175274370561652, 0.9155028918042037, 0.9020687354020688, 0.9112091548324831, 0.9057150745444505, 0.9144574054436196, 0.8974851554313658, 0.9128842172320433, 0.9145018915510719, 0.9198620689655173, 0.9093815320300013, 0.9090507075471698, 0.9218833600856072, 0.9094370860927152, 0.9033547714236051, 0.9027324282522771, 0.9216569113012156, 0.9012487676634899, 0.9100850546780073, 0.9024279897451365, 0.9132660523621472, 0.9120224904911527, 0.9007901668129938, 0.8934174932371506, 0.904399701715138, 0.8979823813583404, 0.908322374600789, 0.9149987332151001, 0.9046563192904656, 0.8903708523096943, 0.9160188995579942, 0.9123183619550859, 0.8984795692112765, 0.9153412856196156, 0.8961961822488504, 0.907915707455286, 0.9164901664145234, 0.9065782200110558, 0.9005080440304827, 0.9119536268212439, 0.9128715770976717, 0.9108056265984654, 0.9033172667989793]
val step Accs: [0.9178606894594978, 0.9158047834518422, 0.9183498066179631, 0.9166271347248577, 0.9090909090909091, 0.9074562850544374, 0.9181792795308573, 0.9177650429799427, 0.9154563522397187, 0.9143386545039909, 0.9198841698841699, 0.9198717948717948, 0.9159679523010993, 0.9188423094136954, 0.9133131201764058, 0.9045386746217771]
Preds: [17, 287, 287, 111, 111, 111, 111, 468, 468, 468, 468, 337, 337, 337, 337, 324, 464, 464, 180, 315, 315, 315, 315, 315, 450, 450, 450, 293, 175, 293, 293, 293, 426, 426, 319, 319, 299, 299, 299, 299, 324, 324, 219, 219, 219, 219, 219, 152, 152, 152, 301, 301, 143, 129, 259, 354, 180, 145, 319, 319, 443, 330, 330, 388, 77, 77, 34, 34, 134, 134, 282, 282, 282, 282, 388, 225, 321, 7, 338, 338, 117, 465, 465, 465, 349, 29, 129, 259, 441, 441, 441, 441, 100, 387, 387, 387, 387, 122, 122, 285, 285, 34, 331, 106, 84, 496, 387, 387, 319, 319, 348, 348, 313, 76, 76, 259, 441, 441, 100, 100, 424, 497, 497, 43, 43, 144, 208, 208, 153, 153, 153, 153, 387, 387, 122, 122, 88, 468, 467, 467, 337, 337, 464, 464, 271, 271, 150, 282, 282, 271, 271, 150, 150, 342, 342, 68, 115, 115, 267, 267, 464, 464, 464, 464, 171, 330, 271, 349, 349, 234, 234, 261, 25, 106, 284, 284, 284, 405, 206, 206, 450, 293, 43, 43, 175, 276, 346, 346, 319, 428, 428, 428, 85, 146, 207, 358, 454, 454, 414, 414, 414, 244, 312, 187, 187, 1, 1, 187, 187, 201, 201, 201, 391, 101, 391, 391, 73, 321, 321, 321, 412, 83, 83, 55, 55, 400, 150, 150, 150, 31, 342, 342, 172, 172, 115, 273, 470, 403, 403, 171, 171, 171, 252, 252, 8, 280, 354, 286, 286, 264, 264, 264, 468, 468, 468, 468, 468, 468, 203, 203, 53, 94, 76, 76, 465, 144, 208, 208, 437, 437, 100, 100, 100, 375, 375, 375, 98, 98, 98, 98, 98, 414, 414, 414, 170, 170, 244, 80, 392, 244, 320, 320, 320, 451, 213, 213, 213, 213, 213, 246, 301, 301, 8, 354, 354, 180, 180, 355, 355, 355, 355, 355, 355, 452, 263, 263, 263, 263, 13, 414, 170, 170, 201, 201, 47, 392, 201, 201, 201, 73, 321, 321, 320, 320, 441, 100, 424, 424, 424, 43, 43, 43, 43, 43, 364, 208, 441, 153, 153, 387, 387, 387, 274, 122, 186, 310, 310, 338, 338, 338, 338, 338, 400, 400, 400, 213, 213, 19, 19, 454, 454, 414, 197, 80, 414, 321, 321, 412, 83, 83, 55, 55, 150, 150, 150, 271, 31, 342, 342, 342, 168, 115, 273, 267, 267, 464, 464, 464, 464, 171, 171, 240, 252, 314, 349, 234, 261, 25, 106, 106, 284, 284, 284, 206, 206, 293, 293, 175, 175, 109, 346, 428, 428, 428, 85, 146, 207, 207, 19, 454, 454, 229, 414, 170, 170, 170, 47, 392, 392, 392, 392, 392, 392, 392, 392, 392, 392, 244, 320, 320, 320, 7, 451, 188, 360, 360, 434, 434, 434, 434, 339, 195, 195, 195, 250, 195, 381, 381, 10, 76, 310, 310, 338, 338, 338, 395, 400, 444, 444, 278, 360, 434, 434, 434, 339, 339, 195, 195, 250, 250, 94, 324, 94, 76, 76, 259, 75, 371, 371, 371, 351, 213, 213, 213, 324, 464, 464, 464, 464, 330, 330, 330, 399, 53, 473, 473, 65, 290, 290, 171, 171, 171, 252, 143, 143, 35, 36, 310, 108, 108, 371, 371, 395, 485, 286, 286, 464, 264, 264, 264, 264, 120, 120, 120, 282, 282, 282, 413, 413, 203, 53, 303, 303, 303, 48, 48, 250, 276, 276, 174, 174, 174, 426, 282, 282, 175, 452, 263, 263, 263, 48, 48, 417, 170, 170, 170, 392, 392, 392, 392, 63, 63, 63, 408, 73, 321, 320, 320, 7, 7, 7, 309, 309, 398, 398, 360, 360, 213, 246, 246]

ep308
Train step Loss: [0.6015423536300659, 0.6317456960678101, 0.5229636430740356, 0.5898932218551636, 0.5968973636627197, 0.587710440158844, 0.5932347178459167, 0.5531797409057617, 0.5559208989143372, 0.5496408343315125, 0.6102356314659119, 0.5531711578369141, 0.5600132942199707, 0.5933000445365906, 0.5107060074806213, 0.5282666087150574, 0.5914620161056519, 0.568571925163269, 0.5414665937423706, 0.5968458652496338, 0.5959596633911133, 0.5946875810623169, 0.6317371726036072, 0.6098234057426453, 0.5829169750213623, 0.5788016319274902, 0.5725234746932983, 0.5664074420928955, 0.5669915676116943, 0.5696722269058228, 0.588153600692749, 0.5703449249267578, 0.5509480237960815, 0.5399590730667114, 0.5361555814743042, 0.6286265850067139, 0.5458862781524658, 0.5720826983451843, 0.6057378649711609, 0.6531357169151306, 0.5472705364227295, 0.6611407399177551, 0.614942729473114, 0.6339100003242493, 0.5655504465103149, 0.5700369477272034, 0.5875926613807678, 0.6065230369567871, 0.5573878884315491, 0.5711119771003723, 0.6114049553871155, 0.555401623249054, 0.5877189636230469, 0.5711692571640015, 0.5523689389228821, 0.5753952264785767, 0.5932225584983826, 0.5591136813163757, 0.5292229056358337, 0.5855627059936523, 0.5547784566879272, 0.6263601183891296, 0.6054537892341614]
val step Loss: [0.5800693035125732, 0.5055627822875977, 0.5821226835250854, 0.5395547747612, 0.5016471743583679, 0.5901888608932495, 0.5419553518295288, 0.5621579885482788, 0.5180302858352661, 0.5775871276855469, 0.5253345370292664, 0.5784468650817871, 0.4977879822254181, 0.4994004964828491, 0.5439671277999878, 0.5813449621200562]
Train step Accs: [0.9089635854341737, 0.9002597402597402, 0.9223061760840998, 0.908940943582976, 0.9011490866234532, 0.9078986587183309, 0.9019740400216333, 0.9186602870813397, 0.916986120290813, 0.918426103646833, 0.9012748756218906, 0.910318508733304, 0.9129159947221815, 0.902491103202847, 0.9240866035182679, 0.9158177974245627, 0.910487123797704, 0.9037832788416628, 0.9191621411947246, 0.9069872276483847, 0.9132990448199853, 0.9089716253895358, 0.8954390319578033, 0.9059092744649347, 0.9116375860412999, 0.9091057975761546, 0.9105805243445693, 0.9081350304371887, 0.9142099516456091, 0.9119673744902264, 0.9055374592833876, 0.9090202177293935, 0.912940379403794, 0.9282377125770884, 0.9141250878425861, 0.8963382274898284, 0.9189151405004893, 0.9091839719216145, 0.9017505125374546, 0.8869339486587828, 0.9190693691121895, 0.8831977850839245, 0.8984172661870503, 0.8935223339376958, 0.9136786188579017, 0.9180630284396618, 0.9127083988675684, 0.9014756944444444, 0.9139187782020132, 0.9122478963536798, 0.9039277152867417, 0.9176485655737705, 0.902281832433374, 0.9073851696187332, 0.9228876127973749, 0.9076208773615113, 0.9120301985885443, 0.9099000624609619, 0.9257959714100065, 0.9063528837946592, 0.9123618990743505, 0.8970457902511079, 0.9052916416115454]
val step Accs: [0.9039710101162615, 0.9273940879989102, 0.9041326960922126, 0.9137091162143354, 0.9221414800533887, 0.9112837947223571, 0.915728672985782, 0.9082998661311914, 0.9169271261720677, 0.9070553443177017, 0.9196723893526539, 0.909781152300134, 0.9277907185092278, 0.9243957279370433, 0.9146919431279621, 0.9106514994829369]
Preds: [17, 17, 7, 217, 217, 473, 331, 241, 371, 290, 443, 330, 330, 330, 252, 64, 310, 310, 107, 395, 395, 395, 180, 443, 450, 151, 293, 293, 293, 35, 35, 35, 259, 354, 107, 109, 109, 109, 378, 264, 264, 264, 264, 468, 468, 337, 337, 171, 360, 360, 339, 434, 416, 434, 434, 324, 324, 434, 339, 94, 250, 250, 331, 331, 106, 106, 106, 481, 481, 481, 387, 293, 122, 122, 122, 122, 75, 75, 144, 27, 27, 106, 106, 284, 284, 426, 426, 426, 426, 413, 413, 413, 413, 413, 303, 303, 303, 303, 303, 48, 48, 414, 170, 170, 244, 392, 392, 392, 392, 392, 63, 63, 63, 63, 63, 63, 392, 392, 321, 321, 321, 320, 287, 287, 287, 287, 297, 481, 293, 293, 293, 122, 35, 458, 144, 208, 64, 106, 346, 284, 284, 284, 284, 426, 426, 426, 426, 348, 348, 199, 199, 319, 319, 282, 282, 271, 271, 150, 77, 77, 342, 68, 224, 224, 196, 196, 94, 94, 199, 290, 290, 171, 171, 252, 143, 35, 321, 75, 431, 431, 431, 443, 443, 443, 146, 146, 240, 325, 34, 290, 290, 290, 116, 77, 374, 374, 374, 374, 374, 374, 374, 132, 43, 43, 43, 345, 345, 345, 345, 132, 132, 132, 132, 65, 310, 310, 338, 338, 338, 338, 338, 400, 400, 400, 213, 213, 19, 19, 454, 454, 414, 170, 392, 392, 392, 392, 392, 392, 392, 392, 392, 392, 392, 321, 321, 75, 66, 66, 66, 115, 115, 273, 470, 351, 180, 315, 315, 315, 315, 315, 450, 450, 450, 450, 355, 355, 355, 413, 250, 98, 43, 197, 197, 345, 345, 345, 43, 43, 43, 43, 364, 441, 441, 345, 345, 153, 153, 387, 387, 399, 399, 399, 70, 473, 65, 65, 46, 46, 46, 443, 438, 240, 175, 199, 331, 443, 403, 403, 403, 403, 290, 207, 207, 434, 358, 143, 280, 473, 65, 145, 486, 486, 486, 85, 450, 271, 120, 120, 120, 120, 240, 240, 240, 24, 24, 183, 451, 324, 324, 324, 324, 324, 324, 422, 422, 143, 129, 321, 321, 75, 183, 420, 213, 213, 213, 213, 252, 252, 252, 325, 325, 34, 180, 139, 355, 355, 355, 271, 271, 271, 150, 342, 342, 433, 436, 336, 354, 25, 499, 284, 405, 405, 206, 206, 169, 150, 150, 150, 54, 54, 54, 224, 224, 494, 494, 301, 301, 303, 259, 354, 65, 65, 319, 319, 315, 315, 315, 315, 468, 468, 468, 467, 467, 467, 175, 452, 452, 263, 17, 169, 240, 240, 240, 240, 240, 240, 240, 240, 240, 240, 240, 240, 240, 240, 240, 240, 240, 240, 240, 240, 240, 240, 240, 240, 240, 240, 240, 240, 240, 240, 240, 240, 240, 240, 240, 240, 240, 240, 240, 240, 240, 240, 240, 240, 240, 240, 240, 240, 240, 240, 240, 240, 240, 240, 240, 240, 240, 240, 240, 240, 240, 240, 240, 240, 240, 240, 240, 240, 240, 240, 240, 240, 240, 240, 240, 240, 240, 240, 240, 240, 240, 240, 240, 240, 240, 240, 240, 240, 240, 240, 240, 240, 240, 240, 240, 240, 240, 240, 240, 240, 240, 240, 240, 240, 240, 240, 240, 240, 240, 240, 240, 240, 240, 240, 240, 240, 240, 240, 240, 240, 240, 240, 240, 240, 240, 240, 240, 240, 240, 240, 240, 240, 240, 240, 240, 240, 240, 240, 240, 240, 240, 240, 240, 240, 240, 240, 240, 240, 240, 240, 240, 240, 240, 240, 240, 240, 240, 240, 240, 240, 240, 240, 240, 240, 240, 240, 240, 240, 240, 240, 240, 240, 240, 240, 240, 240, 240, 240, 240, 240]

ep309
Train step Loss: [0.5660601854324341, 0.584191083908081, 0.5146384835243225, 0.5876237154006958, 0.6144636273384094, 0.5614678263664246, 0.5420003533363342, 0.562576413154602, 0.5854210257530212, 0.5353080034255981, 0.610470175743103, 0.5768487453460693, 0.5883268117904663, 0.5825945138931274, 0.5127856135368347, 0.553185760974884, 0.5699205994606018, 0.586513340473175, 0.5833266973495483, 0.5773090720176697, 0.501181960105896, 0.6045000553131104, 0.6335204839706421, 0.5038813948631287, 0.545693576335907, 0.5613779425621033, 0.5908915400505066, 0.6136775612831116, 0.6122639179229736, 0.5381273627281189, 0.5778427124023438, 0.5590003728866577, 0.6241650581359863, 0.6506026387214661, 0.5547101497650146, 0.6022310853004456, 0.5863825082778931, 0.582886815071106, 0.5359883308410645, 0.5985358357429504, 0.5508890151977539, 0.6036444306373596, 0.6013034582138062, 0.5620099902153015, 0.6357988119125366, 0.5264987349510193, 0.541800320148468, 0.579454779624939, 0.5777269601821899, 0.6034510135650635, 0.6310774683952332, 0.5296608805656433, 0.5885024070739746, 0.5692940354347229, 0.563849151134491, 0.5523079037666321, 0.579655647277832, 0.5351359844207764, 0.5605751276016235, 0.5569269061088562, 0.5763795375823975, 0.6038448214530945, 0.5505251884460449]
val step Loss: [0.5471306443214417, 0.5989857912063599, 0.5554056167602539, 0.5314574837684631, 0.5683837532997131, 0.5113074779510498, 0.5200505256652832, 0.613034725189209, 0.5236309766769409, 0.4827038049697876, 0.5317205190658569, 0.5114379525184631, 0.5449715852737427, 0.5286737680435181, 0.4819553792476654, 0.5612589120864868]
Train step Accs: [0.9133912563784305, 0.9097849797444687, 0.9245410367170627, 0.9063719115734721, 0.8953159383841559, 0.9143502432244615, 0.9229543039319873, 0.9137375717686599, 0.9093525179856116, 0.9170716413230914, 0.9034704370179949, 0.9110107777454122, 0.9055182577370231, 0.9073094867807154, 0.9262103505843072, 0.9166898857620507, 0.9086915594603076, 0.9017886717456112, 0.9079872204472843, 0.9042709867452136, 0.9262948207171314, 0.9107233610028799, 0.8970641536788692, 0.927862655536305, 0.9154514173357365, 0.9163447251114413, 0.9073111043132457, 0.8977625347052098, 0.9030492572322126, 0.9169744046861072, 0.9097714736012609, 0.9124450951683748, 0.8983202021703582, 0.8908155767817781, 0.9139024832336414, 0.9026205613273376, 0.9005328596802842, 0.8992080633549316, 0.9212692710672055, 0.9043699491170308, 0.9098073555166375, 0.9018867924528302, 0.9049365734372612, 0.9139433551198257, 0.8983760254478487, 0.9269425675675675, 0.9130434782608695, 0.9082510353615801, 0.9127889961954931, 0.9076418190342241, 0.8976570360787696, 0.9185196239367258, 0.9060381522938673, 0.9141998497370398, 0.9131025118805159, 0.9166666666666666, 0.9121305336364852, 0.9246856205576818, 0.9124303050180387, 0.9116146458583433, 0.9086484983314794, 0.9025689223057645, 0.9154886293792256]
val step Accs: [0.9147498562392179, 0.9026259990213669, 0.91651865008881, 0.9160555468871899, 0.9141161773891318, 0.921196075377667, 0.9222481071636576, 0.902496328928047, 0.922509225092251, 0.9282289699259044, 0.92, 0.9209302325581395, 0.9168212739641312, 0.919141679693051, 0.9326923076923077, 0.9151061173533084]
Preds: [17, 17, 287, 297, 297, 297, 297, 293, 387, 387, 167, 240, 35, 35, 384, 371, 240, 443, 240, 240, 34, 94, 473, 264, 264, 264, 264, 264, 264, 468, 468, 468, 337, 168, 434, 434, 434, 434, 434, 434, 434, 120, 264, 264, 14, 259, 287, 145, 145, 486, 460, 460, 460, 169, 35, 449, 449, 168, 444, 324, 324, 324, 324, 301, 399, 411, 473, 398, 464, 360, 360, 360, 240, 143, 14, 14, 106, 145, 284, 486, 460, 460, 240, 35, 77, 183, 183, 219, 324, 301, 199, 331, 139, 139, 496, 497, 497, 497, 8, 280, 100, 153, 346, 387, 387, 387, 406, 406, 467, 337, 337, 167, 168, 434, 434, 434, 434, 434, 19, 19, 19, 48, 48, 414, 170, 249, 249, 392, 392, 392, 392, 392, 392, 73, 244, 321, 321, 320, 188, 188, 30, 324, 301, 301, 378, 43, 43, 276, 138, 138, 138, 138, 297, 297, 182, 182, 182, 497, 497, 122, 122, 186, 351, 351, 77, 242, 242, 236, 236, 310, 310, 384, 384, 384, 374, 374, 374, 374, 132, 132, 132, 132, 132, 132, 98, 98, 197, 414, 414, 80, 80, 244, 321, 321, 7, 219, 219, 152, 152, 374, 378, 378, 43, 43, 276, 276, 174, 174, 426, 426, 426, 293, 186, 162, 232, 172, 115, 115, 273, 470, 443, 443, 171, 271, 271, 31, 342, 342, 172, 115, 115, 485, 464, 139, 139, 139, 139, 139, 271, 271, 169, 349, 342, 342, 427, 247, 247, 312, 126, 23, 23, 391, 391, 320, 320, 321, 320, 354, 174, 122, 122, 264, 264, 468, 468, 337, 337, 337, 337, 252, 252, 186, 438, 54, 168, 168, 66, 66, 116, 199, 199, 84, 84, 496, 496, 43, 43, 345, 345, 345, 109, 313, 313, 313, 186, 186, 107, 107, 107, 395, 400, 213, 213, 213, 213, 246, 246, 246, 246, 246, 19, 17, 301, 240, 240, 240, 240, 240, 240, 240, 240, 240, 240, 240, 240, 240, 240, 240, 240, 240, 240, 240, 240, 240, 240, 240, 240, 240, 240, 240, 240, 240, 240, 240, 240, 240, 240, 240, 240, 240, 240, 240, 240, 240, 240, 240, 240, 240, 240, 240, 240, 240, 240, 240, 240, 240, 240, 240, 240, 240, 240, 240, 240, 240, 240, 240, 240, 240, 240, 240, 240, 240, 240, 240, 240, 240, 240, 240, 240, 240, 240, 240, 240, 240, 240, 240, 240, 240, 240, 240, 240, 240, 240, 240, 240, 240, 240, 240, 240, 240, 240, 240, 240, 240, 240, 240, 240, 240, 240, 240, 240, 240, 240, 240, 240, 240, 240, 240, 240, 240, 240, 240, 240, 240, 240, 240, 240, 240, 240, 240, 240, 240, 240, 240, 240, 240, 240, 240, 240, 240, 240, 240, 240, 240, 240, 240, 240, 240, 240, 240, 240, 240, 240, 240, 240, 240, 240, 240, 240, 240, 240, 240, 240, 240, 240, 240, 240, 240, 240, 240, 240, 240, 240, 240, 240, 240, 240, 240, 240, 240, 240, 240, 240, 240, 240, 240, 240, 240, 240, 240, 240, 240, 240, 240, 240, 240, 240, 240, 240, 240, 240, 240, 240, 240, 240, 240, 240, 240, 240, 240, 240, 240, 240, 240, 240, 240, 240, 240, 240, 240, 240, 240, 240, 240, 240, 240, 240, 240, 240, 240, 240, 240, 240, 240, 240, 240, 240, 240, 240, 240, 240, 240, 240, 240, 240, 240, 240, 240, 240, 240, 240, 240, 240, 240, 240, 240, 240, 240, 240, 240, 240, 240, 240, 240, 240, 240, 240, 240, 240, 240, 240, 240, 240, 240, 240, 240, 240, 240, 240, 240, 240, 240, 240, 240, 240, 240, 240, 240, 240, 240]

ep310
Train step Loss: [0.5284376740455627, 0.5646523237228394, 0.5267868638038635, 0.5594556927680969, 0.545748233795166, 0.531308650970459, 0.5680692195892334, 0.5277780890464783, 0.544390857219696, 0.5669002532958984, 0.5735539197921753, 0.6368651390075684, 0.5399976372718811, 0.5555660724639893, 0.5990307331085205, 0.6069005131721497, 0.5935052633285522, 0.5540027618408203, 0.5997498631477356, 0.5597864985466003, 0.5511631965637207, 0.5509681105613708, 0.5947751402854919, 0.6151384711265564, 0.5680798888206482, 0.5650911927223206, 0.5735841989517212, 0.5881005525588989, 0.5831716656684875, 0.5454899668693542, 0.590205192565918, 0.5578287243843079, 0.6219296455383301, 0.5855406522750854, 0.567846417427063, 0.5353712439537048, 0.542364239692688, 0.5579695701599121, 0.5779356360435486, 0.5797510147094727, 0.5555274486541748, 0.5982857942581177, 0.560687243938446, 0.551658034324646, 0.5731402039527893, 0.5456714034080505, 0.5653427839279175, 0.534784734249115, 0.5497025847434998, 0.5845901966094971, 0.6108415722846985, 0.5361157059669495, 0.5854215621948242, 0.5215190052986145, 0.6173615455627441, 0.6012561321258545, 0.5513299703598022, 0.5762605667114258, 0.5112014412879944, 0.5859731435775757, 0.6515858769416809, 0.5745972990989685, 0.4999753534793854]
val step Loss: [0.5753620862960815, 0.564176082611084, 0.574273407459259, 0.5098975300788879, 0.4996059238910675, 0.5040645599365234, 0.5343319177627563, 0.5649683475494385, 0.5383662581443787, 0.5270487666130066, 0.5645493865013123, 0.545939028263092, 0.5148674249649048, 0.49593386054039, 0.47313258051872253, 0.49200406670570374]
Train step Accs: [0.9257834757834758, 0.9115135453474676, 0.9163912756113681, 0.9174941325148944, 0.9166281399291109, 0.9227989012577708, 0.9112638183447864, 0.9166666666666666, 0.917595353947575, 0.9101442421376212, 0.9078291335399542, 0.8974276007118589, 0.9100497212596053, 0.9156816390858944, 0.9092392110336646, 0.9015966112740307, 0.9029977375565611, 0.915581745922982, 0.8987685621151756, 0.9116354964227438, 0.916969296797623, 0.9110651499482937, 0.9034627492130115, 0.8974735126324368, 0.9126115750071984, 0.9140555058191585, 0.905900501349788, 0.9086606720302887, 0.904517298685602, 0.9144866385372714, 0.9059084194977843, 0.9136276391554703, 0.9043062200956937, 0.9083792403595246, 0.9096553865259236, 0.9200642992839398, 0.9213740458015267, 0.912228451296426, 0.9093622368834433, 0.9052496798975672, 0.9184517654010932, 0.9145064377682404, 0.9077825159914712, 0.9116734693877551, 0.9070550351288056, 0.9214175654853621, 0.911522355801702, 0.9194517172339443, 0.9134357817566615, 0.91328353361481, 0.8988423864648264, 0.9211795507785586, 0.9019785805046288, 0.9252546434991012, 0.8967854376452362, 0.9106573993628728, 0.9204826732673267, 0.9093202336696761, 0.9248635613656555, 0.8991405869952975, 0.8920195439739413, 0.9085704939483153, 0.9291206954195921]
val step Accs: [0.9054308290480372, 0.9145522388059701, 0.9072060682680152, 0.9215791593930441, 0.9240142387732749, 0.9249965340357688, 0.9209813150763086, 0.909486640648454, 0.9145642201834863, 0.9239600417474281, 0.9146482122260668, 0.9070826306913997, 0.9223104468316986, 0.9304303452968192, 0.9290431577330671, 0.9233376792698826]
Preds: [17, 7, 217, 473, 473, 398, 360, 360, 360, 434, 434, 434, 339, 250, 250, 250, 88, 109, 109, 84, 84, 319, 319, 293, 293, 293, 293, 175, 43, 276, 276, 138, 138, 138, 297, 182, 182, 182, 497, 497, 98, 14, 14, 287, 287, 111, 111, 240, 240, 175, 175, 331, 331, 486, 428, 428, 428, 146, 146, 438, 186, 150, 342, 342, 172, 224, 273, 273, 496, 293, 293, 274, 399, 399, 217, 473, 473, 264, 264, 264, 264, 264, 264, 468, 468, 468, 337, 337, 324, 324, 301, 464, 26, 251, 251, 241, 431, 431, 376, 376, 376, 376, 460, 460, 460, 169, 35, 35, 225, 401, 225, 320, 320, 276, 276, 276, 174, 174, 174, 319, 319, 299, 299, 219, 219, 219, 219, 219, 219, 219, 213, 213, 246, 246, 246, 246, 246, 19, 19, 454, 454, 229, 229, 312, 187, 187, 187, 321, 321, 287, 287, 486, 486, 460, 460, 215, 35, 35, 29, 287, 284, 284, 284, 206, 206, 167, 215, 35, 35, 259, 276, 276, 346, 346, 346, 346, 470, 405, 206, 206, 293, 293, 43, 43, 276, 346, 346, 284, 284, 206, 206, 293, 175, 251, 241, 431, 431, 428, 428, 428, 146, 146, 438, 186, 186, 54, 342, 172, 224, 224, 494, 494, 29, 203, 399, 53, 473, 331, 264, 264, 264, 264, 264, 264, 264, 468, 468, 468, 468, 285, 337, 168, 434, 434, 434, 434, 434, 434, 434, 19, 19, 19, 19, 48, 48, 414, 414, 244, 392, 392, 392, 392, 392, 321, 321, 320, 7, 7, 7, 7, 473, 288, 288, 337, 171, 171, 252, 252, 143, 77, 310, 164, 54, 107, 400, 444, 213, 213, 213, 213, 246, 246, 246, 246, 246, 246, 246, 246, 246, 246, 19, 19, 454, 17, 301, 240, 240, 240, 240, 240, 240, 240, 240, 240, 240, 240, 240, 240, 240, 240, 240, 240, 240, 240, 240, 240, 240, 240, 240, 240, 240, 240, 240, 240, 240, 240, 240, 240, 240, 240, 240, 240, 240, 240, 240, 240, 240, 240, 240, 240, 240, 240, 240, 240, 240, 240, 240, 240, 240, 240, 240, 240, 240, 240, 240, 240, 240, 240, 240, 240, 240, 240, 240, 240, 240, 240, 240, 240, 240, 240, 240, 240, 240, 240, 240, 240, 240, 240, 240, 240, 240, 240, 240, 240, 240, 240, 240, 240, 240, 240, 240, 240, 240, 240, 240, 240, 240, 240, 240, 240, 240, 240, 240, 240, 240, 240, 240, 240, 240, 240, 240, 240, 240, 240, 240, 240, 240, 240, 240, 240, 240, 240, 240, 240, 240, 240, 240, 240, 240, 240, 240, 240, 240, 240, 240, 240, 240, 240, 240, 240, 240, 240, 240, 240, 240, 240, 240, 240, 240, 240, 240, 240, 240, 240, 240, 240, 240, 240, 240, 240, 240, 240, 240, 240, 240, 240, 240, 240, 240, 240, 240, 240, 240, 240, 240, 240, 240, 240, 240, 240, 240, 240, 240, 240, 240, 240, 240, 240, 240, 240, 240, 240, 240, 240, 240, 240, 240, 240, 240, 240, 240, 240, 240, 240, 240, 240, 240, 240, 240, 240, 240, 240, 240, 240, 240, 240, 240, 240, 240, 240, 240, 240, 240, 240, 240, 240, 240, 240, 240, 240, 240, 240, 240, 240, 240, 240, 240, 240, 240, 240, 240, 240, 240, 240, 240, 240, 240, 240, 240, 240, 240, 240, 240, 240, 240, 240, 240, 240, 240, 240, 240, 240, 240, 240, 240, 240, 240, 240, 240, 240, 240, 240, 240, 240, 240, 240, 240, 240, 240, 240, 240, 240, 240, 240, 240, 240, 240, 240, 240, 240, 240, 240, 240, 240, 240, 240, 240, 240, 240, 240]

ep311
Train step Loss: [0.6270971298217773, 0.5243533253669739, 0.6019516587257385, 0.6157469153404236, 0.5868708491325378, 0.5518590211868286, 0.5413758754730225, 0.5473406314849854, 0.5887549519538879, 0.5918481945991516, 0.5716637372970581, 0.5945001840591431, 0.5334078669548035, 0.6135312914848328, 0.5518173575401306, 0.591562032699585, 0.5620114803314209, 0.562868595123291, 0.49764105677604675, 0.576537013053894, 0.5666958689689636, 0.5661433339118958, 0.5360313653945923, 0.5899144411087036, 0.5891381502151489, 0.5494017004966736, 0.5135595202445984, 0.5961021780967712, 0.5774151682853699, 0.5470954179763794, 0.5375100374221802, 0.5538823008537292, 0.6027474403381348, 0.5448712706565857, 0.521400511264801, 0.5345904231071472, 0.5249683260917664, 0.5678315758705139, 0.5435497760772705, 0.5671934485435486, 0.5590722560882568, 0.5370627641677856, 0.5444220900535583, 0.5526809692382812, 0.564913809299469, 0.5397477746009827, 0.5582231879234314, 0.5324500799179077, 0.5829959511756897, 0.5525137782096863, 0.5390540957450867, 0.555404782295227, 0.6020634770393372, 0.5098041296005249, 0.637560248374939, 0.5345037579536438, 0.5977257490158081, 0.5422802567481995, 0.5396183729171753, 0.5526555180549622, 0.5662575364112854, 0.5501312613487244, 0.5599053502082825]
val step Loss: [0.5532540082931519, 0.5494149327278137, 0.5358885526657104, 0.48484939336776733, 0.5624698996543884, 0.4820643365383148, 0.5321441292762756, 0.5649086833000183, 0.520332932472229, 0.5177186727523804, 0.5497661232948303, 0.540764331817627, 0.5143839120864868, 0.5076736807823181, 0.5239294767379761, 0.505556046962738]
Train step Accs: [0.8984697272122422, 0.9230300259106844, 0.9007776049766718, 0.8982060909470171, 0.9085123309466985, 0.9119516354053635, 0.9200816454702465, 0.9197530864197531, 0.9077065066912783, 0.9062255795780151, 0.9131873325980778, 0.9024478914202617, 0.92170626349892, 0.9070507452687991, 0.9131142206313049, 0.9054492962829304, 0.9134069871603464, 0.9108441353145748, 0.9265354597896166, 0.9129751357530723, 0.9106457800511509, 0.9174832387828777, 0.9177922294480574, 0.9040484080103731, 0.9054351240967641, 0.9138805970149254, 0.921517735755778, 0.90625, 0.9118073687264288, 0.9150021869077125, 0.9130240190959272, 0.9128462659970841, 0.9030095759233926, 0.9202698980996971, 0.9245862253069941, 0.9184968277208394, 0.919, 0.9100208372797879, 0.9153219364115673, 0.9146543778801843, 0.9099967330937602, 0.9149073327961321, 0.925558679887524, 0.910413694721826, 0.9136963050006528, 0.9233668341708543, 0.9165228306919818, 0.9244008159102499, 0.90548175293938, 0.914568783498457, 0.920266836086404, 0.9174621824056396, 0.902206320810972, 0.9260426042604261, 0.8923799205489347, 0.9186325469812076, 0.9103565365025467, 0.9152737752161383, 0.9189635253342135, 0.9158096805155629, 0.9131339401820546, 0.916584193411565, 0.9060288706481744]
val step Accs: [0.9142558902475395, 0.9186417186417186, 0.917616505554754, 0.9292679576981184, 0.917356615986753, 0.9337633731906859, 0.9144515734799877, 0.9103243917654398, 0.9214977828871735, 0.9204927211646137, 0.9131850244167119, 0.9151496451712434, 0.9224817309070067, 0.9199768886320959, 0.9202787456445993, 0.9221479958890031]
Preds: [17, 17, 451, 451, 30, 422, 422, 186, 54, 68, 68, 68, 115, 273, 444, 278, 422, 143, 143, 401, 75, 75, 384, 371, 106, 106, 293, 293, 293, 387, 164, 164, 164, 164, 351, 351, 351, 351, 443, 139, 139, 139, 293, 293, 122, 122, 36, 36, 108, 351, 196, 384, 129, 401, 244, 75, 208, 441, 441, 153, 153, 387, 387, 122, 186, 169, 349, 164, 196, 384, 384, 351, 164, 164, 99, 349, 349, 14, 411, 287, 287, 76, 88, 406, 406, 467, 467, 337, 337, 146, 146, 358, 143, 401, 401, 401, 75, 354, 180, 180, 486, 376, 376, 376, 460, 460, 263, 13, 197, 7, 170, 170, 392, 392, 63, 63, 63, 63, 63, 63, 392, 63, 73, 244, 73, 244, 321, 188, 209, 188, 188, 171, 171, 290, 240, 236, 143, 36, 36, 310, 107, 107, 338, 338, 338, 338, 338, 395, 196, 196, 217, 217, 473, 473, 65, 65, 278, 278, 252, 339, 24, 239, 239, 310, 107, 107, 395, 395, 41, 41, 41, 19, 19, 19, 48, 229, 170, 170, 392, 392, 392, 392, 392, 392, 392, 392, 244, 73, 73, 244, 320, 7, 32, 310, 395, 395, 180, 443, 443, 443, 240, 271, 99, 99, 338, 338, 338, 436, 338, 395, 84, 139, 496, 399, 399, 70, 70, 65, 65, 65, 88, 313, 313, 313, 374, 374, 132, 132, 132, 132, 65, 236, 239, 75, 310, 310, 107, 107, 107, 395, 219, 213, 213, 213, 246, 246, 246, 246, 246, 24, 24, 24, 310, 310, 107, 338, 384, 239, 239, 445, 464, 464, 443, 240, 416, 416, 416, 464, 464, 464, 443, 240, 240, 8, 8, 239, 354, 180, 464, 443, 443, 443, 460, 240, 186, 99, 436, 436, 436, 400, 400, 324, 324, 422, 422, 349, 349, 208, 261, 25, 25, 278, 278, 434, 434, 434, 434, 464, 282, 282, 282, 452, 48, 48, 170, 170, 170, 392, 392, 392, 63, 63, 63, 63, 63, 63, 63, 73, 73, 244, 320, 7, 7, 309, 309, 309, 309, 309, 309, 479, 331, 331, 106, 106, 284, 284, 284, 284, 284, 206, 206, 450, 293, 43, 43, 43, 276, 276, 276, 276, 276, 345, 241, 241, 81, 355, 355, 355, 375, 98, 98, 98, 13, 305, 17, 169, 240, 240, 240, 240, 240, 240, 240, 240, 240, 240, 240, 240, 240, 240, 240, 240, 240, 240, 240, 240, 240, 240, 240, 240, 240, 240, 240, 240, 240, 240, 240, 240, 240, 240, 240, 240, 240, 240, 240, 240, 240, 240, 240, 240, 240, 240, 240, 240, 240, 240, 240, 240, 240, 240, 240, 240, 240, 240, 240, 240, 240, 240, 240, 240, 240, 240, 240, 240, 240, 240, 240, 240, 240, 240, 240, 240, 240, 240, 240, 240, 240, 240, 240, 240, 240, 240, 240, 240, 240, 240, 240, 240, 240, 240, 240, 240, 240, 240, 240, 240, 240, 240, 240, 240, 240, 240, 240, 240, 240, 240, 240, 240, 240, 240, 240, 240, 240, 240, 240, 240, 240, 240, 240, 240, 240, 240, 240, 240, 240, 240, 240, 240, 240, 240, 240, 240, 240, 240, 240, 240, 240, 240, 240, 240, 240, 240, 240, 240, 240, 240, 240, 240, 240, 240, 240, 240, 240, 240, 240, 240, 240, 240, 240, 240, 240, 240, 240, 240, 240, 240, 240, 240, 240, 240, 240, 240, 240, 240, 240, 240, 240, 240, 240, 240, 240, 240, 240, 240, 240, 240, 240, 240, 240, 240, 240, 240, 240, 240, 240, 240, 240, 240, 240, 240, 240, 240, 240, 240, 240, 240, 240, 240, 240, 240, 240, 240, 240, 240, 240, 240, 240, 240, 240, 240]

ep312
Train step Loss: [0.5212387442588806, 0.6038336157798767, 0.5288568139076233, 0.5319564342498779, 0.5537203550338745, 0.5390190482139587, 0.590458333492279, 0.5684596300125122, 0.5442438125610352, 0.5982167720794678, 0.5872049331665039, 0.5540292263031006, 0.5477681756019592, 0.5789738893508911, 0.5439636707305908, 0.5353409647941589, 0.5412873029708862, 0.581149160861969, 0.5688825845718384, 0.6060582399368286, 0.5990796685218811, 0.5645385384559631, 0.5386965274810791, 0.5295019149780273, 0.5155876874923706, 0.5523440837860107, 0.5645986795425415, 0.4810012876987457, 0.5961931347846985, 0.5163513422012329, 0.5653231739997864, 0.5050914287567139, 0.5456541180610657, 0.5613389611244202, 0.5614280700683594, 0.5346820950508118, 0.557283341884613, 0.6019536256790161, 0.5706719160079956, 0.609609067440033, 0.5259710550308228, 0.5738945007324219, 0.5250877141952515, 0.5851218104362488, 0.5524500608444214, 0.5505284070968628, 0.5362257957458496, 0.5534830689430237, 0.5389582514762878, 0.5836715698242188, 0.554543673992157, 0.5594399571418762, 0.570293128490448, 0.5191819071769714, 0.6021071076393127, 0.5748906135559082, 0.5675424933433533, 0.584027111530304, 0.5887247920036316, 0.5848829746246338, 0.555429995059967, 0.5938204526901245, 0.4957757890224457]
val step Loss: [0.5190519690513611, 0.507429838180542, 0.5272220969200134, 0.49959224462509155, 0.5382324457168579, 0.5711238980293274, 0.5070793628692627, 0.5506524443626404, 0.5316500067710876, 0.5216702818870544, 0.5241426229476929, 0.5381952524185181, 0.513131320476532, 0.5315214991569519, 0.5376675128936768, 0.474901407957077]
Train step Accs: [0.9241388927625157, 0.9037291309096583, 0.9228462377317339, 0.9197548063527445, 0.9173607708639556, 0.9186504217432052, 0.9052337752965806, 0.9111209049507859, 0.9131910766246363, 0.9057971014492754, 0.9102717031146454, 0.9150897622513343, 0.9121281464530893, 0.9076690904102072, 0.918059893441117, 0.9184758529020824, 0.9211742321282957, 0.9063859404906908, 0.9113207547169812, 0.9027220630372493, 0.9035117056856188, 0.9057456423499032, 0.9165732586068855, 0.9159127195316658, 0.925, 0.9096385542168675, 0.9161994688698731, 0.9283823529411764, 0.9034356237491661, 0.9215832710978342, 0.9117147707979627, 0.9353960750608795, 0.9101670179990271, 0.9108594270486342, 0.9172967134701435, 0.9205093336629991, 0.9097251886658123, 0.9031177156177156, 0.9123405784084785, 0.8956438487314504, 0.921644685802948, 0.9069810278135937, 0.9165179709406067, 0.9040313949339993, 0.9096359743040685, 0.9143372407574392, 0.9159517000317763, 0.9142392188771359, 0.9250145602795574, 0.9079884796119448, 0.921060794044665, 0.9172673143215293, 0.9127105666156202, 0.9227737226277373, 0.9038076152304609, 0.9110890761857544, 0.9165528751327567, 0.9054552156284555, 0.9067903175102169, 0.9040617533541628, 0.9241496598639456, 0.9028925619834711, 0.9255778511557023]
val step Accs: [0.9218848829854522, 0.9184760344121262, 0.920458212326557, 0.9280188802936935, 0.9153454545454546, 0.9088821925670828, 0.9252627481510315, 0.9144460028050491, 0.9148488039717165, 0.9235758601240834, 0.9220981196097837, 0.9189392797950882, 0.9207367209340569, 0.9185078909612625, 0.9161191749427043, 0.9343850022862369]
Preds: [17, 7, 217, 473, 473, 398, 278, 360, 360, 434, 434, 434, 339, 250, 250, 250, 88, 109, 109, 84, 84, 319, 319, 293, 293, 293, 293, 175, 43, 276, 276, 138, 138, 138, 297, 182, 182, 182, 497, 497, 98, 14, 14, 287, 287, 111, 111, 240, 240, 175, 175, 331, 331, 486, 428, 428, 428, 146, 146, 438, 186, 150, 342, 342, 172, 224, 273, 273, 496, 293, 293, 274, 399, 399, 217, 473, 473, 264, 264, 264, 264, 264, 264, 468, 468, 468, 337, 337, 324, 324, 301, 464, 26, 251, 251, 241, 431, 431, 376, 376, 376, 376, 460, 460, 460, 169, 35, 35, 225, 401, 225, 320, 320, 276, 276, 276, 174, 174, 174, 319, 319, 236, 299, 219, 219, 219, 219, 219, 219, 219, 213, 213, 246, 246, 246, 246, 246, 19, 19, 454, 454, 229, 229, 312, 187, 187, 187, 321, 321, 287, 287, 486, 486, 460, 460, 215, 35, 35, 29, 287, 284, 284, 284, 206, 206, 167, 215, 35, 35, 259, 276, 276, 346, 346, 346, 346, 470, 405, 206, 206, 293, 293, 43, 43, 276, 346, 346, 284, 284, 206, 206, 293, 175, 251, 241, 431, 431, 428, 428, 428, 146, 146, 438, 186, 186, 54, 342, 172, 224, 224, 494, 494, 29, 203, 399, 53, 473, 331, 264, 264, 264, 264, 264, 264, 264, 468, 468, 468, 468, 313, 337, 168, 434, 434, 434, 434, 434, 434, 434, 19, 19, 19, 19, 48, 48, 414, 414, 244, 392, 392, 392, 392, 392, 321, 321, 320, 7, 7, 7, 7, 473, 288, 288, 337, 171, 171, 252, 252, 143, 77, 310, 164, 54, 107, 400, 444, 213, 213, 213, 213, 246, 246, 246, 246, 246, 246, 246, 246, 246, 246, 19, 19, 454, 17, 301, 240, 240, 240, 240, 240, 240, 240, 240, 240, 240, 240, 240, 240, 240, 240, 240, 240, 240, 240, 240, 240, 240, 240, 240, 240, 240, 240, 240, 240, 240, 240, 240, 240, 240, 240, 240, 240, 240, 240, 240, 240, 240, 240, 240, 240, 240, 240, 240, 240, 240, 240, 240, 240, 240, 240, 240, 240, 240, 240, 240, 240, 240, 240, 240, 240, 240, 240, 240, 240, 240, 240, 240, 240, 240, 240, 240, 240, 240, 240, 240, 240, 240, 240, 240, 240, 240, 240, 240, 240, 240, 240, 240, 240, 240, 240, 240, 240, 240, 240, 240, 240, 240, 240, 240, 240, 240, 240, 240, 240, 240, 240, 240, 240, 240, 240, 240, 240, 240, 240, 240, 240, 240, 240, 240, 240, 240, 240, 240, 240, 240, 240, 240, 240, 240, 240, 240, 240, 240, 240, 240, 240, 240, 240, 240, 240, 240, 240, 240, 240, 240, 240, 240, 240, 240, 240, 240, 240, 240, 240, 240, 240, 240, 240, 240, 240, 240, 240, 240, 240, 240, 240, 240, 240, 240, 240, 240, 240, 240, 240, 240, 240, 240, 240, 240, 240, 240, 240, 240, 240, 240, 240, 240, 240, 240, 240, 240, 240, 240, 240, 240, 240, 240, 240, 240, 240, 240, 240, 240, 240, 240, 240, 240, 240, 240, 240, 240, 240, 240, 240, 240, 240, 240, 240, 240, 240, 240, 240, 240, 240, 240, 240, 240, 240, 240, 240, 240, 240, 240, 240, 240, 240, 240, 240, 240, 240, 240, 240, 240, 240, 240, 240, 240, 240, 240, 240, 240, 240, 240, 240, 240, 240, 240, 240, 240, 240, 240, 240, 240, 240, 240, 240, 240, 240, 240, 240, 240, 240, 240, 240, 240, 240, 240, 240, 240, 240, 240, 240, 240, 240, 240, 240, 240, 240, 240, 240, 240, 240, 240, 240, 240, 240, 240, 240, 240, 240]

ep313
Train step Loss: [0.5823383927345276, 0.5564281940460205, 0.5969748497009277, 0.5658981204032898, 0.5477305054664612, 0.5089247822761536, 0.5195470452308655, 0.5590307116508484, 0.6038910746574402, 0.6184831261634827, 0.5992707014083862, 0.579621434211731, 0.5455350279808044, 0.5435895323753357, 0.5813559293746948, 0.5202440619468689, 0.5723845362663269, 0.5653039216995239, 0.5502195358276367, 0.5359598994255066, 0.6139958500862122, 0.5551983118057251, 0.5022838711738586, 0.5637646317481995, 0.5933866500854492, 0.586100697517395, 0.5485133528709412, 0.543470025062561, 0.5767336487770081, 0.601153552532196, 0.5322479605674744, 0.5242911577224731, 0.5803483128547668, 0.5579472780227661, 0.5928106904029846, 0.5563631653785706, 0.5248731374740601, 0.5712088942527771, 0.5630983114242554, 0.5632401704788208, 0.5466943383216858, 0.5414850115776062, 0.534478485584259, 0.5033405423164368, 0.514941394329071, 0.5000863075256348, 0.531153678894043, 0.5642836093902588, 0.5563554763793945, 0.5565076470375061, 0.5249270796775818, 0.5478817820549011, 0.551163911819458, 0.5761378407478333, 0.5673414468765259, 0.5288844108581543, 0.571568489074707, 0.544992983341217, 0.553334653377533, 0.5094314813613892, 0.5282213687896729, 0.5657420754432678, 0.5347634553909302]
val step Loss: [0.5272786021232605, 0.4953616261482239, 0.5036240220069885, 0.4897037744522095, 0.5669207572937012, 0.5889213681221008, 0.5273816585540771, 0.5368167161941528, 0.48120352625846863, 0.52082759141922, 0.5081987977027893, 0.5403651595115662, 0.5386691093444824, 0.5083156228065491, 0.5249128341674805, 0.48795682191848755]
Train step Accs: [0.9071736224565573, 0.9173107773078606, 0.9082644628099174, 0.9112851662404092, 0.9149815498154982, 0.9242153195641568, 0.9216555801921655, 0.908284620036283, 0.908130081300813, 0.9012639405204461, 0.9012011503975639, 0.9057943207981581, 0.9175903614457831, 0.9167430291923027, 0.9068275546051626, 0.9195705737416403, 0.9098591549295775, 0.9099241013890877, 0.9155569007263923, 0.9203088578088578, 0.9004487964096287, 0.9170251997541488, 0.9220466516177577, 0.9103578154425612, 0.9077269317329333, 0.9087942821628341, 0.9223415400733368, 0.9160989602007888, 0.9114566284779051, 0.903611149251682, 0.918552036199095, 0.9227681660899654, 0.9135135135135135, 0.9131193769303075, 0.9069631363370392, 0.9141392567278941, 0.9241530654231244, 0.9134482324820732, 0.9114139693356048, 0.9081237911025145, 0.9149881046788263, 0.9145509937617873, 0.9196682757767051, 0.9225886360117665, 0.9248173130972457, 0.9268837803320562, 0.9225806451612903, 0.9019261637239165, 0.9202953141479584, 0.9107839659453707, 0.923935576463084, 0.9124593409701598, 0.9122562674094707, 0.9085926449787836, 0.9134728033472803, 0.9249217935349322, 0.9104300711141212, 0.913562091503268, 0.9143558636626228, 0.9258407079646017, 0.9179326287978864, 0.9102014913533238, 0.9163124335812965]
val step Accs: [0.9180904522613065, 0.925797020743422, 0.923790589794566, 0.9230477154790533, 0.9119556397078713, 0.9025338324215376, 0.9217584510395176, 0.9195965821543634, 0.9303675048355899, 0.9197080291970803, 0.9236814266283815, 0.9074818986323411, 0.916823434560602, 0.9239799570508231, 0.9207695803666112, 0.9261664261664262]
Preds: [17, 17, 17, 17, 17, 317, 317, 317, 317, 317, 317, 317, 317, 317, 244, 317, 461, 317, 317, 461, 317, 461, 461, 461, 461, 244, 461, 461, 461, 63, 63, 63, 63, 63, 63, 244, 244, 40, 102, 102, 102, 412, 63, 63, 244, 244, 211, 211, 435, 435, 102, 289, 239, 239, 239, 201, 201, 63, 244, 63, 63, 63, 244, 435, 435, 435, 209, 287, 287, 284, 284, 284, 450, 293, 43, 276, 276, 276, 276, 182, 182, 182, 182, 182, 182, 182, 182, 387, 387, 98, 335, 197, 197, 414, 259, 287, 287, 284, 284, 206, 215, 215, 8, 8, 354, 345, 345, 88, 236, 32, 32, 239, 384, 371, 371, 180, 180, 180, 284, 284, 284, 284, 284, 206, 206, 206, 206, 206, 263, 263, 225, 225, 197, 414, 83, 152, 152, 422, 236, 24, 239, 371, 180, 84, 84, 106, 350, 43, 43, 43, 43, 276, 276, 276, 276, 153, 153, 182, 182, 182, 182, 182, 182, 182, 182, 497, 335, 14, 14, 440, 440, 188, 145, 443, 171, 416, 416, 416, 32, 32, 32, 354, 473, 470, 403, 403, 403, 171, 171, 171, 171, 3, 3, 14, 188, 324, 324, 324, 324, 324, 3, 3, 14, 14, 188, 188, 360, 171, 330, 330, 203, 53, 76, 76, 401, 401, 259, 74, 74, 213, 213, 213, 213, 213, 246, 19, 19, 454, 414, 414, 102, 414, 187, 47, 82, 305, 80, 73, 244, 244, 209, 83, 55, 55, 162, 330, 330, 330, 330, 388, 94, 381, 195, 10, 10, 212, 32, 32, 239, 384, 371, 395, 278, 278, 264, 264, 264, 264, 355, 355, 355, 335, 335, 14, 14, 226, 259, 440, 440, 287, 285, 497, 416, 416, 8, 239, 144, 27, 106, 153, 387, 387, 387, 387, 406, 406, 406, 406, 406, 182, 182, 182, 182, 182, 375, 375, 375, 98, 98, 98, 197, 197, 80, 414, 82, 287, 287, 460, 460, 178, 35, 77, 342, 224, 494, 196, 399, 217, 70, 473, 65, 315, 315, 468, 406, 406, 406, 467, 274, 274, 274, 313, 313, 77, 24, 239, 384, 371, 371, 324, 324, 301, 116, 251, 241, 431, 431, 84, 496, 274, 274, 416, 8, 8, 144, 27, 106, 106, 387, 387, 387, 406, 406, 406, 467, 337, 41, 246, 434, 246, 246, 246, 246, 246, 19, 19, 454, 454, 229, 414, 82, 312, 312, 292, 292, 292, 292, 201, 201, 23, 23, 408, 408, 391, 228, 73, 244, 244, 83, 83, 55, 240, 416, 416, 8, 32, 32, 354, 109, 180, 264, 264, 264, 264, 264, 264, 264, 264, 264, 264, 355, 355, 335, 14, 14, 411, 188, 345, 387, 236, 116, 94, 94, 398, 398, 324, 422, 186, 99, 338, 338, 395, 380, 302, 302, 302, 81, 81, 109, 286, 286, 286, 286, 286, 468, 285, 285, 285, 180, 180, 284, 284, 284, 206, 206, 167, 167, 167, 35, 35, 276, 188, 324, 324, 324, 171, 171, 3, 3, 3, 14, 14, 188, 188, 264, 264, 120, 120, 120, 207, 37, 37, 37, 37, 24, 454, 414, 414, 247, 126, 149, 391, 391, 244, 73, 73, 244, 209, 209, 83, 55, 186, 162, 330, 330, 330, 388, 94, 381, 195, 195, 10, 212, 212, 32, 239, 384, 107, 395, 395, 278, 264, 264, 264, 355, 14, 14, 14, 440, 287, 285, 106, 497, 416, 416, 32, 239, 144, 27, 106, 153, 387, 387, 387, 387, 406, 406, 406, 406, 182, 182, 182, 182, 182, 375, 375, 98, 98, 335, 349, 226, 82, 287, 287, 287, 284, 206, 167, 35, 35, 77, 342, 342, 224, 494, 196, 217, 70, 70, 65]

ep314
Train step Loss: [0.5887727737426758, 0.6525107026100159, 0.5540611147880554, 0.5499598979949951, 0.5454442501068115, 0.5955042243003845, 0.5482818484306335, 0.5464770793914795, 0.5127390623092651, 0.5661836266517639, 0.5758433938026428, 0.5587131381034851, 0.562063992023468, 0.5414987802505493, 0.48697611689567566, 0.5955246090888977, 0.5252963900566101, 0.5117254257202148, 0.5572060942649841, 0.5423631072044373, 0.5515270233154297, 0.5416887402534485, 0.5411137342453003, 0.6163110136985779, 0.5727614760398865, 0.558742105960846, 0.51315838098526, 0.5654363036155701, 0.5131323933601379, 0.47850579023361206, 0.5471063256263733, 0.5808090567588806, 0.5479717254638672, 0.5126375555992126, 0.6260102391242981, 0.5722700953483582, 0.5329252481460571, 0.5913852453231812, 0.569811999797821, 0.5139732956886292, 0.5734608769416809, 0.5232281684875488, 0.6223600506782532, 0.5841341018676758, 0.5509511232376099, 0.5524982213973999, 0.5963574051856995, 0.5642016530036926, 0.5791522264480591, 0.5434033274650574, 0.5368152260780334, 0.5978443622589111, 0.5495554208755493, 0.4885769188404083, 0.5381748676300049, 0.559205949306488, 0.5335172414779663, 0.4815361499786377, 0.48625022172927856, 0.5327960848808289, 0.5334190130233765, 0.5252402424812317, 0.6501675844192505]
val step Loss: [0.4791297912597656, 0.5237593650817871, 0.5069189667701721, 0.528006911277771, 0.5227535963058472, 0.48964551091194153, 0.5155413150787354, 0.5028719902038574, 0.5564544796943665, 0.5007816553115845, 0.5120483040809631, 0.49186432361602783, 0.5490932464599609, 0.5495535731315613, 0.5554123520851135, 0.5039094686508179]
Train step Accs: [0.9024693275353316, 0.8908852704473142, 0.9191400832177531, 0.9182422969187675, 0.9163503871261576, 0.9069058903182126, 0.9181184668989547, 0.9184049950333475, 0.9248199083169614, 0.9101424979044426, 0.9075378654455795, 0.9114985360660102, 0.9137606713934308, 0.9129064603924939, 0.9293245939013964, 0.9086187307255316, 0.9215997689864279, 0.9256747592567476, 0.9184475978799795, 0.9179935183880513, 0.9162425476225098, 0.9194977843426884, 0.9177750906892382, 0.8998628257887518, 0.9104285714285715, 0.9121958161377544, 0.9237403540626419, 0.9147131400370142, 0.9197196559413826, 0.9298840825558383, 0.922135067916587, 0.909640831758034, 0.9100786275911366, 0.9188316058688922, 0.8971354166666666, 0.9122359279739118, 0.9217186580341378, 0.9075422248107163, 0.9062124248496994, 0.9191305737573917, 0.9124087591240876, 0.9182166690330825, 0.905608755129959, 0.9032826912642431, 0.9146216768916156, 0.9099983082388766, 0.9010159651669085, 0.9122614307290952, 0.9112830664027353, 0.9163636363636364, 0.9153338224504769, 0.9048831635710006, 0.915375897242161, 0.9303048239124001, 0.9216546953977122, 0.9166666666666666, 0.9169313850063533, 0.9311570782159018, 0.9283080704629251, 0.9221902017291066, 0.916087516087516, 0.9175117004680188, 0.8934397778549115]
val step Accs: [0.9344156887960136, 0.9217440704445391, 0.9247970592740082, 0.9228157241739585, 0.9185369908561929, 0.9270814103747461, 0.9209838585703305, 0.9204617330803289, 0.9153678077203204, 0.9224376731301939, 0.9209985315712188, 0.9283556844267247, 0.9127729980145599, 0.914082874529122, 0.9074185765983113, 0.9243993828521049]
Preds: [17, 17, 287, 287, 287, 284, 206, 206, 167, 169, 349, 349, 234, 155, 155, 25, 25, 148, 148, 387, 348, 348, 399, 53, 398, 398, 324, 324, 324, 301, 301, 3, 259, 354, 106, 346, 284, 284, 215, 167, 450, 450, 467, 467, 460, 460, 169, 150, 150, 168, 168, 168, 436, 384, 336, 25, 25, 106, 284, 284, 284, 315, 450, 450, 450, 203, 53, 70, 65, 138, 182, 297, 297, 182, 182, 182, 182, 375, 375, 98, 98, 197, 197, 197, 80, 321, 321, 7, 7, 219, 219, 213, 213, 324, 464, 464, 464, 315, 315, 450, 460, 167, 215, 35, 35, 29, 100, 100, 497, 497, 43, 43, 364, 276, 276, 153, 153, 497, 497, 43, 182, 182, 182, 182, 174, 387, 387, 387, 348, 348, 348, 10, 479, 331, 331, 84, 84, 426, 426, 426, 426, 375, 375, 98, 98, 35, 229, 312, 312, 187, 187, 187, 187, 187, 391, 228, 321, 320, 7, 219, 219, 219, 219, 152, 374, 374, 374, 139, 346, 186, 186, 54, 54, 54, 395, 400, 400, 213, 324, 339, 339, 10, 10, 398, 398, 398, 398, 324, 301, 301, 10, 10, 251, 374, 374, 374, 374, 374, 132, 132, 132, 182, 375, 98, 98, 98, 414, 414, 414, 170, 244, 392, 392, 392, 392, 392, 392, 392, 392, 392, 392, 321, 321, 320, 320, 7, 7, 127, 127, 114, 114, 114, 443, 443, 443, 450, 240, 240, 215, 35, 29, 29, 132, 132, 132, 406, 406, 406, 313, 313, 337, 337, 324, 324, 324, 246, 246, 246, 246, 246, 301, 239, 239, 354, 219, 485, 286, 286, 286, 286, 286, 286, 374, 374, 468, 313, 313, 285, 337, 337, 337, 337, 324, 324, 324, 324, 324, 324, 3, 3, 3, 301, 34, 24, 485, 286, 286, 286, 286, 286, 286, 374, 374, 175, 43, 43, 43, 276, 276, 497, 497, 497, 186, 66, 323, 323, 323, 224, 273, 106, 153, 153, 153, 88, 88, 88, 88, 375, 98, 17, 240, 240, 240, 240, 240, 240, 240, 240, 240, 240, 240, 240, 240, 240, 240, 240, 240, 240, 240, 240, 240, 240, 240, 240, 240, 240, 240, 240, 240, 240, 240, 240, 240, 240, 240, 240, 240, 240, 240, 240, 240, 240, 240, 240, 240, 240, 240, 240, 240, 240, 240, 240, 240, 240, 240, 240, 240, 240, 240, 240, 240, 240, 240, 240, 240, 240, 240, 240, 240, 240, 240, 240, 240, 240, 240, 240, 240, 240, 240, 240, 240, 240, 240, 240, 240, 240, 240, 240, 240, 240, 240, 240, 240, 240, 240, 240, 240, 240, 240, 240, 240, 240, 240, 240, 240, 240, 240, 240, 240, 240, 240, 240, 240, 240, 240, 240, 240, 240, 240, 240, 240, 240, 240, 240, 240, 240, 240, 240, 240, 240, 240, 240, 240, 240, 240, 240, 240, 240, 240, 240, 240, 240, 240, 240, 240, 240, 240, 240, 240, 240, 240, 240, 240, 240, 240, 240, 240, 240, 240, 240, 240, 240, 240, 240, 240, 240, 240, 240, 240, 240, 240, 240, 240, 240, 240, 240, 240, 240, 240, 240, 240, 240, 240, 240, 240, 240, 240, 240, 240, 240, 240, 240, 240, 240, 240, 240, 240, 240, 240, 240, 240, 240, 240, 240, 240, 240, 240, 240, 240, 240, 240, 240, 240, 240, 240, 240, 240, 240, 240, 240, 240, 240, 240, 240, 240, 240, 240, 240, 240, 240, 240, 240, 240, 240, 240, 240, 240, 240, 240, 240, 240, 240, 240, 240, 240, 240, 240, 240, 240, 240, 240, 240, 240, 240, 240, 240, 240, 240, 240, 240, 240, 240, 240, 240, 240, 240, 240, 240, 240, 240]

ep315
Train step Loss: [0.55892014503479, 0.5178672075271606, 0.5495656132698059, 0.4985446035861969, 0.5363249778747559, 0.5459039211273193, 0.5821356177330017, 0.5303014516830444, 0.5223631858825684, 0.516491711139679, 0.5607432126998901, 0.5580350160598755, 0.5085644125938416, 0.5596926212310791, 0.5067440867424011, 0.6041488647460938, 0.48842042684555054, 0.5136085152626038, 0.5130860805511475, 0.599513828754425, 0.5615537762641907, 0.5778068900108337, 0.5297713875770569, 0.5764785408973694, 0.5559518933296204, 0.5827499032020569, 0.5583295822143555, 0.5263665914535522, 0.5356210470199585, 0.5435579419136047, 0.5255914926528931, 0.5622968673706055, 0.5401055812835693, 0.604789137840271, 0.5293211936950684, 0.5276413559913635, 0.5596391558647156, 0.5383758544921875, 0.5677105784416199, 0.5145374536514282, 0.548320472240448, 0.5539762377738953, 0.5133817195892334, 0.5510934591293335, 0.5679013133049011, 0.6273967027664185, 0.5514752268791199, 0.5420626997947693, 0.5480204224586487, 0.5175920724868774, 0.5369857549667358, 0.5722275972366333, 0.5490176677703857, 0.5727136135101318, 0.559332013130188, 0.5795296430587769, 0.5173160433769226, 0.6477932333946228, 0.5621619820594788, 0.535643994808197, 0.547814667224884, 0.5225738286972046, 0.5776973962783813]
val step Loss: [0.46657007932662964, 0.4777998924255371, 0.5403186678886414, 0.4811497926712036, 0.5096769332885742, 0.49177390336990356, 0.47877588868141174, 0.5243492722511292, 0.5298511385917664, 0.5148938894271851, 0.5227466225624084, 0.5882726907730103, 0.5270458459854126, 0.530998170375824, 0.6092310547828674, 0.4271319508552551]
Train step Accs: [0.9171670305676856, 0.9206827309236948, 0.9222805701425356, 0.9289398280802292, 0.9167726437756112, 0.9175, 0.9037861915367483, 0.923642229790285, 0.9227259766181922, 0.919605282252213, 0.910627007401201, 0.9078250340547904, 0.9263822115384616, 0.9145938173975557, 0.9242782773308093, 0.8978840846366145, 0.9324894514767933, 0.9201609159832895, 0.9237029501525941, 0.8981541802388708, 0.9104553119730185, 0.911759987165089, 0.9187450980392157, 0.9088444595052525, 0.9139605462822459, 0.902633790977865, 0.9128149845034362, 0.9226105563480742, 0.918975650713686, 0.9157458563535912, 0.9177903436276642, 0.9082829719161039, 0.9199405967328204, 0.9054097311139565, 0.9201063164477798, 0.9173437937797703, 0.915318466695817, 0.9142314436002338, 0.9082487869430966, 0.9260264675941635, 0.9195757843570481, 0.9189814814814815, 0.9271952259164535, 0.9151201703681168, 0.9120667522464698, 0.902002556455049, 0.9164972407783909, 0.9187824795842613, 0.9140252454417952, 0.9208097648109557, 0.9136567973957526, 0.9059977844595664, 0.9136822773186409, 0.909898059848734, 0.9124525916561315, 0.9093363649282364, 0.9210986703988804, 0.8940263770364624, 0.9072522392372147, 0.9233852320024665, 0.9190077704722056, 0.9206616204093075, 0.9104359313077939]
val step Accs: [0.930978898007034, 0.9281452658884566, 0.9187080881346654, 0.9263293679231761, 0.9248229526057745, 0.9320877335499593, 0.9347099908897661, 0.9238777717685235, 0.9156701351141482, 0.9209131075110456, 0.917988578680203, 0.9070091093117408, 0.9140814867762688, 0.9188612099644128, 0.9000164446637067, 0.9416304872165943]
Preds: [17, 17, 17, 317, 317, 317, 317, 317, 317, 461, 461, 461, 461, 461, 461, 461, 461, 461, 461, 461, 461, 7, 102, 102, 102, 102, 102, 102, 102, 102, 102, 102, 102, 102, 102, 412, 461, 63, 63, 63, 63, 63, 63, 63, 63, 40, 70, 63, 63, 63, 63, 63, 63, 63, 63, 63, 244, 40, 80, 80, 412, 70, 70, 63, 63, 63, 63, 63, 63, 63, 63, 63, 63, 63, 63, 63, 63, 63, 63, 63, 63, 63, 63, 63, 63, 63, 63, 63, 63, 63, 63, 63, 63, 63, 63, 63, 63, 63, 63, 63, 63, 63, 63, 63, 63, 73, 73, 244, 209, 287, 287, 481, 293, 293, 122, 416, 8, 144, 27, 106, 106, 387, 387, 387, 387, 468, 406, 406, 406, 406, 250, 250, 250, 250, 132, 132, 132, 132, 138, 138, 195, 117, 117, 48, 414, 414, 197, 197, 197, 197, 197, 225, 80, 80, 82, 287, 287, 284, 284, 206, 167, 167, 35, 35, 77, 342, 342, 115, 267, 267, 324, 301, 301, 399, 217, 217, 473, 473, 65, 264, 264, 264, 264, 468, 468, 468, 337, 337, 324, 324, 252, 24, 384, 371, 371, 324, 301, 116, 251, 241, 431, 313, 496, 274, 43, 8, 8, 208, 345, 345, 88, 132, 313, 236, 24, 24, 239, 310, 107, 395, 213, 213, 213, 213, 213, 246, 19, 454, 143, 414, 414, 414, 126, 187, 187, 391, 391, 244, 73, 73, 244, 320, 188, 219, 152, 152, 301, 378, 43, 43, 276, 276, 276, 276, 153, 276, 346, 182, 182, 387, 387, 387, 387, 387, 387, 167, 335, 76, 416, 219, 219, 152, 152, 132, 42, 42, 364, 364, 364, 42, 42, 148, 276, 276, 276, 153, 153, 497, 497, 215, 129, 259, 354, 354, 106, 284, 486, 460, 468, 406, 467, 499, 206, 206, 169, 150, 150, 342, 68, 115, 273, 273, 428, 428, 428, 146, 146, 146, 358, 358, 37, 35, 36, 107, 436, 427, 225, 229, 82, 247, 126, 126, 126, 326, 23, 23, 101, 149, 149, 228, 412, 287, 284, 206, 206, 240, 314, 314, 32, 8, 354, 109, 420, 324, 422, 24, 239, 384, 371, 324, 301, 301, 399, 217, 217, 473, 398, 213, 213, 213, 236, 24, 239, 310, 310, 107, 213, 213, 213, 213, 213, 246, 19, 19, 454, 414, 414, 414, 414, 80, 80, 80, 80, 80, 209, 209, 287, 287, 284, 319, 428, 85, 146, 146, 146, 358, 358, 143, 143, 35, 458, 445, 445, 445, 445, 445, 219, 477, 349, 374, 374, 132, 132, 132, 132, 132, 335, 14, 14, 14, 411, 411, 145, 284, 284, 284, 284, 450, 450, 206, 206, 175, 452, 452, 452, 197, 414, 414, 414, 414, 414, 170, 187, 187, 187, 187, 187, 187, 392, 392, 63, 63, 63, 63, 63, 63, 63, 73, 73, 73, 244, 209, 83, 55, 443, 438, 416, 8, 8, 8, 354, 109, 264, 84, 84, 406, 406, 42, 42, 147, 81, 81, 132, 399, 217, 217, 473, 473, 278, 278, 252, 252, 236, 24, 239, 310, 107, 107, 213, 213, 213, 213, 213, 246, 246, 454, 454, 414, 414, 197, 80, 80, 80, 80, 82, 287, 287, 460, 206, 240, 167, 35, 35, 77, 342, 342, 168, 224, 224, 213, 213, 213, 324, 324, 3, 3, 14, 14, 14, 411, 287, 481, 387, 387, 497, 416, 8, 239, 144, 27, 106, 387, 387, 387, 313, 468, 413, 406, 406, 250, 250, 250, 413, 413, 381, 381, 381, 381, 381, 117, 117, 48, 229, 414, 247, 312, 126, 23, 23, 149, 149, 149, 228, 73, 244, 209, 287, 284, 460, 460]

ep316
Train step Loss: [0.5861192345619202, 0.5373539328575134, 0.5555976629257202, 0.5364145636558533, 0.5320899486541748, 0.5524479746818542, 0.5579736232757568, 0.5742567181587219, 0.5619889497756958, 0.48365944623947144, 0.571600615978241, 0.5855728387832642, 0.5891755819320679, 0.5070552825927734, 0.5609148740768433, 0.5421626567840576, 0.5375871062278748, 0.5867430567741394, 0.5321812629699707, 0.5346150994300842, 0.5408532023429871, 0.593165397644043, 0.5821747183799744, 0.5244148373603821, 0.48935458064079285, 0.583110511302948, 0.5128645300865173, 0.5272510051727295, 0.5448511838912964, 0.5404604077339172, 0.5965927243232727, 0.5882156491279602, 0.5349453091621399, 0.5694849491119385, 0.5363996028900146, 0.5642598867416382, 0.5780352354049683, 0.5058683156967163, 0.5445262789726257, 0.5644476413726807, 0.5965603590011597, 0.5187736749649048, 0.5611733198165894, 0.5184839367866516, 0.512512743473053, 0.5509346127510071, 0.5906574726104736, 0.5153442621231079, 0.5331820249557495, 0.4895149767398834, 0.552616536617279, 0.5287486910820007, 0.5006802678108215, 0.49966657161712646, 0.5200231671333313, 0.5223404169082642, 0.5485488176345825, 0.5571709871292114, 0.548539400100708, 0.5261951684951782, 0.5485109686851501, 0.5640723705291748, 0.5676504373550415]
val step Loss: [0.5000532865524292, 0.5287750959396362, 0.569422721862793, 0.5628434419631958, 0.545599639415741, 0.47042420506477356, 0.48426353931427, 0.5089328289031982, 0.49721553921699524, 0.49011141061782837, 0.4967922568321228, 0.47113698720932007, 0.48632505536079407, 0.5338364243507385, 0.5193660259246826, 0.5467975735664368]
Train step Accs: [0.9050319953461314, 0.9216232961586122, 0.9205202312138728, 0.919629057187017, 0.9188965972910472, 0.909129571874114, 0.9142167305780429, 0.9117595666608422, 0.9142051557465092, 0.9295860699557049, 0.9066924066924067, 0.9095039069598401, 0.9048070841239721, 0.9237021499737809, 0.907856308411215, 0.9186467348544454, 0.9170966632266941, 0.9122751154274797, 0.9206481096800997, 0.9179597480411738, 0.9165861068913134, 0.9069767441860465, 0.9066059225512528, 0.9173054245283019, 0.9302629125489464, 0.9064422143088378, 0.9254275301373703, 0.919800460475825, 0.9145591250854409, 0.9147575919019713, 0.8965662820151984, 0.9096106724748162, 0.9197645079899075, 0.9066898624070853, 0.9200558561703613, 0.9093114135561245, 0.9109531064838328, 0.9302766798418972, 0.9186540950268072, 0.9176395330241484, 0.9037900874635568, 0.9262501854874611, 0.9092747030578722, 0.9242105263157895, 0.9259203606311044, 0.9124417030239206, 0.9044641558819253, 0.925207756232687, 0.921429604977572, 0.9262902765896778, 0.9162011173184358, 0.9174197136104546, 0.9315403422982885, 0.9271255060728745, 0.9158972879399885, 0.9250116441546343, 0.9145770645269141, 0.9124317166032114, 0.924136786188579, 0.9151132337082114, 0.912621359223301, 0.9085275892593685, 0.9091985787603633]
val step Accs: [0.923347735637702, 0.9201397877297437, 0.9071224295247174, 0.9102751756440282, 0.9149577804583836, 0.9342895263509006, 0.9225376196990424, 0.9240280258277236, 0.9243709561466571, 0.9268848940166353, 0.92668513388735, 0.9355856448008413, 0.9231867957467069, 0.9197530864197531, 0.9182739003746357, 0.911293908403735]
Preds: [17, 17, 7, 217, 217, 473, 473, 473, 278, 278, 278, 278, 330, 330, 240, 24, 310, 310, 310, 338, 338, 338, 338, 400, 400, 400, 267, 444, 444, 324, 246, 246, 246, 246, 246, 246, 19, 454, 454, 454, 454, 197, 80, 80, 321, 321, 320, 320, 188, 183, 451, 451, 30, 324, 324, 324, 3, 464, 464, 464, 464, 120, 330, 330, 330, 388, 34, 212, 465, 335, 335, 205, 188, 188, 360, 290, 290, 290, 290, 434, 434, 434, 339, 339, 94, 183, 77, 310, 310, 107, 395, 395, 395, 395, 464, 464, 464, 180, 180, 486, 486, 486, 486, 315, 460, 450, 450, 175, 43, 43, 43, 43, 276, 276, 174, 174, 284, 319, 319, 319, 319, 282, 282, 282, 282, 263, 263, 263, 414, 414, 170, 170, 244, 392, 392, 392, 392, 392, 244, 320, 321, 320, 7, 7, 212, 34, 34, 338, 76, 310, 310, 107, 395, 395, 395, 403, 403, 264, 264, 264, 14, 14, 14, 411, 297, 293, 293, 293, 497, 313, 127, 437, 437, 437, 470, 206, 206, 146, 146, 285, 219, 219, 152, 374, 374, 374, 374, 285, 374, 374, 88, 153, 497, 497, 497, 122, 122, 259, 196, 196, 195, 195, 195, 195, 195, 117, 48, 229, 229, 229, 312, 312, 312, 187, 187, 187, 23, 201, 2, 391, 391, 321, 320, 320, 7, 7, 309, 147, 380, 380, 380, 109, 499, 315, 315, 315, 450, 450, 450, 450, 450, 293, 122, 186, 186, 349, 323, 323, 427, 13, 13, 20, 225, 225, 225, 56, 321, 320, 7, 217, 473, 473, 473, 212, 213, 213, 213, 246, 246, 422, 99, 99, 338, 338, 338, 338, 338, 400, 400, 400, 213, 213, 213, 246, 19, 454, 454, 48, 414, 414, 80, 392, 392, 244, 321, 321, 320, 320, 7, 217, 217, 473, 473, 290, 290, 443, 443, 330, 271, 150, 150, 342, 342, 342, 224, 273, 496, 302, 375, 375, 98, 17, 240, 240, 240, 240, 240, 240, 240, 240, 240, 240, 240, 240, 240, 240, 240, 240, 240, 240, 240, 240, 240, 240, 240, 240, 240, 240, 240, 240, 240, 240, 240, 240, 240, 240, 240, 240, 240, 240, 240, 240, 240, 240, 240, 240, 240, 240, 240, 240, 240, 240, 240, 240, 240, 240, 240, 240, 240, 240, 240, 240, 240, 240, 240, 240, 240, 240, 240, 240, 240, 240, 240, 240, 240, 240, 240, 240, 240, 240, 240, 240, 240, 240, 240, 240, 240, 240, 240, 240, 240, 240, 240, 240, 240, 240, 240, 240, 240, 240, 240, 240, 240, 240, 240, 240, 240, 240, 240, 240, 240, 240, 240, 240, 240, 240, 240, 240, 240, 240, 240, 240, 240, 240, 240, 240, 240, 240, 240, 240, 240, 240, 240, 240, 240, 240, 240, 240, 240, 240, 240, 240, 240, 240, 240, 240, 240, 240, 240, 240, 240, 240, 240, 240, 240, 240, 240, 240, 240, 240, 240, 240, 240, 240, 240, 240, 240, 240, 240, 240, 240, 240, 240, 240, 240, 240, 240, 240, 240, 240, 240, 240, 240, 240, 240, 240, 240, 240, 240, 240, 240, 240, 240, 240, 240, 240, 240, 240, 240, 240, 240, 240, 240, 240, 240, 240, 240, 240, 240, 240, 240, 240, 240, 240, 240, 240, 240, 240, 240, 240, 240, 240, 240, 240, 240, 240, 240, 240, 240, 240, 240, 240, 240, 240, 240, 240, 240, 240, 240, 240, 240, 240, 240, 240, 240, 240, 240, 240, 240, 240, 240, 240, 240, 240, 240, 240, 240, 240, 240, 240, 240, 240, 240, 240, 240, 240, 240, 240, 240, 240, 240, 240, 240, 240, 240, 240, 240, 240, 240, 240]

ep317
Train step Loss: [0.5732141733169556, 0.5057164430618286, 0.5879806876182556, 0.5491265654563904, 0.49335142970085144, 0.5680601000785828, 0.5173136591911316, 0.5440305471420288, 0.5230149030685425, 0.5430646538734436, 0.5273352265357971, 0.5825602412223816, 0.5658944845199585, 0.5635696053504944, 0.5858744382858276, 0.5042422413825989, 0.5868757367134094, 0.5287397503852844, 0.5816308259963989, 0.5662516355514526, 0.6223118901252747, 0.5004501342773438, 0.4981708824634552, 0.5208561420440674, 0.5477891564369202, 0.5273442268371582, 0.5666577219963074, 0.5109030604362488, 0.5522670149803162, 0.5392966866493225, 0.5425230264663696, 0.49638068675994873, 0.5429123044013977, 0.5040892958641052, 0.4874551594257355, 0.5578473210334778, 0.5205656290054321, 0.5242603421211243, 0.5699443221092224, 0.5470349788665771, 0.478058785200119, 0.6178717017173767, 0.5767641663551331, 0.5895202159881592, 0.5557137131690979, 0.5217463970184326, 0.47501811385154724, 0.5315446257591248, 0.5194730758666992, 0.5941975116729736, 0.533437967300415, 0.5507573485374451, 0.5765860080718994, 0.5343793034553528, 0.5126067996025085, 0.5291378498077393, 0.5679543614387512, 0.5448744297027588, 0.537517249584198, 0.5211982727050781, 0.5559681057929993, 0.5690728425979614, 0.5300058722496033]
val step Loss: [0.5163959860801697, 0.5301036834716797, 0.49272844195365906, 0.4961319863796234, 0.48549753427505493, 0.5859473347663879, 0.5193278193473816, 0.4811606705188751, 0.5178723335266113, 0.4906404912471771, 0.5161426067352295, 0.4679451584815979, 0.50669926404953, 0.5022190809249878, 0.5603826642036438, 0.4984874725341797]
Train step Accs: [0.910100710900474, 0.9249266862170088, 0.910998895376361, 0.9141568263234708, 0.9225341310016874, 0.9135368387406105, 0.9249071886601418, 0.9214051394204483, 0.9244882486732373, 0.9151074686871811, 0.9194533762057878, 0.9094614264919941, 0.9120127981384526, 0.9194684598142812, 0.9062110695853355, 0.9266974291364535, 0.9035643206079247, 0.9169805398618958, 0.9072014585232452, 0.9134823359769286, 0.8962264150943396, 0.9281076801266825, 0.9235749249960524, 0.9186331596690163, 0.9144486692015209, 0.9233888486603911, 0.9103024857741839, 0.9168039538714992, 0.910795902285264, 0.9196768060836502, 0.9193441536932759, 0.9300815463606161, 0.9137426900584795, 0.9256208982112984, 0.9262518968133535, 0.9164955509924709, 0.9178356713426854, 0.9141247595493267, 0.9050437121721587, 0.9218141817566424, 0.9251819044606138, 0.9016775396085741, 0.9116564417177914, 0.906394395588016, 0.9187114004339844, 0.9146540027137042, 0.9331108329856765, 0.9184731385485391, 0.9222067255540058, 0.9066808059384942, 0.9162915025323579, 0.91541822721598, 0.9041356130352185, 0.9171723300970874, 0.9262833962791999, 0.9195211173927502, 0.9087282591351524, 0.9118270453582026, 0.92068669527897, 0.9245922816082675, 0.9134574392496803, 0.916005291005291, 0.9120676968359087]
val step Accs: [0.9183612440191388, 0.9195191183837035, 0.9219206680584551, 0.9261890951276102, 0.9270601336302895, 0.9068935926773455, 0.9231867957467069, 0.9277518062048449, 0.9211428571428572, 0.9263803680981595, 0.9205263157894736, 0.9373219373219374, 0.9166182452062754, 0.9245310455140323, 0.9181533646322378, 0.9253945480631277]
Preds: [17, 321, 219, 213, 213, 152, 301, 378, 378, 43, 43, 276, 276, 276, 346, 346, 346, 284, 284, 284, 284, 284, 206, 206, 206, 206, 206, 167, 14, 287, 287, 287, 287, 284, 206, 206, 175, 251, 251, 241, 431, 431, 428, 428, 428, 264, 146, 146, 146, 358, 358, 368, 54, 342, 68, 68, 224, 273, 496, 302, 100, 100, 375, 98, 98, 98, 98, 98, 17, 169, 240, 240, 240, 240, 240, 240, 240, 240, 240, 240, 240, 240, 240, 240, 240, 240, 240, 240, 240, 240, 240, 240, 240, 240, 240, 240, 240, 240, 240, 240, 240, 240, 240, 240, 240, 240, 240, 240, 240, 240, 240, 240, 240, 240, 240, 240, 240, 240, 240, 240, 240, 240, 240, 240, 240, 240, 240, 240, 240, 240, 240, 240, 240, 240, 240, 240, 240, 240, 240, 240, 240, 240, 240, 240, 240, 240, 240, 240, 240, 240, 240, 240, 240, 240, 240, 240, 240, 240, 240, 240, 240, 240, 240, 240, 240, 240, 240, 240, 240, 240, 240, 240, 240, 240, 240, 240, 240, 240, 240, 240, 240, 240, 240, 240, 240, 240, 240, 240, 240, 240, 240, 240, 240, 240, 240, 240, 240, 240, 240, 240, 240, 240, 240, 240, 240, 240, 240, 240, 240, 240, 240, 240, 240, 240, 240, 240, 240, 240, 240, 240, 240, 240, 240, 240, 240, 240, 240, 240, 240, 240, 240, 240, 240, 240, 240, 240, 240, 240, 240, 240, 240, 240, 240, 240, 240, 240, 240, 240, 240, 240, 240, 240, 240, 240, 240, 240, 240, 240, 240, 240, 240, 240, 240, 240, 240, 240, 240, 240, 240, 240, 240, 240, 240, 240, 240, 240, 240, 240, 240, 240, 240, 240, 240, 240, 240, 240, 240, 240, 240, 240, 240, 240, 240, 240, 240, 240, 240, 240, 240, 240, 240, 240, 240, 240, 240, 240, 240, 240, 240, 240, 240, 240, 240, 240, 240, 240, 240, 240, 240, 240, 240, 240, 240, 240, 240, 240, 240, 240, 240, 240, 240, 240, 240, 240, 240, 240, 240, 240, 240, 240, 240, 240, 240, 240, 240, 240, 240, 240, 240, 240, 240, 240, 240, 240, 240, 240, 240, 240, 240, 240, 240, 240, 240, 240, 240, 240, 240, 240, 240, 240, 240, 240, 240, 240, 240, 240, 240, 240, 240, 240, 240, 240, 240, 240, 240, 240, 240, 240, 240, 240, 240, 240, 240, 240, 240, 240, 240, 240, 240, 240, 240, 240, 240, 240, 240, 240, 240, 240, 240, 240, 240, 240, 240, 240, 240, 240, 240, 240, 240, 240, 240, 240, 240, 240, 240, 240, 240, 240, 240, 240, 240, 240, 240, 240, 240, 240, 240, 240, 240, 240, 240, 240, 240, 240, 240, 240, 240, 240, 240, 240, 240, 240, 240, 240, 240, 240, 240, 240, 240, 240, 240, 240, 240, 240, 240, 240, 240, 240, 240, 240, 240, 240, 240, 240, 240, 240, 240, 240, 240, 240, 240, 240, 240, 240, 240, 240, 240, 240, 240, 240, 240, 240, 240, 240, 240, 240, 240, 240, 240, 240, 240, 240, 240, 240, 240, 240, 240, 240, 240, 240, 240, 240, 240, 240, 240, 240, 240, 240, 240, 240, 240, 240, 240, 240, 240, 240, 240, 240, 240, 240, 240, 240, 240, 240, 240, 240, 240, 240, 240, 240, 240, 240, 240, 240, 240, 240, 240, 240, 240, 240, 240, 240, 240, 240, 240, 240, 240, 240, 240, 240, 240, 240, 240, 240, 240, 240, 240, 240, 240, 240, 240, 240, 240, 240, 240, 240, 240, 240, 240, 240, 240, 240, 240, 240, 240, 240, 240, 240, 240, 240, 240, 240, 240, 240, 240, 240, 240, 240, 240, 240]

