ep357
Train step Loss: [0.42891359329223633, 0.3695555031299591, 0.4061383903026581, 0.41309377551078796, 0.40220582485198975, 0.38430094718933105, 0.403950959444046, 0.3919031322002411, 0.370798796415329, 0.397571861743927, 0.3766639232635498, 0.3508978486061096, 0.413043349981308, 0.3978564143180847, 0.4072750508785248, 0.3757322132587433, 0.3709591031074524, 0.3947502672672272, 0.4131811261177063, 0.3834930956363678, 0.33500003814697266, 0.4307844042778015, 0.42697328329086304, 0.3798762261867523, 0.45479902625083923, 0.39949601888656616, 0.4047439992427826, 0.4193190932273865, 0.41594940423965454, 0.40762847661972046, 0.4191988408565521, 0.4162813723087311, 0.39400601387023926, 0.37356090545654297, 0.37663358449935913, 0.3522215485572815, 0.38960200548171997, 0.3725966513156891, 0.3581177592277527, 0.34916985034942627, 0.38192370533943176, 0.4121025800704956, 0.41395998001098633, 0.34887248277664185, 0.42391398549079895, 0.3918769955635071, 0.43927958607673645, 0.3867700397968292, 0.3828129172325134, 0.3756433427333832, 0.3707548677921295, 0.34648987650871277, 0.2996937930583954, 0.3655131757259369, 0.3888323903083801, 0.39627891778945923, 0.35549455881118774, 0.3503361940383911, 0.41575855016708374, 0.4056019186973572, 0.41638273000717163, 0.38799530267715454, 0.45430830121040344, 0.36518317461013794, 0.41758057475090027, 0.36197295784950256, 0.3941231369972229, 0.40646690130233765, 0.4060564339160919, 0.3734002709388733, 0.3674267530441284, 0.4027675688266754, 0.3632703423500061, 0.4226740300655365, 0.39762383699417114, 0.3741466701030731, 0.42706161737442017, 0.4130287170410156, 0.38361579179763794, 0.36113327741622925, 0.37270116806030273, 0.35867005586624146, 0.3832032382488251, 0.36578497290611267, 0.38951000571250916, 0.3740156292915344, 0.4078156650066376, 0.3870583176612854, 0.3838859498500824, 0.4276663362979889, 0.37357810139656067, 0.4264000654220581, 0.4167223274707794, 0.41775351762771606, 0.3641045093536377, 0.38912275433540344, 0.3483904302120209, 0.3440639078617096]
val step Loss: [0.3902488648891449, 0.3624735474586487, 0.3607361614704132, 0.32907846570014954, 0.30803582072257996, 0.35439592599868774, 0.3077045977115631, 0.37550821900367737, 0.3444983661174774, 0.328431636095047, 0.35913726687431335, 0.33870255947113037, 0.36764538288116455, 0.349246084690094, 0.3764035999774933, 0.36282557249069214, 0.36829766631126404, 0.36866191029548645, 0.33471807837486267, 0.3768056631088257, 0.3394586443901062, 0.37381020188331604, 0.35854634642601013, 0.3834743797779083, 0.3641725182533264]
Train step Accs: [0.9351161154116819, 0.944637178375253, 0.93419740777667, 0.9325631380977969, 0.9412342445572107, 0.9488755230125523, 0.9426048565121413, 0.941785957736878, 0.944311377245509, 0.9404393816110659, 0.9466806848903575, 0.9493468795355587, 0.9364657210401891, 0.9410728799783257, 0.937038280725319, 0.9455880006382639, 0.9492046517845207, 0.9387955182072829, 0.9387726244343891, 0.9464100666173205, 0.9546455306032585, 0.9279752704791344, 0.9369313990656504, 0.942160476325489, 0.9210353435816582, 0.940986494421609, 0.935619822700189, 0.9381561915719833, 0.9393892895504067, 0.937239655651208, 0.9313466091073667, 0.9388981209254762, 0.9389149935924819, 0.9469503164130874, 0.9493013972055888, 0.9488403819918144, 0.9424728105323411, 0.9468977851148713, 0.9507836990595612, 0.9540603248259861, 0.9481199428843408, 0.9409581646423751, 0.9384877595289742, 0.9536882617062219, 0.9362484157160963, 0.939921568627451, 0.9307440336920917, 0.9408308854385229, 0.9452623631559078, 0.9440844009042954, 0.9452384132496326, 0.9515376166941241, 0.9610122112696778, 0.9491130621752374, 0.945273631840796, 0.9404730959188978, 0.9466917529005958, 0.9536447918560261, 0.9374048126713372, 0.9375185956560548, 0.9352933095205386, 0.9462695283983064, 0.9265355890870294, 0.946056916324508, 0.9333236910616142, 0.9470477295807341, 0.9389786497403346, 0.9365210222588624, 0.937589555803216, 0.946646571213263, 0.9521061742642816, 0.9373403090400292, 0.9496634474685397, 0.93362396287442, 0.9391646966115051, 0.9498427908369517, 0.9312719416689171, 0.9347262051071965, 0.9447178002894356, 0.947891156462585, 0.9499483242285546, 0.9491573836046844, 0.9469060844852086, 0.9474307715089589, 0.9451169188445667, 0.9439407676035055, 0.9401685781401133, 0.9462435233160622, 0.9459264599855803, 0.9315027157513579, 0.9466573816155989, 0.9341064120054571, 0.9331944651093588, 0.9337524919490876, 0.9464753759139192, 0.9375738945377158, 0.9552833950441469, 0.9580223880597015]
val step Accs: [0.9400821144470105, 0.9429121231558691, 0.9502262443438914, 0.9594353640416048, 0.9583825265643447, 0.9506172839506173, 0.9629729365827386, 0.9409334985543164, 0.9482018647328696, 0.9561128526645768, 0.9477292202227935, 0.954007075834487, 0.9484394335212429, 0.9503115775664153, 0.9457461645746165, 0.9455665377453087, 0.9510597302504817, 0.9402962048750386, 0.9542973015130245, 0.9481627296587927, 0.9532172373081464, 0.9450344431687715, 0.9509679466835925, 0.939892051030422, 0.9478705281090289]
Preds: [17, 17, 287, 481, 293, 215, 35, 458, 208, 441, 441, 64, 387, 387, 240, 240, 219, 477, 34, 152, 301, 301, 285, 199, 331, 84, 84, 496, 496, 274, 215, 8, 32, 239, 354, 354, 100, 100, 153, 481, 481, 481, 481, 481, 387, 387, 387, 98, 98, 263, 13, 401, 80, 244, 320, 320, 354, 346, 374, 374, 374, 313, 313, 285, 34, 34, 242, 242, 242, 116, 94, 94, 94, 398, 324, 324, 324, 434, 339, 10, 10, 10, 398, 398, 374, 132, 132, 132, 132, 132, 132, 132, 132, 132, 132, 132, 197, 197, 197, 226, 80, 80, 80, 244, 209, 287, 297, 481, 387, 387, 122, 8, 239, 144, 27, 106, 106, 481, 426, 426, 387, 348, 348, 348, 250, 250, 364, 364, 364, 364, 381, 381, 381, 381, 381, 381, 48, 48, 170, 244, 392, 392, 392, 392, 63, 63, 63, 63, 73, 73, 73, 209, 188, 188, 188, 171, 171, 171, 171, 3, 3, 335, 14, 14, 321, 209, 411, 188, 145, 145, 264, 120, 120, 120, 120, 207, 37, 37, 358, 19, 19, 454, 78, 170, 170, 170, 392, 392, 392, 392, 392, 392, 392, 392, 392, 63, 63, 244, 73, 73, 244, 320, 219, 152, 152, 152, 378, 43, 43, 364, 276, 276, 276, 276, 346, 182, 182, 182, 182, 182, 182, 182, 182, 182, 387, 98, 335, 14, 226, 321, 209, 287, 287, 284, 111, 460, 460, 438, 178, 35, 219, 219, 219, 464, 464, 139, 84, 496, 43, 43, 43, 364, 364, 364, 276, 276, 345, 274, 122, 122, 236, 129, 36, 323, 395, 395, 219, 219, 464, 464, 180, 486, 460, 460, 240, 167, 35, 35, 401, 321, 354, 354, 286, 286, 286, 286, 468, 468, 406, 406, 337, 337, 324, 324, 324, 301, 422, 349, 349, 155, 155, 155, 25, 148, 153, 153, 153, 153, 387, 387, 413, 413, 117, 48, 48, 414, 170, 47, 47, 392, 392, 392, 73, 244, 321, 32, 32, 239, 384, 107, 395, 395, 487, 403, 171, 171, 171, 171, 246, 246, 246, 252, 32, 32, 32, 239, 354, 354, 180, 180, 486, 376, 376, 376, 460, 460, 167, 167, 35, 35, 401, 164, 164, 219, 485, 213, 213, 324, 324, 324, 422, 314, 239, 239, 36, 54, 232, 26, 26, 251, 251, 241, 431, 431, 431, 486, 376, 376, 376, 376, 376, 206, 206, 206, 452, 263, 17, 17, 169, 240, 240, 240, 240, 240, 240, 240, 240, 240, 240, 240, 240, 240, 240, 240, 240, 240, 240, 240, 240, 240, 240, 240, 240, 240, 240, 240, 240, 240, 240, 240, 240, 240, 240, 240, 240, 240, 240, 240, 240, 240, 240, 240, 240, 240, 240, 240, 240, 240, 240, 240, 240, 240, 240, 240, 240, 240, 240, 240, 240, 240, 240, 240, 240, 240, 240, 240, 240, 240, 240, 240, 240, 240, 240, 240, 240, 240, 240, 240, 240, 240, 240, 240, 240, 240, 240, 240, 240, 240, 240, 240, 240, 240, 240, 240, 240, 240, 240, 240, 240, 240, 240, 240, 240, 240, 240, 240, 240, 240, 240, 240, 240, 240, 240, 240, 240, 240, 240, 240, 240, 240, 240, 240, 240, 240, 240, 240, 240, 240, 240, 240, 240, 240, 240, 240, 240, 240, 240, 240, 240, 240, 240, 240, 240, 240, 240, 240, 240, 240, 240, 240, 240, 240, 240, 240, 240, 240, 240, 240, 240, 240, 240, 240, 240, 240, 240, 240, 240, 240, 240, 240, 240, 240, 240, 240, 240, 240, 240, 240, 240, 240, 240, 240, 240, 240, 240, 240, 240, 240, 240, 240, 240, 240, 240, 240, 240, 240, 240, 240, 240, 240]

ep358
Train step Loss: [0.3857203722000122, 0.3840339481830597, 0.39392411708831787, 0.40048810839653015, 0.41523563861846924, 0.43160104751586914, 0.38310372829437256, 0.41231662034988403, 0.39388468861579895, 0.40966418385505676, 0.3902290165424347, 0.39085325598716736, 0.405620276927948, 0.4073367416858673, 0.35810208320617676, 0.38992103934288025, 0.3791621923446655, 0.37992602586746216, 0.4015549421310425, 0.3728719651699066, 0.41744592785835266, 0.3329411447048187, 0.388823926448822, 0.3822505474090576, 0.38465678691864014, 0.4008024036884308, 0.34685051441192627, 0.3818437457084656, 0.3827279508113861, 0.4245583117008209, 0.3786465525627136, 0.3600757122039795, 0.38048431277275085, 0.44510766863822937, 0.3869026303291321, 0.3759399950504303, 0.3741397559642792, 0.3889879882335663, 0.3781333565711975, 0.37327322363853455, 0.42060762643814087, 0.4047847390174866, 0.3769102990627289, 0.376533180475235, 0.3425922095775604, 0.39043664932250977, 0.3389892876148224, 0.38358646631240845, 0.41020557284355164, 0.3635357618331909, 0.3874247968196869, 0.35989734530448914, 0.40552228689193726, 0.37394970655441284, 0.39365431666374207, 0.34618017077445984, 0.3603203594684601, 0.38868987560272217, 0.42137548327445984, 0.3825324773788452, 0.46781545877456665, 0.35682788491249084, 0.3809577524662018, 0.3644530177116394, 0.40649956464767456, 0.35235595703125, 0.39466017484664917, 0.33692800998687744, 0.36538243293762207, 0.389692097902298, 0.34871041774749756, 0.4325556457042694, 0.40442994236946106, 0.36810368299484253, 0.3803406357765198, 0.40258243680000305, 0.3655075132846832, 0.36682525277137756, 0.387731671333313, 0.3907656967639923, 0.3933124244213104, 0.33566519618034363, 0.3776736259460449, 0.3839338421821594, 0.3728773295879364, 0.3355620801448822, 0.40088340640068054, 0.3775590658187866, 0.36994966864585876, 0.3677862882614136, 0.3794633448123932, 0.37700986862182617, 0.38036492466926575, 0.3957749903202057, 0.3479205369949341, 0.41564998030662537, 0.3737773895263672, 0.40037405490875244]
val step Loss: [0.36534249782562256, 0.3689815402030945, 0.35833844542503357, 0.347723126411438, 0.37292954325675964, 0.3733774423599243, 0.3520473837852478, 0.3608894646167755, 0.330516517162323, 0.38100162148475647, 0.33954280614852905, 0.3420548141002655, 0.3558894991874695, 0.34654802083969116, 0.36026906967163086, 0.3398575782775879, 0.329977422952652, 0.3165639042854309, 0.3289561867713928, 0.33511990308761597, 0.37315887212753296, 0.34825876355171204, 0.3290104568004608, 0.36038491129875183, 0.3171747028827667]
Train step Accs: [0.9448586118251928, 0.9407766990291262, 0.9388842164283712, 0.9392770395770824, 0.9328222453222453, 0.9347967268476426, 0.9473241332884551, 0.9324662331165583, 0.9426106012874949, 0.9410358565737051, 0.9434467548834279, 0.9483338428615102, 0.9407365598984055, 0.940925951366946, 0.9515951595159516, 0.9437368789363191, 0.9474452554744526, 0.9474094881398252, 0.941779417794178, 0.9470832005100415, 0.9358426005132592, 0.9549701332516465, 0.9438134181432682, 0.9429197080291971, 0.9415163719138505, 0.9389606818806708, 0.953659188034188, 0.9434665296158293, 0.9418980857373955, 0.9402506112469438, 0.9475630696077136, 0.9498582301149082, 0.945313734787419, 0.9312836279784781, 0.9443492021627324, 0.9479596189392863, 0.9472178515233872, 0.9452005730659025, 0.9443095353731585, 0.9470885040229101, 0.9349652375434531, 0.9396460444713357, 0.942712007901792, 0.9472063352397713, 0.949685534591195, 0.9414473684210526, 0.9564032697547684, 0.9434671477973237, 0.9378061451684726, 0.947009735744089, 0.943237192150665, 0.9552950797328609, 0.9411118090452262, 0.9458771092008914, 0.9416817359855335, 0.9544806121125665, 0.9530355097365406, 0.9448950688811639, 0.9327997583811537, 0.9453405017921147, 0.9205958923922476, 0.9505317434740573, 0.9500426985482494, 0.9482611174458381, 0.9402620760534429, 0.9526645768025078, 0.9403267819085958, 0.9531323230745196, 0.9461194320171173, 0.9411674110580626, 0.9543715459827122, 0.9336086890010709, 0.9373933587084919, 0.9464864103647374, 0.9448769462581618, 0.9386259541984733, 0.9460207612456747, 0.9460825610783488, 0.9426145513102034, 0.9374082476978514, 0.9425412644036126, 0.9578313253012049, 0.943002408348943, 0.9469394032605353, 0.9427286356821589, 0.9583224457799843, 0.9367462757152991, 0.9475160256410257, 0.9461052026444381, 0.9490909090909091, 0.9461700447486181, 0.941238670694864, 0.9463827216432563, 0.9442955859540262, 0.9515161342630128, 0.9357032457496136, 0.9433774834437086, 0.9370515329419439]
val step Accs: [0.9447435534145651, 0.9462666666666667, 0.9448554135843981, 0.9512622209251422, 0.9435731857318573, 0.9433306602512697, 0.9475204622051036, 0.9453262786596119, 0.9584584584584585, 0.9422852133255406, 0.9510012782275244, 0.9558915211970075, 0.9439859288323637, 0.9511901577962022, 0.9451278507256392, 0.9521582253107043, 0.9550397662717092, 0.9562055335968379, 0.9538351254480286, 0.953965433694072, 0.9454182699159185, 0.9574950839509908, 0.955641135358722, 0.9480478589420654, 0.9528183716075157]
Preds: [17, 17, 7, 309, 309, 309, 479, 398, 398, 360, 360, 301, 339, 76, 76, 465, 465, 354, 420, 41, 213, 324, 324, 324, 19, 19, 454, 454, 454, 454, 226, 78, 78, 170, 170, 170, 170, 170, 226, 226, 312, 143, 143, 143, 226, 226, 373, 445, 305, 305, 305, 201, 201, 128, 128, 128, 366, 445, 445, 445, 401, 366, 163, 163, 163, 163, 127, 127, 127, 244, 47, 127, 127, 244, 244, 26, 401, 305, 289, 82, 289, 32, 73, 320, 287, 287, 287, 287, 284, 284, 111, 111, 111, 240, 240, 240, 314, 314, 314, 32, 32, 32, 414, 414, 414, 414, 414, 414, 197, 82, 7, 7, 7, 32, 32, 32, 354, 354, 180, 180, 486, 486, 113, 460, 167, 167, 416, 35, 259, 196, 196, 473, 473, 420, 41, 213, 324, 324, 246, 246, 171, 171, 171, 3, 3, 3, 14, 197, 197, 188, 188, 152, 301, 399, 399, 70, 70, 70, 138, 138, 174, 174, 319, 348, 251, 175, 241, 180, 443, 443, 264, 468, 468, 467, 467, 443, 443, 460, 271, 150, 162, 342, 342, 342, 86, 342, 68, 224, 267, 267, 444, 324, 324, 464, 464, 464, 464, 464, 355, 355, 271, 416, 458, 487, 162, 342, 342, 342, 342, 160, 359, 336, 287, 287, 284, 284, 215, 215, 215, 59, 59, 59, 59, 452, 452, 263, 414, 414, 414, 414, 414, 414, 170, 82, 47, 47, 47, 392, 80, 80, 80, 244, 345, 345, 345, 345, 274, 122, 236, 314, 32, 239, 259, 384, 371, 180, 180, 284, 265, 111, 111, 240, 240, 251, 251, 346, 374, 132, 88, 274, 387, 122, 285, 285, 34, 337, 324, 324, 324, 246, 246, 246, 246, 246, 246, 3, 3, 3, 226, 440, 145, 145, 284, 284, 265, 85, 85, 85, 85, 468, 468, 406, 406, 406, 406, 250, 495, 406, 467, 337, 41, 324, 324, 324, 301, 301, 8, 32, 32, 32, 239, 354, 354, 106, 486, 376, 376, 376, 263, 169, 240, 240, 240, 240, 240, 240, 240, 240, 240, 240, 240, 240, 240, 240, 240, 240, 240, 240, 240, 240, 240, 240, 240, 240, 240, 240, 240, 240, 240, 240, 240, 240, 240, 240, 240, 240, 240, 240, 240, 240, 240, 240, 240, 240, 240, 240, 240, 240, 240, 240, 240, 240, 240, 240, 240, 240, 240, 240, 240, 240, 240, 240, 240, 240, 240, 240, 240, 240, 240, 240, 240, 240, 240, 240, 240, 240, 240, 240, 240, 240, 240, 240, 240, 240, 240, 240, 240, 240, 240, 240, 240, 240, 240, 240, 240, 240, 240, 240, 240, 240, 240, 240, 240, 240, 240, 240, 240, 240, 240, 240, 240, 240, 240, 240, 240, 240, 240, 240, 240, 240, 240, 240, 240, 240, 240, 240, 240, 240, 240, 240, 240, 240, 240, 240, 240, 240, 240, 240, 240, 240, 240, 240, 240, 240, 240, 240, 240, 240, 240, 240, 240, 240, 240, 240, 240, 240, 240, 240, 240, 240, 240, 240, 240, 240, 240, 240, 240, 240, 240, 240, 240, 240, 240, 240, 240, 240, 240, 240, 240, 240, 240, 240, 240, 240, 240, 240, 240, 240, 240, 240, 240, 240, 240, 240, 240, 240, 240, 240, 240, 240, 240, 240, 240, 240, 240, 240, 240, 240, 240, 240, 240, 240, 240, 240, 240, 240, 240, 240, 240, 240, 240, 240, 240, 240, 240, 240, 240, 240, 240, 240, 240, 240, 240, 240, 240, 240, 240, 240, 240, 240, 240, 240, 240, 240, 240, 240, 240, 240, 240, 240, 240, 240, 240, 240, 240, 240, 240, 240, 240, 240, 240, 240, 240, 240, 240, 240, 240, 240, 240, 240]

ep359
Train step Loss: [0.3733519911766052, 0.4285002648830414, 0.3668651580810547, 0.3817102313041687, 0.3641204833984375, 0.3677842319011688, 0.35251179337501526, 0.370775431394577, 0.3892606496810913, 0.40553057193756104, 0.3782704770565033, 0.38515010476112366, 0.377860426902771, 0.4429829716682434, 0.35624849796295166, 0.3584402799606323, 0.3720787763595581, 0.3747515380382538, 0.39268001914024353, 0.35837477445602417, 0.34469354152679443, 0.37463903427124023, 0.3748910129070282, 0.39597100019454956, 0.38418200612068176, 0.3923720121383667, 0.3630211055278778, 0.3880068361759186, 0.35015276074409485, 0.3724401891231537, 0.37181684374809265, 0.38121268153190613, 0.38280004262924194, 0.3918474316596985, 0.3522496521472931, 0.38346877694129944, 0.34602081775665283, 0.3897767663002014, 0.40771839022636414, 0.35174816846847534, 0.36561375856399536, 0.35979437828063965, 0.382124662399292, 0.38153067231178284, 0.3807697594165802, 0.4167298674583435, 0.3365962505340576, 0.3476923406124115, 0.43309682607650757, 0.3531225025653839, 0.41311001777648926, 0.369713693857193, 0.41158080101013184, 0.3843940496444702, 0.3953247666358948, 0.35007649660110474, 0.41333138942718506, 0.3382740020751953, 0.3361370265483856, 0.4092865288257599, 0.3962804675102234, 0.37809640169143677, 0.30691850185394287, 0.35461127758026123, 0.4034052789211273, 0.4179043173789978, 0.3702450096607208, 0.4362027943134308, 0.37178659439086914, 0.34556591510772705, 0.39671939611434937, 0.41065406799316406, 0.40082818269729614, 0.3808726668357849, 0.392031729221344, 0.3874443769454956, 0.3651803433895111, 0.3780924379825592, 0.3778725862503052, 0.3594786822795868, 0.391542911529541, 0.3678998351097107, 0.42649391293525696, 0.3628791868686676, 0.38428831100463867, 0.35988184809684753, 0.39546242356300354, 0.4019722044467926, 0.3980799615383148, 0.36488327383995056, 0.3666762709617615, 0.36841851472854614, 0.4011419415473938, 0.37648507952690125, 0.36199259757995605, 0.3516899645328522, 0.3701704144477844, 0.4205946922302246]
val step Loss: [0.3210151195526123, 0.35662841796875, 0.3568710386753082, 0.32036301493644714, 0.36081886291503906, 0.368526816368103, 0.3008500337600708, 0.32604822516441345, 0.3671576678752899, 0.32802432775497437, 0.34393590688705444, 0.34931981563568115, 0.35772988200187683, 0.36123913526535034, 0.3264322578907013, 0.3705460727214813, 0.32736101746559143, 0.36189547181129456, 0.3690871596336365, 0.3257007598876953, 0.31949421763420105, 0.35725006461143494, 0.33987948298454285, 0.3375857472419739, 0.37194862961769104]
Train step Accs: [0.9431265206812652, 0.9373185537081024, 0.95, 0.9410714285714286, 0.9480756686236138, 0.9424900581217498, 0.9546583850931677, 0.948136565024759, 0.9427306047648136, 0.9396912422449863, 0.9396866840731071, 0.9417548041114256, 0.946817913965822, 0.929495760821062, 0.9427758457160923, 0.9472483604220131, 0.9497333333333333, 0.9498716389677071, 0.9430667644900954, 0.9489795918367347, 0.9543702790195776, 0.942965204236006, 0.9494695700725851, 0.9353899112935258, 0.940606495603804, 0.9467804694364252, 0.9473523109886747, 0.9461068211068211, 0.9505465209277526, 0.9495886117278307, 0.9458488741538886, 0.9452184498850263, 0.9461177120751589, 0.9459034439377261, 0.9526110887367432, 0.940202571094663, 0.955152797989152, 0.945319209848268, 0.9354031783402001, 0.956465143187735, 0.9460238438359754, 0.9476414329713082, 0.9451634877384196, 0.9419851941380873, 0.9423396017699115, 0.9340690040508451, 0.9564592050209205, 0.9508628639177974, 0.937289636846767, 0.9524222525089828, 0.9357701564380265, 0.9468476109697483, 0.9408236057068742, 0.9452722063037249, 0.9387966804979253, 0.9509682735887928, 0.9372284644194756, 0.9503207315408763, 0.95475372279496, 0.9371965544244323, 0.9415668922436231, 0.9453286177424108, 0.9628630172192238, 0.9470554105018857, 0.938899914941877, 0.933421926910299, 0.9494449444944495, 0.9332198507267252, 0.9446212603437301, 0.9520505704594511, 0.9365860143578836, 0.9388967026097828, 0.9389757743023612, 0.9468479604449939, 0.9432120674356699, 0.9436015325670498, 0.9500248632521133, 0.9436313577742356, 0.9409614843969637, 0.9475914677214295, 0.9432146294513956, 0.9478957915831663, 0.9370896320048863, 0.9465987512323365, 0.9414715719063546, 0.9507782919646613, 0.9419670128283445, 0.9387452659311708, 0.9379146919431279, 0.9491525423728814, 0.9483717235901509, 0.9456038777433687, 0.9455467052860246, 0.9416013523897341, 0.9509533201840894, 0.951279103190572, 0.950509461426492, 0.9335508751112429]
val step Accs: [0.9569560746290583, 0.9499221955014854, 0.9496025706071368, 0.9583561643835616, 0.9452780229479258, 0.947840790842872, 0.9621212121212122, 0.9576951130561634, 0.9452449567723343, 0.9543027638190955, 0.9544855846626664, 0.9499019164025955, 0.9466684946531395, 0.9454258222030734, 0.9515452710048145, 0.9493956700757072, 0.9553436270057524, 0.9494034133816645, 0.9448674562887761, 0.9574399484120587, 0.9567645181876197, 0.9454779622209502, 0.9518723806948763, 0.9545394823282092, 0.938949938949939]
Preds: [17, 17, 239, 445, 371, 180, 443, 443, 240, 178, 143, 458, 192, 192, 27, 351, 151, 240, 240, 215, 35, 354, 420, 485, 464, 464, 464, 443, 486, 486, 460, 460, 460, 460, 167, 35, 29, 29, 109, 109, 109, 109, 403, 403, 171, 464, 464, 464, 468, 406, 467, 464, 464, 467, 134, 43, 43, 43, 276, 346, 346, 346, 346, 284, 426, 206, 263, 263, 263, 263, 263, 263, 399, 226, 226, 226, 226, 226, 226, 226, 226, 226, 226, 2, 2, 128, 2, 2, 316, 73, 73, 73, 244, 320, 287, 287, 287, 287, 287, 284, 206, 169, 150, 150, 232, 232, 232, 172, 172, 115, 267, 267, 267, 374, 374, 374, 406, 406, 134, 134, 302, 153, 182, 182, 497, 497, 497, 122, 122, 129, 259, 354, 354, 345, 109, 109, 109, 109, 213, 213, 213, 246, 246, 246, 246, 246, 246, 19, 19, 454, 454, 454, 454, 414, 414, 170, 170, 47, 47, 2, 2, 2, 2, 2, 2, 2, 73, 73, 73, 73, 321, 320, 320, 7, 7, 479, 331, 331, 331, 331, 264, 443, 486, 486, 443, 443, 330, 240, 240, 240, 35, 8, 219, 420, 219, 152, 152, 301, 301, 8, 216, 219, 420, 213, 246, 246, 3, 3, 143, 208, 208, 441, 437, 437, 117, 117, 426, 387, 413, 169, 186, 186, 162, 162, 54, 482, 482, 433, 219, 219, 485, 485, 374, 374, 468, 88, 88, 153, 182, 497, 497, 274, 122, 122, 399, 10, 398, 398, 398, 398, 464, 464, 464, 180, 180, 315, 315, 315, 284, 284, 426, 450, 450, 450, 450, 299, 299, 413, 413, 345, 413, 134, 98, 98, 98, 8, 437, 437, 499, 306, 306, 372, 406, 467, 467, 499, 169, 169, 169, 150, 150, 482, 482, 196, 465, 336, 336, 66, 115, 115, 273, 273, 151, 151, 151, 206, 240, 216, 216, 216, 196, 183, 398, 324, 464, 464, 464, 464, 315, 315, 315, 282, 282, 282, 282, 388, 169, 35, 35, 8, 259, 354, 437, 437, 173, 428, 428, 240, 216, 146, 34, 324, 324, 324, 324, 301, 301, 8, 337, 337, 464, 464, 464, 464, 443, 486, 376, 460, 460, 460, 263, 263, 13, 229, 229, 170, 312, 312, 312, 187, 187, 12, 1, 1, 23, 23, 23, 23, 23, 201, 391, 391, 391, 73, 321, 321, 287, 287, 287, 287, 284, 284, 284, 284, 284, 284, 284, 284, 284, 284, 426, 426, 426, 282, 282, 413, 388, 348, 348, 250, 250, 375, 375, 122, 122, 122, 465, 310, 192, 302, 153, 153, 153, 153, 182, 182, 43, 43, 43, 276, 276, 346, 346, 481, 481, 387, 43, 43, 441, 276, 153, 153, 153, 153, 153, 387, 387, 387, 387, 122, 122, 122, 35, 77, 36, 36, 66, 232, 172, 172, 172, 115, 115, 267, 267, 267, 267, 267, 213, 246, 246, 246, 246, 246, 246, 19, 19, 19, 454, 48, 48, 414, 170, 170, 28, 170, 2, 2, 2, 2, 2, 2, 2, 2, 2, 2, 316, 73, 73, 244, 320, 320, 7, 7, 7, 473, 264, 264, 264, 264, 264, 264, 264, 468, 468, 468, 468, 468, 337, 337, 337, 337, 219, 219, 219, 324, 324, 246, 246, 246, 246, 378, 250, 250, 132, 132, 132, 132, 132, 58, 34, 183, 110, 59, 242, 275, 313, 385, 385, 129, 197, 197, 197, 197, 401, 320, 7, 345, 473, 109, 286, 286, 286, 286, 264, 468, 468, 468, 406, 406, 337, 337, 337, 337, 324, 324, 3, 19, 454, 454, 454, 417, 401, 320, 7, 7, 7, 485, 398, 374, 374, 434, 434, 303, 303, 303, 381, 117, 417, 226]

ep360
Train step Loss: [0.367676317691803, 0.34871768951416016, 0.37666040658950806, 0.35270366072654724, 0.3533245623111725, 0.4071158766746521, 0.377096027135849, 0.3307397663593292, 0.3964000344276428, 0.37938398122787476, 0.3364832103252411, 0.37827250361442566, 0.3796941041946411, 0.4139315187931061, 0.4055342972278595, 0.3429654836654663, 0.3644919991493225, 0.35643821954727173, 0.43500036001205444, 0.3748233914375305, 0.3862129747867584, 0.39896485209465027, 0.3650914132595062, 0.3724348545074463, 0.3534054458141327, 0.3437557816505432, 0.34186312556266785, 0.4020068943500519, 0.4141838252544403, 0.39569932222366333, 0.3579024374485016, 0.38170698285102844, 0.33946919441223145, 0.38932281732559204, 0.37610745429992676, 0.3593793511390686, 0.3679805099964142, 0.3513338267803192, 0.3372584283351898, 0.3742530345916748, 0.3849959373474121, 0.3060576915740967, 0.36137497425079346, 0.3612191081047058, 0.39573097229003906, 0.36278867721557617, 0.4077658951282501, 0.3674848675727844, 0.36460986733436584, 0.3588210344314575, 0.3456311821937561, 0.3543168306350708, 0.4002770781517029, 0.31871286034584045, 0.36045747995376587, 0.36996743083000183, 0.42033135890960693, 0.38967227935791016, 0.39519253373146057, 0.3547371029853821, 0.3402893543243408, 0.37795063853263855, 0.3550409972667694, 0.37723806500434875, 0.3686292767524719, 0.3439314067363739, 0.42799991369247437, 0.37520551681518555, 0.37059321999549866, 0.3751471936702728, 0.4009464681148529, 0.3711366653442383, 0.34412074089050293, 0.34677860140800476, 0.37888047099113464, 0.37421900033950806, 0.35485127568244934, 0.40020373463630676, 0.40994396805763245, 0.39959296584129333, 0.3587873876094818, 0.39546430110931396, 0.35895082354545593, 0.37281230092048645, 0.3446042239665985, 0.37269163131713867, 0.3988308012485504, 0.38077935576438904, 0.34173110127449036, 0.4300030469894409, 0.37874892354011536, 0.38015395402908325, 0.3728717863559723, 0.3993748724460602, 0.36426421999931335, 0.36430037021636963, 0.38244014978408813, 0.3844314515590668]
val step Loss: [0.3181324303150177, 0.3380820155143738, 0.35168179869651794, 0.31894704699516296, 0.33844685554504395, 0.35541829466819763, 0.3284631669521332, 0.3418460786342621, 0.3340146243572235, 0.32219094038009644, 0.3619775176048279, 0.3279995024204254, 0.30132195353507996, 0.3240564167499542, 0.38714972138404846, 0.3242437541484833, 0.3540007472038269, 0.36936649680137634, 0.3508460521697998, 0.3355397582054138, 0.3517473042011261, 0.3200679421424866, 0.3495686650276184, 0.36198481917381287, 0.3103730082511902]
Train step Accs: [0.9512611665790857, 0.9486973947895792, 0.9498816101026045, 0.9532914153727704, 0.9503687768899816, 0.9427297668038409, 0.9452720207253886, 0.9555130656469089, 0.9401722787783868, 0.940419447092469, 0.9573286802030457, 0.9485224022878932, 0.9438547915705277, 0.9423763386027537, 0.9412106256350704, 0.951947855085645, 0.9495050925261799, 0.948233146433694, 0.9345300950369588, 0.9444066875084953, 0.9395937037535316, 0.9406490179333903, 0.9465102974828375, 0.9477346967760262, 0.9518847291907886, 0.9542279684945757, 0.9495908346972177, 0.9418816783945791, 0.9381168729437569, 0.9359024263656416, 0.9515387828993176, 0.9438035596572182, 0.9560301507537688, 0.9384797397219757, 0.9424778761061947, 0.9507211538461539, 0.948100358422939, 0.9525418748163386, 0.9535693557748114, 0.946360153256705, 0.940974605353466, 0.9591276916746674, 0.9531544597534445, 0.948981309984846, 0.9441580756013745, 0.9495011700948393, 0.9365558912386707, 0.9461788388190422, 0.9469400532164658, 0.9501404494382022, 0.9529702970297029, 0.951597931308845, 0.9381159420289855, 0.9569654494036641, 0.9467378564917307, 0.9477287689269256, 0.9317703214937526, 0.9430620608899297, 0.944758231161317, 0.9546436285097192, 0.9545073023333893, 0.9463220675944334, 0.9519230769230769, 0.9445157152020526, 0.9474484623183508, 0.9544713035740768, 0.9305905773059058, 0.9491027227722773, 0.9445418971798678, 0.9467997811816192, 0.9416271942045138, 0.9465980376387325, 0.9583687340696686, 0.953835800807537, 0.9411304007309751, 0.9488609948860995, 0.9468619847766767, 0.945583596214511, 0.9356987690079652, 0.9449049244271087, 0.9470511567285761, 0.9408062140083032, 0.9516253273763673, 0.9470630891950689, 0.9560944479897894, 0.9460311572700296, 0.9378422376794435, 0.9413098572762438, 0.9523997890295358, 0.9336349924585219, 0.9449764184650564, 0.9462224554039874, 0.9441520964182651, 0.9371189024390244, 0.9460046323103648, 0.9473224679860303, 0.9453863257365203, 0.9454937938478144]
val step Accs: [0.9579236552920763, 0.9504004929143561, 0.9450393700787402, 0.9554736245036869, 0.9542164883574575, 0.9466703509256701, 0.9538065346853372, 0.951602091433168, 0.957409475195406, 0.9579877634262407, 0.9468133192707548, 0.9554321322134923, 0.963567649281935, 0.9597667638483965, 0.9396439426834564, 0.9605499103407054, 0.9471015485816089, 0.9405269275474623, 0.9467001534812335, 0.9545801526717558, 0.9482077143246559, 0.9572722127900396, 0.9478734068451955, 0.9471647566602173, 0.9591496456857024]
Preds: [17, 17, 451, 213, 213, 213, 213, 213, 213, 213, 213, 213, 246, 246, 246, 286, 286, 464, 464, 180, 180, 84, 84, 84, 84, 16, 16, 293, 293, 43, 43, 345, 345, 109, 174, 174, 319, 139, 319, 240, 240, 175, 216, 431, 431, 486, 428, 428, 428, 146, 146, 146, 146, 186, 368, 453, 453, 168, 168, 106, 302, 100, 424, 387, 387, 387, 122, 122, 8, 239, 219, 219, 219, 213, 213, 213, 213, 422, 143, 239, 239, 445, 445, 213, 213, 213, 213, 213, 213, 213, 422, 239, 239, 384, 371, 371, 371, 286, 286, 286, 286, 264, 264, 264, 139, 139, 14, 440, 411, 88, 293, 293, 497, 497, 497, 43, 441, 441, 153, 153, 153, 153, 387, 387, 387, 387, 372, 406, 406, 250, 250, 250, 250, 250, 250, 250, 381, 303, 303, 303, 303, 303, 98, 98, 48, 48, 414, 414, 187, 187, 187, 187, 391, 244, 321, 412, 287, 287, 287, 287, 284, 284, 460, 206, 240, 167, 167, 35, 35, 77, 342, 68, 172, 115, 115, 267, 267, 213, 213, 213, 213, 213, 246, 246, 246, 246, 3, 454, 197, 197, 226, 287, 287, 287, 287, 284, 284, 284, 284, 284, 284, 284, 284, 284, 284, 206, 206, 206, 206, 240, 240, 285, 380, 34, 346, 106, 106, 106, 387, 372, 406, 406, 406, 467, 467, 337, 337, 337, 360, 434, 434, 434, 434, 434, 434, 434, 434, 19, 19, 454, 454, 229, 414, 414, 414, 47, 47, 47, 392, 392, 392, 244, 320, 321, 321, 287, 287, 287, 284, 460, 460, 460, 460, 167, 35, 35, 449, 449, 449, 219, 485, 485, 464, 139, 139, 139, 302, 100, 497, 497, 497, 497, 122, 8, 208, 441, 106, 153, 153, 153, 153, 387, 387, 387, 387, 372, 372, 406, 406, 406, 413, 250, 250, 413, 413, 275, 413, 413, 303, 413, 303, 303, 303, 303, 303, 48, 48, 414, 414, 414, 414, 170, 392, 392, 392, 392, 392, 244, 321, 321, 412, 287, 287, 287, 287, 486, 486, 460, 460, 240, 167, 35, 35, 77, 453, 54, 168, 451, 30, 30, 360, 360, 434, 301, 399, 10, 217, 473, 473, 331, 331, 264, 290, 264, 264, 264, 264, 290, 468, 337, 171, 434, 434, 434, 339, 252, 143, 219, 371, 371, 324, 324, 301, 301, 216, 241, 114, 431, 431, 284, 284, 284, 284, 284, 284, 206, 206, 206, 206, 85, 240, 24, 24, 131, 34, 139, 77, 467, 151, 406, 406, 406, 406, 467, 467, 337, 337, 337, 290, 328, 434, 434, 434, 434, 434, 434, 19, 19, 454, 454, 229, 229, 187, 187, 187, 187, 187, 249, 320, 320, 320, 7, 251, 241, 241, 431, 431, 284, 405, 206, 206, 167, 167, 167, 35, 449, 449, 449, 395, 395, 464, 180, 180, 315, 315, 315, 450, 450, 450, 450, 293, 293, 293, 345, 109, 109, 109, 403, 403, 403, 207, 207, 171, 301, 301, 8, 259, 280, 473, 109, 288, 403, 171, 171, 171, 171, 171, 252, 252, 252, 325, 34, 34, 338, 84, 84, 84, 424, 43, 43, 43, 43, 276, 276, 276, 182, 182, 182, 182, 182, 182, 375, 98, 98, 98, 414, 414, 414, 187, 187, 187, 187, 244, 321, 321, 287, 287, 287, 287, 460, 460, 460, 167, 167, 35, 77, 449, 449, 168, 213, 213, 213, 213, 324, 3, 3, 464, 14, 14, 145, 284, 284, 284, 460, 460, 169, 169, 150, 150, 436, 436, 338, 395, 494, 494, 494, 494, 378, 43, 345, 345, 473, 473, 374, 286, 286, 286, 286, 286, 286, 285, 34, 180, 180, 180, 284, 284, 284, 284, 405]

ep361
Train step Loss: [0.3877592086791992, 0.3175697922706604, 0.3405684530735016, 0.3253193795681, 0.40492820739746094, 0.36107051372528076, 0.3577483296394348, 0.38321566581726074, 0.40579962730407715, 0.38735857605934143, 0.3479776382446289, 0.35757333040237427, 0.3487634062767029, 0.3752574622631073, 0.38271358609199524, 0.3298037052154541, 0.34066691994667053, 0.384147584438324, 0.3977002501487732, 0.3564848005771637, 0.371037095785141, 0.4146389365196228, 0.35011330246925354, 0.362551748752594, 0.4128876030445099, 0.34615522623062134, 0.42589038610458374, 0.35624679923057556, 0.3532605767250061, 0.3616192638874054, 0.35371270775794983, 0.35292378067970276, 0.34706127643585205, 0.4114157557487488, 0.33368268609046936, 0.3835504949092865, 0.37618446350097656, 0.3783564865589142, 0.3442299962043762, 0.3570187985897064, 0.361411452293396, 0.35884371399879456, 0.3664979934692383, 0.37658050656318665, 0.37024354934692383, 0.34307169914245605, 0.35243910551071167, 0.39815032482147217, 0.3654475510120392, 0.3767107129096985, 0.3466680645942688, 0.38565096259117126, 0.39577192068099976, 0.36265796422958374, 0.35747289657592773, 0.36807477474212646, 0.3776090443134308, 0.36604049801826477, 0.37402570247650146, 0.36299392580986023, 0.3324267268180847, 0.33777645230293274, 0.36777788400650024, 0.3784756362438202, 0.3833884596824646, 0.36433759331703186, 0.35275036096572876, 0.35749778151512146, 0.41369807720184326, 0.31366637349128723, 0.36644402146339417, 0.3162895739078522, 0.37954655289649963, 0.32713428139686584, 0.36281561851501465, 0.43329206109046936, 0.36365193128585815, 0.37897250056266785, 0.3339938819408417, 0.36099761724472046, 0.4192632734775543, 0.40028226375579834, 0.30757758021354675, 0.4167465269565582, 0.396159827709198, 0.3556651175022125, 0.33984342217445374, 0.33796828985214233, 0.32907214760780334, 0.41691160202026367, 0.3617557883262634, 0.392918199300766, 0.41559669375419617, 0.4248039424419403, 0.36673182249069214, 0.3743927776813507, 0.3404908776283264, 0.35048431158065796]
val step Loss: [0.31135761737823486, 0.3232557773590088, 0.3592127859592438, 0.3027719259262085, 0.3245624899864197, 0.33356818556785583, 0.3243793547153473, 0.34460318088531494, 0.32658231258392334, 0.3396226465702057, 0.3681918680667877, 0.32509082555770874, 0.3415260910987854, 0.3212372362613678, 0.35236701369285583, 0.30508333444595337, 0.3464348018169403, 0.34314966201782227, 0.3232775330543518, 0.30446967482566833, 0.3643149435520172, 0.34490859508514404, 0.3445427119731903, 0.3269858956336975, 0.3569822311401367]
Train step Accs: [0.947123585051946, 0.9618532390067971, 0.9486594409583571, 0.9567284831193533, 0.9433288710397144, 0.9456438523962639, 0.9467905405405406, 0.9460677649984458, 0.9397731064397731, 0.9461029312440903, 0.9526530612244898, 0.9501432664756447, 0.9509958071278826, 0.9438972696671238, 0.9450907398790135, 0.9534996367159119, 0.9545203207077688, 0.9419478414616178, 0.9380940470235117, 0.9455985652368853, 0.9453001819284415, 0.9332141488954157, 0.9525789068514242, 0.9497037524687294, 0.9306780176345394, 0.9526034712950601, 0.9350532473376331, 0.9491355907986855, 0.9520520113774888, 0.9470304975922953, 0.950708980418636, 0.9493601960250476, 0.9464724177443117, 0.9429545806851651, 0.9510945505356311, 0.9433674882304071, 0.9432281443454628, 0.9474256707759245, 0.9567237163814181, 0.9515903801396431, 0.947639020430253, 0.9507315616601971, 0.9461457233368532, 0.9445701357466063, 0.9415027735753908, 0.9523874675058147, 0.9510142749812172, 0.9403035413153457, 0.9480337078651685, 0.947020960554547, 0.9523954372623574, 0.9462164687041239, 0.9379468501281533, 0.9463647199046484, 0.9447154471544715, 0.9477431488447071, 0.9442539682539682, 0.9510980966325037, 0.9437713575644611, 0.9464130119082196, 0.9582780480613298, 0.9522184300341296, 0.947584620440355, 0.9408853450646137, 0.9393040194227138, 0.9457132817990161, 0.9511784511784511, 0.9492508458192364, 0.9391567336772816, 0.9619205298013245, 0.9471929590612082, 0.9604796947397111, 0.9448244414044688, 0.9547150392383893, 0.9455809600213932, 0.9334105385060799, 0.949440321972079, 0.9440634664515262, 0.9550083599331205, 0.9490627020038784, 0.9338537970191625, 0.9370174725721252, 0.9635687732342008, 0.9355783308931186, 0.9342359767891683, 0.95, 0.9539036544850499, 0.9575525812619503, 0.9562231759656652, 0.9370396108408617, 0.9516261273572014, 0.9416291563815885, 0.9361671048787613, 0.9335562055996657, 0.9505183788878416, 0.946711195005082, 0.9537297938602995, 0.9531593838415593]
val step Accs: [0.9584512285927029, 0.9560627674750357, 0.9457533449680047, 0.9598080383923215, 0.9563426688632619, 0.9541383570105003, 0.9578737745098039, 0.9509228187919463, 0.9552870090634441, 0.9483744942095717, 0.9446179721287843, 0.9597369265319218, 0.9499317250796541, 0.9536568694463431, 0.9518938346696157, 0.9552639898830224, 0.9525267993874426, 0.9518508210409129, 0.9535391785610253, 0.9615746549560853, 0.9479859894921191, 0.9492127983748095, 0.9499660095173351, 0.955158902916848, 0.9462943071965628]
Preds: [17, 17, 17, 30, 30, 278, 301, 216, 241, 114, 431, 180, 284, 319, 319, 240, 388, 348, 94, 250, 331, 134, 153, 153, 153, 153, 153, 182, 387, 387, 387, 167, 167, 438, 219, 219, 219, 378, 88, 346, 346, 346, 284, 265, 428, 85, 85, 240, 169, 183, 451, 324, 324, 301, 477, 335, 14, 84, 84, 424, 424, 424, 424, 182, 182, 182, 182, 43, 276, 276, 346, 346, 284, 405, 405, 206, 206, 167, 167, 167, 35, 188, 360, 360, 360, 171, 171, 171, 3, 360, 360, 171, 171, 171, 171, 171, 252, 24, 239, 310, 219, 213, 213, 213, 213, 213, 246, 246, 246, 301, 301, 43, 364, 345, 473, 109, 109, 171, 171, 171, 171, 171, 246, 246, 3, 3, 3, 458, 259, 287, 287, 284, 284, 460, 460, 169, 35, 173, 183, 420, 213, 324, 324, 301, 143, 458, 411, 100, 100, 100, 100, 122, 497, 175, 497, 497, 497, 122, 122, 229, 259, 247, 312, 187, 101, 373, 82, 320, 7, 7, 374, 374, 374, 374, 374, 132, 132, 132, 132, 132, 132, 213, 213, 213, 213, 213, 324, 3, 477, 14, 14, 287, 287, 284, 111, 460, 85, 146, 146, 219, 219, 219, 219, 324, 246, 477, 374, 374, 374, 132, 132, 132, 242, 453, 232, 114, 114, 443, 443, 264, 468, 468, 468, 468, 467, 467, 467, 486, 284, 284, 450, 206, 206, 167, 167, 35, 35, 321, 354, 420, 420, 464, 464, 464, 464, 178, 271, 31, 36, 54, 54, 54, 172, 267, 267, 267, 213, 213, 213, 246, 246, 246, 246, 246, 19, 19, 17, 169, 240, 240, 240, 240, 240, 240, 240, 240, 240, 240, 240, 240, 240, 240, 240, 240, 240, 240, 240, 240, 240, 240, 240, 240, 240, 240, 240, 240, 240, 240, 240, 240, 240, 240, 240, 240, 240, 240, 240, 240, 240, 240, 240, 240, 240, 240, 240, 240, 240, 240, 240, 240, 240, 240, 240, 240, 240, 240, 240, 240, 240, 240, 240, 240, 240, 240, 240, 240, 240, 240, 240, 240, 240, 240, 240, 240, 240, 240, 240, 240, 240, 240, 240, 240, 240, 240, 240, 240, 240, 240, 240, 240, 240, 240, 240, 240, 240, 240, 240, 240, 240, 240, 240, 240, 240, 240, 240, 240, 240, 240, 240, 240, 240, 240, 240, 240, 240, 240, 240, 240, 240, 240, 240, 240, 240, 240, 240, 240, 240, 240, 240, 240, 240, 240, 240, 240, 240, 240, 240, 240, 240, 240, 240, 240, 240, 240, 240, 240, 240, 240, 240, 240, 240, 240, 240, 240, 240, 240, 240, 240, 240, 240, 240, 240, 240, 240, 240, 240, 240, 240, 240, 240, 240, 240, 240, 240, 240, 240, 240, 240, 240, 240, 240, 240, 240, 240, 240, 240, 240, 240, 240, 240, 240, 240, 240, 240, 240, 240, 240, 240, 240, 240, 240, 240, 240, 240, 240, 240, 240, 240, 240, 240, 240, 240, 240, 240, 240, 240, 240, 240, 240, 240, 240, 240, 240, 240, 240, 240, 240, 240, 240, 240, 240, 240, 240, 240, 240, 240, 240, 240, 240, 240, 240, 240, 240, 240, 240, 240, 240, 240, 240, 240, 240, 240, 240, 240, 240, 240, 240, 240, 240, 240, 240, 240, 240, 240, 240, 240, 240, 240, 240, 240, 240, 240, 240, 240, 240, 240, 240, 240, 240, 240, 240, 240, 240, 240, 240, 240, 240, 240, 240, 240, 240, 240, 240, 240, 240, 240, 240, 240, 240, 240, 240, 240, 240, 240, 240, 240, 240, 240, 240, 240, 240, 240, 240, 240, 240, 240, 240, 240, 240, 240, 240, 240, 240, 240, 240, 240, 240, 240, 240, 240]

ep362
Train step Loss: [0.3407125771045685, 0.42183011770248413, 0.38780805468559265, 0.38049885630607605, 0.3524619936943054, 0.37065979838371277, 0.37710079550743103, 0.3738495707511902, 0.3488706648349762, 0.3607073426246643, 0.3645462393760681, 0.35966354608535767, 0.34253644943237305, 0.36381807923316956, 0.391300767660141, 0.34236663579940796, 0.35002565383911133, 0.37374770641326904, 0.346585750579834, 0.3802564740180969, 0.3810172379016876, 0.3620073199272156, 0.3481568992137909, 0.32337650656700134, 0.32844477891921997, 0.37409666180610657, 0.38291648030281067, 0.35231778025627136, 0.35487785935401917, 0.37081024050712585, 0.35834214091300964, 0.38239336013793945, 0.3339637219905853, 0.36662447452545166, 0.3173949718475342, 0.34383058547973633, 0.3531111478805542, 0.3319721519947052, 0.36317178606987, 0.35216277837753296, 0.3360501527786255, 0.3463499844074249, 0.36510658264160156, 0.3843981623649597, 0.3499073088169098, 0.36552146077156067, 0.32132163643836975, 0.34356260299682617, 0.35917994379997253, 0.36944398283958435, 0.4171404242515564, 0.3753136694431305, 0.371585875749588, 0.3627121150493622, 0.3687407374382019, 0.3712468445301056, 0.369384765625, 0.40428951382637024, 0.3334140479564667, 0.3840845227241516, 0.36887702345848083, 0.34957554936408997, 0.39156728982925415, 0.31853532791137695, 0.4047238230705261, 0.3522608280181885, 0.35854968428611755, 0.3517919182777405, 0.32244873046875, 0.3849544823169708, 0.3694050908088684, 0.3770878314971924, 0.34622278809547424, 0.36963513493537903, 0.34384602308273315, 0.37925049662590027, 0.36127322912216187, 0.3556174635887146, 0.3313867449760437, 0.3413867950439453, 0.3514164984226227, 0.3786957561969757, 0.3725542426109314, 0.3363747298717499, 0.3140259087085724, 0.381382554769516, 0.3452613949775696, 0.3821329176425934, 0.3832610249519348, 0.34063154458999634, 0.40224456787109375, 0.3409797251224518, 0.3747386932373047, 0.36977607011795044, 0.38784077763557434, 0.3581174910068512, 0.3689520061016083, 0.3876718282699585]
val step Loss: [0.3246076703071594, 0.3103635907173157, 0.34003034234046936, 0.3468073606491089, 0.3167104125022888, 0.29896870255470276, 0.30375009775161743, 0.3440296947956085, 0.34632501006126404, 0.32575488090515137, 0.3228123188018799, 0.3632410764694214, 0.34009671211242676, 0.35530364513397217, 0.3361586332321167, 0.3470572233200073, 0.33814436197280884, 0.33029869198799133, 0.30240416526794434, 0.3571353256702423, 0.32564762234687805, 0.294839471578598, 0.29737433791160583, 0.3432914912700653, 0.3594720661640167]
Train step Accs: [0.9519437670348587, 0.9381428571428572, 0.9425613388171891, 0.9415294660717033, 0.9533927347498287, 0.9455799373040752, 0.9459278143029652, 0.9439675355080381, 0.9480860645484113, 0.9485433818872704, 0.9493303879607897, 0.944663494221618, 0.9550200803212852, 0.9490284801703487, 0.9416511483550589, 0.9489262114537445, 0.9557791605984377, 0.9477428180574555, 0.957006692354492, 0.9463000287935502, 0.9483606557377049, 0.9511571410305587, 0.9506520450503853, 0.9564154786150713, 0.953757225433526, 0.9462300076161463, 0.9429227018499928, 0.9503322259136212, 0.9484461225675284, 0.9513936880903018, 0.951728077692088, 0.947189790931306, 0.9549180327868853, 0.946093373977218, 0.95798755186722, 0.9493169398907104, 0.9489678899082569, 0.9534520462355514, 0.9463348823264878, 0.9544276163187339, 0.9571948998178507, 0.9490134175217048, 0.9500253250042209, 0.9428528347406514, 0.9496183206106871, 0.9469214437367304, 0.9579047103410937, 0.9505858380030565, 0.9464406779661017, 0.9473598435462842, 0.9379562043795621, 0.947464275707481, 0.9476676141113526, 0.9504623513870541, 0.9456655290102389, 0.944140350877193, 0.9432130957554686, 0.9347288610515906, 0.9547013432409259, 0.9422180801491147, 0.9462797159617166, 0.9511517077045274, 0.9416011344591981, 0.9596670934699104, 0.9384831023205108, 0.9504921404436609, 0.9500827357970215, 0.9518680119989091, 0.9584813227189223, 0.9427893878760931, 0.9452719085555941, 0.9424307036247335, 0.9520867655134542, 0.9438871473354232, 0.9525808457711443, 0.9401420358471424, 0.9522786558232316, 0.9523961152682694, 0.9562708776191923, 0.9533664459161147, 0.9494876605570789, 0.9446735395189003, 0.9469187675070028, 0.9552197421322612, 0.9594536918480581, 0.9411021233569262, 0.9504576492808369, 0.9457954082325771, 0.9442686115315811, 0.9572025052192067, 0.9392116511002058, 0.9532824427480916, 0.9468666979215502, 0.9480996486745449, 0.9428690575479566, 0.9491503769004728, 0.9435062023613809, 0.9402409638554217]
val step Accs: [0.9560640732265446, 0.9568920335429769, 0.950286272866918, 0.9506109103424539, 0.9602753477699699, 0.9583007965016399, 0.9611382113821139, 0.9508828250401284, 0.9455063715627096, 0.9528392685274302, 0.9589215132693394, 0.9433186490455213, 0.9465191932335719, 0.9453621346886912, 0.9509622989717902, 0.9509540274042771, 0.9504132231404959, 0.9584234930448222, 0.9587236069217336, 0.9511494252873564, 0.9533579335793358, 0.9635126777983921, 0.9623313065401157, 0.9502000889284127, 0.9522814350400557]
Preds: [17, 17, 17, 30, 30, 278, 301, 349, 241, 114, 431, 180, 284, 319, 319, 240, 388, 348, 94, 250, 331, 134, 153, 153, 153, 153, 153, 182, 387, 387, 387, 167, 167, 438, 219, 219, 219, 378, 88, 346, 346, 346, 284, 265, 428, 85, 85, 240, 169, 183, 451, 324, 324, 301, 477, 335, 14, 84, 84, 424, 424, 424, 424, 182, 182, 182, 182, 43, 276, 276, 346, 346, 284, 405, 405, 206, 206, 167, 167, 167, 35, 188, 360, 360, 360, 171, 171, 171, 3, 360, 360, 171, 171, 171, 171, 171, 252, 24, 239, 310, 219, 213, 213, 213, 213, 213, 246, 246, 246, 301, 301, 43, 364, 345, 473, 109, 109, 171, 171, 171, 171, 171, 246, 246, 3, 3, 3, 458, 259, 287, 287, 284, 284, 460, 460, 169, 35, 173, 183, 420, 213, 324, 324, 301, 143, 458, 411, 100, 100, 100, 100, 122, 497, 175, 497, 497, 497, 122, 122, 229, 259, 247, 312, 187, 101, 373, 82, 320, 7, 7, 374, 374, 374, 374, 374, 132, 132, 132, 132, 132, 132, 213, 213, 213, 213, 213, 324, 3, 349, 14, 14, 287, 287, 284, 111, 460, 85, 146, 146, 219, 219, 219, 219, 324, 246, 477, 374, 374, 374, 132, 132, 132, 242, 453, 168, 114, 114, 443, 443, 264, 468, 468, 468, 468, 467, 467, 467, 486, 284, 284, 450, 206, 206, 167, 167, 35, 35, 321, 354, 420, 420, 464, 464, 464, 464, 178, 271, 31, 36, 54, 54, 54, 172, 267, 267, 267, 213, 213, 213, 246, 246, 246, 246, 246, 19, 19, 17, 169, 240, 240, 240, 240, 240, 240, 240, 240, 240, 240, 240, 240, 240, 240, 240, 240, 240, 240, 240, 240, 240, 240, 240, 240, 240, 240, 240, 240, 240, 240, 240, 240, 240, 240, 240, 240, 240, 240, 240, 240, 240, 240, 240, 240, 240, 240, 240, 240, 240, 240, 240, 240, 240, 240, 240, 240, 240, 240, 240, 240, 240, 240, 240, 240, 240, 240, 240, 240, 240, 240, 240, 240, 240, 240, 240, 240, 240, 240, 240, 240, 240, 240, 240, 240, 240, 240, 240, 240, 240, 240, 240, 240, 240, 240, 240, 240, 240, 240, 240, 240, 240, 240, 240, 240, 240, 240, 240, 240, 240, 240, 240, 240, 240, 240, 240, 240, 240, 240, 240, 240, 240, 240, 240, 240, 240, 240, 240, 240, 240, 240, 240, 240, 240, 240, 240, 240, 240, 240, 240, 240, 240, 240, 240, 240, 240, 240, 240, 240, 240, 240, 240, 240, 240, 240, 240, 240, 240, 240, 240, 240, 240, 240, 240, 240, 240, 240, 240, 240, 240, 240, 240, 240, 240, 240, 240, 240, 240, 240, 240, 240, 240, 240, 240, 240, 240, 240, 240, 240, 240, 240, 240, 240, 240, 240, 240, 240, 240, 240, 240, 240, 240, 240, 240, 240, 240, 240, 240, 240, 240, 240, 240, 240, 240, 240, 240, 240, 240, 240, 240, 240, 240, 240, 240, 240, 240, 240, 240, 240, 240, 240, 240, 240, 240, 240, 240, 240, 240, 240, 240, 240, 240, 240, 240, 240, 240, 240, 240, 240, 240, 240, 240, 240, 240, 240, 240, 240, 240, 240, 240, 240, 240, 240, 240, 240, 240, 240, 240, 240, 240, 240, 240, 240, 240, 240, 240, 240, 240, 240, 240, 240, 240, 240, 240, 240, 240, 240, 240, 240, 240, 240, 240, 240, 240, 240, 240, 240, 240, 240, 240, 240, 240, 240, 240, 240, 240, 240, 240, 240, 240, 240, 240, 240, 240, 240, 240, 240, 240, 240, 240, 240, 240, 240, 240, 240, 240, 240, 240, 240, 240, 240, 240, 240]

ep363
Train step Loss: [0.39463675022125244, 0.42378994822502136, 0.389631062746048, 0.36463290452957153, 0.37736162543296814, 0.3605247437953949, 0.37901467084884644, 0.3119054138660431, 0.32113000750541687, 0.4086262285709381, 0.33509284257888794, 0.3393484055995941, 0.367649644613266, 0.3443118929862976, 0.3419129550457001, 0.40557247400283813, 0.3545795977115631, 0.38201144337654114, 0.3481948971748352, 0.35421428084373474, 0.33136045932769775, 0.33986684679985046, 0.336164653301239, 0.38262102007865906, 0.3782672584056854, 0.3662121891975403, 0.3960604965686798, 0.3827346861362457, 0.3712964653968811, 0.3220337927341461, 0.35671430826187134, 0.3363266885280609, 0.36721763014793396, 0.35869476199150085, 0.3193708658218384, 0.3872729241847992, 0.3323310315608978, 0.3308195471763611, 0.36250585317611694, 0.37063783407211304, 0.32008594274520874, 0.34713587164878845, 0.37664368748664856, 0.3758803904056549, 0.372769832611084, 0.3705635964870453, 0.35245394706726074, 0.339365154504776, 0.32669487595558167, 0.3887583315372467, 0.3823406994342804, 0.3468114137649536, 0.35626348853111267, 0.3745555877685547, 0.33240360021591187, 0.33655309677124023, 0.3412195146083832, 0.3257911503314972, 0.33275654911994934, 0.32876259088516235, 0.35676491260528564, 0.3431132733821869, 0.3939213454723358, 0.3630106449127197, 0.37540873885154724, 0.36782094836235046, 0.33243611454963684, 0.365924596786499, 0.31647229194641113, 0.3493826687335968, 0.3780572712421417, 0.3705013692378998, 0.3998439311981201, 0.34837859869003296, 0.32698529958724976, 0.3575172424316406, 0.34448057413101196, 0.3413204550743103, 0.3604412376880646, 0.3726350963115692, 0.332204133272171, 0.4105968177318573, 0.3399772047996521, 0.3310624659061432, 0.3437012732028961, 0.35727831721305847, 0.33475419878959656, 0.3321351706981659, 0.3455086350440979, 0.386849969625473, 0.34026432037353516, 0.3250131607055664, 0.39819538593292236, 0.3430432975292206, 0.3387593626976013, 0.32701992988586426, 0.33569633960723877, 0.3415043354034424]
val step Loss: [0.34254422783851624, 0.28713759779930115, 0.31863731145858765, 0.31527262926101685, 0.3159332573413849, 0.3337824046611786, 0.33311086893081665, 0.32295849919319153, 0.3280121684074402, 0.3541776239871979, 0.3100912868976593, 0.2928420603275299, 0.33920490741729736, 0.32227376103401184, 0.2899916470050812, 0.35619184374809265, 0.32559940218925476, 0.3216555714607239, 0.32233232259750366, 0.3029072880744934, 0.3787766993045807, 0.33177414536476135, 0.33104753494262695, 0.30472809076309204, 0.3531518578529358]
Train step Accs: [0.9405940594059405, 0.9349580629846495, 0.9441131368205827, 0.9435514980069436, 0.9445382517210027, 0.9510587041967795, 0.9430037047591906, 0.9600331674958541, 0.9585556011489537, 0.9384447561165654, 0.9518931982966969, 0.9503174165056583, 0.9503536452665942, 0.9547337278106509, 0.9551327559278716, 0.9400170164492343, 0.9501688048615801, 0.9423128164135358, 0.9513399153737658, 0.9534419176398279, 0.9578428253261215, 0.9530265680635442, 0.957438128909437, 0.9461598339387649, 0.9423750397962433, 0.947763123868632, 0.9398615517738679, 0.9405781584582441, 0.9461149547631719, 0.9563714191636483, 0.9486876640419948, 0.9564984607147637, 0.9477918240026268, 0.9469261388766033, 0.9579910380881255, 0.9421059128502653, 0.9500597688936113, 0.9565217391304348, 0.9469925844548202, 0.9493972711617433, 0.9591941266860168, 0.9519633507853403, 0.9379298183741844, 0.9451301478675302, 0.9478012755958375, 0.9495483211181183, 0.9470976253298153, 0.9557536466774716, 0.9541629095281033, 0.9444832890504824, 0.9442530535546508, 0.9553448749656499, 0.9475439660400242, 0.9478854024556617, 0.9519584231208011, 0.9562236286919831, 0.9529341674113793, 0.9569166882948352, 0.9538553140815719, 0.9551556698086261, 0.9472817133443163, 0.9543358619663841, 0.9450407900386432, 0.9500938086303939, 0.9451586655817737, 0.9489411459010004, 0.9562054208273895, 0.9469797666518978, 0.9552217656227859, 0.9547945205479452, 0.945645263827082, 0.9438266324493869, 0.9408776633272189, 0.9519286683465787, 0.9512874966817095, 0.949215524360033, 0.9479265805574439, 0.9549870023258996, 0.9489752650176678, 0.947399970028473, 0.9513854322216692, 0.9349731780714379, 0.95658890777074, 0.9542279870291843, 0.9511669203450025, 0.9505645827595703, 0.9547286821705426, 0.956575300277179, 0.9557743167793123, 0.9432355723746452, 0.9551981619758759, 0.9563694732234058, 0.9428422967004416, 0.9559361733274777, 0.9530012085403519, 0.9597938144329897, 0.9548197431533344, 0.9512263099219621]
val step Accs: [0.9510387912247567, 0.9641746654048938, 0.9562841530054644, 0.952730671651756, 0.9567143830947512, 0.9553312302839116, 0.9545680649975129, 0.9594167679222357, 0.9553365162482673, 0.9487219451371571, 0.9565217391304348, 0.9622539035980991, 0.9506002483786394, 0.9569988137603797, 0.9624332241943823, 0.9459109311740891, 0.9526607900750897, 0.9580142593081595, 0.9548224104621786, 0.9613765064614491, 0.9384344766930519, 0.9531099158736726, 0.951310861423221, 0.9597085935176926, 0.9449286846275753]
Preds: [17, 354, 420, 324, 324, 422, 422, 143, 129, 401, 401, 259, 259, 354, 420, 420, 324, 324, 301, 301, 173, 143, 34, 34, 34, 34, 280, 280, 420, 213, 213, 213, 246, 19, 19, 117, 48, 48, 414, 244, 170, 80, 66, 66, 66, 66, 68, 68, 68, 68, 115, 267, 267, 267, 324, 324, 324, 464, 464, 464, 464, 486, 486, 486, 460, 460, 282, 150, 150, 342, 68, 68, 68, 224, 273, 470, 286, 286, 374, 468, 468, 406, 467, 302, 302, 302, 497, 274, 274, 122, 122, 129, 401, 401, 401, 75, 75, 445, 445, 445, 445, 286, 286, 286, 468, 468, 406, 337, 337, 324, 324, 324, 422, 143, 129, 401, 75, 75, 445, 445, 445, 445, 213, 213, 213, 360, 360, 360, 171, 171, 171, 171, 434, 328, 328, 328, 168, 303, 303, 303, 411, 275, 398, 398, 340, 116, 116, 10, 309, 479, 331, 106, 88, 88, 346, 284, 284, 284, 315, 113, 450, 450, 450, 450, 43, 43, 276, 276, 276, 174, 174, 426, 426, 426, 203, 203, 53, 70, 250, 276, 276, 174, 174, 319, 240, 236, 236, 36, 75, 384, 371, 448, 81, 380, 380, 323, 143, 36, 77, 351, 54, 54, 323, 224, 219, 485, 477, 374, 139, 88, 387, 387, 387, 274, 122, 236, 129, 75, 310, 107, 107, 395, 106, 106, 153, 153, 424, 182, 182, 497, 372, 42, 42, 147, 467, 337, 337, 324, 324, 301, 378, 43, 43, 276, 276, 276, 346, 346, 426, 387, 206, 122, 122, 24, 233, 401, 321, 401, 75, 75, 75, 161, 107, 107, 107, 395, 60, 374, 374, 303, 48, 48, 170, 170, 321, 170, 170, 392, 392, 63, 63, 63, 63, 63, 63, 63, 63, 63, 63, 63, 63, 63, 63, 63, 63, 63, 63, 63, 63, 63, 63, 63, 392, 244, 244, 73, 66, 66, 66, 68, 68, 115, 273, 284, 486, 486, 460, 460, 460, 215, 8, 32, 239, 239, 354, 420, 420, 213, 213, 246, 246, 246, 19, 19, 19, 454, 197, 226, 80, 80, 244, 80, 321, 80, 320, 75, 75, 371, 180, 180, 151, 151, 151, 240, 240, 314, 8, 8, 354, 109, 180, 180, 486, 460, 460, 167, 167, 216, 35, 320, 7, 345, 345, 275, 275, 324, 116, 116, 10, 10, 479, 250, 250, 276, 276, 276, 153, 387, 387, 372, 122, 122, 129, 36, 75, 397, 110, 77, 153, 153, 98, 98, 98, 14, 14, 226, 321, 411, 208, 437, 284, 405, 405, 405, 426, 98, 98, 98, 263, 13, 170, 170, 170, 392, 392, 392, 392, 63, 63, 63, 63, 63, 63, 63, 63, 63, 63, 63, 63, 63, 63, 63, 392, 244, 73, 289, 320, 7, 7, 70, 70, 65, 46, 46, 46, 46, 315, 315, 285, 175, 175, 293, 293, 293, 413, 122, 212, 212, 75, 384, 371, 371, 359, 301, 251, 251, 241, 241, 431, 84, 84, 496, 274, 43, 8, 239, 144, 208, 27, 106, 106, 106, 387, 426, 319, 413, 413, 413, 303, 303, 303, 303, 48, 48, 48, 48, 48, 102, 17, 17, 169, 240, 240, 240, 240, 240, 240, 240, 240, 240, 240, 240, 240, 240, 240, 240, 240, 240, 240, 240, 240, 240, 240, 240, 240, 240, 240, 240, 240, 240, 240, 240, 240, 240, 240, 240, 240, 240, 240, 240, 240, 240, 240, 240, 240, 240, 240, 240, 240, 240, 240, 240, 240, 240, 240, 240, 240, 240, 240, 240, 240, 240, 240, 240, 240, 240, 240, 240, 240, 240, 240, 240, 240, 240, 240, 240, 240, 240, 240, 240, 240, 240, 240, 240, 240, 240, 240, 240, 240, 240]

ep364
Train step Loss: [0.3707180917263031, 0.3282769024372101, 0.3784762918949127, 0.39365875720977783, 0.3286316394805908, 0.335567831993103, 0.34786465764045715, 0.370951384305954, 0.31223264336586, 0.4065447449684143, 0.2976752519607544, 0.3780704736709595, 0.35569000244140625, 0.3240668475627899, 0.3339163661003113, 0.3548438847064972, 0.33883464336395264, 0.3639751672744751, 0.3268202841281891, 0.402670294046402, 0.41136592626571655, 0.3485863506793976, 0.3227779269218445, 0.3292735517024994, 0.31874293088912964, 0.35468822717666626, 0.3752775192260742, 0.3305605947971344, 0.3563556969165802, 0.3801126182079315, 0.3348899483680725, 0.3525877892971039, 0.37040653824806213, 0.34190744161605835, 0.4247845411300659, 0.32856401801109314, 0.34216174483299255, 0.32495397329330444, 0.36714231967926025, 0.3469860255718231, 0.34572914242744446, 0.362179696559906, 0.3189995586872101, 0.39485955238342285, 0.3691719174385071, 0.3438219726085663, 0.36050212383270264, 0.3001892566680908, 0.36440059542655945, 0.3699335753917694, 0.36373353004455566, 0.3461041748523712, 0.32163283228874207, 0.4041569232940674, 0.3524038791656494, 0.376938134431839, 0.34376829862594604, 0.38852983713150024, 0.3373040556907654, 0.339106947183609, 0.39494645595550537, 0.3606024980545044, 0.3495866358280182, 0.34594741463661194, 0.3126866817474365, 0.35457515716552734, 0.3877582550048828, 0.3361954987049103, 0.30332958698272705, 0.31532523036003113, 0.3224462866783142, 0.349597692489624, 0.3100612163543701, 0.36904236674308777, 0.3752414882183075, 0.3245215117931366, 0.3726137578487396, 0.36243098974227905, 0.32415035367012024, 0.3819769024848938, 0.3242921829223633, 0.3613939583301544, 0.33493003249168396, 0.3876044750213623, 0.33273932337760925, 0.3444618880748749, 0.34230339527130127, 0.33585265278816223, 0.32133206725120544, 0.3574278950691223, 0.3554834723472595, 0.34873339533805847, 0.34441936016082764, 0.3654819130897522, 0.346370667219162, 0.35333847999572754, 0.32097792625427246, 0.3342628479003906]
val step Loss: [0.2905796766281128, 0.30096861720085144, 0.3421759605407715, 0.3242427110671997, 0.32354411482810974, 0.2987723648548126, 0.3255060911178589, 0.3027409613132477, 0.3349396288394928, 0.34943336248397827, 0.32003045082092285, 0.29882606863975525, 0.32049760222435, 0.3064282238483429, 0.32187870144844055, 0.3560101091861725, 0.2992573380470276, 0.3427581191062927, 0.3119248151779175, 0.2890261709690094, 0.3323403000831604, 0.3073991537094116, 0.341257244348526, 0.33745577931404114, 0.30074742436408997]
Train step Accs: [0.9453070359490838, 0.9560093188981773, 0.9437327712015566, 0.9432831846624951, 0.9590465525515918, 0.9555230431602049, 0.9521615395039978, 0.940722032387461, 0.9560847379001083, 0.9398738818008505, 0.9647249628328153, 0.9477071600965407, 0.9512012012012012, 0.9582875960482986, 0.9549494330370825, 0.9458851746364862, 0.95387881126978, 0.9491805536427489, 0.9545851528384279, 0.9385735880170399, 0.934490306441526, 0.9492337164750958, 0.9603654044496832, 0.9562181543687488, 0.9615723085948958, 0.94559902200489, 0.9423747732663597, 0.9557454406325724, 0.9452341137123745, 0.9448961156278229, 0.9538934426229508, 0.9509961439588689, 0.9503800372866772, 0.9525009950908849, 0.938317455191345, 0.9593182383677532, 0.9530222361415597, 0.9550876159623031, 0.9484894890714186, 0.9499477065590916, 0.952533596350635, 0.946280291476021, 0.9567602040816326, 0.9384980863138446, 0.9458946369245372, 0.9508658880386629, 0.948068669527897, 0.960857770313913, 0.9425627817128139, 0.9440834473324213, 0.9469717730885174, 0.9547067770829812, 0.9602883355176933, 0.9323369565217391, 0.948106828938472, 0.9421899473159618, 0.9526165841955315, 0.9438472645596021, 0.9508243727598567, 0.9526014709888314, 0.9412390321722947, 0.9493922103696353, 0.9540275569687334, 0.9551265327419776, 0.9593508040500298, 0.9468913751593259, 0.9382772217167121, 0.9526363993196388, 0.9603403738033733, 0.9583404765986627, 0.9570299637800461, 0.9538589441596231, 0.9620625166978359, 0.9445023062044339, 0.9411592505854801, 0.9563768115942028, 0.9500232090360514, 0.9469058952764555, 0.9551467808995843, 0.9455935251798561, 0.9585026117237376, 0.9487536554797382, 0.9552706552706552, 0.9407045692361353, 0.9531955658957164, 0.9532113259668509, 0.9523236576928862, 0.9573280814048909, 0.9562294592172095, 0.9498231363815014, 0.9461474730737366, 0.9528619528619529, 0.9524762381190596, 0.9488651535380508, 0.9512769425828654, 0.9511555482707753, 0.9594157787621214, 0.9558680892337537]
val step Accs: [0.9633587786259542, 0.9595626518569941, 0.9512886597938144, 0.9587751855779427, 0.957195820694304, 0.9595988538681949, 0.9532710280373832, 0.9611910810047982, 0.9517190021099665, 0.9489150090415913, 0.9542840713053479, 0.9585595127763803, 0.9537659486898066, 0.9574354169455227, 0.9517770732521275, 0.9514957885564914, 0.9588209154199377, 0.9498012660091271, 0.956290686860635, 0.9635639926515616, 0.9538461538461539, 0.9624383256406175, 0.9452335858585859, 0.9526451089162495, 0.9561846983485002]
Preds: [17, 17, 188, 213, 213, 213, 213, 246, 246, 246, 219, 219, 219, 219, 219, 219, 219, 213, 213, 246, 246, 246, 246, 464, 3, 3, 3, 385, 385, 226, 197, 414, 414, 414, 82, 75, 310, 66, 323, 323, 323, 482, 273, 106, 106, 106, 399, 399, 53, 70, 70, 65, 65, 426, 206, 169, 150, 162, 342, 342, 68, 68, 172, 224, 273, 494, 494, 8, 81, 29, 337, 278, 278, 143, 385, 385, 216, 129, 259, 7, 148, 345, 109, 109, 286, 286, 171, 171, 207, 207, 19, 454, 19, 454, 454, 454, 454, 13, 414, 414, 414, 82, 82, 82, 170, 170, 170, 187, 187, 12, 12, 12, 163, 128, 391, 128, 2, 244, 244, 73, 244, 73, 244, 320, 354, 420, 420, 213, 213, 213, 213, 246, 246, 246, 246, 246, 3, 458, 3, 3, 3, 454, 197, 197, 197, 7, 7, 32, 32, 239, 384, 107, 371, 180, 180, 443, 443, 443, 120, 120, 120, 120, 240, 240, 385, 35, 35, 35, 197, 196, 196, 217, 217, 473, 473, 476, 476, 171, 171, 252, 236, 24, 239, 36, 310, 107, 107, 395, 395, 41, 41, 19, 19, 19, 454, 454, 454, 17, 169, 240, 240, 240, 240, 240, 240, 240, 240, 240, 240, 240, 240, 240, 240, 240, 240, 240, 240, 240, 240, 240, 240, 240, 240, 240, 240, 240, 240, 240, 240, 240, 240, 240, 240, 240, 240, 240, 240, 240, 240, 240, 240, 240, 240, 240, 240, 240, 240, 240, 240, 240, 240, 240, 240, 240, 240, 240, 240, 240, 240, 240, 240, 240, 240, 240, 240, 240, 240, 240, 240, 240, 240, 240, 240, 240, 240, 240, 240, 240, 240, 240, 240, 240, 240, 240, 240, 240, 240, 240, 240, 240, 240, 240, 240, 240, 240, 240, 240, 240, 240, 240, 240, 240, 240, 240, 240, 240, 240, 240, 240, 240, 240, 240, 240, 240, 240, 240, 240, 240, 240, 240, 240, 240, 240, 240, 240, 240, 240, 240, 240, 240, 240, 240, 240, 240, 240, 240, 240, 240, 240, 240, 240, 240, 240, 240, 240, 240, 240, 240, 240, 240, 240, 240, 240, 240, 240, 240, 240, 240, 240, 240, 240, 240, 240, 240, 240, 240, 240, 240, 240, 240, 240, 240, 240, 240, 240, 240, 240, 240, 240, 240, 240, 240, 240, 240, 240, 240, 240, 240, 240, 240, 240, 240, 240, 240, 240, 240, 240, 240, 240, 240, 240, 240, 240, 240, 240, 240, 240, 240, 240, 240, 240, 240, 240, 240, 240, 240, 240, 240, 240, 240, 240, 240, 240, 240, 240, 240, 240, 240, 240, 240, 240, 240, 240, 240, 240, 240, 240, 240, 240, 240, 240, 240, 240, 240, 240, 240, 240, 240, 240, 240, 240, 240, 240, 240, 240, 240, 240, 240, 240, 240, 240, 240, 240, 240, 240, 240, 240, 240, 240, 240, 240, 240, 240, 240, 240, 240, 240, 240, 240, 240, 240, 240, 240, 240, 240, 240, 240, 240, 240, 240, 240, 240, 240, 240, 240, 240, 240, 240, 240, 240, 240, 240, 240, 240, 240, 240, 240, 240, 240, 240, 240, 240, 240, 240, 240, 240, 240, 240, 240, 240, 240, 240, 240, 240, 240, 240, 240, 240, 240, 240, 240, 240, 240, 240, 240, 240, 240, 240, 240, 240, 240, 240, 240, 240, 240, 240, 240, 240, 240, 240, 240, 240, 240, 240, 240, 240, 240, 240, 240, 240, 240, 240, 240, 240, 240, 240, 240, 240, 240, 240, 240, 240, 240, 240, 240, 240, 240, 240, 240, 240, 240, 240, 240, 240, 240, 240, 240, 240, 240, 240, 240, 240, 240, 240, 240, 240, 240, 240, 240, 240]

ep365
Train step Loss: [0.342341810464859, 0.3472094237804413, 0.30963772535324097, 0.39099058508872986, 0.33253949880599976, 0.35086116194725037, 0.3484748303890228, 0.3724382817745209, 0.33663803339004517, 0.35470712184906006, 0.37143009901046753, 0.3317357003688812, 0.3238674998283386, 0.3433011770248413, 0.3531363308429718, 0.3330254852771759, 0.3602581322193146, 0.32997825741767883, 0.3798200190067291, 0.3908301591873169, 0.3108225166797638, 0.3607356548309326, 0.38752204179763794, 0.31029218435287476, 0.3297117352485657, 0.3732316792011261, 0.3402785062789917, 0.300638884305954, 0.28726622462272644, 0.3182623088359833, 0.3565320074558258, 0.3543645143508911, 0.3102635145187378, 0.36226367950439453, 0.3800968527793884, 0.3788393437862396, 0.3581545948982239, 0.3585118353366852, 0.34426596760749817, 0.3299976587295532, 0.34630393981933594, 0.31619513034820557, 0.36805209517478943, 0.3880290687084198, 0.31983914971351624, 0.3845067322254181, 0.345351904630661, 0.34337249398231506, 0.3434976637363434, 0.34113356471061707, 0.3568359315395355, 0.3409470319747925, 0.3312723636627197, 0.3255296051502228, 0.3647104501724243, 0.3881538510322571, 0.303518146276474, 0.3668886423110962, 0.29689958691596985, 0.2911287248134613, 0.32519423961639404, 0.32884514331817627, 0.3231821060180664, 0.3980167508125305, 0.405558317899704, 0.3508315086364746, 0.3799035847187042, 0.38057661056518555, 0.3515017330646515, 0.31642675399780273, 0.37400883436203003, 0.31854671239852905, 0.35588765144348145, 0.3874445855617523, 0.34864580631256104, 0.32988449931144714, 0.3310195505619049, 0.34245601296424866, 0.3501906394958496, 0.3740086555480957, 0.33449143171310425, 0.3420266807079315, 0.32473596930503845, 0.34010612964630127, 0.3642956018447876, 0.35057777166366577, 0.3107747733592987, 0.30756375193595886, 0.31527242064476013, 0.34559476375579834, 0.3405594229698181, 0.3398584723472595, 0.3137490153312683, 0.33186623454093933, 0.36715689301490784, 0.3484152853488922, 0.361362487077713, 0.3781226575374603]
val step Loss: [0.3256690502166748, 0.32327428460121155, 0.3069312870502472, 0.30549028515815735, 0.3102927803993225, 0.3157367706298828, 0.29406511783599854, 0.3448149859905243, 0.34517815709114075, 0.3473650813102722, 0.31945541501045227, 0.2854353189468384, 0.297208696603775, 0.3161665201187134, 0.35696542263031006, 0.3102249205112457, 0.32865989208221436, 0.30380597710609436, 0.27552804350852966, 0.31220927834510803, 0.3203851580619812, 0.3240088224411011, 0.2937299907207489, 0.33485832810401917, 0.23675286769866943]
Train step Accs: [0.9518088552915767, 0.9512670565302144, 0.9578171091445428, 0.9448775055679287, 0.9556860651361452, 0.9478481769276749, 0.953416149068323, 0.946307835078881, 0.9548058561425843, 0.9491348448687351, 0.9465536306671581, 0.9569816643159379, 0.9558089807555239, 0.9538075313807531, 0.9481191441756398, 0.9542776998597475, 0.9485670419651996, 0.9554588077695915, 0.9423984891406988, 0.9423772983929347, 0.9587232406101782, 0.9501036627505183, 0.9468162083936325, 0.962320773591197, 0.9520336605890604, 0.9435158501440922, 0.955261221486387, 0.9630636392708667, 0.9641205325858444, 0.9564891222805701, 0.947079703130042, 0.9489955648317245, 0.9617605543436417, 0.9449054098904746, 0.9462214859181853, 0.9464972412640027, 0.9523223623500462, 0.9453803632534877, 0.9514483884128927, 0.9520697167755992, 0.9513085052843483, 0.9579424134584277, 0.945165476963011, 0.9376287951641709, 0.9631571064849483, 0.9456577595066804, 0.9496571634788885, 0.9495212038303693, 0.9510055950400725, 0.9547705513370749, 0.9518312101910829, 0.9506432459178624, 0.9537750385208013, 0.9574822842851188, 0.9452017816169523, 0.9419795221843004, 0.9567983429501405, 0.9476242747373373, 0.9624546866908338, 0.9655759409873274, 0.9534385871019534, 0.9555959491041288, 0.9598732840549102, 0.9435788836787173, 0.9374459498414529, 0.9521667416404258, 0.9468264945443369, 0.9435553261056617, 0.9486491021983554, 0.9546110455201364, 0.9497876213592233, 0.9574824748552271, 0.9509281911066341, 0.9445365486058779, 0.9532497149372862, 0.9554083885209713, 0.9507781397032211, 0.952620059224926, 0.9529897456385671, 0.9473813924830561, 0.9547970479704797, 0.9512008566620774, 0.9589098532494759, 0.9525143220878421, 0.9501508175900937, 0.9532235728573627, 0.9584619036316164, 0.9603658536585366, 0.9585187123789584, 0.9492788851077621, 0.9543186180422265, 0.9557102651459043, 0.9587478445417164, 0.9543965404272048, 0.9463989128793598, 0.95230410615026, 0.9501363459291001, 0.9467095851216023]
val step Accs: [0.9522249522249522, 0.951030502885408, 0.9627841793833697, 0.9581790758261346, 0.9547957484953259, 0.9584444756422855, 0.964053919121318, 0.9448504983388705, 0.9498243148278286, 0.9449652252797097, 0.9540540540540541, 0.9631458966565349, 0.9683554419050663, 0.9557449598426487, 0.9466598500340832, 0.9583572659391154, 0.9504264392324094, 0.9634086843389169, 0.9668774966711052, 0.9538320889836965, 0.9553510097540872, 0.9561414627962986, 0.9625016562872665, 0.9502890173410404, 0.9774535809018567]
Preds: [17, 17, 451, 398, 398, 398, 213, 213, 434, 434, 434, 250, 250, 174, 380, 109, 109, 467, 288, 403, 403, 146, 438, 301, 143, 239, 259, 354, 354, 473, 470, 403, 403, 403, 171, 171, 464, 171, 171, 207, 252, 3, 14, 14, 411, 287, 100, 297, 297, 293, 293, 497, 43, 58, 437, 437, 284, 306, 306, 306, 428, 167, 468, 494, 313, 313, 337, 337, 337, 324, 324, 324, 301, 301, 143, 144, 100, 100, 100, 100, 100, 100, 182, 182, 182, 375, 375, 375, 98, 98, 98, 98, 197, 197, 80, 244, 321, 287, 287, 287, 287, 111, 111, 111, 111, 111, 175, 175, 431, 431, 486, 486, 428, 428, 85, 146, 146, 146, 271, 186, 342, 342, 172, 224, 168, 494, 494, 139, 196, 280, 215, 35, 35, 259, 441, 441, 441, 125, 125, 59, 59, 319, 319, 348, 348, 348, 348, 35, 196, 398, 360, 213, 213, 213, 213, 213, 246, 246, 246, 3, 3, 335, 440, 188, 145, 443, 443, 443, 330, 282, 271, 271, 31, 342, 342, 68, 68, 115, 267, 267, 213, 213, 213, 213, 286, 286, 286, 286, 120, 120, 360, 360, 271, 173, 173, 183, 183, 183, 183, 183, 56, 247, 312, 187, 23, 23, 149, 320, 7, 7, 309, 398, 398, 398, 398, 398, 464, 374, 139, 496, 496, 496, 313, 313, 313, 236, 24, 310, 310, 371, 371, 106, 106, 106, 84, 481, 16, 182, 293, 293, 293, 293, 14, 14, 411, 411, 287, 297, 297, 481, 293, 293, 35, 441, 441, 437, 437, 437, 206, 206, 167, 240, 285, 34, 41, 324, 324, 324, 301, 477, 349, 374, 132, 100, 100, 497, 497, 497, 43, 43, 364, 196, 250, 250, 250, 250, 250, 250, 467, 467, 374, 413, 413, 413, 413, 381, 381, 303, 48, 17, 169, 240, 240, 240, 240, 240, 240, 240, 240, 240, 240, 240, 240, 240, 240, 240, 240, 240, 240, 240, 240, 240, 240, 240, 240, 240, 240, 240, 240, 240, 240, 240, 240, 240, 240, 240, 240, 240, 240, 240, 240, 240, 240, 240, 240, 240, 240, 240, 240, 240, 240, 240, 240, 240, 240, 240, 240, 240, 240, 240, 240, 240, 240, 240, 240, 240, 240, 240, 240, 240, 240, 240, 240, 240, 240, 240, 240, 240, 240, 240, 240, 240, 240, 240, 240, 240, 240, 240, 240, 240, 240, 240, 240, 240, 240, 240, 240, 240, 240, 240, 240, 240, 240, 240, 240, 240, 240, 240, 240, 240, 240, 240, 240, 240, 240, 240, 240, 240, 240, 240, 240, 240, 240, 240, 240, 240, 240, 240, 240, 240, 240, 240, 240, 240, 240, 240, 240, 240, 240, 240, 240, 240, 240, 240, 240, 240, 240, 240, 240, 240, 240, 240, 240, 240, 240, 240, 240, 240, 240, 240, 240, 240, 240, 240, 240, 240, 240, 240, 240, 240, 240, 240, 240, 240, 240, 240, 240, 240, 240, 240, 240, 240, 240, 240, 240, 240, 240, 240, 240, 240, 240, 240, 240, 240, 240, 240, 240, 240, 240, 240, 240, 240, 240, 240, 240, 240, 240, 240, 240, 240, 240, 240, 240, 240, 240, 240, 240, 240, 240, 240, 240, 240, 240, 240, 240, 240, 240, 240, 240, 240, 240, 240, 240, 240, 240, 240, 240, 240, 240, 240, 240, 240, 240, 240, 240, 240, 240, 240, 240, 240, 240, 240, 240, 240, 240, 240, 240, 240, 240, 240, 240, 240, 240, 240, 240, 240, 240, 240, 240, 240, 240, 240, 240, 240, 240, 240, 240, 240, 240, 240, 240, 240, 240, 240, 240, 240, 240, 240, 240, 240, 240, 240, 240, 240, 240, 240, 240, 240, 240, 240]

ep366
Train step Loss: [0.31152063608169556, 0.3206191956996918, 0.3308395445346832, 0.3574410378932953, 0.3298344910144806, 0.3556276261806488, 0.4002137780189514, 0.36455976963043213, 0.3616707921028137, 0.3698684275150299, 0.3041785657405853, 0.31755468249320984, 0.356229305267334, 0.32974353432655334, 0.3358902037143707, 0.3646816313266754, 0.316039502620697, 0.32526037096977234, 0.3187319040298462, 0.3217313587665558, 0.3020263612270355, 0.3911595344543457, 0.3097812831401825, 0.3563881516456604, 0.36170265078544617, 0.3579927384853363, 0.3007000982761383, 0.31126317381858826, 0.33108392357826233, 0.3333010673522949, 0.3889678716659546, 0.345214307308197, 0.3495177626609802, 0.367878258228302, 0.4047848582267761, 0.30793604254722595, 0.34682363271713257, 0.3842448592185974, 0.35217127203941345, 0.3453528881072998, 0.3074812591075897, 0.32063043117523193, 0.31139013171195984, 0.33455777168273926, 0.34796983003616333, 0.36148184537887573, 0.4373818337917328, 0.34984198212623596, 0.31988510489463806, 0.34774187207221985, 0.3845025897026062, 0.31707173585891724, 0.30114877223968506, 0.3278087377548218, 0.36591026186943054, 0.3145715892314911, 0.30341845750808716, 0.32576465606689453, 0.3276587426662445, 0.3489701747894287, 0.3403709828853607, 0.3607010841369629, 0.3248426616191864, 0.33107271790504456, 0.35469791293144226, 0.3501296639442444, 0.3328778147697449, 0.34376779198646545, 0.31321847438812256, 0.3385034501552582, 0.3434407413005829, 0.29687362909317017, 0.30628687143325806, 0.3387717008590698, 0.3777097165584564, 0.3420887589454651, 0.321986585855484, 0.37269237637519836, 0.3618965744972229, 0.349604994058609, 0.3052298128604889, 0.36926761269569397, 0.38312605023384094, 0.31929561495780945, 0.3350169360637665, 0.30106979608535767, 0.35227954387664795, 0.33550432324409485, 0.33907634019851685, 0.35009467601776123, 0.3890599310398102, 0.34180018305778503, 0.3257784843444824, 0.3361743688583374, 0.36654558777809143, 0.36545106768608093, 0.3104943037033081, 0.29528263211250305]
val step Loss: [0.3293013870716095, 0.2902381122112274, 0.27307820320129395, 0.357917457818985, 0.30958595871925354, 0.29586297273635864, 0.3407362997531891, 0.29210373759269714, 0.3313337564468384, 0.3154507577419281, 0.32720500230789185, 0.27380430698394775, 0.3247297704219818, 0.29159730672836304, 0.2789120376110077, 0.27297353744506836, 0.3160420358181, 0.3348035514354706, 0.3354879915714264, 0.2886679172515869, 0.3172116279602051, 0.3330262005329132, 0.2804625928401947, 0.30858832597732544, 0.3090209364891052]
Train step Accs: [0.9595784252944823, 0.9562114823224133, 0.9561516636574671, 0.9513521914827479, 0.9580015612802498, 0.9483087834151664, 0.9370845571185654, 0.9489124212936463, 0.9437133343903599, 0.9491796137650647, 0.9601183584201723, 0.9569300952636522, 0.9508398197460057, 0.9565096180652356, 0.9532897370879487, 0.9495719636169074, 0.958904109589041, 0.9602319801159901, 0.9588710821160119, 0.9570695286980868, 0.9601545842217484, 0.9423855963990998, 0.9589846772945364, 0.9522693016245185, 0.9524916085721663, 0.9491805536427489, 0.9608572895277208, 0.9599889242696941, 0.9557602295032462, 0.9529185683401393, 0.9393211655459494, 0.9507859556339062, 0.952993416015924, 0.9439830892344859, 0.9368810051736881, 0.9579511782136306, 0.9525697727619338, 0.9451684678957406, 0.949436763952893, 0.9485394485394485, 0.9576295045045045, 0.9543468434533675, 0.9581120048565791, 0.9549933813796146, 0.9509668508287292, 0.9510756419153366, 0.932317562149158, 0.9504280585473626, 0.9562995144390494, 0.9486894360603654, 0.9467160334835801, 0.9584506098378234, 0.9627800987466768, 0.9577562326869806, 0.9471876341777586, 0.957556270096463, 0.9643142476697736, 0.955924756281752, 0.9562119637820988, 0.9537067011977987, 0.9482615894039735, 0.9458235753317721, 0.9577406435575196, 0.9573337164200546, 0.951563797398284, 0.9484442836468886, 0.9551757949292619, 0.9568417113633528, 0.958845606315517, 0.9500221141088014, 0.953917790622993, 0.961780415430267, 0.9594063173918559, 0.9553716325868225, 0.9453438050969707, 0.9529733009708737, 0.9590365142681804, 0.9415152060464279, 0.9457553218774044, 0.9519262981574539, 0.963229078613694, 0.9472712892169787, 0.9379716269242379, 0.9553997194950912, 0.9577099236641221, 0.9597490852064819, 0.9509829280910502, 0.9525403103133556, 0.9513369661639843, 0.9488945850688881, 0.9409252669039145, 0.9506553585196608, 0.9544644081744617, 0.9550189393939394, 0.9460049483335758, 0.9476289318218106, 0.9613605442176871, 0.9593202883625128]
val step Accs: [0.9545162533727355, 0.9636283961437335, 0.9665960567052305, 0.9439811457577955, 0.9565816678152997, 0.95888733379986, 0.9537482539189819, 0.9623920040657293, 0.9494512803458597, 0.959127034186956, 0.9545288309155188, 0.9674160500853728, 0.9541883073644959, 0.9608838869063958, 0.9645293315143247, 0.9645873944119558, 0.9605579605579606, 0.9515738498789347, 0.9534667287110283, 0.9676306712655877, 0.9571018651362985, 0.9501223158466975, 0.9651090342679127, 0.9556117432223626, 0.96]
Preds: [17, 17, 17, 17, 17, 296, 296, 392, 392, 392, 392, 392, 244, 66, 320, 244, 244, 249, 249, 249, 249, 20, 40, 249, 249, 211, 211, 249, 249, 249, 249, 412, 17, 435, 435, 435, 289, 211, 211, 211, 289, 260, 244, 260, 260, 260, 51, 63, 63, 63, 63, 63, 63, 63, 244, 244, 435, 305, 289, 7, 7, 309, 309, 309, 479, 398, 213, 213, 434, 339, 339, 10, 195, 250, 132, 132, 88, 88, 84, 284, 284, 284, 206, 293, 293, 43, 43, 364, 276, 276, 276, 153, 182, 182, 182, 182, 182, 182, 182, 497, 335, 14, 14, 287, 287, 111, 111, 240, 251, 251, 251, 431, 431, 428, 428, 146, 146, 146, 358, 358, 186, 54, 54, 172, 172, 115, 273, 302, 302, 497, 203, 399, 217, 217, 217, 473, 473, 264, 264, 264, 264, 468, 468, 468, 313, 337, 324, 324, 324, 324, 301, 26, 251, 251, 251, 241, 431, 376, 376, 376, 376, 460, 460, 452, 263, 263, 263, 225, 225, 225, 82, 82, 7, 364, 276, 276, 276, 174, 387, 387, 219, 219, 219, 219, 219, 219, 219, 219, 219, 246, 246, 246, 246, 246, 246, 3, 19, 454, 229, 414, 414, 414, 312, 187, 187, 149, 149, 228, 244, 244, 209, 287, 460, 460, 215, 215, 35, 35, 354, 354, 284, 284, 405, 206, 215, 215, 35, 35, 401, 259, 354, 276, 148, 346, 346, 405, 405, 405, 206, 293, 43, 43, 276, 276, 276, 346, 346, 284, 206, 206, 240, 251, 251, 251, 241, 431, 428, 428, 428, 146, 146, 146, 358, 54, 54, 54, 172, 172, 224, 273, 302, 125, 203, 399, 217, 217, 473, 473, 65, 264, 264, 264, 264, 468, 468, 468, 468, 313, 337, 337, 41, 324, 324, 41, 246, 246, 246, 246, 19, 19, 19, 454, 454, 414, 414, 414, 244, 392, 392, 392, 392, 392, 392, 73, 73, 244, 7, 7, 217, 217, 473, 473, 278, 278, 171, 252, 236, 314, 239, 239, 310, 107, 107, 395, 213, 213, 213, 213, 213, 213, 246, 246, 246, 246, 246, 246, 246, 246, 246, 19, 19, 454, 454, 414, 414, 82, 170, 244, 392, 392, 17, 17, 169, 240, 240, 240, 240, 240, 240, 240, 240, 240, 240, 240, 240, 240, 240, 240, 240, 240, 240, 240, 240, 240, 240, 240, 240, 240, 240, 240, 240, 240, 240, 240, 240, 240, 240, 240, 240, 240, 240, 240, 240, 240, 240, 240, 240, 240, 240, 240, 240, 240, 240, 240, 240, 240, 240, 240, 240, 240, 240, 240, 240, 240, 240, 240, 240, 240, 240, 240, 240, 240, 240, 240, 240, 240, 240, 240, 240, 240, 240, 240, 240, 240, 240, 240, 240, 240, 240, 240, 240, 240, 240, 240, 240, 240, 240, 240, 240, 240, 240, 240, 240, 240, 240, 240, 240, 240, 240, 240, 240, 240, 240, 240, 240, 240, 240, 240, 240, 240, 240, 240, 240, 240, 240, 240, 240, 240, 240, 240, 240, 240, 240, 240, 240, 240, 240, 240, 240, 240, 240, 240, 240, 240, 240, 240, 240, 240, 240, 240, 240, 240, 240, 240, 240, 240, 240, 240, 240, 240, 240, 240, 240, 240, 240, 240, 240, 240, 240, 240, 240, 240, 240, 240, 240, 240, 240, 240, 240, 240, 240, 240, 240, 240, 240, 240, 240, 240, 240, 240, 240, 240, 240, 240, 240, 240, 240, 240, 240, 240, 240, 240, 240, 240, 240, 240, 240, 240, 240, 240, 240, 240, 240, 240, 240, 240, 240, 240, 240, 240, 240, 240, 240, 240, 240, 240, 240, 240, 240, 240, 240, 240, 240, 240, 240, 240, 240, 240, 240, 240]

ep367
Train step Loss: [0.3498845398426056, 0.36535578966140747, 0.3275531530380249, 0.3418382406234741, 0.3581830859184265, 0.32093721628189087, 0.2966457009315491, 0.3331562578678131, 0.3654298484325409, 0.32156047224998474, 0.34576934576034546, 0.34013694524765015, 0.3024517893791199, 0.3335933983325958, 0.3660484254360199, 0.2953800559043884, 0.29650378227233887, 0.3190379738807678, 0.3421853184700012, 0.33890941739082336, 0.33744126558303833, 0.36711806058883667, 0.35535115003585815, 0.33135858178138733, 0.3755723834037781, 0.3035055696964264, 0.29764682054519653, 0.3451162874698639, 0.3651556968688965, 0.31865745782852173, 0.35868388414382935, 0.3686385154724121, 0.33015066385269165, 0.3236640393733978, 0.3847461938858032, 0.356212854385376, 0.31372860074043274, 0.3130249083042145, 0.3603329360485077, 0.32564055919647217, 0.32927000522613525, 0.3371756076812744, 0.3328917324542999, 0.3367820680141449, 0.3323887586593628, 0.34503018856048584, 0.34591352939605713, 0.34572479128837585, 0.35763803124427795, 0.34415093064308167, 0.34260237216949463, 0.33218732476234436, 0.3349320888519287, 0.3171099126338959, 0.2942170798778534, 0.3195282518863678, 0.31865668296813965, 0.36423009634017944, 0.36126604676246643, 0.37733328342437744, 0.3254531919956207, 0.3521209955215454, 0.317109078168869, 0.3686281144618988, 0.2730196714401245, 0.3459566533565521, 0.3172113597393036, 0.3764471113681793, 0.320182204246521, 0.3425372838973999, 0.308673232793808, 0.3221030831336975, 0.3273102045059204, 0.3087802529335022, 0.32422471046447754, 0.34608083963394165, 0.3423532247543335, 0.31456902623176575, 0.3490988314151764, 0.34169119596481323, 0.3082190155982971, 0.33927756547927856, 0.3356891870498657, 0.34117382764816284, 0.34894615411758423, 0.34404638409614563, 0.33843234181404114, 0.3762771487236023, 0.3454275131225586, 0.30906006693840027, 0.31232014298439026, 0.2930576801300049, 0.315403550863266, 0.30522283911705017, 0.3450672924518585, 0.34678781032562256, 0.3371853530406952, 0.35778501629829407]
val step Loss: [0.2862781286239624, 0.28262460231781006, 0.2804652452468872, 0.31007492542266846, 0.27853095531463623, 0.31662994623184204, 0.3069305419921875, 0.31226208806037903, 0.2928680181503296, 0.3148118853569031, 0.306044340133667, 0.31196025013923645, 0.28242623805999756, 0.29879578948020935, 0.29267197847366333, 0.29913508892059326, 0.3034760355949402, 0.3394901156425476, 0.3076409697532654, 0.3073696494102478, 0.32440605759620667, 0.3222498595714569, 0.33064520359039307, 0.3087994456291199, 0.26938068866729736]
Train step Accs: [0.9530267020830421, 0.9502407704654896, 0.9566715903495815, 0.9511169513797635, 0.9508064516129032, 0.9567858382506075, 0.9632330127210673, 0.9535065952722999, 0.9486849628359062, 0.9599794106292626, 0.9510994420741713, 0.9499375780274657, 0.958183804025589, 0.955612785941524, 0.9470264161604747, 0.9618892064788349, 0.9633313539192399, 0.9566755083996463, 0.951128487648836, 0.9513048157115954, 0.9485243651338366, 0.9474902100391599, 0.9480973510824257, 0.9533390410958904, 0.9471947194719472, 0.961843466268245, 0.9610967024824009, 0.9511494252873564, 0.9465648854961832, 0.9602571595558154, 0.9461422502398246, 0.9417798324183762, 0.954957633417571, 0.9578847371754274, 0.942645827518839, 0.9516633494455502, 0.9600282485875706, 0.9577645051194539, 0.9486506746626686, 0.9570618743215535, 0.9543609127817444, 0.9511181718196261, 0.9562294378486625, 0.9566478400244237, 0.9555478381663484, 0.9504511393179386, 0.9524509803921568, 0.9516480325250471, 0.9475875933371626, 0.9528901286223462, 0.9478970495919649, 0.9517684887459807, 0.9486205187510326, 0.9563796533105996, 0.9670207705723799, 0.9546920595914606, 0.9581954887218045, 0.9445843828715366, 0.9456451404167205, 0.9485994016861572, 0.960352422907489, 0.9512268102932376, 0.9599669148056245, 0.9443907156673114, 0.9674012855831038, 0.9538279982298274, 0.9619708994708994, 0.9425021670037561, 0.9573259539761142, 0.952755905511811, 0.9595573165733023, 0.9589132762312634, 0.9491766941101963, 0.9592660550458716, 0.9562849162011173, 0.9508640120210368, 0.9515876406094261, 0.9581807670071305, 0.9481428315090615, 0.9544344995931652, 0.9617536099908938, 0.9532838691948338, 0.9540229885057471, 0.9481626379768059, 0.9542193817660102, 0.9503085931318247, 0.9523035230352304, 0.9457033549146556, 0.9493782004389173, 0.9570026268491636, 0.9580994112008764, 0.9616514360313316, 0.9589603283173734, 0.9621647509578544, 0.9493483810291549, 0.9519259933272672, 0.9562885492089032, 0.9492221896096272]
val step Accs: [0.9613095238095238, 0.9613276040894947, 0.9648416532474503, 0.9609628336243452, 0.9639730156451845, 0.9529957928333092, 0.9556982872200264, 0.957757789913267, 0.9628308058281296, 0.9534076110548401, 0.9580955241814358, 0.9594779177416907, 0.9647019647019647, 0.9577043790165894, 0.9629116651277316, 0.9579821200510855, 0.9587908170540425, 0.9524829340115112, 0.9572192513368984, 0.9576129392080313, 0.9560075003605942, 0.9557254110181713, 0.950962962962963, 0.958656330749354, 0.9675527756059421]
Preds: [17, 296, 345, 387, 274, 122, 122, 314, 32, 239, 384, 371, 374, 132, 274, 416, 143, 129, 129, 259, 354, 109, 374, 374, 468, 468, 313, 467, 337, 337, 236, 314, 196, 199, 398, 324, 301, 339, 10, 10, 331, 398, 153, 153, 182, 387, 387, 497, 497, 122, 416, 32, 239, 144, 27, 106, 153, 387, 387, 387, 387, 406, 413, 250, 250, 250, 250, 250, 250, 250, 122, 195, 195, 195, 195, 98, 48, 48, 197, 414, 414, 197, 197, 244, 392, 80, 73, 73, 392, 209, 287, 287, 284, 284, 481, 43, 43, 43, 276, 276, 276, 346, 346, 284, 206, 206, 206, 175, 251, 251, 251, 251, 241, 431, 431, 428, 428, 428, 146, 146, 146, 358, 358, 186, 54, 54, 482, 172, 115, 273, 273, 106, 153, 182, 182, 182, 182, 375, 375, 98, 98, 13, 13, 13, 78, 170, 244, 244, 28, 392, 63, 63, 63, 63, 63, 63, 63, 63, 63, 244, 128, 128, 251, 12, 260, 260, 260, 260, 244, 392, 63, 63, 73, 73, 73, 244, 244, 287, 287, 284, 284, 284, 293, 43, 43, 43, 276, 276, 346, 346, 284, 284, 206, 206, 175, 251, 251, 241, 431, 428, 428, 428, 146, 146, 358, 186, 54, 342, 342, 224, 273, 494, 302, 497, 399, 399, 70, 70, 65, 65, 284, 284, 284, 215, 406, 406, 406, 406, 406, 406, 406, 413, 413, 413, 413, 413, 10, 10, 219, 398, 398, 324, 339, 10, 10, 250, 132, 132, 109, 467, 278, 171, 171, 301, 416, 416, 32, 239, 354, 354, 278, 403, 171, 171, 171, 37, 314, 314, 239, 384, 371, 106, 84, 106, 497, 43, 43, 43, 276, 276, 276, 153, 153, 182, 182, 182, 182, 98, 98, 197, 197, 197, 226, 82, 209, 287, 287, 284, 206, 240, 167, 35, 77, 77, 68, 115, 168, 180, 180, 315, 113, 450, 43, 43, 43, 276, 276, 346, 346, 284, 206, 240, 175, 251, 241, 431, 428, 428, 146, 146, 146, 186, 31, 54, 54, 482, 224, 273, 494, 273, 203, 399, 217, 217, 473, 473, 278, 443, 278, 31, 31, 54, 54, 172, 172, 115, 273, 273, 302, 302, 426, 375, 375, 375, 98, 98, 229, 229, 247, 126, 126, 326, 101, 101, 149, 228, 244, 320, 219, 152, 152, 116, 94, 94, 199, 374, 346, 355, 171, 171, 416, 416, 32, 239, 354, 180, 278, 278, 178, 143, 143, 458, 458, 208, 100, 100, 125, 497, 53, 76, 129, 259, 354, 106, 499, 265, 428, 85, 167, 313, 285, 337, 337, 324, 422, 422, 143, 36, 259, 384, 114, 106, 106, 302, 387, 375, 98, 98, 35, 229, 414, 247, 312, 312, 23, 23, 23, 201, 391, 228, 244, 320, 7, 7, 479, 250, 250, 250, 276, 138, 138, 387, 387, 215, 215, 35, 35, 35, 259, 354, 346, 206, 206, 240, 240, 24, 24, 384, 180, 180, 284, 319, 319, 388, 348, 94, 195, 195, 195, 250, 250, 132, 76, 36, 162, 68, 68, 68, 68, 115, 267, 267, 213, 213, 213, 246, 3, 3, 14, 14, 440, 145, 145, 460, 460, 215, 35, 35, 35, 384, 127, 470, 278, 171, 37, 359, 359, 251, 359, 41, 41, 41, 246, 246, 246, 19, 19, 19, 454, 454, 414, 414, 414, 170, 392, 392, 244, 392, 392, 392, 73, 244, 320, 7, 309, 479, 398, 324, 301, 301, 8, 32, 354, 354, 180, 443, 443, 403, 146, 438, 301, 378, 43, 364, 276, 109, 109, 428, 428, 240, 240, 24, 24, 384, 219, 219, 324, 301, 10, 10, 309, 331, 331, 106, 84, 153, 426, 426, 182, 182]

ep368
Train step Loss: [0.30823835730552673, 0.3557283282279968, 0.3781038224697113, 0.29812610149383545, 0.32870322465896606, 0.33198410272598267, 0.34644725918769836, 0.34606343507766724, 0.34679561853408813, 0.3481278121471405, 0.32260414958000183, 0.2950328588485718, 0.336208313703537, 0.32377174496650696, 0.2969664931297302, 0.3345189094543457, 0.32281380891799927, 0.3097570538520813, 0.3478475511074066, 0.3301519453525543, 0.31899744272232056, 0.3594382405281067, 0.3646632730960846, 0.3110853433609009, 0.37939947843551636, 0.34768790006637573, 0.34636572003364563, 0.33208298683166504, 0.31489333510398865, 0.36323288083076477, 0.319119393825531, 0.32938331365585327, 0.3501100540161133, 0.3175002932548523, 0.30682700872421265, 0.36316558718681335, 0.35267457365989685, 0.2969149649143219, 0.30859389901161194, 0.2933058440685272, 0.30709174275398254, 0.3275977075099945, 0.300199955701828, 0.33916112780570984, 0.2904813885688782, 0.34217554330825806, 0.32555097341537476, 0.3629828691482544, 0.3174792528152466, 0.29834774136543274, 0.34372058510780334, 0.33525896072387695, 0.37062981724739075, 0.3573852479457855, 0.3081783950328827, 0.30590903759002686, 0.3280729353427887, 0.3340745270252228, 0.34822988510131836, 0.3138408362865448, 0.2925247848033905, 0.34080538153648376, 0.32571446895599365, 0.35088661313056946, 0.3291681706905365, 0.327848345041275, 0.340574711561203, 0.30994653701782227, 0.34468626976013184, 0.3337438702583313, 0.3313911259174347, 0.28764063119888306, 0.34193122386932373, 0.3374285101890564, 0.3294360041618347, 0.3528788089752197, 0.335440993309021, 0.3349746763706207, 0.38833972811698914, 0.3166690766811371, 0.32260996103286743, 0.3160687983036041, 0.31511273980140686, 0.32323452830314636, 0.31154870986938477, 0.3429011404514313, 0.34099599719047546, 0.3064518868923187, 0.3524725139141083, 0.35827746987342834, 0.3191998302936554, 0.34855756163597107, 0.3483983874320984, 0.3421041667461395, 0.30246153473854065, 0.3413848280906677, 0.3011208176612854, 0.29404354095458984]
val step Loss: [0.28390783071517944, 0.311370313167572, 0.3288457989692688, 0.29653844237327576, 0.2951110601425171, 0.292699933052063, 0.3181847929954529, 0.3119894564151764, 0.2812366485595703, 0.3064771294593811, 0.28480643033981323, 0.30018332600593567, 0.3039197325706482, 0.30204519629478455, 0.27096253633499146, 0.3036268949508667, 0.27030014991760254, 0.318858802318573, 0.3305301368236542, 0.3078347146511078, 0.3246302604675293, 0.2911606431007385, 0.27517735958099365, 0.302407830953598, 0.2909645140171051]
Train step Accs: [0.9600340136054422, 0.949078564500485, 0.9526443138610439, 0.9635545905707196, 0.9580626107501476, 0.9540336264075274, 0.9491358718561191, 0.9541954328199681, 0.9477611940298507, 0.950507614213198, 0.9584679280110752, 0.963209219858156, 0.9555967841682127, 0.9581307401404646, 0.9609496626881162, 0.9511666666666667, 0.9581978634463539, 0.9599780701754386, 0.9465830083093099, 0.9574345700316365, 0.9579555905925634, 0.9461928934010152, 0.9469731110109659, 0.9593984962406015, 0.9450129830456697, 0.951421266355843, 0.9503865073787773, 0.953236904929083, 0.9560362875087229, 0.9465660851799466, 0.959137909555251, 0.9512566641279513, 0.9476609541454377, 0.9540577300891643, 0.9608561967833491, 0.9486666666666667, 0.948459306342407, 0.9646306818181818, 0.958825072121689, 0.9618309229163561, 0.960045019696117, 0.9560439560439561, 0.9599940511600238, 0.9543779387469818, 0.9623277631193199, 0.9503927844050044, 0.9505849484896106, 0.9496084439904665, 0.9555940792105614, 0.9624168080386272, 0.9534950895436164, 0.9511531299240796, 0.944813829787234, 0.9530642349470296, 0.9590163934426229, 0.9570103961787019, 0.9583277681314278, 0.9527868852459016, 0.9525998731769182, 0.961523712130896, 0.962125748502994, 0.9504522748751182, 0.9533142479630038, 0.9492342109791774, 0.9538482238966631, 0.9521291399944336, 0.9507884028484231, 0.9594124468496328, 0.9485903814262023, 0.9567877629063097, 0.9533371857844554, 0.9604409857328146, 0.9525243832472748, 0.9536997585570232, 0.9555309189455531, 0.9516014234875445, 0.9530192255618738, 0.9536275243081526, 0.9392836342457775, 0.9622388059701492, 0.9556790865384616, 0.9575321852533021, 0.9592422502870264, 0.9577063383492932, 0.9571286141575274, 0.9475585091014158, 0.9504544872615542, 0.9596812001875293, 0.9468723221936589, 0.9505531344284277, 0.9571970160205454, 0.9500577367205543, 0.9519324006095027, 0.9564524694636218, 0.9590825428288263, 0.9531595227574017, 0.9660969848548007, 0.9602194787379973]
val step Accs: [0.9647865378622624, 0.9551156113042164, 0.9589065894279507, 0.9629577065001419, 0.9590567129629629, 0.9596860031931879, 0.9534227240649259, 0.960579363894281, 0.966618911174785, 0.9560439560439561, 0.9654153118533846, 0.9586143470263642, 0.9591083345165412, 0.9571188768502976, 0.9666666666666667, 0.9590668384141978, 0.9675575467325815, 0.9579244721974428, 0.9497566336944575, 0.9550207706632288, 0.9515972894482091, 0.9575193798449613, 0.9690664447218754, 0.9582757667864051, 0.9636951833213515]
Preds: [17, 217, 473, 443, 443, 443, 240, 143, 35, 35, 259, 127, 114, 151, 151, 151, 460, 178, 35, 35, 196, 320, 345, 109, 288, 264, 264, 468, 468, 468, 337, 337, 252, 325, 219, 324, 324, 324, 324, 324, 339, 33, 64, 250, 250, 250, 88, 88, 100, 481, 497, 497, 416, 8, 32, 259, 144, 208, 27, 153, 153, 153, 387, 387, 372, 372, 372, 406, 406, 59, 59, 98, 98, 98, 98, 48, 48, 80, 80, 80, 80, 244, 244, 7, 70, 65, 46, 46, 46, 315, 315, 315, 468, 468, 406, 406, 406, 43, 43, 276, 276, 346, 284, 284, 284, 284, 426, 450, 450, 293, 43, 364, 276, 276, 138, 138, 138, 153, 182, 182, 182, 372, 372, 372, 372, 59, 59, 355, 98, 98, 48, 13, 244, 170, 244, 392, 392, 392, 63, 63, 63, 63, 63, 63, 63, 73, 73, 244, 73, 289, 244, 144, 27, 351, 486, 486, 460, 240, 215, 8, 239, 259, 354, 420, 420, 324, 301, 301, 246, 246, 246, 303, 76, 303, 303, 303, 303, 303, 303, 303, 303, 303, 243, 24, 32, 239, 239, 310, 107, 107, 338, 338, 107, 400, 400, 213, 213, 19, 19, 454, 17, 169, 240, 240, 240, 240, 240, 240, 240, 240, 240, 240, 240, 240, 240, 240, 240, 240, 240, 240, 240, 240, 240, 240, 240, 240, 240, 240, 240, 240, 240, 240, 240, 240, 240, 240, 240, 240, 240, 240, 240, 240, 240, 240, 240, 240, 240, 240, 240, 240, 240, 240, 240, 240, 240, 240, 240, 240, 240, 240, 240, 240, 240, 240, 240, 240, 240, 240, 240, 240, 240, 240, 240, 240, 240, 240, 240, 240, 240, 240, 240, 240, 240, 240, 240, 240, 240, 240, 240, 240, 240, 240, 240, 240, 240, 240, 240, 240, 240, 240, 240, 240, 240, 240, 240, 240, 240, 240, 240, 240, 240, 240, 240, 240, 240, 240, 240, 240, 240, 240, 240, 240, 240, 240, 240, 240, 240, 240, 240, 240, 240, 240, 240, 240, 240, 240, 240, 240, 240, 240, 240, 240, 240, 240, 240, 240, 240, 240, 240, 240, 240, 240, 240, 240, 240, 240, 240, 240, 240, 240, 240, 240, 240, 240, 240, 240, 240, 240, 240, 240, 240, 240, 240, 240, 240, 240, 240, 240, 240, 240, 240, 240, 240, 240, 240, 240, 240, 240, 240, 240, 240, 240, 240, 240, 240, 240, 240, 240, 240, 240, 240, 240, 240, 240, 240, 240, 240, 240, 240, 240, 240, 240, 240, 240, 240, 240, 240, 240, 240, 240, 240, 240, 240, 240, 240, 240, 240, 240, 240, 240, 240, 240, 240, 240, 240, 240, 240, 240, 240, 240, 240, 240, 240, 240, 240, 240, 240, 240, 240, 240, 240, 240, 240, 240, 240, 240, 240, 240, 240, 240, 240, 240, 240, 240, 240, 240, 240, 240, 240, 240, 240, 240, 240, 240, 240, 240, 240, 240, 240, 240, 240, 240, 240, 240, 240, 240, 240, 240, 240, 240, 240, 240, 240, 240, 240, 240, 240, 240, 240, 240, 240, 240, 240, 240, 240, 240, 240, 240, 240, 240, 240, 240, 240, 240, 240, 240, 240, 240, 240, 240, 240, 240, 240, 240, 240, 240, 240, 240, 240, 240, 240, 240, 240, 240, 240, 240, 240, 240, 240, 240, 240, 240, 240, 240, 240, 240, 240, 240, 240, 240, 240, 240, 240, 240, 240, 240, 240, 240, 240, 240, 240, 240, 240, 240, 240, 240, 240, 240, 240, 240, 240, 240, 240, 240, 240, 240, 240, 240, 240, 240, 240, 240, 240, 240, 240, 240, 240, 240, 240, 240, 240, 240, 240, 240, 240, 240, 240, 240, 240, 240]

ep369
Train step Loss: [0.3095918595790863, 0.3440597355365753, 0.27592116594314575, 0.35030317306518555, 0.31575363874435425, 0.3261350095272064, 0.3491608500480652, 0.3652500510215759, 0.33205974102020264, 0.3408943712711334, 0.3502367436885834, 0.2912538945674896, 0.3431689143180847, 0.3448890447616577, 0.3218196928501129, 0.3417908549308777, 0.3239651620388031, 0.32834097743034363, 0.32141587138175964, 0.30957838892936707, 0.3049091696739197, 0.333547979593277, 0.3354249596595764, 0.2914358079433441, 0.35558784008026123, 0.3338998258113861, 0.3281745910644531, 0.33602359890937805, 0.3506944179534912, 0.32647162675857544, 0.3670935332775116, 0.33653271198272705, 0.3542828857898712, 0.31848806142807007, 0.3184448480606079, 0.33619898557662964, 0.34817367792129517, 0.3274019956588745, 0.35491952300071716, 0.35076233744621277, 0.29159781336784363, 0.27524927258491516, 0.27770793437957764, 0.33735591173171997, 0.3560222387313843, 0.28749293088912964, 0.3230046033859253, 0.3054658770561218, 0.2948538362979889, 0.2980654835700989, 0.33573824167251587, 0.3180166482925415, 0.3254588842391968, 0.32025712728500366, 0.3366299271583557, 0.36868855357170105, 0.35234132409095764, 0.34383291006088257, 0.3318139910697937, 0.348538875579834, 0.3350389003753662, 0.3193146884441376, 0.3246103823184967, 0.34404322504997253, 0.34030044078826904, 0.2772907316684723, 0.3305807411670685, 0.31001386046409607, 0.3537199795246124, 0.3251665532588959, 0.3080606162548065, 0.3045845031738281, 0.3011626899242401, 0.308542400598526, 0.2869417667388916, 0.3201853334903717, 0.2872759699821472, 0.3083750605583191, 0.27124127745628357, 0.3782678544521332, 0.3434610366821289, 0.329895943403244, 0.38230100274086, 0.29587268829345703, 0.3022319972515106, 0.28651443123817444, 0.33803024888038635, 0.34155943989753723, 0.32287293672561646, 0.28481343388557434, 0.350309818983078, 0.3247111141681671, 0.33832278847694397, 0.3255675733089447, 0.29580673575401306, 0.2978929877281189, 0.36276453733444214, 0.35658684372901917]
val step Loss: [0.3077009618282318, 0.28354090452194214, 0.3245168626308441, 0.2746780514717102, 0.2981310486793518, 0.2967645525932312, 0.29041188955307007, 0.26799097657203674, 0.3007815182209015, 0.30047228932380676, 0.2895506024360657, 0.28258204460144043, 0.32602256536483765, 0.304120808839798, 0.32672667503356934, 0.31930163502693176, 0.29296740889549255, 0.2820660471916199, 0.28075411915779114, 0.32113808393478394, 0.2709450125694275, 0.2906967103481293, 0.2908262610435486, 0.29239368438720703, 0.27546319365501404]
Train step Accs: [0.9564353625656308, 0.9496900677526309, 0.9696766402790823, 0.9473532796317606, 0.9600421996571278, 0.9553969669937555, 0.9488571789367345, 0.947429567237874, 0.9545704090035685, 0.9517271281977164, 0.9515517483499508, 0.9671880312818769, 0.9498024293867994, 0.9477611940298507, 0.9550599201065246, 0.9507801418439716, 0.9511427625041404, 0.9565619223659889, 0.9561255044916026, 0.960616951182989, 0.9622991347342398, 0.9507936507936507, 0.9547609893630655, 0.9626082991336069, 0.9489183531053733, 0.9528378378378378, 0.9496382465597957, 0.95059575704737, 0.948843728100911, 0.958628841607565, 0.9479952362048432, 0.9555128820611298, 0.9515989628349178, 0.9576204264280074, 0.9545747008107065, 0.9553126506992445, 0.9475452951490356, 0.9568268497330282, 0.9505329324952173, 0.9524375743162902, 0.9593698175787728, 0.964801570607208, 0.9658511722731906, 0.9532012195121952, 0.9479435422674154, 0.9641971908565133, 0.9557471264367816, 0.9629978049545312, 0.9584847637685211, 0.9614195018720495, 0.9534661572052402, 0.9620451693851945, 0.9564217252396167, 0.9565677966101694, 0.952783162558848, 0.9465893483900504, 0.9535686274509804, 0.9506017352364959, 0.9535249535249535, 0.9514608131086721, 0.9522463972873693, 0.9566309444072337, 0.954533189422558, 0.9532107131332688, 0.9550391513008335, 0.9647598754302573, 0.952002355712603, 0.9586000853606488, 0.9478386545788989, 0.9553080920564216, 0.962660278991123, 0.9576114381833474, 0.9600760456273765, 0.9575439081731434, 0.9648845302119582, 0.9546630153658907, 0.9621138211382114, 0.959741483775414, 0.9668316169586733, 0.9428381522100365, 0.9521531100478469, 0.9532842138266185, 0.9453340695748206, 0.9612211221122112, 0.9590087073007367, 0.9641782882143833, 0.9520042194092827, 0.9559817638736048, 0.9571920371201916, 0.9598367346938775, 0.9517219688630287, 0.9561897106109325, 0.9568059107701051, 0.957433290978399, 0.9620369158266789, 0.9614259111465815, 0.9495114006514658, 0.9445552453131233]
val step Accs: [0.9603518079017171, 0.9624608967674662, 0.9569672131147541, 0.9675316034597472, 0.9576719576719577, 0.9576311988444872, 0.9616176470588236, 0.9667213114754099, 0.9586729586729587, 0.9574564723694171, 0.9606142471207166, 0.9624607479303454, 0.9563564875491481, 0.9568891435118877, 0.9540832538925961, 0.9548032612548741, 0.9623184434091532, 0.9621749408983451, 0.9663022315411113, 0.952301127704968, 0.9683176535694521, 0.9613188695403939, 0.9643230332885505, 0.959676210463199, 0.9616636528028933]
Preds: [17, 17, 287, 287, 284, 284, 284, 450, 293, 293, 43, 43, 88, 109, 109, 109, 337, 213, 213, 213, 358, 358, 54, 54, 232, 232, 232, 390, 390, 390, 390, 390, 192, 359, 75, 303, 303, 303, 48, 48, 48, 417, 170, 170, 244, 392, 392, 392, 392, 392, 392, 392, 392, 63, 392, 63, 73, 73, 244, 321, 321, 287, 287, 287, 287, 287, 284, 111, 111, 206, 240, 285, 285, 139, 134, 245, 43, 43, 43, 43, 364, 364, 276, 276, 276, 346, 346, 346, 346, 387, 387, 146, 146, 146, 246, 246, 246, 246, 246, 301, 301, 8, 239, 354, 180, 180, 180, 443, 443, 376, 376, 376, 376, 376, 14, 145, 145, 145, 145, 460, 460, 169, 150, 150, 342, 342, 224, 168, 494, 494, 399, 399, 473, 398, 360, 360, 360, 252, 422, 186, 310, 107, 107, 400, 400, 400, 400, 301, 325, 212, 464, 324, 290, 464, 464, 464, 84, 84, 84, 293, 293, 293, 497, 175, 175, 175, 431, 331, 495, 495, 495, 413, 348, 413, 413, 122, 413, 243, 183, 49, 49, 219, 219, 213, 213, 213, 324, 301, 301, 143, 239, 354, 420, 420, 213, 246, 246, 246, 246, 246, 318, 318, 54, 54, 54, 269, 433, 160, 34, 75, 427, 427, 56, 56, 56, 244, 187, 12, 1, 1, 1, 1, 408, 408, 391, 73, 244, 244, 321, 75, 310, 310, 323, 351, 395, 395, 273, 374, 139, 139, 16, 16, 16, 274, 122, 348, 250, 250, 398, 398, 374, 374, 188, 250, 250, 250, 250, 497, 122, 186, 186, 99, 338, 338, 338, 395, 395, 395, 470, 290, 290, 290, 290, 171, 264, 264, 264, 286, 286, 286, 286, 286, 286, 468, 468, 468, 468, 110, 110, 337, 337, 324, 19, 19, 454, 454, 229, 229, 229, 244, 187, 187, 187, 187, 391, 391, 73, 73, 321, 75, 75, 66, 108, 115, 115, 273, 273, 470, 443, 443, 264, 264, 264, 264, 468, 468, 468, 337, 337, 337, 34, 464, 110, 180, 443, 443, 486, 443, 460, 240, 169, 150, 77, 342, 224, 224, 168, 494, 280, 339, 10, 10, 479, 331, 331, 331, 331, 84, 284, 284, 426, 426, 16, 16, 16, 16, 182, 375, 375, 98, 98, 98, 98, 98, 13, 414, 414, 414, 187, 187, 187, 187, 187, 391, 244, 320, 321, 320, 7, 7, 217, 217, 309, 217, 217, 473, 473, 476, 476, 171, 171, 171, 171, 171, 246, 246, 246, 246, 246, 219, 324, 324, 286, 286, 464, 464, 222, 468, 468, 467, 467, 467, 499, 486, 486, 376, 376, 376, 376, 376, 376, 376, 460, 460, 271, 271, 150, 77, 323, 224, 224, 273, 470, 464, 464, 464, 443, 315, 113, 450, 450, 43, 88, 276, 346, 346, 428, 428, 85, 85, 282, 240, 388, 216, 8, 280, 242, 242, 328, 416, 416, 416, 219, 219, 246, 246, 246, 246, 246, 19, 19, 454, 229, 229, 259, 247, 126, 126, 126, 23, 23, 408, 408, 408, 408, 391, 73, 321, 75, 75, 75, 66, 66, 115, 449, 351, 351, 470, 443, 443, 443, 460, 460, 240, 169, 150, 77, 77, 323, 224, 494, 494, 269, 183, 411, 351, 351, 171, 171, 171, 171, 378, 378, 35, 100, 100, 100, 293, 293, 387, 413, 203, 53, 53, 275, 183, 324, 324, 275, 219, 219, 448, 398, 152, 374, 374, 378, 416, 208, 208, 100, 100, 100, 293, 293, 293, 169, 150, 150, 269, 323, 224, 224, 273, 273, 151, 151, 192, 330, 34, 381, 381, 10, 310, 310, 107, 107, 395, 395, 395, 395, 77, 199, 464, 464, 464, 365, 271, 120, 282]

ep370
Train step Loss: [0.3077920079231262, 0.27589151263237, 0.32536080479621887, 0.3375040590763092, 0.3381475508213043, 0.3579733967781067, 0.35368287563323975, 0.3412500023841858, 0.3455745577812195, 0.31682196259498596, 0.31863781809806824, 0.34161311388015747, 0.3203839063644409, 0.2721003592014313, 0.311583936214447, 0.3157843351364136, 0.31885555386543274, 0.33937346935272217, 0.3327275514602661, 0.31313347816467285, 0.30733945965766907, 0.323438435792923, 0.3242633640766144, 0.32081833481788635, 0.3637111783027649, 0.32397910952568054, 0.3021690547466278, 0.30797871947288513, 0.31627964973449707, 0.322282612323761, 0.3219420909881592, 0.3022575378417969, 0.3104516267776489, 0.3367849588394165, 0.30732855200767517, 0.3438946306705475, 0.3286953866481781, 0.29500332474708557, 0.35920417308807373, 0.3464207947254181, 0.3444252908229828, 0.35806921124458313, 0.3138074278831482, 0.3474416434764862, 0.3370015323162079, 0.3184560239315033, 0.31508198380470276, 0.3261529207229614, 0.3447657525539398, 0.3552318513393402, 0.30898401141166687, 0.2942172586917877, 0.3184218108654022, 0.3026192784309387, 0.3113982677459717, 0.33448633551597595, 0.34095582365989685, 0.3029952943325043, 0.2763083875179291, 0.2914982736110687, 0.3021257519721985, 0.289051353931427, 0.306560754776001, 0.32930001616477966, 0.33962947130203247, 0.3201696574687958, 0.32282525300979614, 0.33390921354293823, 0.3089267909526825, 0.3180758059024811, 0.35374030470848083, 0.3164476454257965, 0.3515282869338989, 0.2979123294353485, 0.3220776319503784, 0.3304700255393982, 0.29902103543281555, 0.27002081274986267, 0.33366280794143677, 0.36482807993888855, 0.30404144525527954, 0.32191944122314453, 0.3174890875816345, 0.3079521059989929, 0.2981550693511963, 0.33752018213272095, 0.3207431435585022, 0.3101646602153778, 0.28373438119888306, 0.2901170253753662, 0.3052603602409363, 0.31837549805641174, 0.30273255705833435, 0.32268065214157104, 0.3283161520957947, 0.3207051455974579, 0.328231543302536, 0.3210154175758362]
val step Loss: [0.2615182399749756, 0.3276911675930023, 0.3112027943134308, 0.28992146253585815, 0.28637585043907166, 0.2909923493862152, 0.28480616211891174, 0.30853894352912903, 0.27954912185668945, 0.29911866784095764, 0.2874841094017029, 0.28713473677635193, 0.32030513882637024, 0.28812336921691895, 0.32040247321128845, 0.3214418590068817, 0.2542963922023773, 0.29229870438575745, 0.2605569362640381, 0.275509774684906, 0.3007288873195648, 0.27355509996414185, 0.27761518955230713, 0.3014984130859375, 0.2717115879058838]
Train step Accs: [0.9606963144294846, 0.9690122659780503, 0.952731737262124, 0.9519158527422991, 0.9549773424937874, 0.951542973731191, 0.9516853932584269, 0.9519600307455803, 0.9516702203269367, 0.9566593285635663, 0.9562755583516829, 0.9506188273534192, 0.954911963139707, 0.9660912453760789, 0.9574555968608013, 0.9541530217326585, 0.9540598290598291, 0.9511806460959004, 0.9554499554499555, 0.9549180327868853, 0.9590841949778435, 0.9572890025575448, 0.9586663336663337, 0.9538306160727168, 0.9493728969103702, 0.954210602340026, 0.9605700712589074, 0.9596350566768039, 0.9613339777670372, 0.9583802024746907, 0.9603812928209711, 0.9622445957950844, 0.9577122488658457, 0.9565884980457845, 0.9608982826948481, 0.949899531145345, 0.9537258021744895, 0.9632125050532273, 0.9485667485667486, 0.9497304582210243, 0.9491884262526464, 0.9490276959340012, 0.957294074704952, 0.9506461369260379, 0.9516446443632275, 0.960562919325806, 0.9584319915811629, 0.9538266919671095, 0.9504492240675197, 0.9479874109657115, 0.9613887591468161, 0.95975935828877, 0.9613162118780096, 0.957400833461954, 0.9573850618603941, 0.9533983588790834, 0.9472696245733788, 0.9627840167145468, 0.9671897289586305, 0.961968047504595, 0.9573503931760629, 0.9661074974323862, 0.9604454046867209, 0.9522189349112427, 0.95040959625512, 0.9540247920916366, 0.9555167902311382, 0.9561279698894378, 0.9602331606217617, 0.9586923466801824, 0.951262738147984, 0.9579566003616636, 0.948171206225681, 0.9583399334706162, 0.9555357142857143, 0.9547664653013114, 0.9606660924490382, 0.966025480889333, 0.9545648161294903, 0.943956570333706, 0.9615937859608745, 0.9561207794139521, 0.9548196479133325, 0.9613378336913163, 0.9596146232017949, 0.9542640022516183, 0.9569973029667366, 0.9576432654257658, 0.9637991927346115, 0.9620427881297446, 0.9617923865711476, 0.9606104651162791, 0.9621345262821537, 0.9555886736214605, 0.9545519919459227, 0.9556344276841171, 0.9588093806374023, 0.9557977596124735]
val step Accs: [0.9663027108433735, 0.9534029104806703, 0.9583705025275052, 0.9588993981083405, 0.9622100954979537, 0.9588037839487336, 0.9609351432880845, 0.95687123202968, 0.9650211565585332, 0.9626233152702515, 0.9591534106228093, 0.9629520729197295, 0.9571312143439282, 0.9636388213030549, 0.9529805760214334, 0.9540778291337408, 0.9701298701298702, 0.962884561106407, 0.9689230769230769, 0.9650214910330517, 0.9628263337116912, 0.9628635346756153, 0.9643318686999225, 0.953869250716528, 0.9583187390542908]
Preds: [17, 17, 345, 100, 153, 387, 387, 387, 274, 313, 236, 314, 239, 32, 239, 239, 384, 371, 106, 106, 106, 496, 387, 387, 387, 387, 98, 225, 225, 225, 225, 82, 186, 66, 232, 232, 232, 172, 172, 115, 273, 273, 267, 444, 444, 213, 252, 173, 173, 173, 280, 280, 420, 324, 324, 324, 3, 3, 14, 14, 14, 82, 411, 145, 145, 145, 111, 111, 85, 146, 146, 146, 464, 464, 434, 290, 434, 434, 434, 434, 434, 339, 33, 76, 76, 36, 108, 108, 66, 68, 68, 68, 68, 115, 115, 267, 41, 41, 19, 19, 454, 454, 78, 170, 170, 392, 392, 392, 392, 392, 392, 244, 392, 392, 244, 73, 289, 320, 7, 217, 217, 473, 473, 476, 171, 171, 252, 236, 24, 239, 239, 310, 107, 107, 107, 107, 400, 400, 213, 213, 213, 246, 19, 19, 454, 454, 414, 170, 170, 170, 392, 392, 392, 392, 392, 392, 392, 392, 392, 73, 244, 244, 320, 345, 276, 153, 424, 387, 387, 293, 143, 129, 129, 458, 82, 144, 144, 27, 27, 437, 125, 426, 426, 98, 98, 98, 98, 48, 13, 414, 417, 417, 155, 155, 155, 155, 155, 345, 276, 43, 276, 182, 387, 122, 122, 24, 239, 239, 239, 131, 371, 374, 374, 132, 132, 132, 98, 98, 98, 17, 169, 240, 240, 240, 240, 240, 240, 240, 240, 240, 240, 240, 240, 240, 240, 240, 240, 240, 240, 240, 240, 240, 240, 240, 240, 240, 240, 240, 240, 240, 240, 240, 240, 240, 240, 240, 240, 240, 240, 240, 240, 240, 240, 240, 240, 240, 240, 240, 240, 240, 240, 240, 240, 240, 240, 240, 240, 240, 240, 240, 240, 240, 240, 240, 240, 240, 240, 240, 240, 240, 240, 240, 240, 240, 240, 240, 240, 240, 240, 240, 240, 240, 240, 240, 240, 240, 240, 240, 240, 240, 240, 240, 240, 240, 240, 240, 240, 240, 240, 240, 240, 240, 240, 240, 240, 240, 240, 240, 240, 240, 240, 240, 240, 240, 240, 240, 240, 240, 240, 240, 240, 240, 240, 240, 240, 240, 240, 240, 240, 240, 240, 240, 240, 240, 240, 240, 240, 240, 240, 240, 240, 240, 240, 240, 240, 240, 240, 240, 240, 240, 240, 240, 240, 240, 240, 240, 240, 240, 240, 240, 240, 240, 240, 240, 240, 240, 240, 240, 240, 240, 240, 240, 240, 240, 240, 240, 240, 240, 240, 240, 240, 240, 240, 240, 240, 240, 240, 240, 240, 240, 240, 240, 240, 240, 240, 240, 240, 240, 240, 240, 240, 240, 240, 240, 240, 240, 240, 240, 240, 240, 240, 240, 240, 240, 240, 240, 240, 240, 240, 240, 240, 240, 240, 240, 240, 240, 240, 240, 240, 240, 240, 240, 240, 240, 240, 240, 240, 240, 240, 240, 240, 240, 240, 240, 240, 240, 240, 240, 240, 240, 240, 240, 240, 240, 240, 240, 240, 240, 240, 240, 240, 240, 240, 240, 240, 240, 240, 240, 240, 240, 240, 240, 240, 240, 240, 240, 240, 240, 240, 240, 240, 240, 240, 240, 240, 240, 240, 240, 240, 240, 240, 240, 240, 240, 240, 240, 240, 240, 240, 240, 240, 240, 240, 240, 240, 240, 240, 240, 240, 240, 240, 240, 240, 240, 240, 240, 240, 240, 240, 240, 240, 240, 240, 240, 240, 240, 240, 240, 240, 240, 240, 240, 240, 240, 240, 240, 240, 240, 240, 240, 240, 240, 240, 240, 240, 240, 240, 240, 240, 240, 240, 240, 240, 240, 240, 240, 240, 240, 240, 240, 240, 240, 240, 240, 240, 240, 240, 240, 240, 240, 240, 240, 240, 240, 240, 240, 240, 240, 240, 240]

ep371
Train step Loss: [0.31220152974128723, 0.32166802883148193, 0.3230193257331848, 0.30372127890586853, 0.3405112326145172, 0.29072141647338867, 0.340497761964798, 0.31900113821029663, 0.33328330516815186, 0.34275293350219727, 0.30868861079216003, 0.345827579498291, 0.3049868047237396, 0.35101914405822754, 0.28054776787757874, 0.3381038308143616, 0.2942354083061218, 0.3332661986351013, 0.3001147210597992, 0.2953643202781677, 0.2632043957710266, 0.3339708149433136, 0.317425012588501, 0.3413223922252655, 0.3092445433139801, 0.3395433723926544, 0.27791401743888855, 0.31092625856399536, 0.30180472135543823, 0.3536281883716583, 0.3085150122642517, 0.308173269033432, 0.31535589694976807, 0.3542410731315613, 0.35441938042640686, 0.3195352852344513, 0.31356844305992126, 0.3126465380191803, 0.30775028467178345, 0.3427307605743408, 0.3152711093425751, 0.33318328857421875, 0.34374046325683594, 0.27996426820755005, 0.3387982249259949, 0.3022749423980713, 0.2960415482521057, 0.3160790205001831, 0.31772106885910034, 0.3417142629623413, 0.2886482775211334, 0.33567550778388977, 0.3354184329509735, 0.3022480010986328, 0.30546385049819946, 0.2923267185688019, 0.3028700351715088, 0.3428906500339508, 0.314905047416687, 0.30526238679885864, 0.2909966707229614, 0.32379984855651855, 0.2992783188819885, 0.2994551956653595, 0.3389366865158081, 0.29157355427742004, 0.3084475100040436, 0.2904554605484009, 0.3291660249233246, 0.3117602467536926, 0.33739835023880005, 0.2841798663139343, 0.33437463641166687, 0.294908344745636, 0.3090997636318207, 0.33272257447242737, 0.3114658296108246, 0.3244114816188812, 0.31359735131263733, 0.33793607354164124, 0.28556278347969055, 0.2834837734699249, 0.3337460160255432, 0.2964547574520111, 0.35895806550979614, 0.27340972423553467, 0.32402503490448, 0.3056943118572235, 0.3206382393836975, 0.32515236735343933, 0.30779311060905457, 0.32272854447364807, 0.3009105324745178, 0.30488044023513794, 0.3202725350856781, 0.36207160353660583, 0.3259570598602295, 0.28311216831207275]
val step Loss: [0.2985156178474426, 0.30694907903671265, 0.27731791138648987, 0.2903856039047241, 0.306478351354599, 0.28179746866226196, 0.2709808647632599, 0.29827681183815, 0.28323376178741455, 0.2601129412651062, 0.2686717212200165, 0.2941756546497345, 0.29048341512680054, 0.2916240096092224, 0.2972237467765808, 0.2472565472126007, 0.32806992530822754, 0.28300413489341736, 0.2715875506401062, 0.2720186710357666, 0.2960425019264221, 0.2730785012245178, 0.3199304938316345, 0.2794027626514435, 0.2994036376476288]
Train step Accs: [0.9599788667283053, 0.9566767205922676, 0.9553089382123575, 0.9564339296018465, 0.9528325430496631, 0.9642547033285094, 0.9552447552447553, 0.9564440780434185, 0.9489932885906041, 0.954686617730096, 0.9601903251387788, 0.95072, 0.9593258113943446, 0.9513985571446653, 0.9638469142776444, 0.9525535939470365, 0.9627329192546584, 0.9537629119527792, 0.9629629629629629, 0.9616190936945654, 0.9691804172916951, 0.9515384615384616, 0.9567134268537074, 0.9539463941951725, 0.959894165158056, 0.9498353973977113, 0.9638184461314812, 0.9580530973451328, 0.9614923584057536, 0.946524064171123, 0.9588173178458289, 0.9601621470506011, 0.958006718924972, 0.9500780031201248, 0.9489749430523918, 0.9578695223333803, 0.9586216072378925, 0.9589288013389983, 0.9611794941160557, 0.9568704330778828, 0.9585200358468826, 0.9504753795941535, 0.9515892420537897, 0.9606444796619124, 0.9531274012601814, 0.9621823617339312, 0.9601532567049809, 0.9585037989479837, 0.9562386432465173, 0.9481307766588495, 0.9628671435093593, 0.9530933458002182, 0.954565901934323, 0.9609141669912998, 0.962223806129722, 0.9620685129282058, 0.9609492340042055, 0.9492113564668769, 0.9583655581335395, 0.9590357882283348, 0.9641457912857652, 0.9617561572586814, 0.9640829074389552, 0.9597832287507131, 0.9493630573248407, 0.9624591947769314, 0.9585537918871252, 0.9609148318825739, 0.9540484867691332, 0.9584905660377359, 0.9545123195801137, 0.9652669039145908, 0.9503626107977438, 0.9621663643430941, 0.9600054787015477, 0.9531122587659691, 0.9598584675451439, 0.9545260156806843, 0.9586972612879349, 0.954118028534371, 0.9648333098888733, 0.964544513457557, 0.9503056905471077, 0.9608025511559926, 0.9454828660436138, 0.9691923397169026, 0.9541093032957864, 0.9557760453579022, 0.9589371980676329, 0.9585433467741935, 0.9628693106201757, 0.9561346078302999, 0.9631228638244288, 0.9596928982725528, 0.9544087383251544, 0.9437590129786894, 0.9565090057109387, 0.9614121510673235]
val step Accs: [0.9573309123921925, 0.9612403100775194, 0.9650191191049426, 0.9626721585789677, 0.9579676674364896, 0.9632856253889235, 0.9620832103865447, 0.9566186302183926, 0.9639479905437353, 0.9690834473324214, 0.9676141022137196, 0.9565286120771419, 0.9621769885953515, 0.9597069597069597, 0.9590758079130172, 0.97192096270985, 0.9551556276736982, 0.9606274007682458, 0.9614789603960396, 0.9661039131003796, 0.9588770264926848, 0.9610865445356918, 0.9577880962431405, 0.9651465233223513, 0.9591208791208791]
Preds: [17, 17, 287, 387, 293, 122, 416, 8, 8, 259, 208, 27, 106, 106, 481, 387, 387, 387, 348, 348, 250, 250, 250, 250, 250, 250, 250, 250, 250, 53, 250, 413, 413, 413, 122, 117, 335, 14, 259, 287, 287, 287, 287, 284, 284, 206, 206, 167, 169, 150, 150, 150, 164, 219, 219, 219, 152, 106, 153, 153, 424, 424, 497, 497, 43, 43, 43, 364, 276, 250, 70, 70, 65, 387, 242, 348, 348, 348, 348, 122, 195, 195, 117, 117, 414, 414, 414, 414, 414, 80, 80, 244, 321, 209, 83, 83, 83, 145, 403, 403, 403, 403, 146, 146, 378, 378, 43, 345, 100, 100, 100, 497, 497, 497, 497, 122, 10, 10, 309, 374, 374, 374, 374, 374, 374, 132, 132, 132, 132, 132, 122, 239, 280, 219, 420, 213, 213, 213, 213, 213, 360, 246, 434, 246, 246, 246, 19, 454, 454, 414, 414, 414, 414, 187, 187, 187, 187, 47, 201, 201, 201, 201, 201, 102, 102, 373, 310, 310, 107, 107, 400, 400, 485, 485, 286, 374, 374, 468, 180, 180, 84, 284, 284, 450, 450, 450, 450, 413, 35, 53, 250, 250, 65, 250, 374, 413, 250, 413, 98, 117, 47, 47, 197, 414, 414, 208, 208, 217, 234, 234, 234, 261, 261, 25, 148, 148, 148, 148, 148, 148, 182, 182, 182, 182, 182, 182, 182, 375, 98, 98, 35, 414, 312, 312, 225, 149, 149, 228, 102, 320, 188, 188, 188, 188, 290, 94, 94, 64, 64, 271, 271, 31, 31, 342, 232, 68, 115, 115, 115, 267, 267, 444, 444, 444, 374, 246, 246, 246, 246, 301, 301, 216, 127, 114, 114, 180, 284, 178, 284, 405, 206, 206, 206, 167, 167, 35, 35, 35, 35, 225, 225, 225, 80, 321, 209, 411, 411, 297, 297, 297, 297, 182, 182, 497, 497, 497, 43, 58, 441, 441, 441, 153, 153, 153, 182, 182, 182, 182, 182, 182, 182, 182, 182, 182, 375, 98, 98, 98, 414, 414, 312, 312, 312, 187, 187, 47, 244, 392, 392, 244, 102, 102, 7, 7, 7, 7, 32, 239, 36, 54, 54, 107, 395, 400, 213, 213, 213, 213, 213, 213, 246, 246, 246, 246, 246, 19, 454, 454, 454, 414, 414, 414, 170, 170, 170, 170, 392, 392, 392, 392, 392, 392, 392, 392, 321, 373, 155, 155, 66, 66, 68, 68, 115, 26, 251, 251, 241, 241, 431, 431, 284, 376, 376, 376, 460, 169, 169, 169, 150, 150, 436, 436, 436, 196, 161, 225, 225, 225, 7, 7, 239, 219, 219, 213, 213, 213, 213, 213, 213, 324, 3, 3, 3, 14, 188, 188, 188, 403, 403, 403, 403, 403, 171, 171, 207, 207, 207, 37, 37, 37, 37, 385, 414, 414, 414, 414, 414, 170, 170, 170, 392, 392, 392, 392, 392, 392, 392, 392, 392, 321, 321, 320, 188, 451, 30, 30, 213, 213, 213, 422, 422, 186, 349, 9, 9, 395, 26, 26, 251, 114, 114, 431, 431, 486, 284, 284, 284, 284, 284, 284, 284, 284, 284, 284, 206, 206, 206, 206, 167, 167, 17, 169, 240, 240, 240, 240, 240, 240, 240, 240, 240, 240, 240, 240, 240, 240, 240, 240, 240, 240, 240, 240, 240, 240, 240, 240, 240, 240, 240, 240, 240, 240, 240, 240, 240, 240, 240, 240, 240, 240, 240, 240, 240, 240, 240, 240, 240, 240, 240, 240, 240, 240, 240, 240, 240, 240, 240, 240, 240, 240, 240, 240, 240, 240, 240, 240, 240, 240, 240, 240, 240, 240, 240, 240, 240, 240, 240, 240, 240, 240, 240, 240, 240, 240, 240, 240, 240, 240, 240, 240]

ep372
Train step Loss: [0.323210209608078, 0.3124607801437378, 0.29541534185409546, 0.3273308575153351, 0.30133625864982605, 0.34568673372268677, 0.29010477662086487, 0.27817320823669434, 0.2974787652492523, 0.30652615427970886, 0.2898472845554352, 0.2937125563621521, 0.3519194722175598, 0.2858507037162781, 0.2678537666797638, 0.32273411750793457, 0.326791912317276, 0.27933257818222046, 0.300603985786438, 0.3071915805339813, 0.3124428987503052, 0.3074563145637512, 0.32049086689949036, 0.35355228185653687, 0.28991663455963135, 0.31467777490615845, 0.304291307926178, 0.33888545632362366, 0.3122178912162781, 0.2723991274833679, 0.3225744962692261, 0.3417692482471466, 0.3034643530845642, 0.307672381401062, 0.337510883808136, 0.28535211086273193, 0.34227094054222107, 0.296110063791275, 0.32928961515426636, 0.3409052789211273, 0.30896803736686707, 0.32006075978279114, 0.3657580018043518, 0.3294491171836853, 0.3456362783908844, 0.3517410457134247, 0.29990363121032715, 0.3189215064048767, 0.32252585887908936, 0.2955419719219208, 0.2913118898868561, 0.2910730242729187, 0.3010155260562897, 0.2971963882446289, 0.30585697293281555, 0.300849586725235, 0.34331759810447693, 0.3520392179489136, 0.27937063574790955, 0.31035611033439636, 0.28044262528419495, 0.3025195896625519, 0.27876418828964233, 0.3339431881904602, 0.3084307312965393, 0.3459289073944092, 0.33030965924263, 0.29393836855888367, 0.28097617626190186, 0.3153769075870514, 0.3161701261997223, 0.30931034684181213, 0.3524349629878998, 0.31309616565704346, 0.29023507237434387, 0.30467596650123596, 0.29427820444107056, 0.29940664768218994, 0.32777541875839233, 0.2995629906654358, 0.30164217948913574, 0.3346576690673828, 0.30097007751464844, 0.29371771216392517, 0.29355111718177795, 0.27840128540992737, 0.3486447036266327, 0.31762421131134033, 0.35642287135124207, 0.27902740240097046, 0.2798733711242676, 0.3122290372848511, 0.30625247955322266, 0.32639941573143005, 0.329037070274353, 0.3282149136066437, 0.3025333881378174, 0.31212317943573]
val step Loss: [0.2900457978248596, 0.2692376375198364, 0.2751004099845886, 0.25596582889556885, 0.25018516182899475, 0.2861524522304535, 0.2867662310600281, 0.2924255132675171, 0.2830507159233093, 0.2845122218132019, 0.2864949107170105, 0.3068442940711975, 0.27601638436317444, 0.270413875579834, 0.29177406430244446, 0.27107053995132446, 0.2962225675582886, 0.28498420119285583, 0.30665141344070435, 0.2688257098197937, 0.27029579877853394, 0.26276695728302, 0.30103734135627747, 0.3140449523925781, 0.25239405035972595]
Train step Accs: [0.9547307746379868, 0.9597910592808552, 0.9593298009451525, 0.9556135770234987, 0.9619072638907132, 0.9522493474589283, 0.9609770628537384, 0.9645325335767375, 0.9629238884702336, 0.9584408529132147, 0.9634111207144915, 0.961636065084341, 0.9504991680532446, 0.9658692671034588, 0.9659727207465901, 0.9571795603768198, 0.9565284178187404, 0.9605070697220868, 0.962947937795808, 0.9548387096774194, 0.9622692359520281, 0.9581347417235605, 0.9530502825677438, 0.9498583569405099, 0.9625067677314564, 0.9556162022407354, 0.9617486338797814, 0.9525218371372217, 0.957583932853717, 0.9665292868739853, 0.9525504151838672, 0.9534326313987331, 0.9613722665968312, 0.9578977112178582, 0.9576489533011272, 0.9641090678503488, 0.9522856703093736, 0.9629301619433198, 0.9583766909469302, 0.9518298857225517, 0.9618006430868167, 0.9560017717407353, 0.944912012241775, 0.9509586539715664, 0.9551604174719752, 0.9471526195899772, 0.9642040102274256, 0.9572147651006712, 0.9572033898305085, 0.9636933524879195, 0.9641822892851699, 0.9619649122807018, 0.9606031789159082, 0.9637603157517043, 0.9628712871287128, 0.9596322941646682, 0.9500063443725415, 0.9517301038062284, 0.966615502686109, 0.9630837657524092, 0.9650205761316872, 0.960370887844532, 0.9658558694666868, 0.9541160593792173, 0.9595102267983859, 0.9445407279029463, 0.955820895522388, 0.9585083151352259, 0.9679504814305364, 0.9583919032892887, 0.9578157668183496, 0.9587750294464076, 0.9533079418817887, 0.9601036269430052, 0.960480862235733, 0.9586752200507236, 0.9630303879008543, 0.9608749229821318, 0.9562696703660759, 0.961054444297258, 0.9600544711756696, 0.9538546559823156, 0.9618346739688516, 0.9604754007739082, 0.9641648723469701, 0.9645935552314017, 0.9488479262672811, 0.955681016231475, 0.9479901558654635, 0.9595726248917124, 0.9655630900146257, 0.9584845405719262, 0.9568882133480724, 0.951118119266055, 0.9535245091114565, 0.9560065377281395, 0.9580320247933884, 0.9597610814209369]
val step Accs: [0.95706311721769, 0.9643054786939679, 0.9660151691948659, 0.9710024855012428, 0.9709568939162335, 0.9640266898752539, 0.9619151251360174, 0.9660946002511511, 0.9622723330442324, 0.9619976703552708, 0.9640737770649559, 0.9561832061068702, 0.965076660988075, 0.964724364467295, 0.9623050847457627, 0.9653001259269623, 0.9636880328386486, 0.9629416005767845, 0.9585166561910748, 0.9633039945836155, 0.9662936869733388, 0.966546862040365, 0.9598581560283688, 0.9572184651573067, 0.9704225352112676]
Preds: [17, 17, 287, 145, 486, 486, 460, 460, 169, 169, 150, 183, 164, 449, 261, 25, 494, 494, 378, 378, 88, 88, 387, 413, 348, 94, 398, 398, 360, 360, 434, 434, 434, 339, 10, 64, 398, 398, 398, 398, 286, 360, 360, 360, 360, 360, 360, 246, 246, 246, 246, 246, 19, 19, 454, 454, 454, 414, 414, 414, 414, 414, 80, 80, 80, 80, 80, 320, 320, 188, 188, 188, 188, 188, 340, 340, 339, 339, 339, 33, 250, 250, 43, 43, 43, 364, 276, 109, 109, 109, 278, 278, 139, 139, 139, 139, 293, 293, 497, 497, 122, 122, 280, 280, 280, 420, 420, 420, 360, 171, 171, 171, 434, 434, 19, 19, 19, 19, 454, 454, 48, 48, 414, 414, 102, 102, 102, 170, 47, 82, 47, 128, 244, 73, 321, 320, 7, 7, 7, 309, 309, 309, 473, 398, 213, 213, 213, 246, 246, 246, 246, 246, 246, 246, 246, 246, 246, 19, 19, 454, 454, 454, 197, 197, 197, 7, 7, 7, 219, 219, 219, 219, 219, 219, 395, 286, 286, 286, 264, 468, 468, 468, 406, 406, 380, 380, 499, 499, 315, 315, 315, 315, 450, 450, 450, 413, 348, 348, 53, 250, 250, 138, 138, 153, 153, 182, 497, 122, 186, 186, 99, 99, 99, 234, 234, 234, 234, 155, 25, 25, 494, 374, 374, 132, 250, 132, 375, 98, 98, 98, 98, 197, 197, 239, 239, 188, 188, 188, 378, 173, 242, 186, 31, 31, 453, 323, 323, 168, 168, 168, 444, 444, 444, 444, 324, 464, 318, 162, 162, 162, 77, 36, 36, 66, 172, 172, 115, 273, 273, 273, 486, 486, 460, 460, 460, 215, 35, 35, 35, 259, 441, 276, 276, 276, 182, 182, 182, 182, 182, 182, 182, 182, 182, 182, 182, 375, 98, 98, 98, 98, 98, 13, 129, 259, 209, 209, 287, 287, 481, 481, 426, 426, 98, 98, 98, 98, 263, 263, 17, 169, 240, 240, 240, 240, 240, 240, 240, 240, 240, 240, 240, 240, 240, 240, 240, 240, 240, 240, 240, 240, 240, 240, 240, 240, 240, 240, 240, 240, 240, 240, 240, 240, 240, 240, 240, 240, 240, 240, 240, 240, 240, 240, 240, 240, 240, 240, 240, 240, 240, 240, 240, 240, 240, 240, 240, 240, 240, 240, 240, 240, 240, 240, 240, 240, 240, 240, 240, 240, 240, 240, 240, 240, 240, 240, 240, 240, 240, 240, 240, 240, 240, 240, 240, 240, 240, 240, 240, 240, 240, 240, 240, 240, 240, 240, 240, 240, 240, 240, 240, 240, 240, 240, 240, 240, 240, 240, 240, 240, 240, 240, 240, 240, 240, 240, 240, 240, 240, 240, 240, 240, 240, 240, 240, 240, 240, 240, 240, 240, 240, 240, 240, 240, 240, 240, 240, 240, 240, 240, 240, 240, 240, 240, 240, 240, 240, 240, 240, 240, 240, 240, 240, 240, 240, 240, 240, 240, 240, 240, 240, 240, 240, 240, 240, 240, 240, 240, 240, 240, 240, 240, 240, 240, 240, 240, 240, 240, 240, 240, 240, 240, 240, 240, 240, 240, 240, 240, 240, 240, 240, 240, 240, 240, 240, 240, 240, 240, 240, 240, 240, 240, 240, 240, 240, 240, 240, 240, 240, 240, 240, 240, 240, 240, 240, 240, 240, 240, 240, 240, 240, 240, 240, 240, 240, 240, 240, 240, 240, 240, 240, 240, 240, 240, 240, 240, 240, 240, 240, 240, 240, 240, 240, 240, 240, 240, 240, 240, 240, 240, 240, 240, 240, 240, 240, 240, 240, 240, 240, 240, 240, 240, 240, 240, 240, 240, 240, 240, 240, 240, 240, 240, 240, 240, 240, 240, 240, 240, 240, 240, 240, 240]

ep373
Train step Loss: [0.31519168615341187, 0.30636000633239746, 0.2798612117767334, 0.2792355418205261, 0.32403847575187683, 0.296425461769104, 0.31226587295532227, 0.33170390129089355, 0.3150120675563812, 0.2954486310482025, 0.3037705421447754, 0.2839374542236328, 0.296259343624115, 0.33189088106155396, 0.31690192222595215, 0.3127966821193695, 0.28712576627731323, 0.28257259726524353, 0.3001249432563782, 0.3087581694126129, 0.30113500356674194, 0.30566489696502686, 0.30203360319137573, 0.29993298649787903, 0.3194914162158966, 0.27384862303733826, 0.32632380723953247, 0.30702081322669983, 0.3230859041213989, 0.27783432602882385, 0.25722718238830566, 0.31195178627967834, 0.2912784814834595, 0.28918027877807617, 0.2946533262729645, 0.2919841408729553, 0.33470359444618225, 0.3299020826816559, 0.2975579798221588, 0.32760682702064514, 0.30885049700737, 0.336307555437088, 0.31408384442329407, 0.35332179069519043, 0.33872368931770325, 0.36219438910484314, 0.3020440340042114, 0.31536099314689636, 0.2616560757160187, 0.3069414794445038, 0.28515496850013733, 0.3057638108730316, 0.28647780418395996, 0.3163764178752899, 0.3499234616756439, 0.30633869767189026, 0.322585791349411, 0.3223988711833954, 0.3548769950866699, 0.3110930621623993, 0.3023255169391632, 0.2843400537967682, 0.29995980858802795, 0.32291683554649353, 0.31129810214042664, 0.31441590189933777, 0.31230229139328003, 0.3455466032028198, 0.33627650141716003, 0.3403317630290985, 0.2768995761871338, 0.3122970163822174, 0.2964751720428467, 0.2744472622871399, 0.3146093189716339, 0.2676711678504944, 0.32515764236450195, 0.29747700691223145, 0.29884782433509827, 0.3280531167984009, 0.2865810990333557, 0.27961015701293945, 0.29284894466400146, 0.34274688363075256, 0.31207752227783203, 0.2880985736846924, 0.27657586336135864, 0.2711641490459442, 0.30828002095222473, 0.314808189868927, 0.32820236682891846, 0.30066996812820435, 0.28523045778274536, 0.3111400306224823, 0.28695210814476013, 0.30421337485313416, 0.2943781614303589, 0.36325037479400635]
val step Loss: [0.30316418409347534, 0.3171839118003845, 0.2548176348209381, 0.2840973138809204, 0.26359322667121887, 0.27782735228538513, 0.28389042615890503, 0.2581081688404083, 0.2638719379901886, 0.2717820405960083, 0.2777249217033386, 0.2673647403717041, 0.2892855107784271, 0.28487956523895264, 0.2960070073604584, 0.26864659786224365, 0.25530314445495605, 0.2873501181602478, 0.25819259881973267, 0.27576595544815063, 0.2802947163581848, 0.3088265359401703, 0.3034038245677948, 0.2644703984260559, 0.26000601053237915]
Train step Accs: [0.9561361457334612, 0.960285132382892, 0.9633675236445983, 0.9605667463298054, 0.954816058617005, 0.9651017864561695, 0.9613079952063003, 0.9525428338319282, 0.9610907881609577, 0.9638966303521662, 0.9574403863567763, 0.9631960596524832, 0.9601236021188935, 0.9555183946488295, 0.9588566478995236, 0.9577939590075513, 0.9651074589127686, 0.9650509041179152, 0.9598018400566172, 0.9608449252962391, 0.9596118167546739, 0.9600780234070221, 0.9623815584782917, 0.9587578845220767, 0.9576533483398987, 0.9673896783844428, 0.9538005306695801, 0.9584867335279929, 0.9588521927449919, 0.9642748091603054, 0.9706875383670964, 0.9578947368421052, 0.9637318979879533, 0.9632031932144194, 0.9595593000648088, 0.9612587412587412, 0.9526840066408412, 0.9524255186398378, 0.9586590499098016, 0.9508834980533094, 0.9565077836623335, 0.9487254187909687, 0.9536479484666013, 0.943706243749107, 0.9475928473177442, 0.9449195535584868, 0.9607570275535764, 0.9585824704681347, 0.9678528708133971, 0.9599213179247603, 0.9619898639637237, 0.9644008203926164, 0.9610547667342799, 0.9570919458303635, 0.9505311558585698, 0.9627938213566152, 0.95509977827051, 0.9552456033959976, 0.9514815456593312, 0.9569435215946844, 0.9569785602726111, 0.9662344678552134, 0.9594816028601222, 0.9565650811734548, 0.9597450519959745, 0.9611158072696534, 0.9569100595424632, 0.953034375442071, 0.955599333232308, 0.9531645569620253, 0.966875703489307, 0.95774231678487, 0.9589338094630787, 0.9648980693938166, 0.9577521459227468, 0.9687455604489275, 0.9549715690794529, 0.9600343053173241, 0.9640581800697199, 0.9575296407715449, 0.9623655913978495, 0.9669937555753791, 0.9654145995747697, 0.9484425349087003, 0.9597701149425287, 0.9644842076724955, 0.9673202614379085, 0.9641324340895157, 0.9584717607973422, 0.9553990610328639, 0.9561068702290076, 0.9608206297193332, 0.9636216653193209, 0.954638525752087, 0.9623783214943435, 0.9549627576649922, 0.9601683029453015, 0.9481157837247406]
val step Accs: [0.9570402493562813, 0.9543878367564684, 0.9671812167596316, 0.9630615640599002, 0.96758669497523, 0.9628257887517147, 0.9601763998396365, 0.9695995714477033, 0.963353692393115, 0.9643426583562835, 0.9628421500496384, 0.967652495378928, 0.9623671782762692, 0.9641609719058466, 0.9614723574906904, 0.9657616892911011, 0.9674713234035268, 0.9606606606606607, 0.9671949870991522, 0.9641051567239636, 0.9632991829853456, 0.9544303797468354, 0.9628215767634855, 0.9662592986184909, 0.968011811023622]
Preds: [17, 17, 296, 70, 65, 65, 284, 284, 284, 284, 426, 319, 319, 348, 348, 348, 348, 195, 406, 495, 331, 302, 302, 138, 375, 375, 375, 98, 98, 98, 98, 197, 401, 401, 321, 321, 320, 320, 109, 109, 109, 286, 286, 286, 286, 468, 468, 468, 468, 337, 337, 337, 337, 360, 360, 360, 339, 339, 324, 324, 324, 464, 464, 464, 464, 301, 58, 250, 199, 134, 302, 138, 153, 153, 182, 497, 98, 98, 98, 14, 14, 411, 411, 297, 297, 297, 293, 293, 122, 122, 14, 411, 106, 106, 284, 284, 284, 284, 426, 426, 426, 426, 348, 348, 348, 406, 195, 195, 250, 42, 303, 303, 303, 182, 182, 375, 375, 375, 98, 98, 98, 48, 48, 13, 170, 170, 170, 82, 170, 102, 28, 28, 28, 2, 2, 2, 2, 2, 244, 2, 392, 63, 63, 63, 63, 63, 392, 63, 73, 73, 244, 244, 321, 320, 320, 320, 7, 7, 30, 324, 324, 464, 464, 464, 464, 180, 180, 315, 315, 315, 315, 315, 315, 315, 450, 450, 450, 206, 169, 35, 35, 35, 401, 226, 226, 320, 320, 345, 153, 153, 153, 153, 387, 122, 186, 186, 99, 99, 338, 338, 338, 338, 338, 400, 400, 400, 213, 324, 246, 246, 246, 3, 3, 3, 14, 14, 287, 287, 284, 284, 460, 460, 215, 215, 35, 259, 441, 100, 100, 497, 497, 122, 122, 310, 310, 107, 395, 395, 395, 153, 153, 153, 153, 387, 387, 98, 98, 8, 8, 8, 276, 100, 100, 375, 375, 375, 98, 98, 98, 98, 13, 13, 170, 170, 170, 170, 128, 28, 28, 2, 2, 2, 2, 2, 2, 244, 2, 2, 2, 73, 73, 73, 73, 321, 321, 320, 320, 7, 30, 30, 324, 324, 301, 301, 378, 8, 345, 106, 284, 284, 284, 206, 206, 169, 150, 150, 232, 232, 232, 172, 172, 115, 273, 273, 273, 273, 470, 486, 428, 428, 428, 146, 146, 146, 146, 146, 358, 186, 183, 36, 225, 397, 397, 441, 345, 100, 387, 141, 141, 162, 162, 54, 232, 232, 494, 38, 125, 186, 77, 342, 342, 342, 224, 224, 444, 444, 444, 444, 324, 301, 301, 422, 203, 197, 225, 226, 320, 320, 7, 7, 241, 241, 241, 431, 431, 431, 265, 428, 428, 428, 428, 85, 146, 146, 146, 299, 150, 368, 368, 191, 349, 433, 433, 68, 68, 68, 224, 26, 444, 444, 444, 444, 213, 213, 246, 246, 246, 246, 246, 246, 246, 246, 246, 324, 301, 301, 8, 354, 354, 106, 284, 284, 405, 206, 169, 150, 150, 150, 150, 86, 68, 68, 115, 224, 224, 494, 494, 251, 251, 241, 431, 431, 265, 428, 428, 428, 428, 146, 146, 146, 146, 358, 358, 186, 310, 436, 436, 196, 196, 221, 336, 441, 441, 100, 100, 387, 293, 186, 162, 162, 54, 224, 224, 224, 494, 494, 38, 271, 54, 433, 433, 160, 224, 168, 168, 494, 303, 303, 303, 303, 442, 17, 169, 240, 240, 240, 240, 240, 240, 240, 240, 240, 240, 240, 240, 240, 240, 240, 240, 240, 240, 240, 240, 240, 240, 240, 240, 240, 240, 240, 240, 240, 240, 240, 240, 240, 240, 240, 240, 240, 240, 240, 240, 240, 240, 240, 240, 240, 240, 240, 240, 240, 240, 240, 240, 240, 240, 240, 240, 240, 240, 240, 240, 240, 240, 240, 240, 240, 240, 240, 240, 240, 240, 240, 240, 240, 240, 240, 240, 240, 240, 240, 240, 240, 240, 240, 240, 240, 240, 240, 240, 240, 240, 240, 240, 240, 240, 240, 240, 240, 240, 240, 240, 240, 240, 240, 240, 240, 240, 240]

ep374
Train step Loss: [0.31095296144485474, 0.3014015257358551, 0.2911655306816101, 0.32359540462493896, 0.3051576614379883, 0.28303584456443787, 0.3057216703891754, 0.28889772295951843, 0.3134097754955292, 0.30057966709136963, 0.3214323818683624, 0.3045883774757385, 0.296512246131897, 0.3051522374153137, 0.2958779036998749, 0.2839398682117462, 0.331275999546051, 0.2793413996696472, 0.2980509102344513, 0.31408748030662537, 0.30339398980140686, 0.31263917684555054, 0.30467134714126587, 0.285206139087677, 0.291593074798584, 0.27345404028892517, 0.2880794107913971, 0.2940506041049957, 0.3237069845199585, 0.3039951026439667, 0.3046558201313019, 0.3026588261127472, 0.2913721203804016, 0.2744949460029602, 0.3187565803527832, 0.29279711842536926, 0.31548914313316345, 0.2772615849971771, 0.2845287024974823, 0.2946793735027313, 0.29361650347709656, 0.30878838896751404, 0.2819472849369049, 0.2773993909358978, 0.2846301198005676, 0.29266658425331116, 0.303477019071579, 0.2887105345726013, 0.30921968817710876, 0.2852817475795746, 0.32492780685424805, 0.291889488697052, 0.33350515365600586, 0.3279912769794464, 0.30287617444992065, 0.29912611842155457, 0.32034558057785034, 0.33199524879455566, 0.28733041882514954, 0.3150186240673065, 0.27844151854515076, 0.3078359365463257, 0.3177567422389984, 0.33598965406417847, 0.2958383858203888, 0.3255685567855835, 0.3253994584083557, 0.30783337354660034, 0.31593430042266846, 0.2858758866786957, 0.30100274085998535, 0.3282923996448517, 0.28380250930786133, 0.32659173011779785, 0.2955641448497772, 0.2944367527961731, 0.3002379238605499, 0.28567299246788025, 0.3381955325603485, 0.3194214999675751, 0.30161672830581665, 0.3195391893386841, 0.30385079979896545, 0.29455944895744324, 0.29354116320610046, 0.29911187291145325, 0.2897368371486664, 0.3112369775772095, 0.3025190234184265, 0.2691039443016052, 0.28317850828170776, 0.2666526436805725, 0.3227617144584656, 0.3046775162220001, 0.3055010437965393, 0.3002620041370392, 0.32006606459617615, 0.3284880518913269]
val step Loss: [0.2770739793777466, 0.29114288091659546, 0.26843348145484924, 0.2865987718105316, 0.2579440474510193, 0.2651531994342804, 0.2575358748435974, 0.2792227566242218, 0.24981214106082916, 0.2881072461605072, 0.26752573251724243, 0.2646651268005371, 0.25738435983657837, 0.27891775965690613, 0.2928332984447479, 0.3116561472415924, 0.2522188425064087, 0.24800199270248413, 0.24832475185394287, 0.2682093679904938, 0.2571178674697876, 0.3109063506126404, 0.27520105242729187, 0.3050195574760437, 0.2774878442287445]
Train step Accs: [0.9542643463253272, 0.9618609683527184, 0.9635297482837528, 0.9548947068867387, 0.9585580033893083, 0.9655026155803761, 0.9608272839337078, 0.9640498899486427, 0.9575861531264619, 0.9594225516972298, 0.9547053031368687, 0.9586466165413534, 0.9598673300165838, 0.9584107474631985, 0.9587512131996118, 0.96696452748443, 0.9534978308026031, 0.9661808405263903, 0.9628189172370878, 0.9569313593539704, 0.961020552799433, 0.9612689514587845, 0.9607719475277497, 0.9612475116124751, 0.9617825971965088, 0.965495706479313, 0.962930885155032, 0.9591462616210554, 0.9549742710120068, 0.9617275280898876, 0.9590211410367796, 0.9584523129640206, 0.9599233829379696, 0.9683208203625709, 0.956268221574344, 0.9616650213886146, 0.9539384028345598, 0.9644438655899974, 0.9621837183718371, 0.9620234816640093, 0.9613298094310753, 0.9592154825301987, 0.9633103448275863, 0.9630618602581219, 0.9648667358947732, 0.9602231028915309, 0.962240663900415, 0.9691761363636363, 0.9589809325428618, 0.9649209486166008, 0.9520927887039838, 0.9612068965517241, 0.9548758743656562, 0.9548206800186306, 0.9594752186588922, 0.9582593250444049, 0.953653719552337, 0.955327545382794, 0.9657351495576464, 0.9562887760857304, 0.967032967032967, 0.9588803924397634, 0.9561606535057863, 0.9553400710188473, 0.9615695792880259, 0.9552732335537766, 0.9568549531649163, 0.9621668099742047, 0.9564182656552135, 0.9625436757512229, 0.962064861648319, 0.9565284653465347, 0.9646405987869402, 0.9532008138988887, 0.9601156069364162, 0.9548748803500615, 0.9613343442001516, 0.9630583086626335, 0.9504439988541965, 0.9594701151237975, 0.9659301737223815, 0.9565490196078431, 0.9635788894997251, 0.9604551130845012, 0.9596821315881734, 0.9571984435797666, 0.9612952188211485, 0.9564774381368267, 0.9621120515921, 0.967736339982654, 0.9611650485436893, 0.9659973226238286, 0.9564547745729488, 0.9608551641071966, 0.9591969756224743, 0.958621625288292, 0.9568640314908972, 0.9563150074294205]
val step Accs: [0.9628790025502976, 0.9644857058650163, 0.9673076923076923, 0.9581673306772909, 0.9634561325639888, 0.9658018867924528, 0.9660902000678196, 0.9651178271867927, 0.9717190975532253, 0.9608671938914645, 0.9672468137590791, 0.9672742930960241, 0.9691221879135421, 0.9643631856213201, 0.9632528522154418, 0.958041958041958, 0.9704808760514204, 0.9735759493670886, 0.9736359791343578, 0.962957385935853, 0.9683890577507599, 0.9579452852153667, 0.9670871393359431, 0.9541504345220257, 0.9610863396838265]
Preds: [17, 17, 287, 481, 293, 215, 17, 17, 17, 17, 441, 441, 125, 125, 387, 387, 122, 219, 219, 219, 152, 152, 152, 374, 374, 374, 139, 139, 139, 139, 293, 280, 43, 43, 276, 100, 100, 153, 297, 297, 182, 182, 182, 182, 182, 293, 293, 293, 497, 122, 197, 197, 321, 7, 147, 280, 380, 380, 151, 151, 396, 396, 313, 313, 313, 467, 337, 337, 285, 313, 116, 116, 94, 398, 324, 434, 434, 434, 339, 195, 195, 195, 250, 250, 250, 250, 250, 250, 250, 250, 250, 132, 132, 132, 195, 195, 195, 117, 197, 197, 321, 209, 411, 411, 297, 297, 297, 297, 297, 182, 43, 43, 43, 276, 106, 106, 153, 153, 387, 387, 387, 387, 413, 413, 413, 250, 250, 250, 250, 250, 250, 381, 381, 381, 381, 381, 381, 381, 117, 48, 229, 229, 244, 82, 187, 23, 23, 321, 321, 320, 451, 451, 30, 30, 286, 171, 171, 171, 171, 3, 3, 3, 14, 14, 411, 188, 145, 145, 403, 403, 403, 120, 120, 120, 120, 120, 37, 37, 37, 37, 37, 19, 454, 454, 414, 414, 82, 170, 170, 392, 392, 392, 392, 392, 392, 244, 321, 320, 320, 451, 219, 30, 213, 152, 301, 301, 378, 378, 43, 276, 276, 276, 276, 276, 182, 182, 182, 182, 182, 182, 182, 182, 182, 497, 497, 497, 98, 98, 127, 127, 287, 287, 284, 284, 111, 111, 85, 146, 438, 219, 219, 219, 219, 152, 477, 374, 139, 139, 139, 43, 43, 43, 43, 276, 276, 276, 345, 345, 141, 141, 302, 77, 36, 453, 323, 107, 395, 273, 180, 443, 443, 486, 460, 460, 460, 167, 215, 35, 35, 29, 485, 286, 286, 286, 286, 286, 468, 468, 337, 337, 337, 324, 324, 324, 422, 422, 186, 162, 234, 261, 224, 273, 273, 100, 153, 153, 153, 132, 132, 195, 195, 195, 98, 98, 98, 229, 229, 247, 312, 187, 187, 80, 7, 7, 7, 239, 453, 453, 232, 371, 278, 278, 171, 171, 171, 171, 171, 246, 246, 246, 3, 3, 3, 259, 259, 354, 180, 180, 180, 180, 284, 284, 376, 376, 206, 206, 206, 167, 169, 150, 342, 224, 168, 444, 213, 213, 213, 213, 213, 246, 246, 318, 422, 368, 453, 453, 232, 168, 26, 241, 180, 431, 431, 180, 486, 284, 284, 284, 284, 284, 284, 206, 206, 206, 206, 452, 263, 17, 169, 240, 240, 240, 240, 240, 240, 240, 240, 240, 240, 240, 240, 240, 240, 240, 240, 240, 240, 240, 240, 240, 240, 240, 240, 240, 240, 240, 240, 240, 240, 240, 240, 240, 240, 240, 240, 240, 240, 240, 240, 240, 240, 240, 240, 240, 240, 240, 240, 240, 240, 240, 240, 240, 240, 240, 240, 240, 240, 240, 240, 240, 240, 240, 240, 240, 240, 240, 240, 240, 240, 240, 240, 240, 240, 240, 240, 240, 240, 240, 240, 240, 240, 240, 240, 240, 240, 240, 240, 240, 240, 240, 240, 240, 240, 240, 240, 240, 240, 240, 240, 240, 240, 240, 240, 240, 240, 240, 240, 240, 240, 240, 240, 240, 240, 240, 240, 240, 240, 240, 240, 240, 240, 240, 240, 240, 240, 240, 240, 240, 240, 240, 240, 240, 240, 240, 240, 240, 240, 240, 240, 240, 240, 240, 240, 240, 240, 240, 240, 240, 240, 240, 240, 240, 240, 240, 240, 240, 240, 240, 240, 240, 240, 240, 240, 240, 240, 240, 240, 240, 240, 240, 240, 240, 240, 240, 240, 240, 240, 240, 240, 240, 240, 240, 240, 240, 240, 240, 240, 240, 240, 240, 240, 240, 240, 240, 240, 240, 240, 240, 240, 240]

ep375
Train step Loss: [0.3136190176010132, 0.2653747498989105, 0.2806190848350525, 0.2699514925479889, 0.33136895298957825, 0.29823705554008484, 0.3177364468574524, 0.30277085304260254, 0.3096759021282196, 0.2779758870601654, 0.2997909486293793, 0.29404473304748535, 0.28984761238098145, 0.2611454129219055, 0.3059745728969574, 0.25040122866630554, 0.3095746636390686, 0.32198113203048706, 0.2991991639137268, 0.30358773469924927, 0.29721564054489136, 0.3002978563308716, 0.30196163058280945, 0.30943191051483154, 0.3008410632610321, 0.27966636419296265, 0.3088395595550537, 0.3152535855770111, 0.29722094535827637, 0.2896370589733124, 0.30317267775535583, 0.2584824860095978, 0.269305557012558, 0.2984614968299866, 0.32366943359375, 0.33827072381973267, 0.29612603783607483, 0.3133992850780487, 0.28229576349258423, 0.3094351887702942, 0.24558357894420624, 0.3034214377403259, 0.2986889183521271, 0.2975051999092102, 0.285612016916275, 0.29923543334007263, 0.29548314213752747, 0.3136545717716217, 0.35156211256980896, 0.3457205593585968, 0.31210416555404663, 0.30789896845817566, 0.33844220638275146, 0.2666485607624054, 0.300954133272171, 0.2796265780925751, 0.3305467963218689, 0.2997579872608185, 0.29135364294052124, 0.29173633456230164, 0.2770933508872986, 0.30335643887519836, 0.2937997877597809, 0.3108821511268616, 0.25752562284469604, 0.29835936427116394, 0.30092522501945496, 0.25300583243370056, 0.2704966962337494, 0.3232916593551636, 0.35096049308776855, 0.35054612159729004, 0.302558034658432, 0.2882322669029236, 0.307340145111084, 0.3128550052642822, 0.30793312191963196, 0.2812991142272949, 0.3386358320713043, 0.2893775701522827, 0.3111095726490021, 0.2895203232765198, 0.28793951869010925, 0.2612995505332947, 0.2747156322002411, 0.2957111597061157, 0.2926924526691437, 0.29587897658348083, 0.2763785421848297, 0.30675819516181946, 0.28693583607673645, 0.2866940498352051, 0.28981271386146545, 0.3060252070426941, 0.31470003724098206, 0.2840944230556488, 0.30163657665252686, 0.2594067454338074]
val step Loss: [0.2581423819065094, 0.2745577096939087, 0.2562863230705261, 0.25954556465148926, 0.2989271879196167, 0.2572816014289856, 0.2800309658050537, 0.27482277154922485, 0.2519400417804718, 0.24739795923233032, 0.2777650058269501, 0.26874008774757385, 0.2762998938560486, 0.29638975858688354, 0.27624285221099854, 0.23268474638462067, 0.28516191244125366, 0.27162542939186096, 0.28821542859077454, 0.24709925055503845, 0.29687267541885376, 0.26246729493141174, 0.27036184072494507, 0.2554408311843872, 0.2792348563671112]
Train step Accs: [0.9587586770110249, 0.9637923513159808, 0.9654302670623145, 0.9662319835277968, 0.9551342218884926, 0.9610498394527432, 0.9533455088826166, 0.9626738575078059, 0.9545781399808245, 0.9649343392008941, 0.9611001367573317, 0.9611414693381907, 0.9604854642957945, 0.970161399701614, 0.9602943430936686, 0.9686274509803922, 0.9535281317998134, 0.9576532862814292, 0.9631966351209253, 0.9618196588139724, 0.9603239978034047, 0.9595756880733946, 0.9622422680412371, 0.9557340306313037, 0.9625938985129542, 0.9638869504535938, 0.958022813688213, 0.9561899378179762, 0.9588177096215681, 0.9631514300754518, 0.9628221377270807, 0.9685482763356682, 0.9672423245614035, 0.9604483586869496, 0.9522420147420148, 0.9552663684424563, 0.9642857142857143, 0.9580085891522189, 0.9620374163594155, 0.959144237405107, 0.969901401141671, 0.9610650254214611, 0.9643567168418063, 0.9607091518926689, 0.9602766162753297, 0.9619512195121951, 0.964101809621892, 0.9586534943285766, 0.9478934047938068, 0.9495749047200235, 0.9602640757349278, 0.9563362252880102, 0.9501475893735651, 0.9683060109289617, 0.9606386929075381, 0.9661508704061895, 0.9513124470787468, 0.9603916332888296, 0.9625156838143036, 0.962425415255604, 0.9642181818181819, 0.9598633646456021, 0.9607370659107016, 0.9584298759711054, 0.9689143210640272, 0.9633207547169811, 0.9592481203007519, 0.9716587112171837, 0.9656810355064719, 0.9549617174598408, 0.95, 0.9446034926996851, 0.9581562167906482, 0.9586197222611867, 0.9593516209476309, 0.9611928104575164, 0.9614174305650568, 0.964824703970281, 0.9525765001987018, 0.9618673769802327, 0.9590209020902091, 0.9640669661086158, 0.9619912546249579, 0.9676535802791183, 0.9650859106529209, 0.9627219737020469, 0.9586882453151618, 0.9610531235394921, 0.9637806637806637, 0.9571152990057872, 0.9662693037117313, 0.9605177993527508, 0.9645496680445947, 0.9589557260126497, 0.9570214105793451, 0.9614035087719298, 0.961703431372549, 0.9678495602062481]
val step Accs: [0.9698455949137148, 0.964, 0.9663031319910514, 0.9702412868632708, 0.9565467625899281, 0.9651409518035768, 0.9634468380820014, 0.9646864686468647, 0.9690030717676626, 0.9714465014119862, 0.9650193509973206, 0.9668219680926161, 0.9644703919933277, 0.9570412135857163, 0.9634601043997018, 0.972394854747796, 0.9588932806324111, 0.9614450516089861, 0.958433014354067, 0.974679682733374, 0.9600552868002764, 0.96768187258944, 0.9626972740315638, 0.9651871192341166, 0.962876254180602]
Preds: [17, 17, 188, 213, 213, 213, 213, 246, 246, 246, 219, 219, 219, 219, 219, 219, 219, 213, 213, 246, 246, 246, 246, 464, 3, 3, 3, 385, 385, 226, 197, 414, 414, 414, 82, 75, 310, 66, 323, 323, 323, 397, 273, 106, 106, 106, 399, 399, 53, 70, 70, 65, 65, 426, 206, 169, 150, 162, 342, 342, 68, 68, 172, 224, 273, 494, 494, 8, 147, 125, 337, 278, 278, 143, 385, 385, 457, 129, 259, 7, 364, 345, 109, 109, 286, 286, 171, 171, 207, 207, 19, 454, 19, 454, 454, 454, 454, 13, 414, 414, 414, 82, 82, 82, 170, 170, 170, 187, 187, 12, 12, 12, 163, 128, 391, 128, 391, 244, 244, 73, 244, 73, 244, 320, 354, 420, 420, 213, 213, 213, 213, 246, 246, 246, 246, 246, 3, 458, 3, 3, 3, 454, 197, 197, 197, 7, 7, 32, 32, 239, 384, 107, 371, 180, 180, 443, 443, 443, 120, 120, 120, 120, 240, 240, 385, 35, 35, 35, 197, 196, 196, 217, 217, 473, 473, 476, 476, 171, 171, 252, 236, 24, 239, 36, 310, 107, 107, 395, 395, 41, 41, 19, 19, 19, 454, 454, 454, 17, 169, 240, 240, 240, 240, 240, 240, 240, 240, 240, 240, 240, 240, 240, 240, 240, 240, 240, 240, 240, 240, 240, 240, 240, 240, 240, 240, 240, 240, 240, 240, 240, 240, 240, 240, 240, 240, 240, 240, 240, 240, 240, 240, 240, 240, 240, 240, 240, 240, 240, 240, 240, 240, 240, 240, 240, 240, 240, 240, 240, 240, 240, 240, 240, 240, 240, 240, 240, 240, 240, 240, 240, 240, 240, 240, 240, 240, 240, 240, 240, 240, 240, 240, 240, 240, 240, 240, 240, 240, 240, 240, 240, 240, 240, 240, 240, 240, 240, 240, 240, 240, 240, 240, 240, 240, 240, 240, 240, 240, 240, 240, 240, 240, 240, 240, 240, 240, 240, 240, 240, 240, 240, 240, 240, 240, 240, 240, 240, 240, 240, 240, 240, 240, 240, 240, 240, 240, 240, 240, 240, 240, 240, 240, 240, 240, 240, 240, 240, 240, 240, 240, 240, 240, 240, 240, 240, 240, 240, 240, 240, 240, 240, 240, 240, 240, 240, 240, 240, 240, 240, 240, 240, 240, 240, 240, 240, 240, 240, 240, 240, 240, 240, 240, 240, 240, 240, 240, 240, 240, 240, 240, 240, 240, 240, 240, 240, 240, 240, 240, 240, 240, 240, 240, 240, 240, 240, 240, 240, 240, 240, 240, 240, 240, 240, 240, 240, 240, 240, 240, 240, 240, 240, 240, 240, 240, 240, 240, 240, 240, 240, 240, 240, 240, 240, 240, 240, 240, 240, 240, 240, 240, 240, 240, 240, 240, 240, 240, 240, 240, 240, 240, 240, 240, 240, 240, 240, 240, 240, 240, 240, 240, 240, 240, 240, 240, 240, 240, 240, 240, 240, 240, 240, 240, 240, 240, 240, 240, 240, 240, 240, 240, 240, 240, 240, 240, 240, 240, 240, 240, 240, 240, 240, 240, 240, 240, 240, 240, 240, 240, 240, 240, 240, 240, 240, 240, 240, 240, 240, 240, 240, 240, 240, 240, 240, 240, 240, 240, 240, 240, 240, 240, 240, 240, 240, 240, 240, 240, 240, 240, 240, 240, 240, 240, 240, 240, 240, 240, 240, 240, 240, 240, 240, 240, 240, 240, 240, 240, 240, 240, 240, 240, 240, 240, 240, 240, 240, 240, 240, 240, 240, 240, 240, 240, 240, 240, 240, 240, 240, 240, 240, 240, 240, 240, 240, 240, 240, 240, 240, 240, 240, 240, 240, 240, 240, 240, 240, 240, 240, 240, 240, 240, 240, 240, 240, 240, 240, 240, 240, 240, 240, 240, 240]

