epoch 1 (ep1)

Epoch 1 - Train step Loss: [6.215067386627197, 6.211582183837891, 6.2092204093933105, 6.203383445739746, 6.200501918792725, 6.198018550872803, 6.192254066467285, 6.187909126281738, 6.1818318367004395, 6.17957878112793, 6.174067497253418, 6.157890796661377, 6.149935722351074, 6.145195007324219, 6.129210948944092, 6.121568202972412, 6.095973014831543, 6.083573341369629, 6.076903343200684, 6.065809726715088, 6.026980876922607, 6.036618232727051, 6.013916492462158, 5.979090213775635, 5.962104797363281, 5.9575114250183105, 5.949959754943848, 5.903867244720459, 5.892889499664307, 5.859271049499512, 5.867707252502441, 5.82388162612915, 5.839454650878906, 5.815339088439941, 5.7768707275390625, 5.776291370391846, 5.758145332336426, 5.723949909210205, 5.7115797996521, 5.6993608474731445, 5.688606262207031]
Epoch 1 - val step Loss: [5.638180732727051, 5.650325775146484, 5.675572395324707, 5.610421180725098, 5.654337406158447, 5.656211853027344, 5.655577182769775, 5.671579360961914, 5.636593341827393, 5.659339427947998, 5.573053359985352]
Epoch 1 - Train step Accs: [0.002989983555090447, 0.004333172845450169, 0.003754512635379061, 0.0034405990690143697, 0.005743825387708214, 0.0045632333767926985, 0.0031866464339908953, 0.0066364519261897055, 0.006788427347664458, 0.005239141456819334, 0.008908685968819599, 0.012558364192561584, 0.013193403298350824, 0.01087144089732528, 0.010787839163125205, 0.013933729821580289, 0.013703046912784136, 0.013673088875077687, 0.016283670674174404, 0.012463647694225177, 0.015659955257270694, 0.014214308028741018, 0.008322454308093995, 0.010114734299516908, 0.0079353833073544, 0.011054086063955783, 0.010161758606387392, 0.00847457627118644, 0.007754391517645197, 0.00834326579261025, 0.009285714285714286, 0.010464800217450394, 0.005933791380387258, 0.009395973154362415, 0.009226794611551946, 0.014918414918414918, 0.014206787687450671, 0.012976981306967403, 0.017280502705533253, 0.0149812734082397, 0.01933640958031202]
Epoch 1 - val step Accs: [0.01695162940230893, 0.02025732274842595, 0.014923384410393072, 0.02007157305119029, 0.014067278287461774, 0.014190051020408163, 0.018107322231033573, 0.012654413980114493, 0.017479739392976323, 0.019955654101995565, 0.009826152683295541]

ep2
Epoch 2 - Train step Loss: [5.674428462982178, 5.646102428436279, 5.702077388763428, 5.599095344543457, 5.6192121505737305, 5.669424057006836, 5.612959384918213, 5.618434429168701, 5.598594665527344, 5.647819519042969, 5.597654342651367, 5.548409461975098, 5.569200038909912, 5.566553115844727, 5.543774604797363, 5.5914130210876465, 5.551150798797607, 5.593493938446045, 5.590757846832275, 5.59641170501709, 5.576910972595215, 5.549014091491699, 5.532299995422363, 5.628005027770996, 5.5993571281433105, 5.540353775024414, 5.540843963623047, 5.590196132659912, 5.579042911529541, 5.49801778793335, 5.569382190704346, 5.509060859680176, 5.578332901000977, 5.5580220222473145, 5.550726413726807, 5.556258201599121, 5.535667896270752, 5.56768274307251, 5.480541706085205, 5.541295051574707, 5.530757904052734]
Epoch 2 - val step Loss: [5.452549934387207, 5.463330268859863, 5.43506383895874, 5.5657572746276855, 5.488691329956055, 5.507014751434326, 5.457555294036865, 5.461749076843262, 5.508597373962402, 5.518671989440918, 5.452216625213623]
Epoch 2 - Train step Accs: [0.014051196438508625, 0.011834319526627219, 0.016695352839931153, 0.02025568653494936, 0.015158546017014694, 0.016234216733731096, 0.0182693669451919, 0.013030351183855078, 0.014063435068821066, 0.014349427961993406, 0.015556368960468522, 0.025285763768617943, 0.023917376336292807, 0.02424152290303391, 0.01616225637775313, 0.013323464100666173, 0.015816076960704386, 0.014752163650668764, 0.018409565382425507, 0.01737835153922542, 0.02173577925080931, 0.012855673637298594, 0.022004889975550123, 0.016655100624566273, 0.016134453781512605, 0.01895881895881896, 0.01207115628970775, 0.010674157303370787, 0.018222867279471054, 0.025571038643873008, 0.013182674199623353, 0.023682652457075192, 0.010245901639344262, 0.011590347710431314, 0.021646987587042085, 0.021553729260350443, 0.016970125508219906, 0.019592352662347923, 0.018126346015793254, 0.025994120377533653, 0.016709732988802756]
Epoch 2 - val step Accs: [0.03204047217537943, 0.022307904158633984, 0.03002563163676309, 0.02773037542662116, 0.02853763122874464, 0.024561929010034445, 0.03078315980081485, 0.02994204764971024, 0.02381892354257139, 0.027973010964295754, 0.022304832713754646]

ep3

Epoch 2 - Train step Loss: [5.570631980895996, 5.565301895141602, 5.597066879272461, 5.560085296630859, 5.540231704711914, 5.496417045593262, 5.52890157699585, 5.545706748962402, 5.536957263946533, 5.517775535583496, 5.527546405792236, 5.530384063720703, 5.522548198699951, 5.481179714202881, 5.502035617828369, 5.558605194091797, 5.537069320678711, 5.530650615692139, 5.568211078643799, 5.5178446769714355, 5.552748203277588, 5.495430946350098, 5.570677280426025, 5.57254695892334, 5.493692874908447, 5.537725448608398, 5.5753173828125, 5.474607944488525, 5.544313430786133, 5.560644149780273, 5.542056083679199, 5.4929680824279785, 5.447020530700684, 5.505008697509766, 5.571437358856201, 5.5216569900512695, 5.499238967895508, 5.552341461181641, 5.4937005043029785, 5.565993309020996, 5.478757858276367]
Epoch 2 - val step Loss: [5.461630821228027, 5.442546367645264, 5.4771246910095215, 5.453862190246582, 5.472821235656738, 5.484483242034912, 5.504051208496094, 5.493064880371094, 5.458561420440674, 5.471571922302246, 5.481778144836426]
Epoch 2 - Train step Accs: [0.015648567119155354, 0.019209250279746362, 0.02191598870994521, 0.025304736923314305, 0.017411764705882352, 0.02321622039931899, 0.019633086578693275, 0.01945261253110156, 0.01738387004844685, 0.021132713440405747, 0.021705224850532882, 0.013820039056632117, 0.016162375493328322, 0.02648698884758364, 0.02747761654831738, 0.014066726780883679, 0.01795543905635649, 0.022206174399711138, 0.021867806642551793, 0.02880065830076116, 0.021549675170337505, 0.018168604651162792, 0.02575932333717801, 0.0218006323847562, 0.020711974110032363, 0.02181208053691275, 0.02264413865180282, 0.024520808150578485, 0.026085520884926532, 0.020624719772829172, 0.025842526824845096, 0.022192433720583854, 0.031095519055971934, 0.02148528724894909, 0.0235626767200754, 0.024390243902439025, 0.021017166693406066, 0.023762730033946758, 0.019742079286737782, 0.021526418786692758, 0.02515206312674667]
Epoch 2 - val step Accs: [0.03266840127204394, 0.03205935881282374, 0.031014393420150787, 0.03600222407561857, 0.03178953137845985, 0.024464831804281346, 0.031259720062208396, 0.021347777600764697, 0.031120012324757355, 0.031994047619047616, 0.024242424242424242]

ep4

Epoch 2 - Train step Loss: [5.499379634857178, 5.493922710418701, 5.547516345977783, 5.4900336265563965, 5.531623840332031, 5.521039009094238, 5.526169300079346, 5.524943828582764, 5.564039707183838, 5.530276298522949, 5.523921489715576, 5.541867256164551, 5.514519691467285, 5.5944976806640625, 5.560593128204346, 5.539145469665527, 5.476093292236328, 5.557250499725342, 5.5110297203063965, 5.533949375152588, 5.530399322509766, 5.550164222717285, 5.5512566566467285, 5.511016845703125, 5.4932990074157715, 5.494601249694824, 5.519199371337891, 5.530967712402344, 5.548104763031006, 5.492720603942871, 5.457216262817383, 5.489776134490967, 5.537220478057861, 5.486341953277588, 5.5147624015808105, 5.522569179534912, 5.500683307647705, 5.5008721351623535, 5.488579750061035, 5.556450843811035, 5.45211124420166]
Epoch 2 - val step Loss: [5.460510730743408, 5.477837562561035, 5.469990253448486, 5.515500545501709, 5.461475372314453, 5.470287322998047, 5.436933994293213, 5.432429790496826, 5.458104610443115, 5.449281215667725, 5.454670429229736]
Epoch 2 - Train step Accs: [0.024335574767851424, 0.020424319189360354, 0.021235857267188858, 0.020077492074674182, 0.02325208466966004, 0.020506634499396863, 0.023800738007380074, 0.01787468080927126, 0.02847113884555382, 0.020709491850431447, 0.019966971926137216, 0.021925925925925925, 0.02255866767600303, 0.021589636974252358, 0.020875669684093847, 0.019894998618402875, 0.0185607294041029, 0.024595172624503513, 0.02279886005699715, 0.02242577384712571, 0.021439224459358686, 0.024102393617021278, 0.024863910548771517, 0.018266908212560388, 0.02210578025216964, 0.021572957363682692, 0.02803315749811605, 0.02394160583941606, 0.023012193027648977, 0.024734395750332004, 0.025633106856084, 0.03291139240506329, 0.02313800657174151, 0.0300833076211046, 0.02603714632876237, 0.022770700636942674, 0.023252005894874733, 0.021432131583319487, 0.024114671163575043, 0.020606660072535442, 0.021834830075717557]
Epoch 2 - val step Accs: [0.027902118770516265, 0.028300531532825742, 0.02782839158522445, 0.030087094220110848, 0.03028868906767629, 0.03137852246763138, 0.034722222222222224, 0.034334763948497854, 0.032418952618453865, 0.02723146747352496, 0.0318118948824343]


ep5
Epoch 2 - Train step Loss: [5.474513530731201, 5.48621129989624, 5.511425495147705, 5.590174674987793, 5.479742050170898, 5.497432231903076, 5.485091209411621, 5.513374328613281, 5.491112232208252, 5.4445013999938965, 5.477194786071777, 5.489613056182861, 5.4890875816345215, 5.567049980163574, 5.503014087677002, 5.571838855743408, 5.515468120574951, 5.511967182159424, 5.5270161628723145, 5.5156989097595215, 5.5362677574157715, 5.5442094802856445, 5.443490028381348, 5.479837894439697, 5.565666675567627, 5.490140438079834, 5.5555739402771, 5.522229194641113, 5.511353015899658, 5.6020002365112305, 5.5186004638671875, 5.57155179977417, 5.476602554321289, 5.502038955688477, 5.5534443855285645, 5.499764919281006, 5.511763095855713, 5.517879486083984, 5.468109607696533, 5.483203887939453, 5.521027088165283]
Epoch 2 - val step Loss: [5.5154314041137695, 5.452340602874756, 5.449824333190918, 5.428005218505859, 5.500365257263184, 5.502175807952881, 5.496614456176758, 5.48281192779541, 5.391754627227783, 5.484856128692627, 5.45169734954834]
Epoch 2 - Train step Accs: [0.023936170212765957, 0.021618625277161862, 0.03178887389413705, 0.02548069407534782, 0.019433420008211303, 0.018050541516245487, 0.026645207439198855, 0.03246856597166958, 0.025486561631139944, 0.02257373537650354, 0.02549526270456503, 0.024715195983780653, 0.023248969982342556, 0.023571098443999385, 0.02440361941321634, 0.02321083172147002, 0.02432695426532598, 0.018580810507768702, 0.020137446060412338, 0.018499179471878263, 0.024655547498187092, 0.02374202693125443, 0.02616464582003829, 0.028748774910160077, 0.022877322278519883, 0.025908424311552877, 0.016475433951162105, 0.019632155404009092, 0.019770114942528734, 0.017257462686567165, 0.020320303082486654, 0.021196063588190765, 0.02308162641394069, 0.0203751617076326, 0.022056384742951907, 0.02147239263803681, 0.025999695909989358, 0.021043590294180802, 0.02888635499809958, 0.02712783994574432, 0.019289860020484807]
Epoch 2 - val step Accs: [0.015909748336708128, 0.02568045517453483, 0.022811598186065686, 0.02849264705882353, 0.019921477388396103, 0.02362531085935341, 0.020519443248672692, 0.02071044697863416, 0.02530813475760066, 0.022103263685028494, 0.01259748050389922]

ep6

Epoch 2 - Train step Loss: [5.548392295837402, 5.524039268493652, 5.506577968597412, 5.5388407707214355, 5.486154556274414, 5.5513811111450195, 5.483994960784912, 5.519618988037109, 5.494039535522461, 5.527144908905029, 5.491240501403809, 5.529605388641357, 5.488867282867432, 5.491465091705322, 5.459878444671631, 5.544352054595947, 5.504784107208252, 5.50379753112793, 5.527539253234863, 5.485616207122803, 5.526666641235352, 5.468262672424316, 5.487422466278076, 5.5698561668396, 5.512068271636963, 5.519423961639404, 5.473921775817871, 5.567148685455322, 5.489357948303223, 5.503451347351074, 5.463355541229248, 5.544371604919434, 5.540107250213623, 5.4974894523620605, 5.503573417663574, 5.475135803222656, 5.560475826263428, 5.509233474731445, 5.465823650360107, 5.501250267028809, 5.474782466888428]
Epoch 2 - val step Loss: [5.471163749694824, 5.413970947265625, 5.458348751068115, 5.464691162109375, 5.4785237312316895, 5.429815769195557, 5.4710588455200195, 5.493410587310791, 5.490606784820557, 5.445046424865723, 5.534904479980469]
Epoch 2 - Train step Accs: [0.02140117100747022, 0.02389794929759406, 0.02403358911249457, 0.02509760178471835, 0.02399368587213891, 0.023076923076923078, 0.023344370860927152, 0.026856240126382307, 0.024776425744025804, 0.021284019539427775, 0.02546717380519266, 0.0246313672922252, 0.018415272850143605, 0.024356538262221453, 0.029058867641544806, 0.022554099359951233, 0.02432308398347866, 0.02681530581500452, 0.021676818344679327, 0.017893810501613375, 0.023938350549270373, 0.026117872282237112, 0.02154316271963331, 0.02669065826960564, 0.018972332015810278, 0.024075416968817983, 0.024332544778641434, 0.023612977538875025, 0.022521896288057834, 0.02417621776504298, 0.01978021978021978, 0.02124101020237498, 0.01761115954664342, 0.01913655848132272, 0.02481774468745153, 0.01932367149758454, 0.021432945499081445, 0.018871075484301936, 0.02132701421800948, 0.026258545680546922, 0.02236868384262033]
Epoch 2 - val step Accs: [0.031179458239277653, 0.035076730347635456, 0.0273364820380707, 0.0314855133143527, 0.025187406296851574, 0.04031907179115301, 0.0332432002544934, 0.029351184346035016, 0.023482321547698467, 0.028946956657800033, 0.03116883116883117]

ep7
Epoch 2 - Train step Loss: [5.523568630218506, 5.478596210479736, 5.491504669189453, 5.49802303314209, 5.47001838684082, 5.513228893280029, 5.476863861083984, 5.483072280883789, 5.514044284820557, 5.479464530944824, 5.563872814178467, 5.479177951812744, 5.492077827453613, 5.4541096687316895, 5.494307994842529, 5.488698482513428, 5.481659889221191, 5.554804801940918, 5.4944963455200195, 5.53019380569458, 5.504810333251953, 5.514589309692383, 5.53672981262207, 5.486869812011719, 5.474159240722656, 5.462487697601318, 5.494393348693848, 5.504901885986328, 5.536188125610352, 5.504932880401611, 5.500102996826172, 5.5069804191589355, 5.5046281814575195, 5.465175628662109, 5.4911017417907715, 5.499335289001465, 5.615015029907227, 5.532304286956787, 5.515120029449463, 5.5281829833984375, 5.521914005279541]
Epoch 2 - val step Loss: [5.425516128540039, 5.48641300201416, 5.421570301055908, 5.430596828460693, 5.477536201477051, 5.4540839195251465, 5.468461990356445, 5.530384063720703, 5.425124168395996, 5.475147724151611, 5.43221378326416]
Epoch 2 - Train step Accs: [0.02355045461320614, 0.023374613003095974, 0.01954215522054718, 0.022510231923601638, 0.02587151940363955, 0.02912142152023692, 0.02134914751667902, 0.024430264357338194, 0.022149057168512423, 0.024, 0.01832508704416346, 0.02975541361582801, 0.02490009222256379, 0.021196485845767676, 0.020596590909090908, 0.02393026941362916, 0.019783564423402098, 0.020355292376017766, 0.02802909348944474, 0.022770700636942674, 0.019600918241214904, 0.019962276013832127, 0.021013387561430265, 0.023300682695161768, 0.0351035103510351, 0.022774659182036888, 0.02342606149341142, 0.020221787345075015, 0.026343519494204427, 0.024164184045018206, 0.03010290277991092, 0.023542970036219954, 0.017721954576737784, 0.020159680638722553, 0.020686412787964268, 0.02052980132450331, 0.018764383076650733, 0.021049373162049217, 0.027822450948858154, 0.019777058612010068, 0.028552674762061043]
Epoch 2 - val step Accs: [0.030464824120603015, 0.02791227570492737, 0.03226227795193312, 0.03161127167630058, 0.03510971786833856, 0.025497263382725937, 0.0280833815865663, 0.02850911356909176, 0.03414634146341464, 0.02956872926583009, 0.017796610169491526]


ep8

Epoch 2 - Train step Loss: [5.4749369621276855, 5.446799278259277, 5.488142490386963, 5.484743595123291, 5.500299453735352, 5.481685161590576, 5.484698295593262, 5.4886016845703125, 5.459484100341797, 5.522953987121582, 5.4706878662109375, 5.477358818054199, 5.497736930847168, 5.540321350097656, 5.519280910491943, 5.512605667114258, 5.5413126945495605, 5.478272438049316, 5.494454860687256, 5.495622158050537, 5.489924907684326, 5.471468925476074, 5.514123439788818, 5.513434886932373, 5.525783061981201, 5.518171310424805, 5.52881383895874, 5.481089115142822, 5.514317989349365, 5.51707649230957, 5.530721187591553, 5.489155292510986, 5.50823450088501, 5.544509410858154, 5.481007099151611, 5.5211944580078125, 5.497561931610107, 5.498440742492676, 5.529891014099121, 5.46898889541626, 5.49545955657959]
Epoch 2 - val step Loss: [5.428742408752441, 5.436313152313232, 5.471400737762451, 5.400126934051514, 5.52950382232666, 5.503786563873291, 5.436002731323242, 5.46790885925293, 5.447266101837158, 5.456652641296387, 5.391147136688232]
Epoch 2 - Train step Accs: [0.025939911344606797, 0.02735955965679132, 0.025670003228931225, 0.025645790745214645, 0.02328849628588637, 0.030485509973654498, 0.023027660444202208, 0.020830070477682067, 0.0219435736677116, 0.026336539977921465, 0.020455768885698906, 0.02493464709430927, 0.019631735716219876, 0.021515892420537898, 0.030788967286722257, 0.02613879547538979, 0.022136508468891498, 0.021872541306058223, 0.020739549839228297, 0.020596205962059622, 0.02335565859522583, 0.022172949002217297, 0.025695605899346205, 0.018568082970893275, 0.019790282085364052, 0.033434190620272315, 0.016902274124154886, 0.02275189599133261, 0.021577489429946056, 0.015210355987055016, 0.02281763180639585, 0.021726278451078922, 0.027495621716287215, 0.01851159311892296, 0.020123203285420943, 0.029915814792543596, 0.02256361017762842, 0.024115010047920854, 0.020863658418243572, 0.020264879527684698, 0.025844245348035838]
Epoch 2 - val step Accs: [0.030524435785030037, 0.03489010989010989, 0.024537354352296092, 0.035058737151248166, 0.024245922932602106, 0.029936672423719057, 0.030303030303030304, 0.030789059143634542, 0.02717991169977925, 0.03431307354701423, 0.03157063930544594]

ep9

Epoch 2 - Train step Loss: [5.474398612976074, 5.515227317810059, 5.548742294311523, 5.478848934173584, 5.534032821655273, 5.465577125549316, 5.448855876922607, 5.525142192840576, 5.565582752227783, 5.527761459350586, 5.429839611053467, 5.468904972076416, 5.417724609375, 5.481296539306641, 5.541861057281494, 5.554564476013184, 5.49137020111084, 5.524454593658447, 5.480339050292969, 5.526977062225342, 5.521456241607666, 5.472170352935791, 5.499109745025635, 5.528975009918213, 5.4781646728515625, 5.484974384307861, 5.422308444976807, 5.50075101852417, 5.419313430786133, 5.502921104431152, 5.471222877502441, 5.488407611846924, 5.529305934906006, 5.4884772300720215, 5.499221324920654, 5.531744956970215, 5.495833873748779, 5.515367031097412, 5.560515403747559, 5.515141487121582, 5.460777759552002]
Epoch 2 - val step Loss: [5.4615678787231445, 5.3990478515625, 5.4859299659729, 5.4884467124938965, 5.39876127243042, 5.425940036773682, 5.419679641723633, 5.461053371429443, 5.406288146972656, 5.461956977844238, 5.376160144805908]
Epoch 2 - Train step Accs: [0.020748144782674543, 0.022307345651194233, 0.01884904086738949, 0.021136261430070455, 0.016574585635359115, 0.023782125047947834, 0.02888410477215644, 0.023370233702337023, 0.018059337824279778, 0.019604380077711057, 0.03268744734625105, 0.026559236048940615, 0.022696323195642305, 0.019306713470820535, 0.01965531975502065, 0.022793487574978576, 0.023791132396106907, 0.02666418049599105, 0.023436210595807888, 0.02693310165073849, 0.025546218487394957, 0.02020785219399538, 0.025744649004640022, 0.02041510717931269, 0.02906145783706527, 0.020712909441233142, 0.021897810218978103, 0.024288366336633664, 0.026510663507109004, 0.02079192783977985, 0.023097423748889546, 0.024962178517397883, 0.018760195758564437, 0.022950819672131147, 0.017341040462427744, 0.027657179610869914, 0.02132005617260309, 0.0318794377626431, 0.023929961089494165, 0.020241735838066113, 0.027633033317543028]
Epoch 2 - val step Accs: [0.02926829268292683, 0.031600898299647094, 0.032172929496041225, 0.03042563521605438, 0.03305923812720255, 0.03127685169273071, 0.02732318201223851, 0.025371460611157835, 0.03004356316659156, 0.03148959474260679, 0.03244005641748942]

ep10
Train step Loss: [5.51829195022583, 5.4943389892578125, 5.538707733154297, 5.485502243041992, 5.464178562164307, 5.518092155456543, 5.470189571380615, 5.530218601226807, 5.445920467376709, 5.466197967529297, 5.504644870758057, 5.478302955627441, 5.509655475616455, 5.473809719085693, 5.505285263061523, 5.516494274139404, 5.5213117599487305, 5.510907173156738, 5.531790733337402, 5.4694695472717285, 5.491584300994873, 5.567494869232178, 5.464549541473389, 5.452136516571045, 5.469962120056152, 5.492367267608643, 5.511594295501709, 5.451665878295898, 5.525008201599121, 5.475234031677246, 5.474148750305176, 5.500740051269531, 5.510711669921875, 5.48475980758667, 5.447855472564697, 5.510168552398682, 5.593510150909424, 5.5027666091918945, 5.479755401611328, 5.501606464385986, 5.491028308868408]
val step Loss: [5.507760047912598, 5.4975457191467285, 5.407011032104492, 5.455117702484131, 5.437875270843506, 5.44537353515625, 5.398414134979248, 5.4354472160339355, 5.5022172927856445, 5.442451477050781, 5.483407974243164]
Train step Accs: [0.024990812201396546, 0.027259909133636222, 0.019768898788806905, 0.01826332392495434, 0.030475108839674428, 0.02471834538422734, 0.03248418533082578, 0.024787821635457362, 0.02687479884132604, 0.019147519147519148, 0.023413897280966767, 0.022964193987007102, 0.02043817085722688, 0.025682182985553772, 0.026655764513491415, 0.027726088574618533, 0.016337854500616523, 0.01792294807370184, 0.01964839710444674, 0.024217644283692403, 0.023278236914600552, 0.021556657764212134, 0.024424284717376135, 0.0253780636189814, 0.015603328710124827, 0.02, 0.028442146089204912, 0.028484231943031537, 0.02068081991215227, 0.02434689888039808, 0.024382097528390115, 0.024177422286856935, 0.02843978392119479, 0.024974857525980557, 0.020253978460054653, 0.020474137931034482, 0.016891250711710003, 0.02447844228094576, 0.02418379685610641, 0.020875420875420877, 0.023653288570120556]
val step Accs: [0.029800498753117206, 0.0318797489263297, 0.03409291644585762, 0.026301876817340735, 0.0309761257177395, 0.03386734120292299, 0.03763440860215054, 0.02721279281806705, 0.02392275544026517, 0.030582891748675248, 0.03125]



ep11
Train step Loss: [5.462335109710693, 5.515127658843994, 5.461215019226074, 5.4510393142700195, 5.440678119659424, 5.511003494262695, 5.497119426727295, 5.538513660430908, 5.505354881286621, 5.512743949890137, 5.473423957824707, 5.493259429931641, 5.463854789733887, 5.48240327835083, 5.51486873626709, 5.51156759262085, 5.463938236236572, 5.526552200317383, 5.4994282722473145, 5.525557041168213, 5.479682922363281, 5.478513717651367, 5.521883010864258, 5.459137916564941, 5.4973907470703125, 5.534069061279297, 5.47922945022583, 5.517129898071289, 5.488990306854248, 5.5136895179748535, 5.4785051345825195, 5.489029407501221, 5.521798610687256, 5.449787616729736, 5.428683757781982, 5.452420234680176, 5.473948955535889, 5.530818462371826, 5.502269744873047, 5.5875244140625, 5.4826226234436035]
val step Loss: [5.4585161209106445, 5.434074401855469, 5.392275810241699, 5.345124244689941, 5.419409275054932, 5.44596004486084, 5.47136116027832, 5.497575759887695, 5.483941078186035, 5.476883888244629, 5.387618064880371]
Train step Accs: [0.021217032562251364, 0.024866171645657055, 0.024006001500375095, 0.024843542575384032, 0.027599911680282623, 0.021659054073964932, 0.02143928035982009, 0.019928613920285543, 0.021103896103896104, 0.023735650015513497, 0.01634559252772913, 0.02625260124859933, 0.027180696158646513, 0.024165707710011506, 0.026214931779855895, 0.027151476659256907, 0.019407345575959932, 0.021402214022140223, 0.023954983922829583, 0.02158034528552457, 0.023457730388423456, 0.019080387863622147, 0.01734576992308951, 0.023411371237458192, 0.022974607013301087, 0.02483271375464684, 0.024504272126390458, 0.02485750474984167, 0.020608439646712464, 0.025525331958231274, 0.02662490211433046, 0.020147105852254557, 0.021683455694041318, 0.024150268336314847, 0.028391167192429023, 0.02554154542515357, 0.025185859505386134, 0.02473299606520517, 0.018545192653943103, 0.02237136465324385, 0.024012261580381472]
val step Accs: [0.030205949656750573, 0.02824469550840452, 0.03493727171669049, 0.033707865168539325, 0.03079853945070646, 0.028017241379310345, 0.030961981566820278, 0.024125779343995662, 0.03183981618250451, 0.03006214770920653, 0.03339517625231911]

ep12
Train step Loss: [5.466692924499512, 5.463506698608398, 5.504754066467285, 5.4261155128479, 5.499025344848633, 5.518833160400391, 5.476411819458008, 5.500205993652344, 5.498690605163574, 5.516012668609619, 5.43550968170166, 5.481253623962402, 5.515416622161865, 5.516109943389893, 5.5145745277404785, 5.4796223640441895, 5.554296970367432, 5.548894882202148, 5.474435329437256, 5.538575649261475, 5.392483234405518, 5.530721664428711, 5.518828868865967, 5.464406490325928, 5.456907272338867, 5.483123779296875, 5.447896957397461, 5.495015621185303, 5.4804253578186035, 5.550421237945557, 5.518875598907471, 5.483758926391602, 5.45625638961792, 5.526688098907471, 5.433467864990234, 5.50082540512085, 5.523052215576172, 5.542573928833008, 5.515488624572754, 5.457718372344971, 5.551934719085693]
val step Loss: [5.462268829345703, 5.461496353149414, 5.430083274841309, 5.47068452835083, 5.450160026550293, 5.431581974029541, 5.4228644371032715, 5.427919387817383, 5.465993881225586, 5.476530075073242, 5.44167947769165]
Train step Accs: [0.023738469886055345, 0.017528483786152498, 0.019634166806511158, 0.02828552368245497, 0.023202846975088967, 0.022344559585492228, 0.020092992361341745, 0.025487256371814093, 0.028195197521301316, 0.025658687790597556, 0.025170509905813578, 0.02573018080667594, 0.0240831964969896, 0.021859039836567926, 0.025080906148867314, 0.021538036725113903, 0.016371308016877636, 0.023196288593824988, 0.02112908550676791, 0.024761230986911922, 0.029690794096978217, 0.022073682574226643, 0.023563530904477072, 0.026235972095844707, 0.0304696089209989, 0.02602076124567474, 0.026887966804979253, 0.024133462908973113, 0.018495684340320593, 0.021566164154103853, 0.01497659906396256, 0.02252328535139712, 0.024327977173749814, 0.021270176497209234, 0.02535386529786903, 0.019617877857386556, 0.027859011851623827, 0.020634314100114636, 0.023993558776167472, 0.023491027732463296, 0.02501770120368185]
val step Accs: [0.020995334370139968, 0.027901403628894213, 0.021679805942995754, 0.020257560410939082, 0.01870798012277112, 0.021120293847566574, 0.02152671755725191, 0.022383451682618093, 0.018967063949762913, 0.022354694485842028, 0.020053475935828877]

ep13
Train step Loss: [5.466414928436279, 5.507510185241699, 5.446937561035156, 5.4935994148254395, 5.491394519805908, 5.540955066680908, 5.493137359619141, 5.457213401794434, 5.49926233291626, 5.513654708862305, 5.452343463897705, 5.569486618041992, 5.497852325439453, 5.4799485206604, 5.492693901062012, 5.449449062347412, 5.479118347167969, 5.5071234703063965, 5.472734451293945, 5.490814685821533, 5.509890079498291, 5.485647201538086, 5.491154193878174, 5.5019917488098145, 5.47871208190918, 5.533694267272949, 5.457189559936523, 5.494208812713623, 5.489049911499023, 5.493654251098633, 5.505957126617432, 5.51788330078125, 5.505690097808838, 5.475581169128418, 5.507289886474609, 5.500511646270752, 5.504640579223633, 5.455875396728516, 5.496210098266602, 5.45028018951416, 5.489299774169922]
val step Loss: [5.450439929962158, 5.400191783905029, 5.466522216796875, 5.478599548339844, 5.466980457305908, 5.416384220123291, 5.39943790435791, 5.465022563934326, 5.46970796585083, 5.426130294799805, 5.423792839050293]
Train step Accs: [0.022351284758887716, 0.02383917452410603, 0.024561929010034445, 0.02467811158798283, 0.019772189984955942, 0.021102661596958176, 0.02419882275997384, 0.024490558982987475, 0.02569832402234637, 0.02223644216925292, 0.02633581975947633, 0.02158273381294964, 0.02134927412467976, 0.01898101898101898, 0.021500386697602476, 0.019570587117613527, 0.024539877300613498, 0.02046527899247857, 0.02056984016678249, 0.023793244906331192, 0.020864584753852448, 0.021411722010524405, 0.02459829398928784, 0.019171902690510712, 0.026482714874722486, 0.022654370489174017, 0.022222222222222223, 0.015959048479373683, 0.021500082061381914, 0.026515151515151516, 0.02307579962027165, 0.020260989010989012, 0.024861025324274245, 0.019150008399126492, 0.027931246163290364, 0.02382882152698979, 0.022727272727272728, 0.030182319595526277, 0.023670212765957446, 0.025276196853029797, 0.029226461323066152]
val step Accs: [0.03441973804447152, 0.03771876885938443, 0.024639045825486504, 0.029909365558912385, 0.026476578411405296, 0.025959042399769254, 0.03568948757117067, 0.028066366878585828, 0.027888996272262875, 0.032262927785315844, 0.02794819359236537]



ep14
Train step Loss: [5.458608150482178, 5.5148024559021, 5.543302536010742, 5.5543012619018555, 5.501773834228516, 5.486946105957031, 5.4674201011657715, 5.504470348358154, 5.511061668395996, 5.511362075805664, 5.474809169769287, 5.495617866516113, 5.475640296936035, 5.526468276977539, 5.483675956726074, 5.522233486175537, 5.46923828125, 5.532355308532715, 5.51620626449585, 5.431877136230469, 5.5250959396362305, 5.459831237792969, 5.437984466552734, 5.452731132507324, 5.486013412475586, 5.470550060272217, 5.477236747741699, 5.459434986114502, 5.458880424499512, 5.494263172149658, 5.458971977233887, 5.566729545593262, 5.489306926727295, 5.507069110870361, 5.44709587097168, 5.489831447601318, 5.499082565307617, 5.4633989334106445, 5.490792274475098, 5.488088130950928, 5.4836106300354]
val step Loss: [5.473623752593994, 5.461256980895996, 5.469262599945068, 5.3950886726379395, 5.428757667541504, 5.471414089202881, 5.453199863433838, 5.435459613800049, 5.391787052154541, 5.432418346405029, 5.390643119812012]
Train step Accs: [0.021572612161950916, 0.015342960288808664, 0.02127659574468085, 0.023693803159173753, 0.022357723577235773, 0.023278061224489797, 0.021311893823379276, 0.0236096537250787, 0.026761678543151226, 0.019523151347615758, 0.027222909669436097, 0.021922911591918615, 0.03278447515436636, 0.017846750727449078, 0.028127183787561145, 0.024739993696816894, 0.02124695228143504, 0.01712035610340695, 0.024278933917488133, 0.022745735174654752, 0.025318398035906093, 0.022533879609202646, 0.023597678916827854, 0.02111295430553461, 0.02106703146374829, 0.02212618841832325, 0.023645815864497734, 0.023158947017660778, 0.01993525302436531, 0.023809523809523808, 0.023652644027707382, 0.023042217209152432, 0.02123456790123457, 0.02142588648039093, 0.01695382494831151, 0.019441444221570747, 0.02509860164933668, 0.030745710888398167, 0.03216320529314464, 0.02258592471358429, 0.019465522929726163]
val step Accs: [0.020374449339207047, 0.030282972033758068, 0.02757760532150776, 0.02618268372508182, 0.034003831417624523, 0.030965391621129327, 0.029141104294478526, 0.038902966164853184, 0.029022895840051598, 0.03377110694183865, 0.036401456058242326]


ep15
Train step Loss: [5.449361324310303, 5.487799167633057, 5.492021560668945, 5.505342483520508, 5.550745964050293, 5.5010600090026855, 5.458370208740234, 5.496757984161377, 5.494995594024658, 5.476080894470215, 5.495421886444092, 5.474283695220947, 5.517215728759766, 5.477116107940674, 5.4695539474487305, 5.494146347045898, 5.49391508102417, 5.511378288269043, 5.48777961730957, 5.442856788635254, 5.492506980895996, 5.506753444671631, 5.435352325439453, 5.460445404052734, 5.467936992645264, 5.485043048858643, 5.447260856628418, 5.503273010253906, 5.466595649719238, 5.4994120597839355, 5.5201029777526855, 5.4674577713012695, 5.475774765014648, 5.5095672607421875, 5.454380512237549, 5.533692836761475, 5.4611382484436035, 5.500136375427246, 5.571560859680176, 5.52487325668335, 5.432817459106445]
val step Loss: [5.469417572021484, 5.4523420333862305, 5.422306537628174, 5.5036821365356445, 5.384077072143555, 5.437551021575928, 5.422929763793945, 5.379158020019531, 5.4139604568481445, 5.444022178649902, 5.431614875793457]
Train step Accs: [0.030622837370242215, 0.02599683822237836, 0.018218623481781375, 0.023304347826086955, 0.020127118644067795, 0.025900277008310248, 0.022756921292941008, 0.024100309395863866, 0.02252252252252252, 0.020858472677124634, 0.022088708252341403, 0.022968197879858657, 0.023558368495077357, 0.024825174825174826, 0.021437357230715163, 0.0189873417721519, 0.021803457405388568, 0.017988394584139266, 0.026925587467362923, 0.029946097025354362, 0.021475580187045377, 0.018805627332759117, 0.02040816326530612, 0.020862095413406966, 0.023421235253296323, 0.02630568356374808, 0.027129603598538093, 0.02215293731539219, 0.025529164646954275, 0.02261924274709064, 0.025390984360625576, 0.022755417956656348, 0.023158947017660778, 0.020968694624926166, 0.028200608876782565, 0.020764119601328904, 0.02127008416220352, 0.020200573065902578, 0.02343147834129798, 0.02692416126303919, 0.023440829663304446]
val step Accs: [0.025463311737230678, 0.028, 0.034372074361374884, 0.02908883502067589, 0.03970688479890934, 0.026535698577921128, 0.030352383772579213, 0.03449991706750705, 0.032185886402753876, 0.026747881355932205, 0.019241652518392757]

ep16
Train step Loss: [5.486604690551758, 5.483351707458496, 5.439616680145264, 5.4745192527771, 5.473977088928223, 5.467933177947998, 5.498849391937256, 5.4882354736328125, 5.472480297088623, 5.522520065307617, 5.460651874542236, 5.546835899353027, 5.517495632171631, 5.487968921661377, 5.466444969177246, 5.466035842895508, 5.525613784790039, 5.494476318359375, 5.522101879119873, 5.461205005645752, 5.487809181213379, 5.510292053222656, 5.483429908752441, 5.503915786743164, 5.485052108764648, 5.481645107269287, 5.478228569030762, 5.509390830993652, 5.49019718170166, 5.468231678009033, 5.535329818725586, 5.432915687561035, 5.4637932777404785, 5.48329496383667, 5.495631694793701, 5.441000461578369, 5.475503921508789, 5.4544358253479, 5.503884792327881, 5.528072357177734, 5.490962028503418]
val step Loss: [5.4172210693359375, 5.455460548400879, 5.421955108642578, 5.4710373878479, 5.438068866729736, 5.432649612426758, 5.4561238288879395, 5.451064109802246, 5.428527355194092, 5.43120813369751, 5.430990695953369]
Train step Accs: [0.025155123260103975, 0.024340393905611296, 0.023958927552766685, 0.025981996726677576, 0.027197668771248178, 0.01837083452007975, 0.022777254162739555, 0.018460466736328805, 0.02028397565922921, 0.021069182389937106, 0.024438902743142144, 0.025490816972767574, 0.026484641638225257, 0.02205258693808312, 0.016856987493202826, 0.023978044200491117, 0.019694950392418184, 0.022792022792022793, 0.024205960542885128, 0.02649716648797672, 0.02689352360043908, 0.02049483013293944, 0.02666253294062936, 0.02864, 0.02161214953271028, 0.025718040172705087, 0.020224719101123594, 0.01587800660273542, 0.021664050235478807, 0.024245595674167102, 0.01670343523479357, 0.028533801580333626, 0.0270533281432464, 0.02061310782241015, 0.019732654360280075, 0.02393005062126093, 0.028210266687220594, 0.02754670666848493, 0.023672758920800695, 0.02404702529390809, 0.02140910860256909]
val step Accs: [0.030936454849498328, 0.029136635485355007, 0.0302263251935676, 0.029371271225332722, 0.03217315004387248, 0.030751708428246014, 0.02961024652251756, 0.02792475014697237, 0.0297339593114241, 0.030331457160725453, 0.04096941719561454]


ep17
Train step Loss: [5.428970813751221, 5.528502464294434, 5.425351142883301, 5.496734619140625, 5.507806777954102, 5.482119083404541, 5.431851387023926, 5.477260112762451, 5.46148157119751, 5.4758758544921875, 5.479754447937012, 5.477357864379883, 5.4906487464904785, 5.500755786895752, 5.4404096603393555, 5.525339603424072, 5.484337329864502, 5.481044292449951, 5.508127689361572, 5.456825256347656, 5.498815059661865, 5.53616189956665, 5.461770534515381, 5.504035472869873, 5.473808288574219, 5.543929100036621, 5.43228816986084, 5.50277853012085, 5.4515862464904785, 5.486347198486328, 5.486632347106934, 5.4900922775268555, 5.527324676513672, 5.524508476257324, 5.454902172088623, 5.504367351531982, 5.463614463806152, 5.468019008636475, 5.525292873382568, 5.4988627433776855, 5.517688751220703]
val step Loss: [5.428104877471924, 5.4384260177612305, 5.4323320388793945, 5.457387447357178, 5.440972328186035, 5.413548946380615, 5.470787048339844, 5.42915153503418, 5.44215202331543, 5.4499664306640625, 5.377295970916748]
Train step Accs: [0.02750611246943765, 0.023796932839767318, 0.019509835536923575, 0.020716987930102685, 0.020525451559934318, 0.019349457881567972, 0.02340172969306427, 0.024822695035460994, 0.028501511443788687, 0.024119562000591892, 0.023695874531196728, 0.020880963267794542, 0.03214285714285714, 0.021573604060913704, 0.024925436727737536, 0.01871440195280716, 0.02408745599407078, 0.025698490960705214, 0.021993022903079022, 0.022524794083039167, 0.023985786200769913, 0.025121119684191638, 0.023730285052814354, 0.02486678507992895, 0.02172893543848679, 0.027935464595159845, 0.026884089907448214, 0.02268346923647146, 0.02269101223187378, 0.027054619703930576, 0.02450461352291635, 0.0242987314632839, 0.016957136128120585, 0.02745715285064708, 0.01962198816909537, 0.019287147045209074, 0.018085282893645263, 0.02090032154340836, 0.019056503198294245, 0.02541400229545827, 0.02063106796116505]
val step Accs: [0.030663679641556987, 0.03122458936412425, 0.035785593610812474, 0.030391340549542047, 0.031670517874133476, 0.025511811023622048, 0.026143790849673203, 0.029480644716903155, 0.029454022988505746, 0.030766803408015148, 0.036336109008327025]


ep18
Train step Loss: [5.501163005828857, 5.489638805389404, 5.536064624786377, 5.455056667327881, 5.463598728179932, 5.502569198608398, 5.465762138366699, 5.49420166015625, 5.471704006195068, 5.487416744232178, 5.499152183532715, 5.478982925415039, 5.5242133140563965, 5.452967643737793, 5.473283767700195, 5.482198238372803, 5.484174728393555, 5.492530822753906, 5.497318744659424, 5.508541584014893, 5.454683780670166, 5.509503364562988, 5.525047779083252, 5.449557781219482, 5.507730960845947, 5.524654388427734, 5.46710729598999, 5.458033084869385, 5.446505546569824, 5.506045818328857, 5.4899983406066895, 5.510641098022461, 5.439540386199951, 5.504903793334961, 5.513508319854736, 5.449112415313721, 5.484759330749512, 5.494960308074951, 5.432436466217041, 5.443724155426025, 5.481536865234375]
val step Loss: [5.482872486114502, 5.404931545257568, 5.368929386138916, 5.440600395202637, 5.430812835693359, 5.445744514465332, 5.416931629180908, 5.422135353088379, 5.3789753913879395, 5.474641799926758, 5.5038862228393555]
Train step Accs: [0.020250723240115717, 0.018762293841730972, 0.022535211267605635, 0.024626334519572954, 0.030014914243102164, 0.017568517217146872, 0.03137840866641763, 0.0241977906365071, 0.020805268672354438, 0.026353895163625834, 0.023236919077023074, 0.01827485380116959, 0.020762229806598406, 0.026468285043069695, 0.022102332057083188, 0.02576808721506442, 0.025431109562793937, 0.021464226289517472, 0.02414972831555645, 0.021915820029027575, 0.01870686523792227, 0.016184404119666502, 0.022588166715243368, 0.024597116200169637, 0.022591362126245847, 0.018562764197757764, 0.02556818181818182, 0.022079486150140507, 0.02492392406897551, 0.027607819728398746, 0.022815616021632585, 0.020033112582781457, 0.028064764841942945, 0.029386639330257987, 0.01936861369528748, 0.029416625351181624, 0.01655933762649494, 0.023474954537940157, 0.02059788552679548, 0.021639344262295083, 0.02818035426731079]
val step Accs: [0.03474178403755868, 0.03277472934895447, 0.03481156349326472, 0.030385552529740577, 0.03033504376697857, 0.029199149539333807, 0.024300441826215022, 0.03709406494960806, 0.028871391076115485, 0.029411764705882353, 0.015743756786102063]

ep19
Train step Loss: [5.455293655395508, 5.521674156188965, 5.461938858032227, 5.421020984649658, 5.495900630950928, 5.480097770690918, 5.474369049072266, 5.486420631408691, 5.492640018463135, 5.456103801727295, 5.524928569793701, 5.533688068389893, 5.451023101806641, 5.5142107009887695, 5.451879501342773, 5.454344272613525, 5.461402893066406, 5.533776760101318, 5.510376930236816, 5.499572277069092, 5.484911918640137, 5.476926326751709, 5.483597755432129, 5.511088848114014, 5.475460052490234, 5.473370552062988, 5.503632068634033, 5.457620143890381, 5.489602565765381, 5.5062456130981445, 5.473412990570068, 5.477734088897705, 5.487781524658203, 5.458184242248535, 5.4773454666137695, 5.523571014404297, 5.510454177856445, 5.501323223114014, 5.442872047424316, 5.4433817863464355, 5.452692031860352]
val step Loss: [5.43467378616333, 5.4378180503845215, 5.416650295257568, 5.461130142211914, 5.473128318786621, 5.474567413330078, 5.413645267486572, 5.479621410369873, 5.486238479614258, 5.391390323638916, 5.343672752380371]
Train step Accs: [0.019890130706573216, 0.018879415347137638, 0.027685826060788444, 0.0233849751534639, 0.023428986560116237, 0.030425659472422064, 0.0205448181403135, 0.02347492813797509, 0.022283272283272284, 0.02145243537893441, 0.01982690794649882, 0.02467933106023705, 0.02303030303030303, 0.017477203647416412, 0.023426812585499317, 0.03011170471102477, 0.023849512932482365, 0.0307340199444172, 0.025197719330513152, 0.022660580371698727, 0.018904507998061076, 0.02719775399192841, 0.030701060294350373, 0.01859619686800895, 0.019938650306748466, 0.016966759002770084, 0.031146637265711135, 0.025614903216416823, 0.028083700440528634, 0.026384791871517536, 0.02043918918918919, 0.02436631234668847, 0.021464853350811077, 0.02879627973528886, 0.020719178082191782, 0.02018047579983593, 0.019013360739979446, 0.018584936419954352, 0.016889238020424194, 0.02403770620581304, 0.017793594306049824]
val step Accs: [0.031019896600344665, 0.026913503422526446, 0.0368287883047512, 0.030470110272780036, 0.031289506953223765, 0.028906697195191757, 0.029394729220967274, 0.02906718078006822, 0.027701965065502182, 0.029960981047937568, 0.044463087248322146]

ep20
Train step Loss: [5.502056121826172, 5.455957889556885, 5.455545425415039, 5.465059280395508, 5.4587016105651855, 5.508908748626709, 5.480858325958252, 5.460811138153076, 5.536611557006836, 5.458281517028809, 5.501784324645996, 5.496487617492676, 5.447566509246826, 5.499316215515137, 5.485840797424316, 5.478743553161621, 5.521176338195801, 5.482982158660889, 5.463759422302246, 5.459928035736084, 5.515695571899414, 5.5410919189453125, 5.539653778076172, 5.4761576652526855, 5.483020305633545, 5.499135971069336, 5.478896617889404, 5.499478816986084, 5.488579750061035, 5.441829204559326, 5.4448018074035645, 5.489152431488037, 5.495345115661621, 5.48594331741333, 5.438082218170166, 5.4185895919799805, 5.518110275268555, 5.481486797332764, 5.484917163848877, 5.508704662322998, 5.446415424346924]
val step Loss: [5.422607898712158, 5.45866584777832, 5.3904337882995605, 5.4759626388549805, 5.412525177001953, 5.468028545379639, 5.446469783782959, 5.462268829345703, 5.433921813964844, 5.411174297332764, 5.3403167724609375]
Train step Accs: [0.020316377171215882, 0.01963439404197698, 0.021297884505431675, 0.024016763378465505, 0.015849182515849183, 0.02702188392007612, 0.0215311004784689, 0.020372321742184757, 0.024343369634849454, 0.022871836513736636, 0.026713635696462644, 0.02335456475583864, 0.021625544267053702, 0.02457813646368305, 0.019627749576988155, 0.027354507068110885, 0.022931366260423348, 0.023021802103979264, 0.027499575623832966, 0.020035961983046493, 0.027619685302979577, 0.01892591394370754, 0.023363178511471742, 0.022680795686930655, 0.02321724709784411, 0.027197346600331674, 0.027820710973724884, 0.02687175685693106, 0.026627218934911243, 0.027392627663172135, 0.025793650793650792, 0.026784041955422364, 0.020370370370370372, 0.022293561619404316, 0.02586713697824809, 0.021358328211432083, 0.015355086372360844, 0.02681992337164751, 0.023846392071848868, 0.017059553349875932, 0.02121719709659408]
val step Accs: [0.02870264064293915, 0.031050734682561684, 0.031055900621118012, 0.026320038753431294, 0.028021811572250834, 0.03295809032958091, 0.03535961480589828, 0.03147029204431017, 0.027243811367722307, 0.03208556149732621, 0.028064992614475627]

ep21
Train step Loss: [5.450632095336914, 5.503500461578369, 5.44716739654541, 5.523488521575928, 5.503162860870361, 5.477247714996338, 5.466823101043701, 5.465295314788818, 5.475334644317627, 5.50382661819458, 5.4898457527160645, 5.444093227386475, 5.479156970977783, 5.481086730957031, 5.501081466674805, 5.515237808227539, 5.410900115966797, 5.475351810455322, 5.511886119842529, 5.458005905151367, 5.510926246643066, 5.491296768188477, 5.4821391105651855, 5.4763102531433105, 5.493724346160889, 5.496245861053467, 5.483089447021484, 5.4974284172058105, 5.485070705413818, 5.493455410003662, 5.454191207885742, 5.50085973739624, 5.511163234710693, 5.477366924285889, 5.469991683959961, 5.5041399002075195, 5.437899112701416, 5.442124366760254, 5.517326354980469, 5.5061235427856445, 5.430819511413574]
val step Loss: [5.440245151519775, 5.445450782775879, 5.443336009979248, 5.487382888793945, 5.443029403686523, 5.449812889099121, 5.43737268447876, 5.433732509613037, 5.429933071136475, 5.421756267547607, 5.434499263763428]
Train step Accs: [0.031998809346628965, 0.020674646354733407, 0.02254335260115607, 0.025350338529365454, 0.02704652001442481, 0.020278398350232, 0.015511551155115511, 0.028169014084507043, 0.02746294681778553, 0.026627218934911243, 0.01983244999145153, 0.022230739747029514, 0.023467292461132296, 0.02008503152030494, 0.022117962466487937, 0.02030716723549488, 0.02741422002122391, 0.021803457405388568, 0.02007387184840212, 0.024476600985221676, 0.02573278800272665, 0.020922570016474466, 0.02911993097497843, 0.017353273137697516, 0.02472893285143618, 0.022666269012824338, 0.021423248882265277, 0.020282186948853614, 0.021392190152801357, 0.02186154355746936, 0.02735668234884126, 0.021394719025050777, 0.021836007130124777, 0.0178145379354223, 0.02015988877302746, 0.0275049115913556, 0.024819721616635922, 0.018548387096774192, 0.025086505190311418, 0.022293479920598564, 0.02654867256637168]
val step Accs: [0.023488589350060055, 0.015519360786724033, 0.02197131522734208, 0.021074964639321073, 0.023148148148148147, 0.021024578027835358, 0.02443211833069202, 0.01892840787666005, 0.021907931225734888, 0.02512644803393702, 0.027716994894237783]

ep22
Train step Loss: [5.4823760986328125, 5.481603622436523, 5.4705023765563965, 5.473501682281494, 5.454970359802246, 5.495204925537109, 5.5396409034729, 5.457498073577881, 5.457747936248779, 5.456754207611084, 5.513324737548828, 5.500675201416016, 5.454063892364502, 5.504922389984131, 5.499231815338135, 5.488086700439453, 5.470572471618652, 5.504753589630127, 5.517573356628418, 5.446230411529541, 5.500419616699219, 5.540756702423096, 5.509049415588379, 5.43685245513916, 5.462189197540283, 5.471006870269775, 5.465636253356934, 5.497987747192383, 5.478420257568359, 5.4991960525512695, 5.487645626068115, 5.447972774505615, 5.470289707183838, 5.478588104248047, 5.457602500915527, 5.446410179138184, 5.44926643371582, 5.49295711517334, 5.500454902648926, 5.484574794769287, 5.451135635375977]
val step Loss: [5.4202494621276855, 5.432758331298828, 5.37019681930542, 5.440154552459717, 5.424647331237793, 5.429496765136719, 5.476933479309082, 5.4341583251953125, 5.468733310699463, 5.461430549621582, 5.4907002449035645]
Train step Accs: [0.023279206782583703, 0.023463317911434238, 0.02488508479949279, 0.022549715909090908, 0.02298663188783828, 0.01800796812749004, 0.02207835325365206, 0.025957581513137068, 0.02796688132474701, 0.026909851995814024, 0.024381301558203484, 0.02064516129032258, 0.023048799872834206, 0.021340977862716992, 0.024085503537558332, 0.027416038382453736, 0.02084383930072281, 0.03567488047076131, 0.02525867315885575, 0.020687237026647966, 0.02219626168224299, 0.018743992310157002, 0.016444444444444446, 0.02853673345476624, 0.01913265306122449, 0.02304083885209713, 0.02494080505130229, 0.01812977099236641, 0.026023537212000663, 0.020263424518743668, 0.021191592843494877, 0.02702702702702703, 0.01678405514760977, 0.026965438663121913, 0.024555903866248695, 0.025325119780971937, 0.021681180024880044, 0.025901795645955825, 0.02176354956472901, 0.020584673931845703, 0.023639253079062377]
val step Accs: [0.02515206312674667, 0.03445544554455446, 0.03849303849303849, 0.03483226266952177, 0.027835977252319666, 0.03159242920165078, 0.026479043728249357, 0.02759634225996081, 0.027799468998906764, 0.030707953231401772, 0.034101825168107586]



ep23
Train step Loss: [5.492756366729736, 5.427955150604248, 5.497132778167725, 5.482478141784668, 5.477595806121826, 5.421204566955566, 5.497707366943359, 5.4645843505859375, 5.474498271942139, 5.475912570953369, 5.470599174499512, 5.47855281829834, 5.493593215942383, 5.465149402618408, 5.510926723480225, 5.473440647125244, 5.446864604949951, 5.485615253448486, 5.446453094482422, 5.50713586807251, 5.480153560638428, 5.4282097816467285, 5.5163068771362305, 5.468799591064453, 5.476755142211914, 5.47154426574707, 5.502775192260742, 5.493866920471191, 5.472881317138672, 5.515534400939941, 5.51407527923584, 5.4755048751831055, 5.46264123916626, 5.488193988800049, 5.510498523712158, 5.460371494293213, 5.468451976776123, 5.4850850105285645, 5.461349964141846, 5.470538139343262, 5.540063858032227]
val step Loss: [5.454536437988281, 5.442060947418213, 5.428261756896973, 5.401125907897949, 5.390445232391357, 5.411749362945557, 5.460812091827393, 5.442133903503418, 5.4584760665893555, 5.465461254119873, 5.365456581115723]
Train step Accs: [0.022296173044925125, 0.026934817741066618, 0.022069570301081556, 0.0283987915407855, 0.026626475759859332, 0.021218889597957882, 0.01692597025132501, 0.017637178051511757, 0.022420888321271464, 0.028, 0.02484878208272029, 0.019388761091028592, 0.01893939393939394, 0.02454102660172349, 0.024742610428429093, 0.01756711965528671, 0.024735532047293094, 0.022723503068502238, 0.026956253850893407, 0.02055948769801146, 0.024717629726632835, 0.030693677102516883, 0.02148328040351205, 0.025916654395523486, 0.02666043030869972, 0.0251025430680886, 0.02386974391400569, 0.024367900329791133, 0.025140875596012136, 0.02124451754385965, 0.025396253602305477, 0.02697274031563845, 0.01885388241131233, 0.023317535545023697, 0.02130553037171351, 0.03133114073048295, 0.01914295749912188, 0.02097902097902098, 0.022002912150137516, 0.018851147074515382, 0.0183182135380321]
val step Accs: [0.026737160120845923, 0.03052716514254976, 0.03606649760495914, 0.03142815377868732, 0.027224642190416926, 0.03401023609047383, 0.023125100369359244, 0.03153786104605777, 0.027588168373151308, 0.03210417741103662, 0.030418250950570342]

ep24
Train step Loss: [5.440925121307373, 5.484050273895264, 5.458266258239746, 5.506319046020508, 5.4521565437316895, 5.54374361038208, 5.454499244689941, 5.425715923309326, 5.438137531280518, 5.486172199249268, 5.432857036590576, 5.471100330352783, 5.523771286010742, 5.4837565422058105, 5.455624580383301, 5.503790378570557, 5.519603252410889, 5.503108501434326, 5.565945625305176, 5.424559116363525, 5.459505558013916, 5.450632095336914, 5.4452033042907715, 5.436695098876953, 5.4240617752075195, 5.479811191558838, 5.502072334289551, 5.48474645614624, 5.463985443115234, 5.544628620147705, 5.458557605743408, 5.4918212890625, 5.528024673461914, 5.46415901184082, 5.564304351806641, 5.451338768005371, 5.43585729598999, 5.460761070251465, 5.4449143409729, 5.560946464538574, 5.487181186676025]
val step Loss: [5.460900783538818, 5.327205181121826, 5.460058689117432, 5.414184093475342, 5.503028869628906, 5.451772212982178, 5.434110641479492, 5.415766716003418, 5.4316816329956055, 5.4100871086120605, 5.464766025543213]
Train step Accs: [0.02079646017699115, 0.023697426239799122, 0.022116903633491312, 0.023777403035413154, 0.018346888594666162, 0.016974169741697416, 0.02050919377652051, 0.025812775690246693, 0.027138440398488492, 0.021947194719471947, 0.022275641025641026, 0.02334901550792821, 0.01889400921658986, 0.019144144144144143, 0.022119978764820386, 0.023449319213313162, 0.025947422328439742, 0.017574186113511955, 0.022303648239604908, 0.02202465144473631, 0.022412451361867706, 0.021685424101015646, 0.026679681145274116, 0.025456919060052218, 0.02422192151556157, 0.022412125120928734, 0.027314112291350532, 0.025505716798592787, 0.018370316478719534, 0.022175438596491227, 0.02646285338593031, 0.0239598510603853, 0.02003190923595107, 0.02476433935133408, 0.020640956002172733, 0.024238657551274082, 0.021640826873385012, 0.02669068282299001, 0.019160279906697768, 0.01859607974535098, 0.026483405967147166]
val step Accs: [0.02534287418008348, 0.03441715669318575, 0.027659574468085105, 0.030678747416944843, 0.028544751233826864, 0.0302863436123348, 0.03121937561248775, 0.025354829819484635, 0.027271422419979905, 0.04167885346592571, 0.038973852984706465]

ep25
Train step Loss: [5.500864028930664, 5.478490352630615, 5.507530689239502, 5.4858222007751465, 5.484999656677246, 5.435782432556152, 5.46511697769165, 5.545501232147217, 5.41626501083374, 5.492745399475098, 5.422507286071777, 5.488520622253418, 5.484464645385742, 5.477479934692383, 5.504876613616943, 5.486355781555176, 5.4954400062561035, 5.440784454345703, 5.512563705444336, 5.498956203460693, 5.499209880828857, 5.5017991065979, 5.512768745422363, 5.495348930358887, 5.439696311950684, 5.444668769836426, 5.458035469055176, 5.449653148651123, 5.520102500915527, 5.531159400939941, 5.473202705383301, 5.475840091705322, 5.48045015335083, 5.455398082733154, 5.446661472320557, 5.5156354904174805, 5.430325031280518, 5.48577356338501, 5.470367908477783, 5.4551849365234375, 5.4553046226501465]
val step Loss: [5.428123474121094, 5.4312238693237305, 5.453322887420654, 5.378116607666016, 5.43343448638916, 5.440025806427002, 5.35154390335083, 5.479253768920898, 5.482986927032471, 5.461105823516846, 5.415033340454102]
Train step Accs: [0.022971794126199478, 0.019956683168316832, 0.022304832713754646, 0.01712846347607053, 0.026082052728041732, 0.025815217391304348, 0.02052999417588818, 0.024219943268601354, 0.023617427020683587, 0.020448430493273544, 0.02385037748798902, 0.023407223686250193, 0.021539804977441422, 0.024719841793012523, 0.020722635494155154, 0.021246898263027295, 0.020933424845573097, 0.021616871704745168, 0.02280285035629454, 0.02484375, 0.021779947427713105, 0.026141450313339303, 0.027510772290354656, 0.02393005062126093, 0.025185936443542934, 0.02568746912563807, 0.026071586389748123, 0.01875633660020277, 0.02024866785079929, 0.026311541565778855, 0.021902901785714284, 0.025873655913978496, 0.024428934010152285, 0.02711212174217247, 0.02195921859403964, 0.02205513784461153, 0.021673476638834607, 0.024193548387096774, 0.02009976525821596, 0.02150974025974026, 0.025318795047126225]
val step Accs: [0.03457142857142857, 0.03187120091999343, 0.030921820303383897, 0.033072407045009786, 0.03185378590078329, 0.028256569652444195, 0.037246248896734335, 0.028205128205128206, 0.03213705139427285, 0.02347488038277512, 0.016916070266753416]

ep26
Train step Loss: [5.422402381896973, 5.487479209899902, 5.490190505981445, 5.471644401550293, 5.505675315856934, 5.478832244873047, 5.4986348152160645, 5.440517425537109, 5.457305908203125, 5.482491493225098, 5.507021903991699, 5.507702350616455, 5.445584297180176, 5.487440586090088, 5.42280912399292, 5.485472679138184, 5.4708251953125, 5.519576549530029, 5.463281631469727, 5.492575645446777, 5.509682655334473, 5.466498851776123, 5.4157514572143555, 5.447154998779297, 5.4426350593566895, 5.5013813972473145, 5.471925735473633, 5.50005578994751, 5.5174360275268555, 5.506284236907959, 5.4744648933410645, 5.432596206665039, 5.476224422454834, 5.464438438415527, 5.494270324707031, 5.4889044761657715, 5.457823753356934, 5.445888996124268, 5.486838340759277, 5.532227516174316, 5.540028095245361]
val step Loss: [5.408893585205078, 5.4479660987854, 5.399893283843994, 5.424422740936279, 5.439071178436279, 5.444553375244141, 5.470632076263428, 5.453862190246582, 5.457577705383301, 5.4062347412109375, 5.404181480407715]
Train step Accs: [0.027939099042536494, 0.023030861354214647, 0.02012847965738758, 0.019564877132571608, 0.022039596563317145, 0.018481966624798132, 0.027310574521232308, 0.021279696837195744, 0.02849330838969636, 0.02218658112804063, 0.02514094164254152, 0.019151630262741373, 0.03131597466572836, 0.02217873450750163, 0.026278296659806872, 0.02244938865504109, 0.0263395273317698, 0.018383470069887574, 0.028084105278635495, 0.020982689281342892, 0.021057707764025078, 0.028062860808210393, 0.022738929731578046, 0.028705724357898272, 0.022727272727272728, 0.023814096408680624, 0.020944095376188174, 0.01826332392495434, 0.02163331530557058, 0.020180637877504938, 0.024848366268831933, 0.022611464968152865, 0.02897787144362487, 0.02411873840445269, 0.016219347364356054, 0.022682119205298012, 0.021675698207586493, 0.018214936247723135, 0.02023791132396107, 0.02074000331840053, 0.023717595146166576]
val step Accs: [0.02313664596273292, 0.023677736777367772, 0.029728426803792382, 0.03014380530973451, 0.029221246581258097, 0.029614721104082805, 0.030837004405286344, 0.033217716115261475, 0.027616279069767442, 0.02959697732997481, 0.03221884498480243]

ep27
Train step Loss: [5.476300239562988, 5.487527847290039, 5.574892044067383, 5.457172393798828, 5.423439979553223, 5.460962295532227, 5.428183078765869, 5.512734413146973, 5.488271236419678, 5.448932647705078, 5.488429546356201, 5.473536491394043, 5.496660232543945, 5.485607147216797, 5.483443737030029, 5.466314315795898, 5.46442174911499, 5.449645042419434, 5.477419376373291, 5.473649501800537, 5.459085464477539, 5.474082946777344, 5.455227851867676, 5.4743194580078125, 5.521095275878906, 5.510960102081299, 5.496772766113281, 5.46616792678833, 5.473729610443115, 5.458648681640625, 5.452200412750244, 5.498167037963867, 5.4804582595825195, 5.510443687438965, 5.488267421722412, 5.553940773010254, 5.428117752075195, 5.429234981536865, 5.511605262756348, 5.4423909187316895, 5.448238849639893]
val step Loss: [5.458842754364014, 5.438710689544678, 5.396893501281738, 5.391305446624756, 5.427016258239746, 5.448153972625732, 5.422187805175781, 5.4677605628967285, 5.424335479736328, 5.461100101470947, 5.4198760986328125]
Train step Accs: [0.024297646165527716, 0.021759005302614737, 0.017649864843377324, 0.023995374385660597, 0.02106122448979592, 0.02638721351025332, 0.031880403458213254, 0.021701982228298018, 0.029251101321585902, 0.02341990692088275, 0.024838709677419354, 0.019098417068134893, 0.024753303227964544, 0.02081513828238719, 0.01412639405204461, 0.019626615605552896, 0.02313915857605178, 0.02270983581402486, 0.021221248630887184, 0.02554506996420436, 0.027704485488126648, 0.019800214056368177, 0.01794526693584567, 0.018102697998259355, 0.021739130434782608, 0.025981694715087097, 0.018770226537216828, 0.020087778528021606, 0.023065476190476192, 0.023876404494382022, 0.024746906636670417, 0.028097494922139473, 0.023700035373187125, 0.027638657020960862, 0.022861356932153392, 0.016619183285849954, 0.02804986642920748, 0.018898931799506986, 0.023287438381778006, 0.021821631878557873, 0.031421264157837046]
val step Accs: [0.026508591980817904, 0.03390838786436645, 0.031156716417910447, 0.030265511074425645, 0.02566894835096453, 0.03066242406711021, 0.037057073302677844, 0.030294030294030293, 0.030581524322611315, 0.02519777322004102, 0.02536051715564396]


ep28
Train step Loss: [5.472111225128174, 5.449767589569092, 5.454300403594971, 5.4246721267700195, 5.4660491943359375, 5.425978660583496, 5.473599910736084, 5.439061641693115, 5.517279624938965, 5.510181427001953, 5.3882036209106445, 5.490579128265381, 5.483698844909668, 5.47857141494751, 5.480100154876709, 5.531262397766113, 5.460543632507324, 5.452566146850586, 5.577455997467041, 5.496664047241211, 5.4627766609191895, 5.472945213317871, 5.515293598175049, 5.50066614151001, 5.525467872619629, 5.435252666473389, 5.473728656768799, 5.480067253112793, 5.446709156036377, 5.4820556640625, 5.535447120666504, 5.47654914855957, 5.505073070526123, 5.458265781402588, 5.469613075256348, 5.477224826812744, 5.472995758056641, 5.512679100036621, 5.481909275054932, 5.4382710456848145, 5.408131122589111]
val step Loss: [5.414527893066406, 5.422550201416016, 5.451775550842285, 5.46892786026001, 5.4269609451293945, 5.4500412940979, 5.405523300170898, 5.416636943817139, 5.451755523681641, 5.438420295715332, 5.498642444610596]
Train step Accs: [0.031874265569917744, 0.026019874476987448, 0.02216602201725677, 0.026106870229007633, 0.022470039946737682, 0.025137362637362638, 0.023684564661552953, 0.029469901168014376, 0.023533806499813223, 0.01552553951249806, 0.027114967462039046, 0.02795798578931109, 0.021837875611460517, 0.021163215590742995, 0.025004311088118642, 0.018473895582329317, 0.025307302964569775, 0.022875271330773085, 0.016366003347591595, 0.014866204162537165, 0.027316184839517414, 0.020527859237536656, 0.01602201003398608, 0.02304817275747508, 0.024423134551992808, 0.024858343995613232, 0.02383192223267482, 0.026184538653366583, 0.025778057214712356, 0.030417651694247438, 0.014986590944943997, 0.022042843837317604, 0.024699382515437115, 0.02102312543798178, 0.020860495436766623, 0.019113269622434592, 0.02284898250624777, 0.021511544528897173, 0.020992837737713016, 0.02665941240478781, 0.022458146182115148]
val step Accs: [0.026072874493927124, 0.03213763999350755, 0.02616123865456487, 0.0319693094629156, 0.02950914063624586, 0.03345159655347187, 0.029682890855457226, 0.03143734464102939, 0.027813299232736573, 0.03804938655070663, 0.024102311854402363]

ep29
Train step Loss: [5.493985652923584, 5.491162300109863, 5.443521499633789, 5.454331874847412, 5.454942226409912, 5.491811752319336, 5.499027252197266, 5.4654340744018555, 5.46597957611084, 5.493533134460449, 5.397057056427002, 5.500682353973389, 5.512634754180908, 5.491968154907227, 5.484616756439209, 5.476048946380615, 5.447118759155273, 5.478124618530273, 5.430168628692627, 5.467811107635498, 5.444571495056152, 5.497270584106445, 5.505624294281006, 5.465141296386719, 5.479881286621094, 5.516679286956787, 5.510545253753662, 5.4927592277526855, 5.456652641296387, 5.497631072998047, 5.483118534088135, 5.4909467697143555, 5.452401638031006, 5.451809406280518, 5.473536968231201, 5.478121280670166, 5.4816694259643555, 5.432821273803711, 5.499362945556641, 5.476145267486572, 5.455743312835693]
val step Loss: [5.358547210693359, 5.395180702209473, 5.424688339233398, 5.427093505859375, 5.489373683929443, 5.4166340827941895, 5.456658840179443, 5.454219818115234, 5.469964981079102, 5.465221405029297, 5.427478313446045]
Train step Accs: [0.02441135734072022, 0.019092066185829443, 0.022836843440751077, 0.028280218202698822, 0.022813089993706733, 0.018844663613948574, 0.02556077203964528, 0.032879045996592846, 0.02251055182116617, 0.01895424836601307, 0.02201206587314528, 0.023181818181818182, 0.02040816326530612, 0.027674706246134818, 0.023778801843317973, 0.025978191148171906, 0.021342888300358312, 0.02679231337767923, 0.029840737636211232, 0.022698072805139188, 0.01971031805285949, 0.026764804282368684, 0.01995870612525809, 0.0208690235165862, 0.020584424931625163, 0.021711366538952746, 0.025457205559619604, 0.028527131782945737, 0.02183261660602051, 0.02247892600686856, 0.021518333620244447, 0.020056232427366448, 0.020809056101215247, 0.023658780406531157, 0.02660901380342591, 0.018098859315589355, 0.02302086783703213, 0.018742058449809404, 0.02192521399609551, 0.023267008985879332, 0.01951219512195122]
val step Accs: [0.032237266279819474, 0.02658282120908961, 0.029564972546811206, 0.02770935960591133, 0.034315261673456596, 0.03586406362979031, 0.03269386652256147, 0.025163563160543533, 0.026710275279367673, 0.032741780162333194, 0.03543586109142452]



ep30
Train step Loss: [5.494168281555176, 5.487206935882568, 5.492339134216309, 5.506666660308838, 5.480119705200195, 5.434319019317627, 5.453944683074951, 5.464473724365234, 5.4721293449401855, 5.426886558532715, 5.469851970672607, 5.4659423828125, 5.520206451416016, 5.464936256408691, 5.478592395782471, 5.439144134521484, 5.426996231079102, 5.4932990074157715, 5.468014240264893, 5.496838092803955, 5.470574378967285, 5.5058913230896, 5.477391242980957, 5.46646785736084, 5.490206241607666, 5.438331127166748, 5.459933280944824, 5.47545862197876, 5.440163612365723, 5.503711223602295, 5.430212020874023, 5.474063873291016, 5.48187255859375, 5.493091106414795, 5.536957740783691, 5.45570182800293, 5.486194610595703, 5.4678168296813965, 5.484910488128662, 5.514839172363281, 5.478524208068848]
val step Loss: [5.471395969390869, 5.481207370758057, 5.439638137817383, 5.436825275421143, 5.419856548309326, 5.431085586547852, 5.420454978942871, 5.398609161376953, 5.388867378234863, 5.455090522766113, 5.318402290344238]
Train step Accs: [0.02024675735526732, 0.022821576763485476, 0.021370540445072413, 0.024322830292979547, 0.02107051826677995, 0.017719298245614034, 0.019464315421726833, 0.025183823529411765, 0.02086466165413534, 0.027022679749075115, 0.026595744680851064, 0.021768103065304308, 0.020515345478417858, 0.030934444622535664, 0.026396562308164517, 0.021205186880244087, 0.025045917515444983, 0.025253245826794123, 0.021843003412969283, 0.018002423403150423, 0.027206013960980848, 0.02359437751004016, 0.028126417662180554, 0.024827152734129478, 0.022763366860772894, 0.027903091060985798, 0.022206991089787527, 0.020628311884935656, 0.022613424932016603, 0.020982210734377376, 0.02190237797246558, 0.021920088790233074, 0.019662921348314606, 0.027999348852352272, 0.017889356584485868, 0.019713594941417147, 0.0248302965344766, 0.026690391459074734, 0.01794276875483372, 0.020335849637960254, 0.02487644151565074]
val step Accs: [0.021030877704838316, 0.023322299127294614, 0.028925025183479638, 0.029474526540410776, 0.032, 0.02937043282743114, 0.027881040892193308, 0.03172314347512617, 0.02722940776038121, 0.024869109947643978, 0.03304347826086956]

ep31
Train step Loss: [5.46512508392334, 5.4879374504089355, 5.482608795166016, 5.534665107727051, 5.492021083831787, 5.496939659118652, 5.471871376037598, 5.487105846405029, 5.4978251457214355, 5.458104610443115, 5.458282470703125, 5.479428291320801, 5.514793872833252, 5.44439172744751, 5.467990875244141, 5.446792125701904, 5.437578201293945, 5.460301399230957, 5.520430564880371, 5.4618682861328125, 5.446855068206787, 5.560756683349609, 5.46189546585083, 5.454889297485352, 5.427913188934326, 5.493429660797119, 5.4861931800842285, 5.441891193389893, 5.48425817489624, 5.447867393493652, 5.4329423904418945, 5.478311061859131, 5.466125965118408, 5.478903293609619, 5.487817764282227, 5.459395885467529, 5.471451282501221, 5.467700481414795, 5.479905128479004, 5.447021007537842, 5.4889092445373535]
val step Loss: [5.427264213562012, 5.4313273429870605, 5.362585544586182, 5.4815449714660645, 5.449211120605469, 5.451700210571289, 5.425116539001465, 5.433603286743164, 5.460615158081055, 5.396140098571777, 5.501801490783691]
Train step Accs: [0.02254666420255036, 0.021259331385913665, 0.020243531202435314, 0.023038698991115797, 0.0186219739292365, 0.02509189707527569, 0.023075777877028435, 0.024230992455020313, 0.0234192037470726, 0.024166195590729224, 0.024653561069932325, 0.01830357142857143, 0.020830319687545205, 0.024302938960060288, 0.023788389845552992, 0.026441910428028424, 0.026135458167330677, 0.025332225913621262, 0.023131392604248624, 0.02483754512635379, 0.026089534538986065, 0.026753670473083198, 0.021218343600273786, 0.01782178217821782, 0.016852195423623994, 0.020836891545687446, 0.018083993424002392, 0.022217928902627512, 0.02199528672427337, 0.023266286400480337, 0.02061181089481433, 0.02269170579029734, 0.030587417448731318, 0.02286149742808154, 0.023084321898044245, 0.025449317038102087, 0.019515079834417505, 0.025055394579853417, 0.02310632383599722, 0.024287960859688974, 0.019301631865239515]
val step Accs: [0.02824858757062147, 0.02278158355902501, 0.02157928388746803, 0.01826857532379005, 0.02071786751121668, 0.019883539269990057, 0.025694444444444443, 0.025824749962681, 0.022509050842121833, 0.023883696780893044, 0.02086230876216968]

ep32
Train step Loss: [5.442505836486816, 5.529118061065674, 5.464418888092041, 5.416111946105957, 5.4444708824157715, 5.490528106689453, 5.476607322692871, 5.470254898071289, 5.541956424713135, 5.468952178955078, 5.51481294631958, 5.52467679977417, 5.514892101287842, 5.49955940246582, 5.459068775177002, 5.475861072540283, 5.499186038970947, 5.4752326011657715, 5.466620922088623, 5.46492862701416, 5.486223220825195, 5.5214338302612305, 5.445041656494141, 5.450316905975342, 5.449888229370117, 5.482029438018799, 5.483517646789551, 5.4221954345703125, 5.438334941864014, 5.471319198608398, 5.441986083984375, 5.4067158699035645, 5.494739055633545, 5.4603118896484375, 5.479333877563477, 5.480630874633789, 5.48333740234375, 5.4605278968811035, 5.471211910247803, 5.473105430603027, 5.501384735107422]
val step Loss: [5.461444854736328, 5.367800712585449, 5.422768592834473, 5.431480407714844, 5.439558029174805, 5.397078990936279, 5.442582607269287, 5.405679225921631, 5.433257579803467, 5.448916435241699, 5.559732437133789]
Train step Accs: [0.01736324523663184, 0.022265417918360134, 0.0280653324131585, 0.02470173080154596, 0.02112163146394756, 0.020046775810223856, 0.026530612244897958, 0.021910745932012244, 0.0197027307293467, 0.023882896764252697, 0.018948755972977425, 0.01834862385321101, 0.019820670127418595, 0.024469233537243614, 0.02241758241758242, 0.020944477376012644, 0.0231023102310231, 0.024213503004595262, 0.01797577178585385, 0.025857698157850263, 0.025426309378806335, 0.01794914409174007, 0.023412443874278384, 0.025411061285500747, 0.021151795236402416, 0.020252754374594947, 0.02229251393282121, 0.026672833795868024, 0.019352210226115298, 0.023120478137779177, 0.025754527162977867, 0.024072672218016653, 0.025677200902934537, 0.02073606152156001, 0.03021427470325266, 0.02192912760209757, 0.0264451601966435, 0.03180503923998348, 0.0199501246882793, 0.024121078354091125, 0.023485784919653894]
val step Accs: [0.0331607893885474, 0.02879453391898487, 0.03477472029029332, 0.02718589272593681, 0.02547513141932875, 0.031422440220723484, 0.03300055463117027, 0.02762934966766584, 0.029691965703397903, 0.031513215219285504, 0.03259604190919674]

ep33
Train step Loss: [5.499955654144287, 5.459280490875244, 5.411439418792725, 5.481158256530762, 5.484886646270752, 5.46839714050293, 5.47214412689209, 5.524841785430908, 5.474884510040283, 5.458521366119385, 5.435215950012207, 5.4764018058776855, 5.485162258148193, 5.458313941955566, 5.452962398529053, 5.545086860656738, 5.4915924072265625, 5.485719203948975, 5.455012321472168, 5.498415470123291, 5.470827579498291, 5.443150520324707, 5.4949631690979, 5.464376926422119, 5.509993076324463, 5.446648120880127, 5.4754719734191895, 5.4637451171875, 5.446156024932861, 5.463902950286865, 5.485711097717285, 5.535662651062012, 5.4579620361328125, 5.485525608062744, 5.459091663360596, 5.475082874298096, 5.414280891418457, 5.474586009979248, 5.479320049285889, 5.4629716873168945, 5.447135925292969]
val step Loss: [5.4297099113464355, 5.432705879211426, 5.412501335144043, 5.4401631355285645, 5.435516357421875, 5.452358245849609, 5.42451286315918, 5.458202838897705, 5.407803535461426, 5.381006240844727, 5.291325092315674]
Train step Accs: [0.025708442886356996, 0.027912621359223302, 0.01957831325301205, 0.02583144979011947, 0.024385771910524386, 0.023063008742839914, 0.024442233906494245, 0.020561308719795886, 0.01978933929141398, 0.022638839759462327, 0.03494623655913978, 0.018752190676480898, 0.02305015946651203, 0.024567055980668547, 0.01877658794190993, 0.01572422134865437, 0.02081016679904686, 0.020454979927356145, 0.02376090588453685, 0.02374130167826443, 0.02501172424574019, 0.031551835157759174, 0.027289783387344363, 0.02284527518172378, 0.023601681215648238, 0.02179054054054054, 0.022923408845738943, 0.022249690976514216, 0.021718452758402028, 0.030206677265500796, 0.023623357178506072, 0.018543956043956044, 0.02338450553373795, 0.02517667844522968, 0.020552449852022363, 0.02365491651205937, 0.024624240486088904, 0.021690767519466074, 0.02152144671947392, 0.023366013071895425, 0.023192360163710776]
val step Accs: [0.030885064535955745, 0.02798692996164228, 0.03200531208499336, 0.024351812061309267, 0.028705806033084657, 0.02655756531725524, 0.0329438493995456, 0.03121964756486749, 0.03959843837144451, 0.030602923264311816, 0.024597116200169637]


ep34
Train step Loss: [5.455134391784668, 5.485718250274658, 5.452691078186035, 5.418381690979004, 5.4672088623046875, 5.471179008483887, 5.467679977416992, 5.4924845695495605, 5.410115718841553, 5.486142635345459, 5.470176696777344, 5.44932746887207, 5.495667934417725, 5.441530227661133, 5.403820514678955, 5.4953789710998535, 5.501155376434326, 5.48042631149292, 5.442837238311768, 5.441926956176758, 5.4809746742248535, 5.455304145812988, 5.456580638885498, 5.482184410095215, 5.514061450958252, 5.487584114074707, 5.47943639755249, 5.45623254776001, 5.409561634063721, 5.5042500495910645, 5.513044357299805, 5.445591926574707, 5.467799186706543, 5.532715320587158, 5.496842384338379, 5.518482685089111, 5.477220058441162, 5.425995349884033, 5.515397548675537, 5.461372375488281, 5.545564651489258]
val step Loss: [5.438214302062988, 5.432199001312256, 5.443782806396484, 5.433352470397949, 5.440960884094238, 5.442968845367432, 5.410441875457764, 5.4595112800598145, 5.445987701416016, 5.461857795715332, 5.448761463165283]
Train step Accs: [0.023952095808383235, 0.02081420263238445, 0.02574257425742574, 0.026513073688059975, 0.02450566165286463, 0.025540275049115914, 0.028338646829613887, 0.02375181774115366, 0.025782109731174344, 0.027809033917376626, 0.018039895923677364, 0.0282377549241764, 0.016864642909517523, 0.02353954356250897, 0.024312333629103816, 0.02621848739495798, 0.02476433935133408, 0.0202211230724469, 0.02086098994879575, 0.026565192418150488, 0.024620948671581582, 0.023170731707317073, 0.024050884516000796, 0.02510520969380351, 0.023272860546087595, 0.01744186046511628, 0.018226230740323188, 0.02416195037004789, 0.024358130348913758, 0.017787418655097614, 0.019622307465329007, 0.025616698292220113, 0.02891774891774892, 0.019438444924406047, 0.026657668297621055, 0.022016398420892803, 0.024299835255354202, 0.01770890979524073, 0.019681031557516118, 0.019403752248779233, 0.02434689888039808]
val step Accs: [0.027723368992014465, 0.03272507917357865, 0.03035964502568893, 0.02814070351758794, 0.03349414197105444, 0.037102473498233215, 0.029411764705882353, 0.029754784688995214, 0.028169014084507043, 0.02791411042944785, 0.031877213695395513]



ep35
Train step Loss: [5.437300682067871, 5.468914031982422, 5.4973320960998535, 5.455026149749756, 5.449669361114502, 5.478029251098633, 5.4636993408203125, 5.456905364990234, 5.467830657958984, 5.4319844245910645, 5.455573081970215, 5.531504154205322, 5.49070405960083, 5.478668689727783, 5.467275142669678, 5.435450077056885, 5.458853721618652, 5.479947566986084, 5.542297840118408, 5.523744583129883, 5.468686580657959, 5.465194225311279, 5.485132217407227, 5.443915843963623, 5.510571002960205, 5.524902820587158, 5.445004940032959, 5.469207286834717, 5.493699550628662, 5.419506072998047, 5.489208221435547, 5.467362880706787, 5.451785087585449, 5.433661460876465, 5.425529479980469, 5.490154266357422, 5.4655961990356445, 5.518184661865234, 5.497811317443848, 5.472932815551758, 5.444872856140137]
val step Loss: [5.439146518707275, 5.437394618988037, 5.345733165740967, 5.427346706390381, 5.408405780792236, 5.480494499206543, 5.454600811004639, 5.377878189086914, 5.452591419219971, 5.415992259979248, 5.37251091003418]
Train step Accs: [0.035410282601293835, 0.02894248608534323, 0.021849843929686218, 0.02192448233861145, 0.021122000675904022, 0.02715684463329023, 0.018858954041204436, 0.02054997043169722, 0.01867654161970697, 0.02275485436893204, 0.01865049279757392, 0.020729684908789386, 0.022014213901889408, 0.01974749109744254, 0.02250698209298505, 0.022451790633608814, 0.023423423423423424, 0.030204778156996587, 0.022652602455472938, 0.022033049574361543, 0.022236240340640277, 0.02127659574468085, 0.023972602739726026, 0.02681992337164751, 0.022218073188946974, 0.01983860121049092, 0.02877558903051371, 0.020299364363338117, 0.025564617314930992, 0.029515693203076284, 0.015416958654519973, 0.03302881236823612, 0.02042015572205083, 0.027243155326646788, 0.02339003645200486, 0.025636865163069934, 0.024594643833120787, 0.017775752051048314, 0.018004625041295012, 0.0222184817370813, 0.020804244624406592]
val step Accs: [0.02641140301844606, 0.0331143951833607, 0.029615745079662605, 0.03470622119815668, 0.02459490740740741, 0.0274585882704074, 0.0278503046127067, 0.03340795591527467, 0.033739084413866104, 0.031544852837628506, 0.04086265607264472]



ep36
Train step Loss: [5.481316089630127, 5.501059055328369, 5.520964622497559, 5.476221561431885, 5.486485481262207, 5.4464311599731445, 5.43912410736084, 5.428009986877441, 5.414847373962402, 5.517922878265381, 5.424148082733154, 5.493016242980957, 5.4596333503723145, 5.5107951164245605, 5.47824239730835, 5.482306003570557, 5.470101833343506, 5.473057270050049, 5.439742565155029, 5.434852600097656, 5.450603008270264, 5.502760887145996, 5.470269680023193, 5.478919506072998, 5.448822021484375, 5.509157657623291, 5.459874629974365, 5.446080207824707, 5.495944976806641, 5.494229793548584, 5.487875938415527, 5.50531005859375, 5.467291355133057, 5.481118202209473, 5.4243693351745605, 5.459841251373291, 5.502810001373291, 5.432013511657715, 5.471028804779053, 5.4420671463012695, 5.440949440002441]
val step Loss: [5.434086322784424, 5.36021614074707, 5.3803582191467285, 5.423588752746582, 5.40281867980957, 5.425175666809082, 5.461392402648926, 5.424917697906494, 5.404332637786865, 5.483996391296387, 5.418088912963867]
Train step Accs: [0.023629964806435394, 0.022096608427543678, 0.019649984648449494, 0.031330693751075916, 0.01667715544367527, 0.027184063083627308, 0.023119196513170362, 0.022537025112685124, 0.02514903129657228, 0.02007042253521127, 0.028330019880715707, 0.023118833750552202, 0.0239880059970015, 0.024635905811896012, 0.023522662076878944, 0.021585969120071952, 0.017204301075268817, 0.028548256285482562, 0.02277777777777778, 0.028474817583199856, 0.020463847203274217, 0.021331316187594554, 0.021286300745020525, 0.021583875575305507, 0.017664233576642336, 0.020174306003873467, 0.025563103324991062, 0.027966854098845813, 0.023826208829712685, 0.02054195804195804, 0.019779892920880428, 0.023571651576646892, 0.029167435850101533, 0.022319338223817698, 0.023653566229985445, 0.022427077600440288, 0.02674800563115908, 0.027687043086016487, 0.018337066069428892, 0.02498767055729081, 0.02901639344262295]
val step Accs: [0.02611218568665377, 0.0320962888665998, 0.027186761229314422, 0.030999013667746936, 0.030910374029640086, 0.02851683080993679, 0.03402046994377973, 0.03453125, 0.03322358575276863, 0.02679343128781331, 0.03821243523316062]

ep37
Train step Loss: [5.464107513427734, 5.437249660491943, 5.4385857582092285, 5.569972515106201, 5.437933921813965, 5.442631244659424, 5.505712509155273, 5.458693504333496, 5.476848125457764, 5.419633865356445, 5.422786712646484, 5.462698936462402, 5.50339412689209, 5.473252773284912, 5.424434661865234, 5.478174209594727, 5.444063186645508, 5.542133331298828, 5.495859146118164, 5.487776279449463, 5.456106662750244, 5.435820579528809, 5.454808235168457, 5.492225170135498, 5.450873374938965, 5.431884765625, 5.5085062980651855, 5.46767520904541, 5.48794412612915, 5.464583873748779, 5.46743106842041, 5.506093978881836, 5.44877290725708, 5.4891037940979, 5.468879699707031, 5.495587348937988, 5.499245643615723, 5.454769611358643, 5.517450332641602, 5.4643683433532715, 5.444896221160889]
val step Loss: [5.409475326538086, 5.464454650878906, 5.423510551452637, 5.439770221710205, 5.426576614379883, 5.419610977172852, 5.387516021728516, 5.397497653961182, 5.470804691314697, 5.453526973724365, 5.463867664337158]
Train step Accs: [0.02429405268969869, 0.01824817518248175, 0.021273617914625613, 0.023137121469887716, 0.01764325024279702, 0.026146936156560795, 0.02474763920547053, 0.02577319587628866, 0.023149980213692124, 0.027795128044971893, 0.02559002916998144, 0.022198275862068965, 0.02326454033771107, 0.022407589139679423, 0.025113215314944422, 0.0186394774573841, 0.023317347445014056, 0.020289855072463767, 0.021764032073310423, 0.021742711250205896, 0.02135955246651975, 0.02017456002289312, 0.026477024070021882, 0.026049700085689804, 0.022348289496303936, 0.024564676616915422, 0.02014622258326564, 0.022773133467858173, 0.02798824802845214, 0.02229787234042553, 0.024728139430954865, 0.020801100223482895, 0.026830076184166943, 0.024217687074829932, 0.0174, 0.022082018927444796, 0.026463104325699746, 0.023168775619319196, 0.023888221153846152, 0.019432940426887545, 0.025941157861436255]
val step Accs: [0.03704784130688448, 0.022482014388489208, 0.03109273903666427, 0.03038636051148082, 0.0351131746952989, 0.03210222845566464, 0.02881114453063163, 0.03012661912385388, 0.02444857826202498, 0.03237612612612613, 0.03323262839879154]

ep38
Train step Loss: [5.484269618988037, 5.413720607757568, 5.47363805770874, 5.53402853012085, 5.455766677856445, 5.473891258239746, 5.456417083740234, 5.419667720794678, 5.457886219024658, 5.470391750335693, 5.511570453643799, 5.453500747680664, 5.487602233886719, 5.443443298339844, 5.460630416870117, 5.462403297424316, 5.481866836547852, 5.494749546051025, 5.427794456481934, 5.471610069274902, 5.4818925857543945, 5.448212623596191, 5.410613536834717, 5.489586353302002, 5.516433238983154, 5.434451580047607, 5.482454776763916, 5.460411548614502, 5.502111911773682, 5.47604513168335, 5.506319046020508, 5.474981784820557, 5.509475231170654, 5.465963840484619, 5.448885440826416, 5.461112022399902, 5.475992202758789, 5.429391384124756, 5.4748735427856445, 5.451303005218506, 5.459664821624756]
val step Loss: [5.438239097595215, 5.407138824462891, 5.454513072967529, 5.446095943450928, 5.444114685058594, 5.422525882720947, 5.450694561004639, 5.428337097167969, 5.393754959106445, 5.4529128074646, 5.467467308044434]
Train step Accs: [0.028200648864487147, 0.02636169800348905, 0.02063815342837746, 0.01607065296076444, 0.02401921537229784, 0.0223020223020223, 0.02190258254331481, 0.02234023072697308, 0.02437480215257993, 0.01850872554204125, 0.024932249322493227, 0.030623608017817373, 0.025450521656655074, 0.026211278792692614, 0.02400384061449832, 0.024711316397228636, 0.020272631946871723, 0.024062278839348902, 0.02083698126422693, 0.019948849104859334, 0.021001050052502624, 0.028560761620309873, 0.03689636462289745, 0.017526617526617525, 0.0268984990340318, 0.020525147928994084, 0.018295471870712, 0.023199544548818674, 0.029986190570132177, 0.02018247166159801, 0.02038083903600119, 0.019551934826883912, 0.02213337141225189, 0.026513336527711227, 0.0221483942414175, 0.020582181711261395, 0.024181780279341255, 0.02228623408126137, 0.022915974759216206, 0.025491237387148168, 0.020950846091861403]
val step Accs: [0.01994467899257534, 0.01959128525586894, 0.02065741857659831, 0.025106382978723404, 0.027765270898994446, 0.021860394994723354, 0.020307211663629265, 0.027337934767898225, 0.021798365122615803, 0.02455990914253265, 0.014749262536873156]

ep39
Train step Loss: [5.438445091247559, 5.474717140197754, 5.464740753173828, 5.44302225112915, 5.423290729522705, 5.46739387512207, 5.4518561363220215, 5.464447975158691, 5.470532417297363, 5.541376113891602, 5.461450576782227, 5.4417033195495605, 5.463460445404053, 5.464139938354492, 5.501641273498535, 5.418308258056641, 5.491399765014648, 5.517810344696045, 5.497251033782959, 5.4470086097717285, 5.467193603515625, 5.525424480438232, 5.4675984382629395, 5.460972785949707, 5.451625347137451, 5.4682087898254395, 5.50799036026001, 5.41774845123291, 5.4695210456848145, 5.445587158203125, 5.464112758636475, 5.4772467613220215, 5.5206828117370605, 5.4774489402771, 5.414756774902344, 5.491578578948975, 5.438492298126221, 5.493666172027588, 5.46227502822876, 5.489207744598389, 5.450878143310547]
val step Loss: [5.421229839324951, 5.384710311889648, 5.451422691345215, 5.421395301818848, 5.387798309326172, 5.463840007781982, 5.411665439605713, 5.4147233963012695, 5.460021018981934, 5.416448593139648, 5.393590450286865]
Train step Accs: [0.024386356391456806, 0.01822821728034998, 0.021280498991010824, 0.02820267686424474, 0.018989954589239025, 0.02499599423169364, 0.026107485071517843, 0.022623723487824036, 0.01719240544177007, 0.022113022113022112, 0.025474349964862964, 0.022128344397505533, 0.020274584929757342, 0.024460156697878845, 0.022924626606460576, 0.018431001890359167, 0.022129013595603125, 0.02197452229299363, 0.018712916476494753, 0.025384615384615384, 0.023368853991400262, 0.024996019742079288, 0.02976388427003658, 0.024712979178828566, 0.02522109400589584, 0.01661721068249258, 0.02122347066167291, 0.024783765801729873, 0.021396396396396396, 0.02435777984826301, 0.02026029786663089, 0.0219661505221462, 0.021956684092606423, 0.02717883674578728, 0.027061649319455563, 0.02639019792648445, 0.024811557788944723, 0.02017504821243139, 0.01950008863676653, 0.027340823970037453, 0.02738414400612792]
val step Accs: [0.02895458701615361, 0.03111467522052927, 0.02608962553713935, 0.03419196565470715, 0.02473604826546003, 0.034764826175869123, 0.029600705378511147, 0.03269262362411697, 0.02313927781871776, 0.035265172225259704, 0.04319793681495809]



ep40
Train step Loss: [5.433683395385742, 5.4427900314331055, 5.438737869262695, 5.461989402770996, 5.47812557220459, 5.441218852996826, 5.488442420959473, 5.487903594970703, 5.423654556274414, 5.423119068145752, 5.484209060668945, 5.528136730194092, 5.449053764343262, 5.4262495040893555, 5.489660739898682, 5.4941911697387695, 5.45467472076416, 5.482758045196533, 5.459702014923096, 5.473132133483887, 5.45150089263916, 5.461968421936035, 5.473368167877197, 5.548768043518066, 5.499115467071533, 5.49946403503418, 5.452373027801514, 5.443856716156006, 5.483068466186523, 5.51442289352417, 5.457839488983154, 5.466504096984863, 5.434355735778809, 5.492375373840332, 5.467790126800537, 5.446814060211182, 5.446258544921875, 5.483778953552246, 5.475619792938232, 5.4774370193481445, 5.460794448852539]
val step Loss: [5.3708672523498535, 5.470450401306152, 5.353861331939697, 5.4180192947387695, 5.439035892486572, 5.451351642608643, 5.44684362411499, 5.425937175750732, 5.450600624084473, 5.435428142547607, 5.478478908538818]
Train step Accs: [0.02839789888378201, 0.022940563086548488, 0.023209216897645685, 0.021721107610678164, 0.016862544711292796, 0.021989374262101534, 0.025570619529775185, 0.01920384076815363, 0.027529874451671456, 0.03348631650518443, 0.02500443341017911, 0.019056544829740705, 0.03, 0.030303030303030304, 0.02207989212877128, 0.02391200382592061, 0.025106990014265335, 0.027320799059929495, 0.025774225774225775, 0.023933928872408562, 0.02739082798560025, 0.023204903677758317, 0.016775534441805226, 0.02226109079344888, 0.02566752799310939, 0.022533879609202646, 0.02768361581920904, 0.01383669285958319, 0.024596615505706416, 0.019240256536753823, 0.020757020757020756, 0.024685947998831434, 0.021702604312517502, 0.024467931084407122, 0.026172768878718534, 0.02456560814859197, 0.0271106527184323, 0.01905110826158637, 0.024359178474765163, 0.026028957214901578, 0.02905982905982906]
val step Accs: [0.03457747616739376, 0.028237089799033326, 0.03887137925859223, 0.02725032613422235, 0.030528313824739008, 0.02790035587188612, 0.030403611258629847, 0.026324135743736123, 0.028288543140028287, 0.031393888656341566, 0.028695652173913042]


ep41
Train step Loss: [5.446848392486572, 5.497633934020996, 5.457327365875244, 5.496179580688477, 5.47643518447876, 5.451292991638184, 5.487210273742676, 5.475199222564697, 5.45814323425293, 5.425050735473633, 5.461706161499023, 5.4253764152526855, 5.489661693572998, 5.484556674957275, 5.449417591094971, 5.506319522857666, 5.467248916625977, 5.513023376464844, 5.468478679656982, 5.4342851638793945, 5.514683723449707, 5.465644836425781, 5.439576148986816, 5.483714580535889, 5.453556537628174, 5.473940372467041, 5.476020336151123, 5.465908527374268, 5.507400035858154, 5.443423271179199, 5.478466510772705, 5.476985931396484, 5.440481185913086, 5.454397201538086, 5.464215278625488, 5.452849864959717, 5.458618640899658, 5.510481834411621, 5.4443559646606445, 5.448502063751221, 5.42326545715332]
val step Loss: [5.39654016494751, 5.40960168838501, 5.4236650466918945, 5.421797275543213, 5.400887966156006, 5.467909336090088, 5.468006134033203, 5.451432704925537, 5.402318000793457, 5.434425354003906, 5.390378475189209]
Train step Accs: [0.0256150506512301, 0.021434460016488046, 0.025133584009499308, 0.017764502436723787, 0.02285440306856321, 0.030731496176597893, 0.021280105575717585, 0.024820480799250703, 0.025958161551381892, 0.019552547471329198, 0.021085513471300273, 0.021388667198723066, 0.014675363178179662, 0.02768729641693811, 0.02145101789862003, 0.030543785310734463, 0.02327138791227189, 0.020933205496963887, 0.02434809927741125, 0.025970278459096812, 0.0224863475746868, 0.020924738440769492, 0.01981248894392358, 0.02493675460787857, 0.022571819425444596, 0.0205686630369026, 0.0219435736677116, 0.03049296967643571, 0.028194469546358215, 0.02639719529799959, 0.029121073067419696, 0.022542049592509102, 0.023383998663771506, 0.021852666300164927, 0.02178341952671995, 0.02096086069374884, 0.020542449045097094, 0.018383761011106857, 0.028276329156789706, 0.0277484542301312, 0.02417498081350729]
val step Accs: [0.01884800965018094, 0.022459893048128343, 0.020107238605898123, 0.022674328311849665, 0.01942237356539286, 0.018369690011481057, 0.02101769911504425, 0.01863684771033014, 0.02438599547117227, 0.022497384025113358, 0.022637795275590553]

ep42
Train step Loss: [5.465020656585693, 5.48524284362793, 5.447767734527588, 5.46766996383667, 5.474511623382568, 5.458758354187012, 5.467728614807129, 5.478273391723633, 5.463561534881592, 5.515488147735596, 5.453447341918945, 5.4326395988464355, 5.463080883026123, 5.470703601837158, 5.484206199645996, 5.478521347045898, 5.441232204437256, 5.437605857849121, 5.4638800621032715, 5.468868255615234, 5.456765174865723, 5.461306095123291, 5.482209205627441, 5.476055145263672, 5.452854633331299, 5.471362590789795, 5.444836139678955, 5.502740859985352, 5.407654762268066, 5.476263999938965, 5.4997382164001465, 5.456648826599121, 5.4415740966796875, 5.48463773727417, 5.450324535369873, 5.4543657302856445, 5.421609878540039, 5.4556450843811035, 5.485909461975098, 5.50640344619751, 5.530339241027832]
val step Loss: [5.447251319885254, 5.414516925811768, 5.409062385559082, 5.423975467681885, 5.426542282104492, 5.429769515991211, 5.412721157073975, 5.387117862701416, 5.433477878570557, 5.501162528991699, 5.482209205627441]
Train step Accs: [0.022782750203417412, 0.023231441048034936, 0.020271300106691054, 0.019246586609639744, 0.020452885317750184, 0.02378656380585021, 0.018420318169132012, 0.02285792499315631, 0.02803882298567247, 0.020158511371467954, 0.023568464730290457, 0.029493269992082342, 0.0234375, 0.025602907168814006, 0.022026431718061675, 0.025800711743772242, 0.019565577847786435, 0.025966361758630863, 0.022482893450635387, 0.019914163090128754, 0.01816958277254374, 0.01981678818470742, 0.016737957969127765, 0.027715475809035564, 0.025239470883381483, 0.023489414309998454, 0.02801370883623901, 0.024876415244777548, 0.025032722513089006, 0.021790880791063907, 0.029565217391304348, 0.021359622098993634, 0.017573378201532996, 0.027043269230769232, 0.020684039087947883, 0.02024407753050969, 0.02377389858686617, 0.02461580307357541, 0.0223016683690841, 0.02328042328042328, 0.021844660194174758]
val step Accs: [0.028242168479142998, 0.028213617388800922, 0.029020194465220642, 0.0317805242428358, 0.03072721065209969, 0.02785252960172228, 0.035108153078202996, 0.02705556288768642, 0.032053316407489686, 0.030777999430037048, 0.03811764705882353]

ep43
Train step Loss: [5.456866264343262, 5.507568836212158, 5.432991981506348, 5.506717205047607, 5.414279460906982, 5.440407752990723, 5.534616470336914, 5.486476421356201, 5.433527946472168, 5.477922439575195, 5.432590484619141, 5.431584358215332, 5.542159080505371, 5.446987152099609, 5.51772928237915, 5.439897537231445, 5.520496368408203, 5.423630237579346, 5.521692276000977, 5.49044942855835, 5.472480297088623, 5.477695465087891, 5.4251275062561035, 5.4887824058532715, 5.421324729919434, 5.476504325866699, 5.444219589233398, 5.462871551513672, 5.470439910888672, 5.469277858734131, 5.455137729644775, 5.480774402618408, 5.409577369689941, 5.446652889251709, 5.490314483642578, 5.448601245880127, 5.491182804107666, 5.4027605056762695, 5.4736127853393555, 5.444777011871338, 5.432403564453125]
val step Loss: [5.481231689453125, 5.3888020515441895, 5.375699043273926, 5.40269660949707, 5.460323333740234, 5.427055835723877, 5.365391731262207, 5.4611124992370605, 5.403988361358643, 5.440350532531738, 5.433132648468018]
Train step Accs: [0.018469656992084433, 0.0195850622406639, 0.021962832130241132, 0.018971061093247588, 0.026824457593688362, 0.026408721019499464, 0.018928975893868306, 0.029697719639384834, 0.021651316852480208, 0.029511763905888753, 0.022876396524206418, 0.023482428115015976, 0.021797504343705577, 0.02234927234927235, 0.02386634844868735, 0.019084676672225312, 0.024484536082474227, 0.022885389967045037, 0.021831317732055912, 0.017889908256880735, 0.023477157360406092, 0.021411843425894948, 0.02284687459889616, 0.023271058669288757, 0.030160736861116127, 0.023172905525846704, 0.022810890360559236, 0.02332452184730213, 0.01985157699443414, 0.023039365273115654, 0.022195318805488296, 0.01960149036125061, 0.02472618652505808, 0.029230317273795534, 0.027674380967794142, 0.03003003003003003, 0.019051563470697867, 0.023067522150931868, 0.022653242522949365, 0.027413411938098747, 0.029023316484591555]
val step Accs: [0.03046375628994968, 0.03139765279682975, 0.030112556643765533, 0.031140469129145323, 0.021758569299552905, 0.02475797492461514, 0.03407812248834593, 0.034303676370097035, 0.034427966101694914, 0.031524122807017545, 0.04175946547884187]

ep44
Train step Loss: [5.48397970199585, 5.418365955352783, 5.469875812530518, 5.422476291656494, 5.510977745056152, 5.431779861450195, 5.458708763122559, 5.512081623077393, 5.426712989807129, 5.4750237464904785, 5.468839168548584, 5.4008026123046875, 5.433775424957275, 5.455541610717773, 5.4795989990234375, 5.45318603515625, 5.4479780197143555, 5.438800811767578, 5.4798054695129395, 5.493705749511719, 5.488107204437256, 5.462696075439453, 5.488097190856934, 5.549316883087158, 5.48704719543457, 5.468886375427246, 5.437021732330322, 5.42942476272583, 5.446421146392822, 5.445073127746582, 5.417804718017578, 5.4512410163879395, 5.488478660583496, 5.449704647064209, 5.4703850746154785, 5.436004638671875, 5.4746832847595215, 5.513430118560791, 5.449934005737305, 5.44989538192749, 5.551769256591797]
val step Loss: [5.382147312164307, 5.393623352050781, 5.372259140014648, 5.447010517120361, 5.412534236907959, 5.4555253982543945, 5.42921257019043, 5.396039009094238, 5.448869228363037, 5.440871715545654, 5.472935676574707]
Train step Accs: [0.017018779342723004, 0.028162783839575347, 0.0186165358642088, 0.02023608768971332, 0.0188551044674707, 0.01784694460308395, 0.02388145590562509, 0.024810048069468134, 0.027798535345987148, 0.02318840579710145, 0.019768104923018438, 0.02471662468513854, 0.020704225352112676, 0.02049418604651163, 0.024365652831456898, 0.01710933680951605, 0.023300398171361158, 0.0216916354556804, 0.018265649937932258, 0.02366329479768786, 0.01998974884674526, 0.032999787098147756, 0.03026111015044095, 0.027912621359223302, 0.030382859149982438, 0.025304736923314305, 0.027752081406105456, 0.025774118489350278, 0.04385692068429238, 0.02003058103975535, 0.029075804776739357, 0.020177562550443905, 0.021610029693170572, 0.02707363338506639, 0.026578635517183005, 0.0310889728615596, 0.019465105238170598, 0.02758298270219729, 0.01627429293727287, 0.02777298602725548, 0.019569471624266144]
val step Accs: [0.040347982600869955, 0.025531264332670847, 0.035085077548561966, 0.022251524641503213, 0.02903703703703704, 0.026551503518873962, 0.03424756929328109, 0.034634575873202234, 0.028593608487514556, 0.02891203069334064, 0.027899343544857767]

ep45
Train step Loss: [5.481812953948975, 5.5310516357421875, 5.512100696563721, 5.449941635131836, 5.448168754577637, 5.437636852264404, 5.4333086013793945, 5.490756511688232, 5.43866491317749, 5.485145568847656, 5.52768087387085, 5.425741672515869, 5.465007305145264, 5.483730316162109, 5.466886043548584, 5.466532230377197, 5.460641860961914, 5.452589511871338, 5.420013427734375, 5.467792510986328, 5.44416618347168, 5.452798366546631, 5.460619926452637, 5.488504886627197, 5.372771263122559, 5.446590423583984, 5.461606025695801, 5.459871768951416, 5.413030624389648, 5.456218719482422, 5.477066516876221, 5.402463912963867, 5.477296352386475, 5.480770111083984, 5.516933917999268, 5.443602085113525, 5.4074177742004395, 5.4803972244262695, 5.524984359741211, 5.438132286071777, 5.452615737915039]
val step Loss: [5.392928123474121, 5.416693210601807, 5.392497539520264, 5.483998775482178, 5.3686394691467285, 5.437936782836914, 5.416512489318848, 5.383889675140381, 5.4418110847473145, 5.389532566070557, 5.4623212814331055]
Train step Accs: [0.024083393242271746, 0.018997128341064724, 0.01880292808956509, 0.023422053231939164, 0.01810657009829281, 0.022172284644194757, 0.027657447517494167, 0.017701453104359312, 0.017778502691241233, 0.02988078649945812, 0.023587145797055564, 0.03174003400717929, 0.029442691903259727, 0.027387540797502483, 0.026473099914602904, 0.018569589998161426, 0.027662517289073305, 0.02979591836734694, 0.024772036474164132, 0.028195171365861894, 0.017977814611755707, 0.02058777306302059, 0.020294648226097414, 0.020892151326933936, 0.024509803921568627, 0.028290699644248688, 0.02302958109986103, 0.024167459562321598, 0.032415816682967724, 0.028941761363636364, 0.03937908496732026, 0.04155172413793103, 0.024421128798842257, 0.024256521016780195, 0.027964380565536635, 0.03289166017147311, 0.035667107001321, 0.03101033677892631, 0.022063815342837745, 0.025380002789011296, 0.026553280111072546]
val step Accs: [0.036366335164019596, 0.03000283045570337, 0.03549948657767346, 0.03659233847913093, 0.040473991997537706, 0.03754591212079989, 0.03778135048231511, 0.029151806481625058, 0.030875036581796897, 0.03153767473576543, 0.02214285714285714]

ep46
Train step Loss: [5.422028064727783, 5.464786052703857, 5.461954116821289, 5.444616317749023, 5.40857458114624, 5.467597484588623, 5.4758477210998535, 5.4285759925842285, 5.47891902923584, 5.511102676391602, 5.490541934967041, 5.5052947998046875, 5.495689392089844, 5.456683158874512, 5.504401683807373, 5.450549602508545, 5.499967098236084, 5.477086067199707, 5.439864158630371, 5.491193771362305, 5.432262420654297, 5.494771957397461, 5.470824718475342, 5.460216522216797, 5.411863803863525, 5.4644246101379395, 5.4643874168396, 5.408703327178955, 5.4336256980896, 5.429440975189209, 5.422898292541504, 5.513114929199219, 5.415125370025635, 5.476785182952881, 5.439994812011719, 5.44504976272583, 5.462108612060547, 5.495382308959961, 5.390979766845703, 5.4637651443481445, 5.4498820304870605]
val step Loss: [5.411702632904053, 5.431432723999023, 5.467774391174316, 5.450948715209961, 5.396991729736328, 5.389558792114258, 5.39064359664917, 5.413759231567383, 5.40672492980957, 5.396474838256836, 5.3898024559021]
Train step Accs: [0.03063063063063063, 0.02348993288590604, 0.022795341098169716, 0.026791181873851808, 0.030779524924723987, 0.0206341217916457, 0.02363896848137536, 0.031031807602792862, 0.03461653237839451, 0.03185159257962898, 0.032521681120747166, 0.02515923566878981, 0.03230793012830422, 0.03573422668900056, 0.029487546521614658, 0.03010867628719045, 0.02334901550792821, 0.020450885668276974, 0.023554603854389723, 0.028183899947155186, 0.02888663086079257, 0.027573894068637174, 0.02257402521254764, 0.024354024354024353, 0.03342046303211352, 0.025234318673395817, 0.04048582995951417, 0.04057124310288867, 0.023918741808650064, 0.024381687423259076, 0.03218349928876245, 0.025396825396825397, 0.022727272727272728, 0.02351567711807872, 0.02137046739280298, 0.021282885013301802, 0.03222983812162753, 0.023801065719360567, 0.030697524911603987, 0.02377093462992977, 0.022190149738408806]
val step Accs: [0.027278958190541467, 0.027746158224245875, 0.03295711060948081, 0.0340752110514198, 0.035597745476119845, 0.03838627126298359, 0.02887652278538126, 0.03284875594073246, 0.033396175599245896, 0.031065881092662024, 0.042134831460674156]

ep47
Train step Loss: [5.4521989822387695, 5.467994213104248, 5.446176052093506, 5.439430236816406, 5.477087497711182, 5.421568870544434, 5.475227355957031, 5.420717239379883, 5.506824970245361, 5.476632595062256, 5.478394985198975, 5.419974327087402, 5.523852825164795, 5.4824018478393555, 5.413721084594727, 5.436768531799316, 5.459726333618164, 5.50400972366333, 5.420624732971191, 5.46089506149292, 5.443500518798828, 5.422159194946289, 5.405650615692139, 5.448801517486572, 5.4713311195373535, 5.408242225646973, 5.44642448425293, 5.404176712036133, 5.551321029663086, 5.443423271179199, 5.478456020355225, 5.4960455894470215, 5.425382137298584, 5.473848342895508, 5.481329917907715, 5.472030162811279, 5.4340500831604, 5.431680202484131, 5.4365081787109375, 5.464703559875488, 5.4204182624816895]
val step Loss: [5.4159746170043945, 5.448936939239502, 5.418937683105469, 5.405047416687012, 5.425418376922607, 5.4067559242248535, 5.40670108795166, 5.388528823852539, 5.388162612915039, 5.403371334075928, 5.417466163635254]
Train step Accs: [0.028306571759642442, 0.025444405716277447, 0.026588344411810173, 0.023248556717116554, 0.02204724409448819, 0.028458498023715414, 0.022253872173758234, 0.03270712258413299, 0.022368649211028265, 0.02715466351829988, 0.027019537203824304, 0.03182802866188968, 0.02241161616161616, 0.026976744186046512, 0.03752719361856418, 0.038805436337625177, 0.029712776493892375, 0.026343705799151344, 0.023348603517068123, 0.028463339938749777, 0.03344194820785457, 0.032852318084126496, 0.02507947721653126, 0.03102475712942651, 0.03343558282208589, 0.04272151898734177, 0.02907083716651334, 0.02709523177048745, 0.02158273381294964, 0.036604698083297305, 0.03543372889854588, 0.03306540007307271, 0.03614647179003615, 0.03521000893655049, 0.03682272488164124, 0.023872679045092837, 0.03820816864295125, 0.03172718018323719, 0.03802210151713804, 0.036029793868006234, 0.03789508522257157]
val step Accs: [0.04135188866799205, 0.040059840425531915, 0.0456268221574344, 0.039722096360066454, 0.04509471303364433, 0.046387945043581034, 0.042135686035899, 0.0454331818893937, 0.050655279045795906, 0.039672455174361146, 0.034619750283768444]

ep48
Train step Loss: [5.4550395011901855, 5.500558853149414, 5.426638126373291, 5.432713031768799, 5.370445251464844, 5.461877822875977, 5.509608745574951, 5.409437656402588, 5.428823947906494, 5.407923698425293, 5.462368488311768, 5.445465564727783, 5.492409706115723, 5.4626359939575195, 5.478204727172852, 5.4673357009887695, 5.440041542053223, 5.443896770477295, 5.431469440460205, 5.471413612365723, 5.4640679359436035, 5.423638343811035, 5.450815200805664, 5.453993320465088, 5.399806022644043, 5.402148723602295, 5.438957691192627, 5.438499450683594, 5.4190545082092285, 5.434612274169922, 5.397521495819092, 5.462747573852539, 5.451781272888184, 5.450080871582031, 5.480844497680664, 5.4421844482421875, 5.510522365570068, 5.4266839027404785, 5.4784674644470215, 5.44273567199707, 5.471876621246338]
val step Loss: [5.425288677215576, 5.394806861877441, 5.387531757354736, 5.400829315185547, 5.373486042022705, 5.3986897468566895, 5.405582427978516, 5.361249923706055, 5.423623561859131, 5.411250591278076, 5.3207831382751465]
Train step Accs: [0.02839987017202207, 0.030077568466044008, 0.042417815482502653, 0.03116377211491641, 0.04411140958574862, 0.026767330130404943, 0.022829678582156804, 0.03936439147706754, 0.023230879199428164, 0.02798868542504094, 0.02660566005761735, 0.03346699568167798, 0.026291225886745487, 0.024115197779319916, 0.0430818734358241, 0.03187191381116265, 0.02933854907539118, 0.03208556149732621, 0.03806338588947285, 0.028755868544600938, 0.027671177539890932, 0.03381164440046182, 0.04089035449299258, 0.02261690023588178, 0.03480545066491545, 0.03607649956534338, 0.039025097925431594, 0.035893536121673, 0.03055100927441353, 0.04220287660862983, 0.03137325206167085, 0.027995720399429387, 0.0300187617260788, 0.029764762361977917, 0.0319621189701095, 0.03391959798994975, 0.03175995788734866, 0.02915209062135599, 0.04158316633266533, 0.033470884915176524, 0.03878726287262873]
val step Accs: [0.04257332071901608, 0.04774135065719897, 0.04996072270227808, 0.04703308722996992, 0.05174665360757427, 0.048868175765645804, 0.04801901743264659, 0.05065282365895863, 0.049440926848982894, 0.04677936461672982, 0.05422222222222222]

ep49
Train step Loss: [5.4507951736450195, 5.497786521911621, 5.449542999267578, 5.424400329589844, 5.435961723327637, 5.450322151184082, 5.475060939788818, 5.410451889038086, 5.445530891418457, 5.392337799072266, 5.460786819458008, 5.44603967666626, 5.438034534454346, 5.392877578735352, 5.480112552642822, 5.422523498535156, 5.4437055587768555, 5.461128234863281, 5.3879008293151855, 5.404238224029541, 5.397328853607178, 5.493627071380615, 5.4804816246032715, 5.452796936035156, 5.431093692779541, 5.45209264755249, 5.411383152008057, 5.373933792114258, 5.429778099060059, 5.370314598083496, 5.453294277191162, 5.429788112640381, 5.422383785247803, 5.426277160644531, 5.415937423706055, 5.448032379150391, 5.448239803314209, 5.42166805267334, 5.4296088218688965, 5.420870780944824, 5.458155155181885]
val step Loss: [5.418216705322266, 5.375245094299316, 5.432351112365723, 5.410420894622803, 5.360486030578613, 5.382474899291992, 5.382110118865967, 5.335158348083496, 5.439892292022705, 5.360597133636475, 5.357228755950928]
Train step Accs: [0.031705227077977724, 0.03569562946195368, 0.026240054173015066, 0.02934882298991134, 0.033699943598420753, 0.04372355430183357, 0.041391304347826084, 0.03755697356426618, 0.03645450536528003, 0.04110251450676983, 0.036278447121820614, 0.04416892677256877, 0.032507739938080496, 0.04222020018198362, 0.029777046236720037, 0.030446194225721784, 0.03768345894486315, 0.038204393505253106, 0.0414445399828031, 0.0508716323296355, 0.033397654742466976, 0.031670859849045434, 0.037745098039215684, 0.027305709375596714, 0.031117397454031116, 0.030681305459467588, 0.037945698397121363, 0.033921719109746735, 0.03381037567084079, 0.03539127015336217, 0.03292181069958848, 0.02619118082272862, 0.041108806336036204, 0.03227581147991931, 0.038166835333236955, 0.03868172675228222, 0.027696036004846807, 0.03272231480078776, 0.044322176371694944, 0.040036674816625914, 0.04082344731332868]
val step Accs: [0.04807050340499399, 0.05023547880690738, 0.05005107252298264, 0.046242774566473986, 0.04450378282153983, 0.04650040225261464, 0.042186140910408815, 0.05360134003350084, 0.045748116254036596, 0.05031636034950286, 0.038702928870292884]

ep50
Train step Loss: [5.388473033905029, 5.4482526779174805, 5.415242671966553, 5.410890102386475, 5.428014278411865, 5.417390823364258, 5.475551128387451, 5.369684219360352, 5.422370910644531, 5.4375386238098145, 5.466253757476807, 5.387740612030029, 5.411676406860352, 5.439021110534668, 5.429823398590088, 5.473976135253906, 5.438824653625488, 5.391089916229248, 5.438255786895752, 5.436797142028809, 5.416006088256836, 5.409379005432129, 5.438037872314453, 5.41832971572876, 5.437873840332031, 5.36838960647583, 5.3785481452941895, 5.407011032104492, 5.407187461853027, 5.442820072174072, 5.387139320373535, 5.453522682189941, 5.441289901733398, 5.407681941986084, 5.451412200927734, 5.363392353057861, 5.437274932861328, 5.417136192321777, 5.433888912200928, 5.4088592529296875, 5.43776273727417]
val step Loss: [5.350056171417236, 5.3414411544799805, 5.377872467041016, 5.385250091552734, 5.357585906982422, 5.365138530731201, 5.3708038330078125, 5.373114109039307, 5.40247106552124, 5.400267124176025, 5.422541618347168]
Train step Accs: [0.040321258810031145, 0.030578117534639272, 0.03779314999156403, 0.031039834454216243, 0.02740887256287087, 0.03387790197764402, 0.028813254096884566, 0.04154348840827758, 0.045984251968503934, 0.02610441767068273, 0.02917567150355048, 0.040021344717182494, 0.038348082595870206, 0.028664785385415118, 0.03625332938739272, 0.027788069655427936, 0.041225829989055086, 0.03773935675776167, 0.03267211201866978, 0.04063786008230453, 0.0271600746902054, 0.04097416488398881, 0.03718535469107551, 0.03512259774685222, 0.038169969410825906, 0.03662276745444705, 0.04748201438848921, 0.03054928517682468, 0.042687625211897055, 0.03256846780162842, 0.054088979139745245, 0.03154391549703371, 0.03288348222771336, 0.04278426855356261, 0.036309443164882806, 0.04279730468038609, 0.035030198446937014, 0.025899043220059387, 0.031940197077811754, 0.03907355021216408, 0.03496997527375486]
val step Accs: [0.049224438113327, 0.043720657276995305, 0.04883493790986466, 0.04410866910866911, 0.05059772032249096, 0.05349019607843137, 0.0504580485676894, 0.04480469747255553, 0.043877853542840205, 0.052332587364434496, 0.04860335195530726]

ep51
Train step Loss: [5.410855293273926, 5.4463677406311035, 5.4739813804626465, 5.436672210693359, 5.39643669128418, 5.357186317443848, 5.347062587738037, 5.468312740325928, 5.421291351318359, 5.418025970458984, 5.399567604064941, 5.397360801696777, 5.456954002380371, 5.41026496887207, 5.381786346435547, 5.443146228790283, 5.426422595977783, 5.434831142425537, 5.434759140014648, 5.3747944831848145, 5.4187164306640625, 5.402416229248047, 5.427175521850586, 5.367746353149414, 5.375081539154053, 5.411247730255127, 5.401047229766846, 5.416360378265381, 5.41849946975708, 5.502748012542725, 5.458798408508301, 5.367186546325684, 5.387574672698975, 5.36895751953125, 5.378270626068115, 5.421718597412109, 5.384685516357422, 5.429862976074219, 5.404294013977051, 5.413788318634033, 5.374270439147949]
val step Loss: [5.33712911605835, 5.3759589195251465, 5.367304801940918, 5.379552364349365, 5.383129119873047, 5.342779159545898, 5.36955451965332, 5.320129871368408, 5.319545269012451, 5.370938301086426, 5.467563152313232]
Train step Accs: [0.03188237006842335, 0.036778166084207024, 0.027552674230145867, 0.03125, 0.03951367781155015, 0.044765840220385676, 0.049737777025883945, 0.028448275862068967, 0.03518697392024286, 0.037142857142857144, 0.040713790713790714, 0.031098010316875462, 0.027201632097925876, 0.03358316517728452, 0.0364306784660767, 0.032963392413450386, 0.033552404012452436, 0.03183203521842194, 0.02847571189279732, 0.030033370411568408, 0.03288740245261984, 0.03082795067527892, 0.03488372093023256, 0.04274215931168471, 0.03736369467607441, 0.04406342182890855, 0.03868528214077952, 0.04138499587798846, 0.032090699461952345, 0.03407434402332361, 0.030162412993039442, 0.03889356922212862, 0.03205347960233116, 0.04020640722425285, 0.03778477495832561, 0.0335401643468053, 0.043149341552255534, 0.032114183764495985, 0.03696194635059264, 0.04213444213444213, 0.03601895734597156]
val step Accs: [0.052585064074237735, 0.04214862937727777, 0.043461082576056895, 0.05018802429852473, 0.04652351738241309, 0.04672750157331655, 0.048542274052478136, 0.04875076173065204, 0.05927672955974843, 0.05592981356728811, 0.04133858267716536]

ep52
Train step Loss: [5.376954078674316, 5.416133880615234, 5.384573459625244, 5.366732597351074, 5.427328586578369, 5.46004056930542, 5.3806681632995605, 5.363722324371338, 5.381133079528809, 5.414785385131836, 5.399115085601807, 5.378788948059082, 5.482922554016113, 5.425442218780518, 5.421432971954346, 5.377894878387451, 5.401251792907715, 5.370571613311768, 5.398593425750732, 5.378356456756592, 5.415877819061279, 5.404234886169434, 5.385899543762207, 5.4049763679504395, 5.44047212600708, 5.452792167663574, 5.3716044425964355, 5.348118305206299, 5.388463020324707, 5.339225769042969, 5.35405969619751, 5.335315704345703, 5.3965163230896, 5.410319805145264, 5.3845367431640625, 5.4051432609558105, 5.414430618286133, 5.394437313079834, 5.392342567443848, 5.411243438720703, 5.412875175476074]
val step Loss: [5.365978240966797, 5.280179023742676, 5.306983947753906, 5.354753017425537, 5.30118465423584, 5.319807529449463, 5.33634614944458, 5.371459007263184, 5.375726222991943, 5.416397571563721, 5.338507652282715]
Train step Accs: [0.030595813204508857, 0.03253090435914118, 0.035276825085742286, 0.043450232078390924, 0.03033725996449895, 0.03951367781155015, 0.030801607040367322, 0.0411058566751546, 0.03285756764793339, 0.041171477079796265, 0.03495966192854399, 0.041179744017807454, 0.03418803418803419, 0.037629879247402416, 0.03617619493908154, 0.05152158527954706, 0.03660917670029287, 0.042176614573526644, 0.029731173224141, 0.03562194771617351, 0.029326923076923077, 0.0350475519549137, 0.02887750349324639, 0.03847381864623244, 0.0297951582867784, 0.0291994224290069, 0.03541287440013238, 0.044740247735256054, 0.03625, 0.04192330617921717, 0.042799597180261835, 0.04315886134067952, 0.03472095982548627, 0.035206129149945274, 0.040471390913319895, 0.03639358993559982, 0.03232720128594392, 0.04204698488702678, 0.034224598930481284, 0.033893034825870645, 0.02253636549887318]
val step Accs: [0.05018273826258083, 0.05161998901702362, 0.04938645659748523, 0.05254999224926368, 0.05209059233449477, 0.055723130655659626, 0.045713328868050906, 0.04881198347107438, 0.05364039479330568, 0.038011695906432746, 0.052901023890784986]

ep53
Train step Loss: [5.374811172485352, 5.4105753898620605, 5.412546157836914, 5.404988765716553, 5.379955768585205, 5.4325175285339355, 5.333524703979492, 5.340730667114258, 5.396790981292725, 5.405195713043213, 5.39036750793457, 5.418745517730713, 5.383796691894531, 5.393072605133057, 5.408950328826904, 5.345765113830566, 5.415201663970947, 5.506331443786621, 5.360157489776611, 5.3312907218933105, 5.406416893005371, 5.449995040893555, 5.364508628845215, 5.349516868591309, 5.409230709075928, 5.317190170288086, 5.416179656982422, 5.427734375, 5.40493106842041, 5.366579532623291, 5.395328998565674, 5.312690258026123, 5.3742451667785645, 5.369495391845703, 5.328453063964844, 5.344732284545898, 5.350561618804932, 5.377161502838135, 5.390955448150635, 5.304516315460205, 5.329701900482178]
val step Loss: [5.318522930145264, 5.276522159576416, 5.295325756072998, 5.315726280212402, 5.357606887817383, 5.352884292602539, 5.305845737457275, 5.329868793487549, 5.310984134674072, 5.368547439575195, 5.356511116027832]
Train step Accs: [0.038405444822557123, 0.03627878970344724, 0.035644457813204994, 0.035462130937098844, 0.034503754820377514, 0.03399014778325123, 0.046046915725456126, 0.03796005941574517, 0.03817636851238366, 0.03735144312393888, 0.034083496412263534, 0.04405682431217407, 0.04856439704675964, 0.030176277263220794, 0.03035964502568893, 0.03914373088685015, 0.03172370682919206, 0.0311284046692607, 0.030749865132170474, 0.042015278283012006, 0.03499382461918485, 0.026060606060606062, 0.033531717230367256, 0.03993369499698614, 0.028964862298195632, 0.04025644848665573, 0.03710788064269319, 0.025874867444326616, 0.04005340453938585, 0.03507225942897427, 0.03970223325062035, 0.042709867452135494, 0.03356752537080406, 0.033515073765234125, 0.033090379008746354, 0.04160075925340082, 0.03931679020302933, 0.03762711864406779, 0.03662657115826463, 0.051891216005001566, 0.045087802562885616]
val step Accs: [0.05438268305718867, 0.05181950509461426, 0.045696400625978094, 0.04640044994375703, 0.04475904475904476, 0.04671145133572879, 0.05971097347943465, 0.052450172336280534, 0.048799143337922596, 0.05035865905431123, 0.040740740740740744]

ep54
Train step Loss: [5.388620376586914, 5.443737506866455, 5.365829944610596, 5.380315780639648, 5.40510892868042, 5.385056495666504, 5.293469429016113, 5.366922378540039, 5.321287155151367, 5.382755756378174, 5.368079662322998, 5.368858337402344, 5.418306827545166, 5.290188789367676, 5.361152172088623, 5.334522724151611, 5.396663188934326, 5.357280731201172, 5.33632755279541, 5.370199203491211, 5.399577617645264, 5.355789661407471, 5.360314846038818, 5.334985733032227, 5.323822498321533, 5.353335380554199, 5.334842681884766, 5.3381476402282715, 5.371405124664307, 5.378640174865723, 5.325018882751465, 5.348637580871582, 5.295468807220459, 5.351940155029297, 5.3780837059021, 5.373816013336182, 5.319087982177734, 5.355161666870117, 5.407561779022217, 5.341383934020996, 5.312961101531982]
val step Loss: [5.2717671394348145, 5.298482894897461, 5.420681476593018, 5.250692367553711, 5.275389671325684, 5.224106311798096, 5.286506175994873, 5.260861873626709, 5.288212776184082, 5.3221845626831055, 5.289881229400635]
Train step Accs: [0.03529411764705882, 0.02682837192208747, 0.04156936011209715, 0.038815670698682074, 0.03877484522645813, 0.04261529480443666, 0.04409814323607427, 0.0328457079768148, 0.03312159709618875, 0.04009360374414977, 0.04010923365762076, 0.04049984944293887, 0.029890343119915105, 0.04550989345509893, 0.04017638412542871, 0.04443734015345269, 0.028744809964867453, 0.028122843340234644, 0.04182924925862338, 0.03372681281618887, 0.02874486698803785, 0.030983243755927918, 0.03432228039557882, 0.03814922629079209, 0.04351499788762146, 0.04561486009875382, 0.036814925870398134, 0.03905571949314355, 0.03892167809858032, 0.03158185077920287, 0.03319783197831978, 0.03559547571523619, 0.04860716316088687, 0.038674908860358216, 0.03031004164738547, 0.03637670740474479, 0.05292085427135678, 0.031593619327861235, 0.029578147729109425, 0.029978586723768737, 0.036360870226684924]
val step Accs: [0.05577150583065743, 0.04869989943973567, 0.04326313118497843, 0.05014262122804384, 0.04936676143706384, 0.05366941015089163, 0.05341467043594703, 0.054394750474874805, 0.051925775767971305, 0.045921052631578946, 0.04434250764525994]

ep55
Train step Loss: [5.309262275695801, 5.383993148803711, 5.3403730392456055, 5.33271598815918, 5.3186469078063965, 5.37015962600708, 5.282243728637695, 5.293281555175781, 5.301793575286865, 5.313182353973389, 5.367531776428223, 5.2865309715271, 5.346312046051025, 5.383919715881348, 5.294395446777344, 5.308285713195801, 5.325099468231201, 5.3328776359558105, 5.337137222290039, 5.332393169403076, 5.386094093322754, 5.342074871063232, 5.323434352874756, 5.362720966339111, 5.292552471160889, 5.347445011138916, 5.320415496826172, 5.405343532562256, 5.363295078277588, 5.306467056274414, 5.416616916656494, 5.276180267333984, 5.2609968185424805, 5.376436710357666, 5.403741836547852, 5.309270858764648, 5.271939277648926, 5.296962738037109, 5.334664821624756, 5.307426452636719, 5.284698486328125]
val step Loss: [5.251777648925781, 5.264482021331787, 5.287904262542725, 5.319020748138428, 5.239813327789307, 5.25604772567749, 5.278487682342529, 5.27245569229126, 5.2359819412231445, 5.225837707519531, 5.312518119812012]
Train step Accs: [0.03694202154951257, 0.03505092869982025, 0.042302158273381296, 0.028583992963940194, 0.045921544209215445, 0.03037037037037037, 0.037758013089444535, 0.04242135367016206, 0.04100889130829251, 0.04009111617312073, 0.03824339653216659, 0.055299539170506916, 0.043244812073719344, 0.02845699831365936, 0.043057324840764334, 0.04097337770382695, 0.03206353875569937, 0.030844669408415057, 0.03819611619322741, 0.03836371343789741, 0.03383084577114428, 0.03658005516040064, 0.040275569687334395, 0.03527040644944575, 0.0400177200236267, 0.032354903268845894, 0.03624519792884583, 0.033814891252579776, 0.03856159143075746, 0.037172862143690616, 0.027233115468409588, 0.04423147806855879, 0.04591513616212793, 0.02743668457405986, 0.024656065749508665, 0.037485045859364616, 0.0566779903450742, 0.034272532542428735, 0.04038577456298975, 0.029545454545454545, 0.048315753657706705]
val step Accs: [0.049405030878144296, 0.05173666618224095, 0.054168706151085, 0.04474491218288263, 0.05404640633842671, 0.04864717135829462, 0.05320533680442564, 0.05532605488344645, 0.05517641934078699, 0.05336194563662375, 0.06267029972752043]


ep56
Train step Loss: [5.277565956115723, 5.325303554534912, 5.268313884735107, 5.283421993255615, 5.348300457000732, 5.337299823760986, 5.3185577392578125, 5.324826240539551, 5.330979347229004, 5.255677700042725, 5.313320159912109, 5.290825843811035, 5.305752277374268, 5.305941581726074, 5.230911731719971, 5.312496185302734, 5.258768558502197, 5.2991862297058105, 5.290719985961914, 5.319847106933594, 5.292468070983887, 5.378114700317383, 5.305257320404053, 5.287633895874023, 5.318003177642822, 5.327616214752197, 5.317751884460449, 5.309600353240967, 5.299846172332764, 5.278770923614502, 5.275274276733398, 5.284891128540039, 5.258957386016846, 5.282597541809082, 5.304261684417725, 5.284521579742432, 5.347906112670898, 5.250865459442139, 5.2954325675964355, 5.287932395935059, 5.249348163604736]
val step Loss: [5.250400066375732, 5.201412677764893, 5.207762718200684, 5.263079643249512, 5.287969589233398, 5.182621955871582, 5.248495101928711, 5.205080509185791, 5.220008373260498, 5.2163872718811035, 5.179985523223877]
Train step Accs: [0.043963254593175856, 0.04019688269073011, 0.038770281810418444, 0.03418083852500421, 0.04140188715578664, 0.033835904628331, 0.03935835951711592, 0.044714750728113754, 0.032863121996589674, 0.050737058621871785, 0.03378591727186612, 0.038911845730027546, 0.03952941176470588, 0.032383808095952024, 0.05946843853820598, 0.034599473486273034, 0.04577240940877304, 0.042869269949066216, 0.04618743701713134, 0.042070735881346265, 0.05196907031109513, 0.024873096446700507, 0.031577301860246994, 0.03789659224441833, 0.025397752152970368, 0.029832572298325723, 0.03619978616160073, 0.039860563807214304, 0.042451271886356126, 0.03419811320754717, 0.03739094308267553, 0.03755364806866953, 0.034614110632659824, 0.03243483412322275, 0.04326923076923077, 0.04040404040404041, 0.033503277494537506, 0.04365620736698499, 0.03820340733092411, 0.030480101073910297, 0.04193228502620768]
val step Accs: [0.051533742331288344, 0.056074766355140186, 0.0501813784764208, 0.04972144846796658, 0.04971172325432415, 0.057193292144748456, 0.048931466470154755, 0.05603387438249824, 0.05006121616106652, 0.05463867969876622, 0.048150322959483266]


ep57
Train step Loss: [5.295356750488281, 5.243472099304199, 5.257027626037598, 5.237855911254883, 5.2835588455200195, 5.292458534240723, 5.254567623138428, 5.310673713684082, 5.273664474487305, 5.3370442390441895, 5.241281032562256, 5.273940086364746, 5.260214805603027, 5.264621257781982, 5.30559778213501, 5.277234077453613, 5.3404130935668945, 5.236636161804199, 5.238791465759277, 5.271987438201904, 5.279147148132324, 5.26375675201416, 5.24692964553833, 5.229018211364746, 5.23581075668335, 5.272544860839844, 5.236714839935303, 5.225532531738281, 5.29387092590332, 5.239436149597168, 5.274155616760254, 5.234147071838379, 5.2511491775512695, 5.308406829833984, 5.267693042755127, 5.250240802764893, 5.271430492401123, 5.2350897789001465, 5.240425109863281, 5.20853853225708, 5.186428546905518]
val step Loss: [5.106473922729492, 5.193939208984375, 5.226543426513672, 5.200344562530518, 5.246315956115723, 5.147937297821045, 5.15377140045166, 5.226953506469727, 5.1317033767700195, 5.208970069885254, 5.118058681488037]
Train step Accs: [0.03368383532347175, 0.04112355425004589, 0.04186360567184335, 0.037598204264870934, 0.03940198407153835, 0.036231884057971016, 0.03348631650518443, 0.04057884529315232, 0.04424157303370786, 0.038271049076992344, 0.03946017309667009, 0.03986981285598047, 0.0493846639318397, 0.04120049724738057, 0.03569380733944954, 0.03041144901610018, 0.037801314828341856, 0.04742547425474255, 0.04478427089022392, 0.048184477714679055, 0.0383426097711812, 0.04515631030490158, 0.04008473195372332, 0.038639415187229596, 0.03873292298453686, 0.04601425793907971, 0.037504261847937266, 0.03780749545979858, 0.03232675183894696, 0.035583027063147345, 0.024952621604548326, 0.04008252284114353, 0.036160800153875745, 0.04178470254957507, 0.04013157894736842, 0.031530795621630456, 0.033907331794780754, 0.04032809295967191, 0.035788024776324846, 0.0328, 0.03913653913653914]
val step Accs: [0.05788967286722258, 0.04950634696755994, 0.05093218049175898, 0.05325249877109618, 0.04688126085214372, 0.05578169757274235, 0.05283672585534863, 0.053723660929708865, 0.044755244755244755, 0.049311094996374184, 0.062347783731125185]


ep58
Train step Loss: [5.25393009185791, 5.151688098907471, 5.213034629821777, 5.217849254608154, 5.261174201965332, 5.235547065734863, 5.220614910125732, 5.236001491546631, 5.3071513175964355, 5.2165141105651855, 5.2678608894348145, 5.210718154907227, 5.2181291580200195, 5.232905387878418, 5.2627272605896, 5.211324691772461, 5.2140936851501465, 5.235008239746094, 5.192658424377441, 5.190438270568848, 5.22684907913208, 5.3022871017456055, 5.254842281341553, 5.198485851287842, 5.209786891937256, 5.177152633666992, 5.221376419067383, 5.210226058959961, 5.182281970977783, 5.214316368103027, 5.197409152984619, 5.189349174499512, 5.252901077270508, 5.253173351287842, 5.199292182922363, 5.193356513977051, 5.253537654876709, 5.136916637420654, 5.231430530548096, 5.1723480224609375, 5.171352863311768]
val step Loss: [5.182103633880615, 5.114260196685791, 5.146326541900635, 5.094377040863037, 5.138298988342285, 5.13132905960083, 5.183338642120361, 5.092355251312256, 5.1598801612854, 5.083511829376221, 5.051065921783447]
Train step Accs: [0.0471441523118767, 0.0470530771735591, 0.041044776119402986, 0.04204145482987876, 0.036921151439299124, 0.030848329048843187, 0.03795091859997318, 0.033285354444044624, 0.03298350824587706, 0.054934275063763, 0.03819831290784657, 0.04904547571007295, 0.045420699925539834, 0.03477546549835706, 0.03261289077576225, 0.038025594149908595, 0.03478951548848292, 0.03238255033557047, 0.03444525018129079, 0.03679476696647588, 0.04074486710170301, 0.02666666666666667, 0.04148539465506526, 0.048154362416107384, 0.036096665646986846, 0.04068904068904069, 0.03913857677902622, 0.039776258545680544, 0.04759645793801392, 0.031231409875074362, 0.04359712230215827, 0.030903328050713153, 0.035466981928728256, 0.03594374023267929, 0.05296687295231161, 0.0390894819466248, 0.036670786979810466, 0.043278929029891805, 0.036470903727540895, 0.05182026894063627, 0.04193186072631973]
val step Accs: [0.0493399119882651, 0.05913231434306006, 0.05121823421535237, 0.06174183514774494, 0.051045728465083304, 0.05434782608695652, 0.047700845665961944, 0.05780980730064233, 0.05146836209506509, 0.04600853138330287, 0.06417112299465241]

ep59
Train step Loss: [5.152881622314453, 5.268121242523193, 5.198503494262695, 5.1567254066467285, 5.1262030601501465, 5.2172770500183105, 5.212512016296387, 5.222762107849121, 5.250807762145996, 5.182403564453125, 5.236159324645996, 5.150509357452393, 5.099946975708008, 5.184726715087891, 5.2719407081604, 5.187112808227539, 5.212678909301758, 5.202089786529541, 5.135452747344971, 5.152660846710205, 5.188784122467041, 5.119251728057861, 5.178745269775391, 5.180273056030273, 5.209439754486084, 5.219021797180176, 5.090723037719727, 5.17004919052124, 5.1326799392700195, 5.174284934997559, 5.144591331481934, 5.177882671356201, 5.19852352142334, 5.084750652313232, 5.11454439163208, 5.17815637588501, 5.1528120040893555, 5.127749919891357, 5.126588344573975, 5.1203155517578125, 5.1587724685668945]
val step Loss: [5.120917797088623, 5.049857139587402, 5.033388137817383, 5.068767070770264, 5.179616928100586, 5.047927379608154, 5.092080116271973, 5.098602294921875, 5.021839618682861, 5.083172798156738, 5.02775764465332]
Train step Accs: [0.0412573673870334, 0.02895076525908169, 0.05143839899937461, 0.04546094299788881, 0.04077010192525481, 0.043882978723404256, 0.03659976387249114, 0.04041433180506028, 0.03685092127303183, 0.0386676875957121, 0.034111913964039654, 0.04155172413793103, 0.03866862457170827, 0.03491233466625654, 0.029532111723892546, 0.0392004657481079, 0.03556726494319117, 0.034110467845407604, 0.04389555398729711, 0.04381161007667032, 0.041019351321886076, 0.0459105594286686, 0.040051679586563305, 0.03293068737417314, 0.022069181405540775, 0.042418772563176894, 0.04955382570723372, 0.044978916133062624, 0.03702551337896702, 0.04168908015061861, 0.05083917223399055, 0.03812636165577342, 0.03429355281207133, 0.04550700741962078, 0.05741869918699187, 0.04020797227036395, 0.0480264145279904, 0.04404233526800956, 0.04866297277764394, 0.04030681305459467, 0.041223891535360935]
val step Accs: [0.04912385802006889, 0.05719496021220159, 0.05486425339366516, 0.048770971517752636, 0.04986807387862797, 0.05000836260244188, 0.053487730907085744, 0.05653766523331741, 0.05360729182759153, 0.0543558101953871, 0.054400977995110025]

ep60
Train step Loss: [5.1776347160339355, 5.128337860107422, 5.129725933074951, 5.076979160308838, 5.133130073547363, 5.1273345947265625, 5.137124538421631, 5.138924598693848, 5.107518196105957, 5.16365385055542, 5.153205394744873, 5.0634613037109375, 5.138242244720459, 5.143514633178711, 5.151854991912842, 5.160816669464111, 5.104781627655029, 5.131053447723389, 5.120946884155273, 5.122153282165527, 5.145027160644531, 5.150380611419678, 5.171900272369385, 5.094367980957031, 5.132475852966309, 5.077486991882324, 5.156123161315918, 5.158492565155029, 5.129473686218262, 5.09866189956665, 5.1151251792907715, 5.084218978881836, 5.076694488525391, 5.115188121795654, 5.111687660217285, 5.064162254333496, 5.067338943481445, 5.135250568389893, 5.041101932525635, 5.055154323577881, 5.2322282791137695]
val step Loss: [5.092337131500244, 5.0433735847473145, 4.987227439880371, 4.995563983917236, 5.077004909515381, 5.034621715545654, 5.042940616607666, 5.00085973739624, 4.990553855895996, 5.037771224975586, 4.929272174835205]
Train step Accs: [0.039144617615077926, 0.05542725173210162, 0.054953712822532995, 0.04662698412698413, 0.04087407640308128, 0.04736842105263158, 0.037361923326835605, 0.03670835014118596, 0.037526513297438405, 0.04025632599408478, 0.03534654986937145, 0.04871794871794872, 0.03660253402158611, 0.04054054054054054, 0.03752318447710087, 0.03729641693811075, 0.033525826114854024, 0.0380575430050236, 0.05308602494403582, 0.0447301702281782, 0.047432122996401704, 0.04620573355817875, 0.03976739823672857, 0.03908241291418862, 0.03763171098845961, 0.0381551901336074, 0.03626456219466366, 0.037828371278458846, 0.04245205703982954, 0.036077235772357726, 0.03837719298245614, 0.054500155714730616, 0.046837606837606835, 0.039555630365258374, 0.04431871758604432, 0.04423407917383821, 0.0379378919993881, 0.040896889309963685, 0.04208416833667335, 0.04397270659590599, 0.03487966515521451]
val step Accs: [0.05301645338208409, 0.052326384094988264, 0.056555269922879174, 0.05272591486183719, 0.05141037306642402, 0.058335716328281384, 0.05327351745408664, 0.05950572967002623, 0.059774709302325583, 0.052700348432055746, 0.07534246575342465]

ep61
Train step Loss: [5.1462554931640625, 5.094139099121094, 5.101886749267578, 5.087360382080078, 5.106888771057129, 5.035181045532227, 5.027538299560547, 5.0205254554748535, 5.093536853790283, 5.196015357971191, 5.0858473777771, 5.045953273773193, 5.1353654861450195, 5.071506977081299, 5.072745323181152, 5.020127296447754, 5.076308250427246, 5.072477340698242, 5.0957255363464355, 5.08428955078125, 5.235239505767822, 5.138454437255859, 5.057804107666016, 5.051630020141602, 4.990875244140625, 5.083725929260254, 5.01836633682251, 5.057502269744873, 5.010871887207031, 5.095801830291748, 5.073562145233154, 5.0178656578063965, 5.031400680541992, 5.052961349487305, 5.061476230621338, 5.076298713684082, 4.976565837860107, 5.001333713531494, 5.0605788230896, 5.0935282707214355, 5.019073009490967]
val step Loss: [4.936893463134766, 4.9540863037109375, 4.987436771392822, 5.030231952667236, 4.944945335388184, 4.942224502563477, 4.944475173950195, 5.040261268615723, 4.980447769165039, 4.9500017166137695, 4.99812126159668]
Train step Accs: [0.04619758351101635, 0.04568788501026694, 0.04130747126436782, 0.043954164528818195, 0.04128950293790694, 0.04684949396016977, 0.054679802955665026, 0.04776958201615736, 0.041486345321593794, 0.04312169312169312, 0.03769334734945187, 0.044749133644719, 0.03577592970343637, 0.03810330228619814, 0.04235211760588029, 0.047116609059486995, 0.0400059710404538, 0.0415124698310539, 0.04380012338062924, 0.047311827956989246, 0.03161183605954788, 0.03883989145183175, 0.0492748846407383, 0.037408468640560334, 0.05347846663511595, 0.03822165360626899, 0.045779019242706394, 0.05080728780921345, 0.0510148107515085, 0.04048917534291853, 0.032461332824135956, 0.05655324511657215, 0.042757804408936236, 0.04967197750702906, 0.05021262675825973, 0.04710851202079272, 0.051650324540809284, 0.049760290957183005, 0.04205181616976956, 0.035912560721721026, 0.04214424263798272]
val step Accs: [0.060144451739986865, 0.055800293685756244, 0.055965403205291274, 0.05552184466019418, 0.06295955882352941, 0.06160195658819933, 0.06428468933849907, 0.05268373245251858, 0.06084942084942085, 0.056572379367720464, 0.054285714285714284]

ep62
Train step Loss: [5.087224960327148, 5.067121982574463, 5.082927227020264, 5.01416015625, 5.021949291229248, 5.044726371765137, 5.055675506591797, 5.042296409606934, 5.01694917678833, 5.01211404800415, 5.025150775909424, 5.0315985679626465, 5.0819268226623535, 4.994592666625977, 5.000538349151611, 5.008131504058838, 5.057006359100342, 4.9626922607421875, 5.042703151702881, 5.034612655639648, 4.975849628448486, 4.985326290130615, 4.961418628692627, 4.972446441650391, 5.0046892166137695, 5.058983325958252, 5.0074286460876465, 5.0050129890441895, 5.098716735839844, 5.015336990356445, 4.989492416381836, 4.9780755043029785, 4.9893999099731445, 4.943383693695068, 4.979623794555664, 5.000895023345947, 4.965821266174316, 4.95225715637207, 4.949310302734375, 4.992373943328857, 4.954164505004883]
val step Loss: [4.893090724945068, 4.799407482147217, 4.978216171264648, 4.893002033233643, 4.857898712158203, 4.837492942810059, 4.956125736236572, 4.9817986488342285, 4.911192417144775, 4.976085186004639, 4.932297229766846]
Train step Accs: [0.045837804691093054, 0.04636317822946413, 0.03638644918444166, 0.05855134365545471, 0.04269745281290086, 0.04733246584255042, 0.05379990750732234, 0.04464133583233941, 0.050630662639900514, 0.045024835763499436, 0.0471032332184474, 0.041018998272884286, 0.037242614145031334, 0.05627376425855513, 0.05867036972747787, 0.043112897332846185, 0.03711928934010152, 0.06069505628976995, 0.037330122140030966, 0.03996763754045307, 0.05791320995532866, 0.04569320278132539, 0.04645976584278015, 0.05488260804546134, 0.04821769573520051, 0.034818941504178275, 0.047533191280118015, 0.042289988492520136, 0.03753753753753754, 0.03924843423799582, 0.056110684089162186, 0.04840858623242043, 0.05470140799482117, 0.04363312555654497, 0.05340385599727009, 0.042306435805292385, 0.051277199621570485, 0.05256698711392923, 0.054820415879017016, 0.04091279543602282, 0.04920477137176938]
val step Accs: [0.0631422189128816, 0.07332388089933158, 0.06172148355493352, 0.061158954897095316, 0.06157862407862408, 0.06580829756795423, 0.05892343872484975, 0.05414171656686627, 0.05569345330437481, 0.057360552041403105, 0.06445012787723785]

ep63
Train step Loss: [4.9554877281188965, 4.977384567260742, 5.090935707092285, 5.00336217880249, 5.11243200302124, 4.971717357635498, 5.016425609588623, 4.990400314331055, 5.116776943206787, 5.033389091491699, 4.966372966766357, 4.986240863800049, 5.008167266845703, 4.95237922668457, 4.972442626953125, 4.963844299316406, 5.031340599060059, 5.008124351501465, 4.902884483337402, 4.967806339263916, 4.970907688140869, 4.9975175857543945, 4.922646522521973, 4.967345237731934, 4.896729946136475, 4.875033855438232, 4.9975104331970215, 4.91715669631958, 4.940803050994873, 4.9963297843933105, 4.954918384552002, 4.994939804077148, 4.880743980407715, 4.936600685119629, 4.922069072723389, 4.9523844718933105, 4.877055644989014, 4.894392967224121, 4.902233123779297, 4.87482213973999, 4.870603561401367, 4.93875789642334, 4.926846981048584, 4.91220760345459, 4.907584190368652, 4.906938076019287, 4.910451889038086, 4.8718366622924805, 4.9196391105651855, 4.886207580566406, 4.83375358581543, 4.937164306640625, 4.872663497924805, 4.870910167694092, 4.937592029571533, 4.83414363861084, 4.995236873626709, 4.79881477355957, 4.909135818481445, 4.839003562927246, 4.900305271148682, 4.887375354766846, 4.673180103302002]
val step Loss: [4.865390777587891, 4.829339504241943, 4.823302268981934, 4.782476902008057, 4.831920623779297, 4.881293296813965, 4.809107780456543, 4.798286437988281, 4.809360980987549, 4.816614627838135, 4.903814792633057, 4.822196960449219, 4.8525495529174805, 4.903765678405762, 4.8263630867004395, 4.826847076416016]
Train step Accs: [0.042301710730948676, 0.050205045358518705, 0.0327116212338594, 0.0480565371024735, 0.03431056701030928, 0.054945054945054944, 0.04457760888629056, 0.046133567662565905, 0.04067710965133906, 0.04665605095541401, 0.04146596858638744, 0.04296875, 0.04722792607802875, 0.0404893678997961, 0.04730657714024111, 0.04368495438776821, 0.04108000662580752, 0.034874290348742905, 0.04287274713271436, 0.04511813265015656, 0.04894401609118337, 0.04301423027166882, 0.047751039435555, 0.05024221453287197, 0.059569859198514624, 0.05383862396867571, 0.0488112108329397, 0.059573206876111444, 0.056818181818181816, 0.04498567335243553, 0.044008231755580184, 0.04025920308837722, 0.050130338881090836, 0.0438871473354232, 0.04453660295708619, 0.04635379061371841, 0.05608634111818825, 0.05085972850678733, 0.04361896721542142, 0.041450068399452804, 0.04204159905590795, 0.05131348511383538, 0.043081761006289306, 0.0392960097102109, 0.045348384585441805, 0.036769621607166736, 0.051137884872824634, 0.04836557705136758, 0.053305277923899705, 0.04556388849582567, 0.055287094940306994, 0.036964688204357624, 0.041212121212121214, 0.05013039698638076, 0.04327463469464219, 0.056478916589719916, 0.03880302532061822, 0.06035731530661516, 0.04522381172127365, 0.05722535765848537, 0.055978800927459424, 0.05372243409053225, 0.07792207792207792]
val step Accs: [0.06054989187519308, 0.06310205221276002, 0.06583025830258303, 0.0667349626811064, 0.06968641114982578, 0.0665216039788623, 0.07671064743786438, 0.07354944156905475, 0.0740414279418246, 0.07956204379562044, 0.058378532686268914, 0.059754922208453805, 0.06539966461710453, 0.06454630495790459, 0.0754746835443038, 0.06724835071291764]


ep64
Train step Loss: [4.818776607513428, 4.864996910095215, 4.881746768951416, 4.906253337860107, 4.858753204345703, 4.814192295074463, 4.890628337860107, 4.7724833488464355, 4.876620769500732, 4.838132381439209, 4.819663047790527, 4.774433135986328, 4.767433166503906, 4.721027374267578, 4.845170974731445, 4.789494037628174, 4.780208587646484, 4.857519149780273, 4.761247634887695, 4.795982837677002, 4.8075432777404785, 4.751061916351318, 4.795984745025635, 4.810338973999023, 4.844040393829346, 4.716005325317383, 4.809176921844482, 4.765307426452637, 4.751443386077881, 4.756048679351807, 4.780554294586182, 4.721930980682373, 4.830600738525391, 4.797567844390869, 4.748781681060791, 4.823898792266846, 4.775660514831543, 4.718391418457031, 4.749538898468018, 4.713375568389893, 4.761530876159668, 4.791106224060059, 4.7693891525268555, 4.808268070220947, 4.672722339630127, 4.748064994812012, 4.776623725891113, 4.688162326812744, 4.69124174118042, 4.719322204589844, 4.766576290130615, 4.7054057121276855, 4.702444553375244, 4.813164234161377, 4.755524635314941, 4.805255889892578, 4.752248764038086, 4.780266761779785, 4.724896430969238, 4.719569683074951, 4.739260673522949, 4.707632064819336, 4.724837303161621]
val step Loss: [4.650117874145508, 4.702747821807861, 4.655426979064941, 4.646312236785889, 4.833908557891846, 4.667984962463379, 4.667117595672607, 4.658118724822998, 4.643429279327393, 4.729546546936035, 4.679524898529053, 4.651654243469238, 4.730890274047852, 4.6290998458862305, 4.707899570465088, 4.574255466461182]
Train step Accs: [0.05905720338983051, 0.058444175735590485, 0.06237218813905931, 0.05423907319641917, 0.06001348617666891, 0.07470578202285519, 0.052529761904761905, 0.06025871950221058, 0.05162582832485745, 0.0648412817812547, 0.06788962057071182, 0.07837037037037037, 0.08002623811085602, 0.0744060025010421, 0.05162900683131897, 0.05796038151137197, 0.0730806296177321, 0.0523800771916927, 0.06978811675803823, 0.058497536945812806, 0.060306169785062626, 0.06340057636887608, 0.05571802370324765, 0.0597187758478081, 0.06007628734901462, 0.06448160535117056, 0.06228861330326945, 0.07702702702702703, 0.0646647837074476, 0.06246817178747242, 0.06155861165684348, 0.05883095568741321, 0.058786741713570984, 0.05596812171708024, 0.07688991089393504, 0.06198710433763189, 0.07069754915162942, 0.06918238993710692, 0.06440572495332919, 0.06618486116394066, 0.06424945612762871, 0.06980976013234078, 0.05544493796906111, 0.07044924154025671, 0.08776857182979919, 0.07216494845360824, 0.060367843369919905, 0.07970215113072256, 0.08948152159198593, 0.06636329161926431, 0.07582152547482665, 0.06742775597574027, 0.08135821146411161, 0.052271691232335514, 0.0704968944099379, 0.06048265460030166, 0.06433677521842732, 0.06371419163648337, 0.07498709344346928, 0.0700746697300402, 0.06995305164319249, 0.07492074086434174, 0.06779192030990593]
val step Accs: [0.09465670784257398, 0.07908202822142968, 0.0900063051702396, 0.093701399688958, 0.05977082688138743, 0.08233638282899367, 0.08917972911276822, 0.0933139534883721, 0.09037101198209903, 0.07430213464696224, 0.07738886427411018, 0.09439024390243902, 0.06886268130676426, 0.08497576736672052, 0.08609990691901954, 0.09163862283199586]

ep65
Train step Loss: [4.6757073402404785, 4.665877819061279, 4.69843053817749, 4.743844509124756, 4.643628120422363, 4.772132873535156, 4.710868835449219, 4.680936813354492, 4.57328462600708, 4.702876091003418, 4.637001991271973, 4.663963317871094, 4.662367820739746, 4.631156921386719, 4.674870014190674, 4.682282447814941, 4.63865852355957, 4.634374141693115, 4.662403106689453, 4.619170188903809, 4.61289644241333, 4.7165846824646, 4.727638244628906, 4.639991760253906, 4.611734390258789, 4.628966331481934, 4.613662242889404, 4.659965991973877, 4.681246280670166, 4.687377452850342, 4.6869425773620605, 4.627910137176514, 4.591291427612305, 4.6593241691589355, 4.5374298095703125, 4.651956558227539, 4.643546104431152, 4.585240840911865, 4.586556434631348, 4.555478096008301, 4.608692646026611, 4.650562286376953, 4.534821033477783, 4.648794651031494, 4.61859130859375, 4.61448860168457, 4.610255241394043, 4.561992168426514, 4.478059768676758, 4.5776543617248535, 4.600432395935059, 4.531322479248047, 4.5540032386779785, 4.483423233032227, 4.5523552894592285, 4.601978778839111, 4.566462993621826, 4.557302474975586, 4.556286334991455, 4.543140411376953, 4.5267462730407715, 4.498339653015137, 4.580554008483887]
val step Loss: [4.436677932739258, 4.469033718109131, 4.555429935455322, 4.543140411376953, 4.525747299194336, 4.511189937591553, 4.472295761108398, 4.544134616851807, 4.490653991699219, 4.532538890838623, 4.488412857055664, 4.617104530334473, 4.4928460121154785, 4.612374305725098, 4.391078948974609, 4.692322254180908]
Train step Accs: [0.09202544755141293, 0.09359202076786446, 0.07785660941000747, 0.07466103187180842, 0.08334520586978202, 0.06677985285795134, 0.07803510842307125, 0.087627365356623, 0.09640680141161373, 0.06005950167348457, 0.07429851139507311, 0.08463541666666667, 0.06663691804254053, 0.07725561288523218, 0.06451057973507655, 0.06601420072922663, 0.08681624871682064, 0.08804826349258112, 0.07729753650980971, 0.08019361590790162, 0.082170299513878, 0.08913773796192609, 0.0752405949256343, 0.09286186384666226, 0.11209398756046994, 0.08302718589272594, 0.08832046332046332, 0.09353383458646616, 0.07435821776335202, 0.08077709611451943, 0.0863431151241535, 0.0740354535974974, 0.08296751536435469, 0.08426877470355731, 0.09968790159720947, 0.08548210657915299, 0.09398114575779551, 0.09966009517335146, 0.0906515580736544, 0.1001763103061388, 0.08456156022033647, 0.07810175542993157, 0.09546479579052869, 0.0922242314647378, 0.08294314381270904, 0.0861180627116149, 0.08011985409067222, 0.09579667644183773, 0.12474679270762998, 0.08683514545988834, 0.10453834115805946, 0.09834613112817484, 0.09101141662646728, 0.11053639846743295, 0.10235553296051517, 0.088016967126193, 0.10549059481443823, 0.09262282915244174, 0.09626636946224575, 0.08421955403087479, 0.09398199336597694, 0.12184449680242343, 0.10036687631027254]
val step Accs: [0.1374829001367989, 0.11605548688366983, 0.08973214285714286, 0.09821996185632549, 0.10766016713091922, 0.1043249561659848, 0.12305955405023991, 0.11104855735397608, 0.11777839799051075, 0.10238541945859019, 0.11940083537375774, 0.08821402747650037, 0.10299511002444987, 0.08484759671746776, 0.13227701620081894, 0.07825885621671683]


ep66
Train step Loss: [4.608030319213867, 4.532550811767578, 4.641735553741455, 4.537256717681885, 4.43351936340332, 4.525994300842285, 4.493731498718262, 4.583899021148682, 4.49993371963501, 4.626490116119385, 4.5174479484558105, 4.4991230964660645, 4.515909194946289, 4.487478733062744, 4.486217021942139, 4.5285420417785645, 4.510670185089111, 4.5551018714904785, 4.500108242034912, 4.478489398956299, 4.447174072265625, 4.433390140533447, 4.523975372314453, 4.488803863525391, 4.438627243041992, 4.593508243560791, 4.483815670013428, 4.404655933380127, 4.464761257171631, 4.441208362579346, 4.45934534072876, 4.567384719848633, 4.500267505645752, 4.537537097930908, 4.408559322357178, 4.450280666351318, 4.50635290145874, 4.448093414306641, 4.403067588806152, 4.320547580718994, 4.461839199066162, 4.464780330657959, 4.4699788093566895, 4.47382116317749, 4.460092067718506, 4.402115345001221, 4.454063892364502, 4.383650302886963, 4.348444938659668, 4.408200740814209, 4.432060718536377, 4.444324493408203, 4.407289028167725, 4.3903727531433105, 4.438472270965576, 4.437562465667725, 4.362325191497803, 4.429340839385986, 4.369081020355225, 4.3602447509765625, 4.404914855957031, 4.338049411773682, 4.381514549255371]
val step Loss: [4.3932294845581055, 4.380716323852539, 4.3753790855407715, 4.406039714813232, 4.304412841796875, 4.3768157958984375, 4.387518405914307, 4.349247932434082, 4.420334815979004, 4.459325313568115, 4.237043380737305, 4.36393928527832, 4.377842903137207, 4.338906764984131, 4.400104999542236, 4.389712333679199]
Train step Accs: [0.07894736842105263, 0.09818292869140327, 0.09062396830637175, 0.09946990957280948, 0.1264316525360702, 0.10255119167505874, 0.11831210191082803, 0.09508289641490718, 0.10981827689894104, 0.09491954438618695, 0.10710069151627594, 0.10239896957011753, 0.10265072765072765, 0.11142857142857143, 0.11143143645023816, 0.08916599624564227, 0.09031909140075717, 0.09455511288180611, 0.09938695894482631, 0.11565461565461566, 0.1128838565791731, 0.12043956043956044, 0.10057821059038345, 0.11247650715628163, 0.12521499828001376, 0.09688456690077435, 0.10124333925399645, 0.10733023534702443, 0.10531135531135531, 0.13076597545493018, 0.1111111111111111, 0.08670333225493368, 0.10861968549796155, 0.10866306954436451, 0.12917038358608385, 0.10318897089541847, 0.10192644483362522, 0.12099948656512066, 0.1147885050048434, 0.14449509600773588, 0.10252473558512452, 0.11161058309786796, 0.1078532488581111, 0.10167064439140812, 0.10404699738903395, 0.11259946949602122, 0.1132421379213087, 0.11811414392059554, 0.11981297486849796, 0.11759753017120404, 0.11836027713625866, 0.1114723641430562, 0.11898971000935454, 0.11403881569627426, 0.09730344379467186, 0.1092665258074253, 0.12296643705115053, 0.10491709548313322, 0.11913203800879307, 0.13487801135491792, 0.12325390304026294, 0.12212444032731203, 0.12859783469764985]
val step Accs: [0.126171875, 0.11458174615267408, 0.12510810031709427, 0.11744150714068673, 0.12378341329677861, 0.11541762013729977, 0.11995620894588677, 0.12947848941762347, 0.1134136546184739, 0.11712238631378856, 0.14179548156956004, 0.12382169675667039, 0.11776283418074462, 0.13149125242988058, 0.10509977827050998, 0.11863240018357045]

ep67
Train step Loss: [4.404822826385498, 4.361362457275391, 4.490767955780029, 4.438383102416992, 4.458732604980469, 4.348418235778809, 4.403330326080322, 4.409729480743408, 4.376379489898682, 4.273428440093994, 4.484771251678467, 4.4311041831970215, 4.4934186935424805, 4.347878932952881, 4.406759738922119, 4.342970848083496, 4.311814785003662, 4.384546279907227, 4.272936820983887, 4.327454566955566, 4.337738990783691, 4.331444263458252, 4.257085800170898, 4.328981876373291, 4.270407676696777, 4.350713729858398, 4.3188323974609375, 4.344766139984131, 4.2624030113220215, 4.283891201019287, 4.333746910095215, 4.347543239593506, 4.333276271820068, 4.354861259460449, 4.243249416351318, 4.287168502807617, 4.31191349029541, 4.420356273651123, 4.300866603851318, 4.339076042175293, 4.294906139373779, 4.377398490905762, 4.2016448974609375, 4.274186134338379, 4.166067600250244, 4.286660194396973, 4.315284729003906, 4.2444610595703125, 4.310190677642822, 4.341797828674316, 4.199678421020508, 4.355383396148682, 4.227504730224609, 4.385954856872559, 4.303083896636963, 4.381229400634766, 4.320231914520264, 4.174506187438965, 4.319912433624268, 4.272968292236328, 4.2599310874938965, 4.3255391120910645, 4.220002174377441]
val step Loss: [4.255152225494385, 4.267334938049316, 4.20627498626709, 4.256514549255371, 4.268070697784424, 4.259341716766357, 4.1910810470581055, 4.205686569213867, 4.24426794052124, 4.300364971160889, 4.194110870361328, 4.2911481857299805, 4.2581071853637695, 4.1932373046875, 4.234814167022705, 4.195859432220459]
Train step Accs: [0.10949136428458248, 0.11536491677336748, 0.09635885366191334, 0.10346764003930928, 0.10647211788500434, 0.12746234067207415, 0.12279138827023015, 0.1240506329113924, 0.10444177671068428, 0.15545938748335553, 0.12432188065099457, 0.11085972850678733, 0.10183743382123948, 0.11964712369049807, 0.1238276903512955, 0.12460165710643722, 0.1350707580215777, 0.12974013474494706, 0.1311381531853973, 0.13585179803850345, 0.11141658226016496, 0.1519341079570525, 0.13993301079270562, 0.12086971409005308, 0.13136216534274786, 0.11389521640091116, 0.140976503916014, 0.12420566146735991, 0.12796034514411603, 0.138764373416488, 0.13141585889083107, 0.12244612370556955, 0.12329411764705882, 0.11217898219631321, 0.14361018256621239, 0.11322800495662949, 0.12694342041993908, 0.1125866050808314, 0.12475915221579961, 0.13367397395747485, 0.11795944641132926, 0.1026141826923077, 0.1369366257986531, 0.14436191762322756, 0.14287865100873232, 0.1412463812280969, 0.15038494439692043, 0.12377273458876549, 0.13535864978902953, 0.12193763919821826, 0.13250573471866145, 0.11638434579439252, 0.15302178496134927, 0.10252886201209456, 0.11587735713257521, 0.10689428759028234, 0.12971849008317338, 0.1495852287931496, 0.12550164173659248, 0.1445610001436988, 0.14832667676628564, 0.1269863202984662, 0.14192368008363826]
val step Accs: [0.138521715673051, 0.12262910798122066, 0.14232263635055403, 0.1442882983164046, 0.13537959667852906, 0.13743948359332975, 0.12668995898526508, 0.13410315627405697, 0.1357913669064748, 0.13261000602772754, 0.14244306418219463, 0.12412512498214541, 0.13387189844200809, 0.15421816227834498, 0.13578407021029973, 0.12858555885262116]


ep68
Train step Loss: [4.333407402038574, 4.247613430023193, 4.273260593414307, 4.340806484222412, 4.259088039398193, 4.312747001647949, 4.253971099853516, 4.249461650848389, 4.252604961395264, 4.2594146728515625, 4.200639724731445, 4.245003700256348, 4.269281387329102, 4.251537799835205, 4.2567667961120605, 4.220751762390137, 4.335820198059082, 4.170557975769043, 4.225820541381836, 4.254618167877197, 4.187424659729004, 4.190646648406982, 4.162415981292725, 4.316552639007568, 4.22170877456665, 4.233654975891113, 4.217182159423828, 4.185070991516113, 4.21446418762207, 4.224325656890869, 4.156582832336426, 4.257282733917236, 4.141094207763672, 4.253465175628662, 4.147845268249512, 4.210129261016846, 4.3192458152771, 4.135939121246338, 4.250932216644287, 4.244673728942871, 4.089504718780518, 4.128368377685547, 4.112577438354492, 4.197098731994629, 4.063570022583008, 4.191168308258057, 4.163463115692139, 4.1754961013793945, 4.1417155265808105, 4.146881103515625, 4.192173957824707, 4.163173198699951, 4.157039165496826, 4.079728603363037, 4.202572822570801, 4.212971210479736, 4.185803413391113, 4.220148086547852, 4.054357528686523, 4.072973728179932, 4.267935276031494, 4.137249946594238, 4.163723945617676]
val step Loss: [4.100680351257324, 4.1464524269104, 4.107341766357422, 4.024883270263672, 4.171724319458008, 4.187072277069092, 4.192325115203857, 4.101152420043945, 4.174503803253174, 4.101474285125732, 4.120013236999512, 4.091263294219971, 4.130101203918457, 4.131112575531006, 4.093036651611328, 4.050075531005859]
Train step Accs: [0.13106973347937204, 0.13587763587763588, 0.14944769330734242, 0.12217480638533271, 0.13057896918612685, 0.1095473012188044, 0.12659787463422148, 0.13100252737994944, 0.12193690388848129, 0.13158620689655173, 0.136734391220525, 0.12103332801785999, 0.13780730897009966, 0.13453046806005298, 0.13947560087399855, 0.13857093305584461, 0.13422609778885083, 0.14791701804688817, 0.1471861471861472, 0.13689678284182305, 0.14272300469483568, 0.147912147505423, 0.1542598358335692, 0.10704035117339186, 0.14649476228847705, 0.14028117359413203, 0.12488461031254121, 0.14440298507462687, 0.13436768149882905, 0.13035606517803258, 0.15583075335397317, 0.12509549274255158, 0.14658027357811376, 0.12044444444444445, 0.16109292728048955, 0.12957294854977408, 0.11732605729877217, 0.1413736834297582, 0.12755585646580908, 0.13971452560873215, 0.15798556636335112, 0.14105327995072375, 0.15071534287123828, 0.1386813474898414, 0.1637748624629708, 0.15014038717304568, 0.15457154571545714, 0.1445643153526971, 0.15518594068727443, 0.15284577723378212, 0.1269956458635704, 0.14132216354033875, 0.14031396666127205, 0.1515271195365982, 0.13357400722021662, 0.12988130053328745, 0.13984674329501914, 0.13769633507853404, 0.1650943396226415, 0.15897230028101164, 0.12478863713222861, 0.13465648854961831, 0.15137614678899083]
val step Accs: [0.15612648221343872, 0.13091228583980086, 0.14327249232757228, 0.15403148088660457, 0.14349157733537518, 0.14321260713298314, 0.1328933553322334, 0.14747645156755237, 0.14055636896046853, 0.152200488997555, 0.15356897735072067, 0.15062045357295678, 0.14277053652622007, 0.1597051597051597, 0.15391778635093786, 0.16240796881766997]

ep69
Train step Loss: [4.1927409172058105, 4.09548282623291, 3.980250120162964, 4.09428596496582, 4.162731170654297, 4.0594916343688965, 4.13532018661499, 4.1989521980285645, 4.139511585235596, 4.169760227203369, 4.133840084075928, 4.021254539489746, 4.111310005187988, 4.066964626312256, 4.102320671081543, 4.16827392578125, 4.064128398895264, 4.156041622161865, 4.097055435180664, 4.143098831176758, 4.11648416519165, 4.123126983642578, 4.219566345214844, 4.097458839416504, 4.123394012451172, 4.1651740074157715, 4.124284744262695, 4.104649543762207, 4.08608341217041, 4.089894771575928, 4.100606441497803, 4.07072114944458, 4.116513252258301, 4.129450798034668, 4.168337821960449, 4.073313236236572, 4.062403678894043, 4.173760890960693, 4.082590103149414, 4.059324741363525, 4.061803340911865, 4.140263557434082, 3.9707486629486084, 4.106716156005859, 4.043372631072998, 4.137362003326416, 4.118124961853027, 3.974242925643921, 4.1655144691467285, 4.069284915924072, 4.06757116317749, 4.146647930145264, 3.948972463607788, 4.103842735290527, 4.0400071144104, 4.07614278793335, 4.040979862213135, 4.1195783615112305, 4.0065155029296875, 4.084893226623535, 4.144125938415527, 4.061311721801758, 3.921452283859253]
val step Loss: [3.955092430114746, 4.030069351196289, 3.9867405891418457, 4.078179836273193, 3.900921106338501, 3.9790236949920654, 4.037180423736572, 4.145101070404053, 3.970947265625, 4.024218559265137, 4.061558246612549, 4.045217990875244, 4.008832931518555, 4.004400253295898, 4.064340114593506, 3.961669921875]
Train step Accs: [0.12232183558729676, 0.14294049008168028, 0.17776639344262296, 0.15015354776143527, 0.15534129170492808, 0.16510603139630955, 0.1358114233907525, 0.13608314387788242, 0.15262926614911382, 0.14990537983238714, 0.13195480707738222, 0.15148628048780488, 0.14266221952698604, 0.16603082557607202, 0.15675675675675677, 0.14919675520916176, 0.15302013422818792, 0.1342053629823414, 0.14961906305722159, 0.13872659176029964, 0.15768991282689912, 0.15538663938020758, 0.1305533279871692, 0.1482797609433048, 0.152304265890012, 0.13905275577279622, 0.13435483870967743, 0.1419068736141907, 0.1497145822522055, 0.1660964230171073, 0.1461829994585815, 0.1532567049808429, 0.15659468696597795, 0.1405993737885791, 0.1397338403041825, 0.1568436434486118, 0.16279887482419128, 0.12742268041237115, 0.15164473684210528, 0.15322829780661107, 0.1468204488778055, 0.14015625, 0.18023840298721816, 0.1543333848292909, 0.15872543180464563, 0.13567004079166037, 0.14766519823788546, 0.18511336515513127, 0.1430619266055046, 0.14592215651217164, 0.15739086035231045, 0.1509967038141579, 0.18077107662773956, 0.1609332934489979, 0.15701051970482022, 0.15512507626601588, 0.15206901593800262, 0.15530852263573386, 0.16643115088710944, 0.1440058479532164, 0.15569586243954864, 0.14717441387721913, 0.18917819365337674]
val step Accs: [0.16830316047867444, 0.16304515333641548, 0.16801675977653632, 0.1564132327336042, 0.18536410806942208, 0.1776425855513308, 0.1742283950617284, 0.14333430148126633, 0.1815768930523029, 0.172874609041797, 0.15662330767188745, 0.16252573781743307, 0.17337461300309598, 0.17640467424363696, 0.16550083939563515, 0.17162011173184358]


ep70
Train step Loss: [4.063843250274658, 4.101102828979492, 3.9032554626464844, 4.183072566986084, 4.0342206954956055, 3.9851081371307373, 4.008699893951416, 4.028090476989746, 4.067888259887695, 4.053965091705322, 3.9695425033569336, 4.069762706756592, 4.0751800537109375, 3.9794270992279053, 4.051609516143799, 3.8581368923187256, 4.173077583312988, 3.9327645301818848, 4.045267105102539, 4.060983180999756, 4.02442741394043, 4.064040184020996, 4.073951721191406, 4.091027736663818, 3.9673783779144287, 4.07564640045166, 4.112072467803955, 4.0637030601501465, 4.060510158538818, 3.9835429191589355, 4.079383373260498, 3.96440052986145, 4.032591819763184, 3.9764726161956787, 3.9849681854248047, 3.9525885581970215, 3.989870071411133, 3.975303888320923, 4.038285732269287, 3.9309825897216797, 4.031907081604004, 3.9235470294952393, 4.011582851409912, 3.9679958820343018, 3.9869651794433594, 3.911283016204834, 4.031779766082764, 4.041038513183594, 3.858309507369995, 3.936523199081421, 3.9740824699401855, 4.009798526763916, 4.004461288452148, 4.016055583953857, 3.9749433994293213, 3.943878173828125, 3.946774482727051, 4.026312351226807, 4.0061211585998535, 4.098022937774658, 3.9683845043182373, 3.792501926422119, 3.9761366844177246]
val step Loss: [3.9082276821136475, 3.9844210147857666, 3.8964500427246094, 3.9672224521636963, 3.9146599769592285, 3.865400791168213, 3.981675386428833, 3.954082489013672, 3.95751690864563, 3.8471243381500244, 3.9541945457458496, 4.030764579772949, 3.8685083389282227, 3.977478265762329, 3.8993446826934814, 3.9021968841552734]
Train step Accs: [0.15074648499782578, 0.1571068389536716, 0.18837140314446751, 0.14471011095483668, 0.1514446118033685, 0.17359591539022612, 0.1530520067105433, 0.15896264445041655, 0.1697338403041825, 0.15519548089787424, 0.17425320056899005, 0.15435111934017842, 0.1498247663551402, 0.16113871357593662, 0.14521225443055366, 0.1914269757051103, 0.1356020942408377, 0.17282108665920676, 0.15177398160315375, 0.15827996340347666, 0.1629177377892031, 0.15653896961690886, 0.16207687894434883, 0.15328132170720515, 0.16749510468444043, 0.15406058353465898, 0.1443068198776302, 0.15653446033810142, 0.14703237410071943, 0.1832348199892531, 0.14690876350540216, 0.15811144660993687, 0.1554520358868185, 0.16441658630665382, 0.17521739130434782, 0.18533604887983707, 0.17485347474183646, 0.16467639687453928, 0.1641371557054525, 0.18429385687143762, 0.16969015893401831, 0.17184115523465704, 0.16367900820908024, 0.17439902005818406, 0.16099258586775608, 0.16994090400894427, 0.16567959727568848, 0.16469957081545064, 0.2, 0.16494845360824742, 0.18381915526472337, 0.1733679204496325, 0.17073540561031084, 0.1744744247641119, 0.17506720430107528, 0.16202978056426331, 0.16322887742959144, 0.15534285265965794, 0.16919431279620853, 0.15067466266866567, 0.16336038473098888, 0.216624284806103, 0.19667590027700832]
val step Accs: [0.18507825558425772, 0.19153225806451613, 0.20123635407076154, 0.19344554960469268, 0.19149551634365056, 0.19508890770533446, 0.1736766809728183, 0.18484893585354964, 0.18592650508209538, 0.2021228883241142, 0.18986539984164688, 0.165233862742241, 0.18899840170484816, 0.1817165222253285, 0.18121158911325724, 0.18466120625465376]


ep71
Train step Loss: [3.9041311740875244, 3.865818977355957, 3.9911932945251465, 3.9369044303894043, 3.9621949195861816, 3.87549090385437, 3.985269546508789, 3.9699645042419434, 3.999953269958496, 3.8661866188049316, 3.9541940689086914, 3.8679230213165283, 4.02186918258667, 3.9840331077575684, 3.931178092956543, 3.9504599571228027, 3.997891426086426, 4.008208751678467, 3.9096434116363525, 3.9482083320617676, 3.8774912357330322, 3.960958957672119, 3.8662638664245605, 4.030932903289795, 3.967123508453369, 3.927088975906372, 3.8200130462646484, 3.9846320152282715, 3.8004040718078613, 3.9546663761138916, 3.8822059631347656, 3.9742391109466553, 3.8354899883270264, 4.013364791870117, 3.9271562099456787, 3.947871446609497, 3.9943459033966064, 3.8509089946746826, 3.8888590335845947, 4.0, 4.012317657470703, 3.94181752204895, 3.987337350845337, 3.948735237121582, 3.8563663959503174, 3.894749164581299, 3.946229934692383, 3.9620983600616455, 3.881894826889038, 3.89565372467041, 3.9221584796905518, 3.876183032989502, 3.817643880844116, 3.981783866882324, 3.835602045059204, 3.892500638961792, 3.945197582244873, 3.9734976291656494, 3.814481019973755, 3.8860440254211426, 3.81746244430542, 3.89046573638916, 3.9035427570343018]
val step Loss: [3.8361093997955322, 3.830940008163452, 3.9177420139312744, 3.9350504875183105, 3.9458868503570557, 3.828704357147217, 3.9082179069519043, 3.783888101577759, 3.7677910327911377, 3.864229679107666, 3.7953248023986816, 3.884674072265625, 3.7548067569732666, 3.9453821182250977, 3.780808687210083, 3.888745069503784]
Train step Accs: [0.184859749915512, 0.18737644733126235, 0.1633096652659035, 0.17298187808896212, 0.1715112075198843, 0.17985113380647394, 0.17425340678457524, 0.16236899018466144, 0.15783664459161148, 0.18981246832235174, 0.16811701536752452, 0.1857898715041572, 0.17012503325352488, 0.1717840982546865, 0.18119872062300096, 0.17704210147535085, 0.17503145533342654, 0.1662060070020269, 0.17775728027408091, 0.18766622340425532, 0.1857600809853214, 0.16605894864782741, 0.18768859384429692, 0.13829570876550742, 0.16995576726777817, 0.16984636164106026, 0.19452126959041222, 0.16669187717440628, 0.20426393520724154, 0.18365180467091294, 0.1924240012732771, 0.16839945280437757, 0.1866785079928952, 0.1555898226676947, 0.18280616382806164, 0.18281535648994515, 0.16710326761340136, 0.20557818865559385, 0.19317548746518107, 0.1456117021276596, 0.1539506891865657, 0.1747410115783059, 0.16957728088787336, 0.16869021339220014, 0.18859154929577465, 0.18962244252267454, 0.16832917705735662, 0.15882742630009938, 0.18710392902408113, 0.18181818181818182, 0.18499175371083013, 0.18381403357727077, 0.1872041314015206, 0.16877093532594692, 0.19900422450211225, 0.1840574751967157, 0.17924944812362031, 0.16168745896257386, 0.20312984195847536, 0.19256505576208177, 0.20642907058001397, 0.19627726073065704, 0.1617906238984843]
val step Accs: [0.1941786283891547, 0.20226148409893993, 0.1812441219938197, 0.17837912467209718, 0.18324881972372792, 0.19414932324261389, 0.17938984957120765, 0.19756885674719188, 0.20026591324580356, 0.18108338060124787, 0.20343100045544255, 0.1948917268184342, 0.20098567688279687, 0.17670933499843897, 0.2166840770034323, 0.18480590616813528]



ep72
Train step Loss: [3.889324188232422, 3.9446115493774414, 3.831615686416626, 4.03049373626709, 3.9754579067230225, 3.9701735973358154, 3.903810739517212, 3.882810354232788, 3.9597437381744385, 3.8676223754882812, 3.7705984115600586, 3.918168306350708, 3.883596181869507, 3.828092098236084, 3.846240282058716, 3.851290225982666, 3.8594279289245605, 3.876246929168701, 3.859006643295288, 3.922929048538208, 3.844174861907959, 3.8252718448638916, 3.829005479812622, 3.8484206199645996, 3.748641014099121, 3.8118605613708496, 3.9990978240966797, 3.8745367527008057, 3.8953516483306885, 3.806777000427246, 3.829524278640747, 3.8235082626342773, 3.8742308616638184, 3.7895359992980957, 3.8970744609832764, 3.9174914360046387, 3.866586685180664, 3.7833340167999268, 3.8381459712982178, 3.865575075149536, 3.9334213733673096, 3.7596561908721924, 3.890401601791382, 3.750894069671631, 3.9064228534698486, 3.8502585887908936, 3.8998446464538574, 3.737982749938965, 3.9764761924743652, 3.8361151218414307, 3.8484838008880615, 3.8263323307037354, 3.7432126998901367, 3.826134204864502, 3.905533790588379, 3.7580416202545166, 3.866976261138916, 3.742844343185425, 3.7360446453094482, 3.8078250885009766, 3.8349485397338867, 3.8265907764434814, 3.7688724994659424]
val step Loss: [3.793952226638794, 3.8375542163848877, 3.915576457977295, 3.7958593368530273, 3.8001461029052734, 3.811514377593994, 3.7537081241607666, 3.7800943851470947, 3.6902761459350586, 3.737661123275757, 3.776834011077881, 3.839470386505127, 3.710864543914795, 3.7514524459838867, 3.7699930667877197, 3.7826900482177734]
Train step Accs: [0.182, 0.1709809264305177, 0.1915026554201812, 0.16680953197325563, 0.16208695652173913, 0.1543424317617866, 0.18784872907625544, 0.18264161146410707, 0.1627312377801173, 0.1836734693877551, 0.19737933322275666, 0.1878479401940512, 0.1879400061218243, 0.21163601775523144, 0.21094873023478677, 0.19398948159278737, 0.18721901091843288, 0.1969278033794163, 0.18481642812694463, 0.17743604909064026, 0.18624136410407174, 0.19363620895014463, 0.18998978549540346, 0.19675398633257404, 0.19206957547169812, 0.20152091254752852, 0.18185699039487727, 0.18054211035818005, 0.18973182274487307, 0.1911864406779661, 0.1916891988046108, 0.1920217329139262, 0.19444444444444445, 0.19297992199913333, 0.16883985289200937, 0.1601898546425393, 0.1992174208914597, 0.1984722594478692, 0.17906126181042364, 0.18933764135702746, 0.16771459814106068, 0.20138488170802077, 0.18442086905972968, 0.2237037037037037, 0.18104395604395604, 0.19955882352941176, 0.16831386642707397, 0.22008642527194158, 0.1661140060003158, 0.18368857312018946, 0.2127227937980003, 0.20849557522123893, 0.19311551925320886, 0.1911431805319751, 0.18231441048034935, 0.19988879621907144, 0.17806511917744197, 0.19132549655451966, 0.20024513559062357, 0.17923546035995835, 0.19234042553191488, 0.19397590361445782, 0.22225676095741373]
val step Accs: [0.21062052505966586, 0.20435421397088285, 0.19057635675220866, 0.2047970479704797, 0.20585745725410529, 0.196113074204947, 0.21684689812179853, 0.21555367709213863, 0.2408227848101266, 0.2233845338983051, 0.21093870026117684, 0.2002259248799774, 0.2274804177545692, 0.2071508738175405, 0.2198246797033041, 0.2051419389394751]

ep73
Train step Loss: [3.873922348022461, 3.7994420528411865, 3.8255507946014404, 3.7349259853363037, 3.765941619873047, 3.9249520301818848, 3.7470998764038086, 3.791300058364868, 3.7605082988739014, 3.8541648387908936, 3.8062562942504883, 3.7970402240753174, 3.7626864910125732, 3.8151354789733887, 3.6780147552490234, 3.843026876449585, 3.80462908744812, 3.770078420639038, 3.7766318321228027, 3.7809088230133057, 3.7709169387817383, 3.835038185119629, 3.8374948501586914, 3.742931604385376, 3.7372829914093018, 3.859351634979248, 3.8033993244171143, 3.8924190998077393, 3.7805590629577637, 3.8130412101745605, 3.9121406078338623, 3.8354508876800537, 3.8705785274505615, 3.812602996826172, 3.7661633491516113, 3.736206531524658, 3.706129312515259, 3.728848934173584, 3.848804235458374, 3.7985141277313232, 3.7467236518859863, 3.7774367332458496, 3.8621885776519775, 3.7368054389953613, 3.8441431522369385, 3.8310232162475586, 3.7891788482666016, 3.7687792778015137, 3.7586050033569336, 3.7579996585845947, 3.7611021995544434, 3.766463279724121, 3.68741774559021, 3.718811511993408, 3.8070144653320312, 3.702141284942627, 3.6886074542999268, 3.734286069869995, 3.833163261413574, 3.955420970916748, 3.6219515800476074, 3.6715993881225586, 3.663964033126831]
val step Loss: [3.7281975746154785, 3.7149429321289062, 3.7095441818237305, 3.7036774158477783, 3.635878562927246, 3.7123284339904785, 3.764620065689087, 3.6990020275115967, 3.658992052078247, 3.685305118560791, 3.6770215034484863, 3.797302007675171, 3.650397777557373, 3.7656497955322266, 3.80759596824646, 3.8108482360839844]
Train step Accs: [0.18898317273119516, 0.1999735659529474, 0.18426197458455523, 0.22264741694207688, 0.19954677074153343, 0.1906800592787749, 0.20408734602463605, 0.21264908976773383, 0.2183088342308252, 0.1941386492115442, 0.2042580438610533, 0.20433391506689935, 0.20235256715943412, 0.20827055081198728, 0.20209157716223855, 0.18774382314694407, 0.20099255583126552, 0.19584916691026016, 0.20252135014233427, 0.21261458475851688, 0.2084592145015106, 0.18687397219315294, 0.18201501154734412, 0.2085079365079365, 0.22930824185398152, 0.19273972602739725, 0.18993093420574336, 0.17946554149085794, 0.21263357229811986, 0.20056544154332281, 0.18709370540669099, 0.1789780616495418, 0.17702169625246547, 0.19352351580570548, 0.2002029573789504, 0.22093425605536332, 0.21301775147928995, 0.21288837744533948, 0.20285803044423734, 0.1866186618661866, 0.2147230103031208, 0.1867704280155642, 0.1843493552168816, 0.20676808444582429, 0.17815577439570277, 0.2032626427406199, 0.20834645669291338, 0.21258704506635134, 0.19967315406328925, 0.21297809741745669, 0.21646392267955342, 0.20594828874607682, 0.2101348210134821, 0.21514655557208748, 0.1903489468720528, 0.21308724832214765, 0.21247240618101546, 0.197608660526741, 0.194314381270903, 0.1783840503672613, 0.2212085151394949, 0.21910711564833155, 0.2166991552956465]
val step Accs: [0.20932741877472724, 0.21527415143603132, 0.2285241462313826, 0.2142040583023721, 0.23850746268656717, 0.23131731565865782, 0.21590578656586218, 0.2125067677314564, 0.23360088569056187, 0.23004846526655898, 0.21965401947957552, 0.19455006337135614, 0.23528433654805453, 0.2016284233900814, 0.197606780787768, 0.20677057963955187]

ep74
Train step Loss: [3.866842031478882, 3.784428119659424, 3.742750644683838, 3.8005926609039307, 3.825873851776123, 3.8284530639648438, 3.6564526557922363, 3.7314701080322266, 3.652437448501587, 3.8002941608428955, 3.776949882507324, 3.678990125656128, 3.7681736946105957, 3.7275731563568115, 3.7013447284698486, 3.7470626831054688, 3.662224769592285, 3.676039934158325, 3.828270673751831, 3.7783868312835693, 3.837559700012207, 3.7251060009002686, 3.741189479827881, 3.817500591278076, 3.759247303009033, 3.7248358726501465, 3.7277796268463135, 3.6825687885284424, 3.808021068572998, 3.7710049152374268, 3.7384517192840576, 3.705922842025757, 3.621776580810547, 3.682542085647583, 3.6152472496032715, 3.6874072551727295, 3.6430115699768066, 3.6177735328674316, 3.759620189666748, 3.7290849685668945, 3.6331231594085693, 3.728555202484131, 3.7286877632141113, 3.6827778816223145, 3.6399221420288086, 3.710767984390259, 3.6989681720733643, 3.671306848526001, 3.665480136871338, 3.6334874629974365, 3.5833499431610107, 3.6772186756134033, 3.6575803756713867, 3.7863361835479736, 3.7506282329559326, 3.7872724533081055, 3.6283786296844482, 3.815666437149048, 3.7107338905334473, 3.6504132747650146, 3.8062992095947266, 3.6736207008361816, 3.6980366706848145]
val step Loss: [3.7136545181274414, 3.6784186363220215, 3.6884658336639404, 3.6256933212280273, 3.634756088256836, 3.604238510131836, 3.6619582176208496, 3.6028153896331787, 3.5782086849212646, 3.618300676345825, 3.7235970497131348, 3.659956455230713, 3.6284658908843994, 3.571784734725952, 3.720409393310547, 3.778975248336792]
Train step Accs: [0.1945054945054945, 0.18961713173264114, 0.20205531207495844, 0.18389909685456243, 0.18988881167477414, 0.17562893081761005, 0.21030856748836407, 0.20778032036613273, 0.21023849308825762, 0.18801762114537446, 0.20649895178197064, 0.21926200313434963, 0.21074317106668702, 0.19780027932960895, 0.21655154771041188, 0.20849887718086024, 0.22838650023116042, 0.20501315178709578, 0.1936707205440042, 0.19366728095158317, 0.19189268008165647, 0.22521367521367522, 0.20733249051833122, 0.21671781382434605, 0.20832791151594016, 0.2215464813205908, 0.216961223951464, 0.2187932466094658, 0.1880252100840336, 0.21582297665959382, 0.2099842904520859, 0.2206221198156682, 0.22143887197564494, 0.20756402620607506, 0.2458295616190353, 0.21016301953297106, 0.22089426321709787, 0.21933260222465925, 0.2052199850857569, 0.18903088391906284, 0.23778017823386444, 0.19489723600283487, 0.20690672963400236, 0.21897346257746703, 0.22692416927009373, 0.22285118426932818, 0.21969934231130597, 0.2152854006586169, 0.24291996481970096, 0.2310593075077134, 0.23136800264988408, 0.21462758001794796, 0.2162312395775431, 0.20525141582289344, 0.21806960397737013, 0.19950090115070013, 0.21950781390335908, 0.18873810637965996, 0.21573284895906106, 0.22818690458188418, 0.20179533213644524, 0.22192059721750934, 0.2181879877841873]
val step Accs: [0.22808586762075134, 0.22647914645974782, 0.22393187929489095, 0.22410991283793766, 0.24527220630372493, 0.2516305172152283, 0.24476083826587747, 0.2403789224393132, 0.2587556654305727, 0.24532842582106457, 0.21804932735426008, 0.2407234175241659, 0.24249578414839798, 0.2593531077656879, 0.2260587280507599, 0.20899581589958158]

ep75
Train step Loss: [3.6838927268981934, 3.7317395210266113, 3.507843017578125, 3.669606924057007, 3.6755826473236084, 3.74284029006958, 3.7686681747436523, 3.6954545974731445, 3.646721363067627, 3.677011013031006, 3.705768346786499, 3.6864287853240967, 3.608717918395996, 3.7215754985809326, 3.6579782962799072, 3.7144246101379395, 3.837209463119507, 3.6611647605895996, 3.775844097137451, 3.8006370067596436, 3.6972496509552, 3.700066328048706, 3.72428297996521, 3.6667754650115967, 3.685483694076538, 3.5893850326538086, 3.6979987621307373, 3.7260234355926514, 3.609389305114746, 3.767533779144287, 3.729451894760132, 3.7042369842529297, 3.6071078777313232, 3.5784077644348145, 3.635770559310913, 3.6732614040374756, 3.5756709575653076, 3.680314779281616, 3.6319077014923096, 3.547581911087036, 3.5362515449523926, 3.591651678085327, 3.578418493270874, 3.598989963531494, 3.6430389881134033, 3.775676727294922, 3.6586499214172363, 3.6956374645233154, 3.7836594581604004, 3.658799648284912, 3.655829668045044, 3.5803170204162598, 3.608128309249878, 3.6113009452819824, 3.6269118785858154, 3.6183693408966064, 3.5966880321502686, 3.6916425228118896, 3.658647060394287, 3.6046178340911865, 3.6475794315338135, 3.560933828353882, 3.6289660930633545]
val step Loss: [3.7105369567871094, 3.5945677757263184, 3.541252374649048, 3.6182005405426025, 3.5596752166748047, 3.6371641159057617, 3.5835912227630615, 3.4896602630615234, 3.6109702587127686, 3.525644063949585, 3.555492639541626, 3.6842868328094482, 3.6364002227783203, 3.5457468032836914, 3.5623466968536377, 3.7127506732940674]
Train step Accs: [0.21974692568169668, 0.21862595419847328, 0.2531358621731903, 0.20932612191200117, 0.22700250312891113, 0.2107973162739897, 0.20042539267015708, 0.22289263531499556, 0.252552467385139, 0.22582872928176795, 0.20951792336217553, 0.2232, 0.24434654919236418, 0.20886175043056207, 0.21695078803473786, 0.20527721061724516, 0.19239030377416386, 0.2318364911233776, 0.20788302606484424, 0.20546639122834895, 0.21251796263771355, 0.21488801054018444, 0.2111523015137473, 0.22883172561629153, 0.2356508875739645, 0.24360215797482362, 0.20903781125115278, 0.21191950464396284, 0.23525565581273702, 0.20191055145462442, 0.21169011906602753, 0.2160722930450218, 0.2342315664791235, 0.24564281320483905, 0.22090223149783272, 0.19692400482509048, 0.24421965317919075, 0.2164, 0.2241273729332517, 0.2430712669683258, 0.23610466016411208, 0.22673151098440383, 0.23169326970544676, 0.23169750603378922, 0.22361093924019304, 0.19882637210907836, 0.22398717575051005, 0.2014646307260829, 0.19722104069190416, 0.21690962099125363, 0.2230320699708455, 0.23157894736842105, 0.23185588387765682, 0.2405397022332506, 0.23780590717299577, 0.22882445364947865, 0.24545081406485156, 0.21496473474394356, 0.23243877401378502, 0.24287359631442557, 0.2368665018541409, 0.2527438553099397, 0.22302374511571987]
val step Accs: [0.21811771919068057, 0.2404200965086574, 0.2424530867555072, 0.23792645104120513, 0.24515453116815086, 0.21710923355461678, 0.246449900464499, 0.267925599886412, 0.21740912817709757, 0.2612117612117612, 0.2548001259049418, 0.22291481151677056, 0.22811398354876616, 0.23712121212121212, 0.25405065282365896, 0.2126274679973964]

ep76
Train step Loss: [3.6926774978637695, 3.6028835773468018, 3.668187379837036, 3.6236329078674316, 3.5892326831817627, 3.766571283340454, 3.6340973377227783, 3.6966512203216553, 3.581392765045166, 3.609776735305786, 3.760464906692505, 3.621525526046753, 3.6385583877563477, 3.619366407394409, 3.570453643798828, 3.6404800415039062, 3.632052421569824, 3.4964394569396973, 3.676305055618286, 3.602248191833496, 3.543030261993408, 3.6335251331329346, 3.576308012008667, 3.670668125152588, 3.5839619636535645, 3.5791430473327637, 3.638618230819702, 3.581922769546509, 3.6355698108673096, 3.6063764095306396, 3.6286520957946777, 3.5802509784698486, 3.6546473503112793, 3.549100875854492, 3.5409393310546875, 3.6665515899658203, 3.585777521133423, 3.6125385761260986, 3.6616814136505127, 3.615617513656616, 3.526082754135132, 3.6480860710144043, 3.617368221282959, 3.6211447715759277, 3.683743953704834, 3.664968490600586, 3.5861690044403076, 3.7076621055603027, 3.5842907428741455, 3.5822436809539795, 3.6295762062072754, 3.570296287536621, 3.572660446166992, 3.596707820892334, 3.5898549556732178, 3.5934877395629883, 3.511868715286255, 3.5397465229034424, 3.389409303665161, 3.562990188598633, 3.569556951522827, 3.5966784954071045, 3.4064786434173584]
val step Loss: [3.5694644451141357, 3.607126474380493, 3.6193854808807373, 3.4806833267211914, 3.4762637615203857, 3.476290225982666, 3.5419328212738037, 3.4999563694000244, 3.5807244777679443, 3.544912815093994, 3.577798843383789, 3.597555160522461, 3.5210607051849365, 3.5094974040985107, 3.5289547443389893, 3.6116108894348145]
Train step Accs: [0.2219455252918288, 0.25008899964400144, 0.2049155609167672, 0.2411181492701735, 0.23920213601382126, 0.21389738362215427, 0.2272301725290892, 0.21279187817258882, 0.23588564861370492, 0.22276313580661405, 0.19906580574254706, 0.23127463863337713, 0.22385088671733622, 0.23823174411587206, 0.24813460131675202, 0.22147870083238128, 0.23223782899222692, 0.2650554675118859, 0.21028396009209516, 0.22660670245176265, 0.2579908675799087, 0.22068559658672943, 0.24958949096880131, 0.22047710771966217, 0.2318497474747475, 0.23467839805825244, 0.21244112392398895, 0.23170531162637725, 0.2247053421092913, 0.23799221116399827, 0.22511061946902655, 0.24204367061509918, 0.21013241220495107, 0.23771104138652324, 0.2514854221362443, 0.24180197389366445, 0.23972708947123586, 0.22815753734721594, 0.20610491214569707, 0.22639416983523447, 0.24778325123152709, 0.21498481268984138, 0.22832764505119454, 0.21481985044187626, 0.21930251419302516, 0.22848249027237355, 0.23332807819643703, 0.21853388658367912, 0.22297925054196346, 0.23992248062015503, 0.21193898503960107, 0.24552397646175034, 0.22983279554121444, 0.2528987374388044, 0.2285376960701636, 0.2300398255262659, 0.26215827338129494, 0.23789126853377265, 0.27431645002241145, 0.2471927635683094, 0.24487924182207277, 0.2264851485148515, 0.2954898911353033]
val step Accs: [0.24425334876798413, 0.2348559381588194, 0.22202978870800139, 0.256586947709769, 0.27058649289099523, 0.2656338028169014, 0.2672200378622397, 0.2502844141069397, 0.24090776840267675, 0.24475414970247417, 0.23818019625334522, 0.24862637362637363, 0.24817304881613564, 0.25085227272727273, 0.2590074779061863, 0.23481608212147134]

ep80
Train step Loss: [3.494732618331909, 3.445038080215454, 3.4154980182647705, 3.5039620399475098, 3.479780435562134, 3.4043519496917725, 3.3782684803009033, 3.467423915863037, 3.485774040222168, 3.4160990715026855, 3.4840242862701416, 3.487607717514038, 3.420041084289551, 3.4370036125183105, 3.487656831741333, 3.3575387001037598, 3.445013999938965, 3.311769485473633, 3.423689842224121, 3.588948965072632, 3.4095304012298584, 3.4487264156341553, 3.4733948707580566, 3.4255855083465576, 3.4735941886901855, 3.354271650314331, 3.4459595680236816, 3.3980908393859863, 3.413403034210205, 3.280348300933838, 3.340177059173584, 3.4602341651916504, 3.431682586669922, 3.3695127964019775, 3.434985876083374, 3.4710376262664795, 3.553161382675171, 3.4368960857391357, 3.4783167839050293, 3.398268222808838, 3.4246368408203125, 3.412062883377075, 3.3570919036865234, 3.435941219329834, 3.4173202514648438, 3.4793283939361572, 3.3962275981903076, 3.37308669090271, 3.44040846824646, 3.3568613529205322, 3.420539140701294, 3.4793541431427, 3.304746389389038, 3.418619155883789, 3.440051317214966, 3.396360397338867, 3.428401231765747, 3.4707326889038086, 3.364119052886963, 3.4300687313079834, 3.464772939682007, 3.3840951919555664, 3.5172109603881836]
val step Loss: [3.4328713417053223, 3.2774641513824463, 3.3235812187194824, 3.3940725326538086, 3.3592333793640137, 3.3904807567596436, 3.3405892848968506, 3.387838125228882, 3.375213384628296, 3.3393945693969727, 3.3673646450042725, 3.3990590572357178, 3.287076234817505, 3.371087074279785, 3.3152852058410645, 3.4585070610046387]
Train step Accs: [0.24972670958338394, 0.259894047990028, 0.25879104911362977, 0.23686818632309217, 0.2540983606557377, 0.2563971340839304, 0.2813688212927757, 0.25753846153846155, 0.2579770261646458, 0.2616140350877193, 0.25605258938592274, 0.24747391088288886, 0.2641655087231743, 0.2701099537037037, 0.24088105726872247, 0.2825839499146272, 0.25725710900473936, 0.2888787045523984, 0.2625860749808722, 0.2177447861435136, 0.2576862123613312, 0.2600982100427689, 0.25111555623942144, 0.2483123759099934, 0.25, 0.27447495961227786, 0.24992717739586368, 0.26387137452711223, 0.24362151917189095, 0.28358692133376495, 0.2805974698978814, 0.2529976019184652, 0.2679294155739032, 0.2724735605170388, 0.2669263836646964, 0.255464048146975, 0.2416084511841881, 0.24853228962818003, 0.25845896147403685, 0.267663441805922, 0.25802292263610316, 0.2643217571979816, 0.2812666311868015, 0.2578232330941841, 0.27036340852130325, 0.24905395935529082, 0.26132042862080884, 0.27368141357778664, 0.26223230747411713, 0.2796077830550023, 0.2540343571056741, 0.2581163612986178, 0.2873048200950441, 0.2721483158788565, 0.25803661525154964, 0.26052163604030826, 0.25023622047244093, 0.2556214865708932, 0.27254965809182674, 0.2643979057591623, 0.2607565319121279, 0.26641983258209917, 0.26300501716398206]
val step Accs: [0.2744610281923715, 0.305975852055632, 0.2902500702444507, 0.2812063669366099, 0.2868217054263566, 0.26559080962800874, 0.303795740032769, 0.2721586575133486, 0.28324142156862747, 0.2965550861228469, 0.2726318944844125, 0.29518929689723883, 0.30634668208761023, 0.28322259136212624, 0.2915346310547759, 0.28758804955064365]



ep84
Train step Loss: [3.2975316047668457, 3.4352104663848877, 3.356821060180664, 3.310262680053711, 3.3159098625183105, 3.2785136699676514, 3.1663174629211426, 3.2065112590789795, 3.3016724586486816, 3.233248233795166, 3.2479207515716553, 3.197125196456909, 3.2033159732818604, 3.323883533477783, 3.3065974712371826, 3.2527167797088623, 3.2787864208221436, 3.3448455333709717, 3.292245626449585, 3.4201462268829346, 3.283945322036743, 3.2189228534698486, 3.2276439666748047, 3.2652039527893066, 3.352149486541748, 3.2762484550476074, 3.288001775741577, 3.189384698867798, 3.276763916015625, 3.3105008602142334, 3.256551742553711, 3.3194196224212646, 3.2428362369537354, 3.334178924560547, 3.2881641387939453, 3.2663073539733887, 3.293670654296875, 3.2293665409088135, 3.261267900466919, 3.250199794769287, 3.2712130546569824, 3.259819507598877, 3.2152435779571533, 3.4014976024627686, 3.296044111251831, 3.2821481227874756, 3.2337327003479004, 3.230616807937622, 3.30556321144104, 3.2694010734558105, 3.3412818908691406, 3.2957849502563477, 3.2637758255004883, 3.3318116664886475, 3.2726707458496094, 3.248370409011841, 3.3195223808288574, 3.2230069637298584, 3.398663282394409, 3.2619853019714355, 3.243990182876587, 3.314298391342163, 3.266831398010254]
val step Loss: [3.242600679397583, 3.2186427116394043, 3.179126739501953, 3.2042295932769775, 3.1868574619293213, 3.1572699546813965, 3.2227444648742676, 3.214181423187256, 3.3148393630981445, 3.358513832092285, 3.162200927734375, 3.179976224899292, 3.1795034408569336, 3.2909884452819824, 3.1969656944274902, 3.123941421508789]
Train step Accs: [0.28392883399500074, 0.26548924654607603, 0.2718981569447083, 0.2797635800731776, 0.2877497289763048, 0.2904761904761905, 0.3264981086999801, 0.3186704150818588, 0.28966480446927373, 0.3149063670411985, 0.2962812160694897, 0.30487224250119027, 0.3021095926761311, 0.2762757688408246, 0.296583850931677, 0.3046485443139778, 0.29246013314754604, 0.28508027672627595, 0.2834689349112426, 0.25696952188357647, 0.2807958233385071, 0.2906410603191777, 0.29288965625490504, 0.2885018545395904, 0.2877781467950847, 0.2883900486130969, 0.2825044180762434, 0.2955749188450367, 0.2791666666666667, 0.2835562549173879, 0.29366515837104074, 0.28439706094222733, 0.30624726955002185, 0.28553388522519996, 0.29008514937220375, 0.3014407609455868, 0.28604875361520454, 0.2984087251922045, 0.2825958702064897, 0.2939074200136147, 0.28308943089430894, 0.281460586115029, 0.3164763458401305, 0.2604600615830466, 0.28715296679368535, 0.2946242533685234, 0.29053014407609457, 0.2974692492577407, 0.27309236947791166, 0.2730959097320169, 0.27961783439490445, 0.28685037913815425, 0.29714285714285715, 0.27459920576555374, 0.28814658667099075, 0.28651903651903654, 0.2847921914357683, 0.30526616240901955, 0.2511471937875044, 0.29639652471157957, 0.2912332838038633, 0.2802888472853704, 0.28448056896113794]
val step Accs: [0.3056743655546051, 0.3117713960762013, 0.3157466210714867, 0.3208230878736897, 0.32416472416472414, 0.30910922434882715, 0.32173278169871017, 0.30718631803979607, 0.28865979381443296, 0.2699554149288077, 0.32806255430060816, 0.314818009315163, 0.3311543810848401, 0.29498058392060983, 0.3054058468071207, 0.34891485809682804]


ep85
Train step Loss: [3.337123155593872, 3.3010716438293457, 3.242408037185669, 3.3092827796936035, 3.254544258117676, 3.207352876663208, 3.3253061771392822, 3.287001132965088, 3.3144991397857666, 3.2580149173736572, 3.193031072616577, 3.310795783996582, 3.1391947269439697, 3.206984281539917, 3.4289300441741943, 3.258493185043335, 3.169398069381714, 3.2959232330322266, 3.1670377254486084, 3.317396402359009, 3.1894335746765137, 3.206545114517212, 3.2238340377807617, 3.282557249069214, 3.3159382343292236, 3.233289957046509, 3.229753017425537, 3.272595167160034, 3.355905294418335, 3.20436692237854, 3.213237762451172, 3.2474937438964844, 3.2810816764831543, 3.1841676235198975, 3.2865476608276367, 3.296053409576416, 3.2905266284942627, 3.1992766857147217, 3.183417320251465, 3.302800178527832, 3.246199607849121, 3.1351397037506104, 3.4409477710723877, 3.188018321990967, 3.29066801071167, 3.215608596801758, 3.2857701778411865, 3.140683650970459, 3.292818784713745, 3.2040982246398926, 3.1870312690734863, 3.2411701679229736, 3.2645206451416016, 3.2654833793640137, 3.2657322883605957, 3.1937344074249268, 3.2366490364074707, 3.2172510623931885, 3.234687566757202, 3.2249534130096436, 3.231128215789795, 3.181772232055664, 3.307891607284546]
val step Loss: [3.2223808765411377, 3.1926703453063965, 3.2875635623931885, 3.0864064693450928, 3.2580089569091797, 3.210449695587158, 3.107701063156128, 3.133617877960205, 3.2319796085357666, 3.2900147438049316, 3.134695053100586, 3.1278324127197266, 3.1160101890563965, 3.1322927474975586, 3.154654026031494, 3.2719221115112305]
Train step Accs: [0.2731128074639525, 0.2855766141985223, 0.2882567469000729, 0.27793567688855647, 0.2878612716763006, 0.30739558393189675, 0.2799702159344751, 0.2791411042944785, 0.2737642585551331, 0.2903932946486138, 0.3015247558677403, 0.2701654987326674, 0.31487616343271807, 0.3087557603686636, 0.25302663438256656, 0.2960126749405862, 0.29486431281003794, 0.28954248366013075, 0.3170323228939876, 0.28161736209792015, 0.30390543169235373, 0.30536714833382483, 0.3147475253727603, 0.28468148956486156, 0.26507856056766343, 0.29126716766001554, 0.30132735735218064, 0.28280101964312493, 0.2779765777488614, 0.30936885121840474, 0.30436733472928507, 0.2788697788697789, 0.28726525821596244, 0.31374243733794294, 0.2991898148148148, 0.27660550458715594, 0.3047491189796946, 0.29329248629474364, 0.3184964038539829, 0.2933897243107769, 0.2936885977969634, 0.3204816190598181, 0.27189969082789417, 0.2968980797636632, 0.28426013195098965, 0.291642484039466, 0.2923773059519666, 0.3112703766160764, 0.2672058357120203, 0.3088120613465038, 0.30553050796513376, 0.29713477184294307, 0.2806412945759664, 0.28913126674320705, 0.28481103606840064, 0.30441925414818466, 0.2980325853058715, 0.30053274835474775, 0.2900951709552344, 0.2837573385518591, 0.2952115295211529, 0.3017226675763261, 0.28474767409078094]
val step Accs: [0.2999581064097193, 0.3188405797101449, 0.30597130072519674, 0.3349797934440952, 0.3090560613320556, 0.3085867620751342, 0.33501844514277906, 0.31866788878704555, 0.3183875530410184, 0.2952601826351645, 0.33030428197714445, 0.33586510709403006, 0.33295995519462335, 0.33854520734194427, 0.33081761006289306, 0.3200586366967994]


ep86
Train step Loss: [3.274038553237915, 3.282731533050537, 3.1968321800231934, 3.25492000579834, 3.2399909496307373, 3.201432943344116, 3.1987736225128174, 3.119915723800659, 3.243258476257324, 3.215890884399414, 3.2444190979003906, 3.2563602924346924, 3.2761130332946777, 3.2567481994628906, 3.2298977375030518, 3.298246383666992, 3.1260271072387695, 3.1783571243286133, 3.2663068771362305, 3.1627120971679688, 3.2585346698760986, 3.254537582397461, 3.2787396907806396, 3.1062264442443848, 3.255979061126709, 3.225595474243164, 3.235177993774414, 3.1061787605285645, 3.2607028484344482, 3.2664082050323486, 3.2749738693237305, 3.2639575004577637, 3.259932518005371, 3.1676077842712402, 3.3218612670898438, 3.1841979026794434, 3.187394142150879, 3.1909124851226807, 3.210315704345703, 3.2637054920196533, 3.295879364013672, 3.298898935317993, 3.161231517791748, 3.161695957183838, 3.2097480297088623, 3.1494925022125244, 3.0795366764068604, 3.281555414199829, 3.1914799213409424, 3.234630584716797, 3.182896137237549, 3.268343210220337, 3.1639292240142822, 3.1522982120513916, 3.1993842124938965, 3.1088039875030518, 3.149806022644043, 3.1416103839874268, 3.241175889968872, 3.1857082843780518, 3.2184970378875732, 3.203009605407715, 3.153700590133667]
val step Loss: [3.0974576473236084, 3.2699966430664062, 3.0930349826812744, 3.1431663036346436, 3.163663864135742, 3.075547933578491, 3.146728754043579, 3.2518084049224854, 3.161579132080078, 3.11100697517395, 3.2788360118865967, 3.156928777694702, 3.194040298461914, 3.076437473297119, 3.071835517883301, 3.0386781692504883]
Train step Accs: [0.2793457808655377, 0.3001841620626151, 0.295841050681933, 0.28887726638772665, 0.29102366255144035, 0.3085245901639344, 0.3095808383233533, 0.32043784675363624, 0.30122665179816005, 0.2910649103316934, 0.3039777661976724, 0.29263666149336093, 0.2801664355062413, 0.28411028993746446, 0.3061699650756694, 0.2799156562994201, 0.3251738122827346, 0.30216231395675375, 0.29174020472996826, 0.2919625564880568, 0.2963709677419355, 0.2887572472901437, 0.2741493307531043, 0.319365798414496, 0.29239099458535195, 0.30454187450774484, 0.2767603410167351, 0.3295838020247469, 0.3007616036786895, 0.2817391304347826, 0.27624403544648946, 0.2821844507396915, 0.28761061946902655, 0.30525871766029244, 0.2906474820143885, 0.29708454810495627, 0.3190163382179552, 0.30863501901676293, 0.30879824972651976, 0.28856981981981983, 0.2774390243902439, 0.2800239592692423, 0.30525877618981545, 0.3158999192897498, 0.30824111822947, 0.32220394736842106, 0.3207492376942065, 0.2862689728203318, 0.3107937841243175, 0.28597097442985486, 0.29530933458002184, 0.3100609254075416, 0.31156207366984995, 0.3056194544857049, 0.2879780588145665, 0.3299600912200684, 0.31743147054369225, 0.3087697929354446, 0.2798254851812848, 0.29523954836740923, 0.30467784642541923, 0.2909985935302391, 0.31571304095265756]
val step Accs: [0.3433174224343675, 0.2892079520353424, 0.3403302188659926, 0.32979690815398605, 0.3302883242934627, 0.33645851760127365, 0.31154403477700854, 0.30725044677048763, 0.33085453359425965, 0.33668787923634746, 0.30126435111175703, 0.32632970908022335, 0.3135280295401141, 0.32615681233933164, 0.3454374706526843, 0.34434351775392236]

ep87
Train step Loss: [3.0936479568481445, 3.1269397735595703, 3.286705255508423, 3.2674150466918945, 3.2166848182678223, 3.1776363849639893, 3.215930223464966, 3.3309988975524902, 3.1460254192352295, 3.1587226390838623, 3.194013833999634, 3.087803602218628, 3.2384042739868164, 3.1897480487823486, 3.2850253582000732, 3.3086249828338623, 3.286993980407715, 3.1965928077697754, 3.171225070953369, 3.125654697418213, 3.2656145095825195, 3.2746052742004395, 3.2214744091033936, 3.2192201614379883, 3.149867057800293, 3.2328929901123047, 3.2144901752471924, 3.1597137451171875, 3.0742604732513428, 3.237121343612671, 3.1561567783355713, 3.2407941818237305, 3.094149351119995, 3.1270508766174316, 3.1533467769622803, 3.15190052986145, 3.169389009475708, 3.2226693630218506, 3.1922898292541504, 3.0422537326812744, 3.1785590648651123, 3.252580165863037, 3.241084337234497, 3.1692166328430176, 3.160137891769409, 3.0488369464874268, 3.148787260055542, 3.055584192276001, 3.1440303325653076, 3.232668399810791, 3.200465202331543, 3.103799343109131, 3.21563720703125, 3.247248411178589, 3.197460889816284, 3.181063175201416, 3.1303646564483643, 3.125006675720215, 3.232184648513794, 3.1496176719665527, 3.278088331222534, 3.220754384994507, 3.138197422027588]
val step Loss: [3.008885383605957, 3.0724403858184814, 3.147725820541382, 3.201749324798584, 3.1726369857788086, 3.201568841934204, 3.0396995544433594, 3.032102108001709, 3.1052963733673096, 3.08809494972229, 3.181870698928833, 3.0921342372894287, 3.1067118644714355, 3.0784752368927, 3.2117092609405518, 3.3021116256713867]
Train step Accs: [0.3177796803652968, 0.31041033434650456, 0.28917774207682195, 0.2754381006218202, 0.29354682193110143, 0.3185363778187491, 0.2894858730893932, 0.26718243972652034, 0.3192722371967655, 0.31992163954189273, 0.3036681628230924, 0.3238001314924392, 0.28905349794238683, 0.30708771929824563, 0.2805784565481822, 0.2852734441968112, 0.2771010023130301, 0.3065231158961368, 0.3144726083401472, 0.3108012955921701, 0.290949759119064, 0.2722296197662376, 0.3004048582995951, 0.299603935096461, 0.3183323299217339, 0.29234143049932526, 0.2908736700134872, 0.31494454173963804, 0.3373740554156171, 0.2894660475914103, 0.327221833449965, 0.29459330902172187, 0.3103586188508199, 0.3046179680940386, 0.3160100586756077, 0.3100892451973983, 0.3128112267994568, 0.2890685740942311, 0.283289817232376, 0.3413544668587896, 0.3053048947224501, 0.3045611484644739, 0.29239874237100055, 0.30212039277074143, 0.3007673335160318, 0.3400405552955857, 0.3138720224194302, 0.329661558109834, 0.32157241823747384, 0.28258242706715003, 0.30230365081503435, 0.3086073021642161, 0.29543117379168504, 0.2984330484330484, 0.29548065875143625, 0.29806234203875315, 0.32546072642691, 0.31411303495589676, 0.2936889183369223, 0.31312280701754386, 0.2802581095221486, 0.2971153846153846, 0.31937450304797244]
val step Accs: [0.3530095958127363, 0.3304757822546078, 0.31513260530421217, 0.3113020489094514, 0.31906345247991136, 0.31497195455199195, 0.35034059035661813, 0.34443567482241516, 0.33598682404611585, 0.34121037463976944, 0.31778350515463916, 0.33090401612653125, 0.33237350884409705, 0.33839014813492774, 0.30410115091586964, 0.2985628187297172]

ep88
Train step Loss: [3.185157060623169, 3.177090644836426, 3.1235768795013428, 3.1629018783569336, 3.123871088027954, 3.122828960418701, 3.1198089122772217, 3.2313804626464844, 3.1687843799591064, 3.1695706844329834, 3.0447826385498047, 3.2318098545074463, 3.1539008617401123, 3.0635933876037598, 3.1623921394348145, 3.2425038814544678, 3.28166127204895, 3.0121848583221436, 3.190793752670288, 3.157285690307617, 3.2133495807647705, 3.225790023803711, 3.05104660987854, 3.097325563430786, 3.263321876525879, 3.0902884006500244, 3.1065664291381836, 3.0960636138916016, 3.2127668857574463, 3.1621251106262207, 3.092546224594116, 3.1628692150115967, 3.198992967605591, 3.2063546180725098, 3.2161452770233154, 3.2242019176483154, 3.110013961791992, 3.0495669841766357, 3.224428415298462, 3.1996829509735107, 3.1886885166168213, 3.2115418910980225, 3.1801788806915283, 3.1276955604553223, 3.100268840789795, 3.2077739238739014, 3.1398239135742188, 3.225742816925049, 3.0760250091552734, 3.1431987285614014, 3.1324620246887207, 3.1696810722351074, 3.1941757202148438, 3.0788283348083496, 3.136467456817627, 3.133965253829956, 3.1200103759765625, 3.1778459548950195, 3.1868417263031006, 3.17207932472229, 3.1488232612609863, 3.0388104915618896, 3.213848829269409]
val step Loss: [3.0459952354431152, 2.9717307090759277, 3.0127601623535156, 3.0453238487243652, 3.1856071949005127, 3.105311155319214, 3.102618455886841, 3.040757417678833, 3.070918321609497, 3.0890188217163086, 3.1826748847961426, 3.170647621154785, 3.1400177478790283, 3.123295545578003, 3.226259469985962, 2.992974042892456]
Train step Accs: [0.317771509167842, 0.303863002787734, 0.3068622696411251, 0.3030645566440593, 0.3213965980304387, 0.3317513051732321, 0.3116178067318133, 0.28194902028784463, 0.31023666951810663, 0.3114149008885851, 0.33399235534466853, 0.29735132433783107, 0.30928315969522624, 0.32016269610691456, 0.3129867777576526, 0.2912883087400681, 0.27977880735316096, 0.3424360641525791, 0.3095654709827938, 0.3038149226290792, 0.28606719367588934, 0.29649976455815413, 0.3201292316336564, 0.3113253799640464, 0.28365468125759946, 0.3271206339888465, 0.3278853046594982, 0.31524493243243246, 0.2884790943947416, 0.30861660079051384, 0.32836831415030465, 0.3207643746800887, 0.28756476683937826, 0.30132394838277193, 0.2923857868020305, 0.3032362937786316, 0.31999473476372253, 0.33050139275766016, 0.2981959674566678, 0.3076348423726281, 0.3140070921985816, 0.30027322404371587, 0.2955189072130601, 0.2905538375035142, 0.3234608985024958, 0.3040551633557708, 0.3103560927801372, 0.2815477909327173, 0.31867572156196944, 0.3179781322817709, 0.3132321618743344, 0.2859381678301752, 0.2980421686746988, 0.32606341840680586, 0.3206497877945266, 0.31319407720782655, 0.29541383016839845, 0.3043601761113478, 0.3035815002820079, 0.2937993565369991, 0.3236735870818916, 0.32115757896594316, 0.28259551243177683]
val step Accs: [0.35305772024831594, 0.35769376659501834, 0.3468867216804201, 0.33835441239164415, 0.3135292218275751, 0.3316645807259074, 0.32062606539593985, 0.34177944140512523, 0.34420103092783505, 0.3356504468718967, 0.29140958709065024, 0.3244430974390059, 0.33097572737502007, 0.332486503651953, 0.30052549353784974, 0.3604336043360434]

ep89
Train step Loss: [3.112366199493408, 3.080275535583496, 3.113032341003418, 3.1501879692077637, 3.2057571411132812, 3.192889928817749, 3.112353563308716, 3.1702826023101807, 3.090057373046875, 3.075702667236328, 3.14967942237854, 3.249239444732666, 3.0772180557250977, 3.0819251537323, 3.1333773136138916, 3.0692994594573975, 3.208225727081299, 3.119342088699341, 3.202911615371704, 3.047292470932007, 3.1329874992370605, 3.080993890762329, 3.166590690612793, 3.1309664249420166, 3.1053924560546875, 3.2633159160614014, 3.1354520320892334, 3.0869555473327637, 3.0605762004852295, 3.1396560668945312, 3.1232237815856934, 3.165192127227783, 3.1391193866729736, 3.166224956512451, 3.143059015274048, 3.1390957832336426, 3.1199676990509033, 3.074399948120117, 3.2560205459594727, 3.1739935874938965, 3.119272232055664, 3.1229019165039062, 3.1471407413482666, 3.189746141433716, 3.1777684688568115, 3.1737871170043945, 3.1645865440368652, 3.019899368286133, 3.101569175720215, 3.011234998703003, 3.104015827178955, 3.0708119869232178, 3.1646616458892822, 3.098205327987671, 3.08891224861145, 3.1451995372772217, 3.17615008354187, 3.1170644760131836, 2.948800802230835, 3.0868372917175293, 3.08109188079834, 3.095938205718994, 3.2332277297973633]
val step Loss: [3.2017035484313965, 3.036125421524048, 3.00362491607666, 3.0223426818847656, 3.028467893600464, 2.9341542720794678, 3.0143203735351562, 3.0766055583953857, 3.0459084510803223, 3.0047447681427, 3.0956976413726807, 3.0765175819396973, 3.1031670570373535, 3.1008729934692383, 3.0834438800811768, 3.135561466217041]
Train step Accs: [0.32603938730853393, 0.3148234562140302, 0.308311345646438, 0.3145386766076421, 0.29754335260115605, 0.2889594120594622, 0.30934042851141297, 0.29034287511796164, 0.3248517015298158, 0.32969273336245813, 0.3182924545965175, 0.27774979009235934, 0.33480529907667606, 0.3110208654250105, 0.3047171516356407, 0.3238423028785982, 0.29466645933758356, 0.3112847222222222, 0.29871928002769127, 0.323200241984271, 0.3130186369201469, 0.32628398791540786, 0.3104797796782142, 0.3087281795511222, 0.3099668253281408, 0.2775626129615285, 0.30011277135607556, 0.32022730763323604, 0.31598947676118094, 0.3174773668866043, 0.2945914844649022, 0.29648164998483467, 0.31058959872519193, 0.3112952316537031, 0.30689655172413793, 0.3215835140997831, 0.298404641044235, 0.31715481171548116, 0.2998059508408797, 0.29388746457967885, 0.31241144800226694, 0.3199845231185916, 0.30363196125907993, 0.3055673608159796, 0.3080965356169716, 0.3005533199195171, 0.30550892720891193, 0.33480983656636626, 0.32496534729708915, 0.3352154531946508, 0.330749354005168, 0.31767051117755946, 0.30296512521124597, 0.31535498073747936, 0.3324569475483108, 0.3066601210931108, 0.30146945088940447, 0.3063450606852051, 0.35836669335468374, 0.31925022314787266, 0.3145033322754681, 0.3037446120689655, 0.29612056935528885]
val step Accs: [0.31107157520186124, 0.34605999712932395, 0.3374795417348609, 0.34966462525517644, 0.3464116396926598, 0.3540009007656508, 0.3411103542234332, 0.3504231770833333, 0.3508450704225352, 0.34232268121590026, 0.3426936385413894, 0.3348604151753758, 0.33129965947786605, 0.3174337517433752, 0.310888686684865, 0.332891748675246]

ep90
Train step Loss: [3.195411205291748, 3.0347750186920166, 3.1171021461486816, 3.1624929904937744, 3.1991190910339355, 3.161710500717163, 3.1162664890289307, 3.158886432647705, 3.1275794506073, 3.0586841106414795, 3.1718506813049316, 3.223168134689331, 3.1084706783294678, 3.160065174102783, 3.134471893310547, 3.0520071983337402, 3.206156015396118, 3.1230356693267822, 3.0945379734039307, 3.0246355533599854, 3.0185980796813965, 3.1575067043304443, 3.1158175468444824, 3.217196226119995, 3.1353230476379395, 3.0347607135772705, 3.1557958126068115, 3.2025747299194336, 3.063831090927124, 3.0184576511383057, 3.011197566986084, 3.1483545303344727, 3.1028475761413574, 3.1135900020599365, 3.011388063430786, 2.9512107372283936, 3.0840442180633545, 3.145608425140381, 3.0775699615478516, 3.0976781845092773, 3.0442051887512207, 3.0751233100891113, 3.059624433517456, 3.193408727645874, 3.1142642498016357, 3.1481287479400635, 3.1491668224334717, 3.1126835346221924, 3.018563985824585, 3.0728728771209717, 3.115013360977173, 3.12467622756958, 3.0346686840057373, 3.1237354278564453, 2.967949867248535, 3.063990354537964, 3.091421127319336, 2.9817566871643066, 3.119403123855591, 3.1003520488739014, 2.9710302352905273, 3.1209590435028076, 3.0282862186431885]
val step Loss: [2.954502582550049, 3.074249267578125, 3.0080220699310303, 3.090670108795166, 3.0130631923675537, 3.025829315185547, 2.929929733276367, 2.9980623722076416, 3.0097005367279053, 3.0741639137268066, 3.0568549633026123, 2.9412918090820312, 2.9757938385009766, 3.1259207725524902, 3.1276016235351562, 3.199387788772583]
Train step Accs: [0.29029931482149296, 0.3269988738738739, 0.3184262295081967, 0.30244510200903285, 0.2892956013534297, 0.3015006821282401, 0.3062068965517241, 0.30097481722177094, 0.3005994358251058, 0.3302180685358255, 0.3164760831051699, 0.2986919906826734, 0.30427917258803094, 0.31021836972828803, 0.3089521386547941, 0.3318818886923391, 0.30483412322274883, 0.3269651451071897, 0.31444759206798867, 0.33065236818588023, 0.333382461311717, 0.29918032786885246, 0.2999135695764909, 0.2873882820258193, 0.32234432234432236, 0.32883672039243167, 0.30139372822299654, 0.3057121096725057, 0.3109703426432479, 0.33221181977764774, 0.33694745621351124, 0.30076249646992376, 0.32254901960784316, 0.3116953762466002, 0.3392232038673112, 0.3455815758830379, 0.3194288913773796, 0.30589543937708563, 0.31984745481677995, 0.31954372623574145, 0.3245074862096139, 0.32070598364184244, 0.3197934595524957, 0.29555771725032426, 0.31654573908095035, 0.3052595974970404, 0.3060513713539399, 0.3229040097205346, 0.34437400950871633, 0.3318233295583239, 0.3134573996708444, 0.3040236134845425, 0.33956244302643573, 0.3056796426292278, 0.35288152780125065, 0.3288973384030418, 0.3122568093385214, 0.33732415444477704, 0.29067055393586005, 0.3199945182951898, 0.33721607454863134, 0.3067825591336563, 0.3237454100367197]
val step Accs: [0.36654080743537615, 0.31875, 0.3418655097613883, 0.3260411175540327, 0.34546675621222295, 0.3408662900188324, 0.3436045578558819, 0.34325334995325646, 0.35332228416453215, 0.3319341298030352, 0.34386446886446886, 0.3590158627387504, 0.3553234115626789, 0.31196581196581197, 0.3103980253008331, 0.2923471768548763]

ep91
Train step Loss: [3.008805990219116, 3.1302411556243896, 3.064570188522339, 3.102761745452881, 3.088407278060913, 3.0663633346557617, 3.0916905403137207, 3.066887855529785, 3.044421434402466, 3.0988409519195557, 3.156587600708008, 3.1567254066467285, 3.1499247550964355, 3.1438729763031006, 3.1555163860321045, 3.0999915599823, 3.0272440910339355, 3.0067291259765625, 3.1343488693237305, 3.043854236602783, 3.083810806274414, 3.1002867221832275, 3.0062758922576904, 3.0396509170532227, 3.080103874206543, 2.9711971282958984, 3.0969741344451904, 3.0939221382141113, 3.053854465484619, 3.219616174697876, 3.0753302574157715, 3.0934364795684814, 3.0636379718780518, 3.015545129776001, 3.1741459369659424, 3.0040876865386963, 3.04345703125, 3.1304640769958496, 3.258408784866333, 3.1653459072113037, 3.046190023422241, 3.128779888153076, 3.1265432834625244, 3.1012067794799805, 2.892216444015503, 3.1108956336975098, 3.078061103820801, 3.12923264503479, 2.9353585243225098, 2.977766990661621, 2.9995975494384766, 2.9978740215301514, 3.2493338584899902, 3.049560546875, 3.0313944816589355, 3.0586001873016357, 2.99255633354187, 2.944321870803833, 3.1735503673553467, 3.0438265800476074, 2.9678406715393066, 3.086348533630371, 3.0052714347839355]
val step Loss: [2.9948487281799316, 3.043105363845825, 3.0368661880493164, 3.0260045528411865, 2.8846771717071533, 2.9144721031188965, 3.0807132720947266, 2.9497547149658203, 3.077728271484375, 2.9457285404205322, 3.090646743774414, 2.9290521144866943, 3.09612774848938, 2.9672319889068604, 3.0054144859313965, 3.1712632179260254]
Train step Accs: [0.3309096534653465, 0.29990900818926297, 0.310713659477468, 0.31444444444444447, 0.3173963133640553, 0.32126228660113815, 0.328584419521067, 0.32799897580335424, 0.32710146995861283, 0.31766740018861994, 0.3128405756601928, 0.31820869051138045, 0.3128238341968912, 0.2909527622097678, 0.29906700593723495, 0.3103392828429008, 0.33483580167417903, 0.345531914893617, 0.3100940975192472, 0.3378619459311102, 0.32548430193720773, 0.311439588688946, 0.32143573290555444, 0.3331916099773243, 0.31405797101449273, 0.33027351067815663, 0.3086812275366326, 0.3186223348740122, 0.32570265801856796, 0.3003875968992248, 0.32369689005694263, 0.3043251693590412, 0.31563025210084034, 0.32670825475119686, 0.29683698296836986, 0.3340011448196909, 0.34086444007858546, 0.31552334400809035, 0.27832644999102174, 0.2903225806451613, 0.3223993727130162, 0.3162362290048763, 0.29821246911786076, 0.3116169544740973, 0.3757640586797066, 0.30909345663444027, 0.3168656960575822, 0.31341131228969715, 0.3546596552731522, 0.3402347570916205, 0.33490566037735847, 0.3282921431206197, 0.26717171717171717, 0.3290350007085164, 0.3307563025210084, 0.33000693000693, 0.33107781536974384, 0.36146817407464765, 0.2924734313582763, 0.3119772998805257, 0.3350376366993325, 0.31355297641332835, 0.3394787031150667]
val step Accs: [0.33913323666827777, 0.3322249930728734, 0.3379287707204989, 0.3404829545454545, 0.37750653879686136, 0.3547490599967304, 0.32276843467011646, 0.3627906976744186, 0.33579282407407407, 0.3468085106382979, 0.3205426356589147, 0.3704545454545455, 0.3249721293199554, 0.3531416716064019, 0.35529000291460217, 0.31767337807606266]

ep92
Train step Loss: [3.0169625282287598, 3.0465478897094727, 3.0993995666503906, 3.0367062091827393, 3.0883076190948486, 3.0676982402801514, 3.058908700942993, 3.0781090259552, 3.0745480060577393, 3.115830898284912, 3.0542948246002197, 3.0825436115264893, 3.0185296535491943, 3.057666063308716, 3.2066562175750732, 2.9092202186584473, 3.0140130519866943, 3.008242130279541, 2.9450089931488037, 3.065253973007202, 2.981658458709717, 3.1075892448425293, 3.0738461017608643, 3.0221478939056396, 3.039537191390991, 3.0456714630126953, 3.029139280319214, 3.0689287185668945, 3.047212839126587, 3.0398192405700684, 3.0823447704315186, 3.1892967224121094, 3.0492379665374756, 3.049159288406372, 3.1072022914886475, 3.0136349201202393, 3.198615312576294, 2.9945180416107178, 3.0668065547943115, 2.9123520851135254, 3.046746015548706, 3.152719497680664, 3.0317835807800293, 3.0335142612457275, 2.9881341457366943, 3.056594133377075, 3.1053855419158936, 3.0337491035461426, 3.094529628753662, 2.935145616531372, 3.0785248279571533, 3.1286346912384033, 3.098372459411621, 3.0789003372192383, 3.039527177810669, 2.9304561614990234, 3.099897861480713, 3.0443553924560547, 2.966646194458008, 3.0592753887176514, 3.0408225059509277, 2.968287229537964, 2.9526431560516357]
val step Loss: [2.9100208282470703, 2.9838786125183105, 3.0020501613616943, 2.994260311126709, 2.9061646461486816, 2.973419427871704, 3.0317270755767822, 2.9709062576293945, 3.006249189376831, 2.961172342300415, 3.047050952911377, 3.0250163078308105, 3.032996416091919, 2.9597060680389404, 2.9494125843048096, 3.1073801517486572]
Train step Accs: [0.3403021784961349, 0.32844303462860164, 0.3173878835562549, 0.3253799176253373, 0.3223650385604113, 0.3160779537149817, 0.3202930174563591, 0.31984007996002, 0.32240781594705326, 0.314002828854314, 0.34124087591240876, 0.32177952474539934, 0.33085447652376787, 0.31974119771291004, 0.29394210683378097, 0.34846698113207547, 0.3330058939096267, 0.3288100208768267, 0.3551296505073281, 0.3050181818181818, 0.3361091170136396, 0.3217695307247546, 0.32037725064304085, 0.3249766635551407, 0.3337432744043044, 0.3268434134217067, 0.33736592666500376, 0.30699404761904764, 0.32559638942617664, 0.3296207104154124, 0.3205976924531871, 0.30118471550141834, 0.31062886108031046, 0.33260790714544797, 0.3181693238042881, 0.3370025402201524, 0.29716807649871274, 0.34085778781038373, 0.3140692944311965, 0.35689890710382516, 0.31358971188326945, 0.29648318042813454, 0.3221404477154247, 0.3208618673793219, 0.346825504264248, 0.31495609615661435, 0.3202961307445174, 0.3241257313920261, 0.30122041420118345, 0.344106463878327, 0.317239336492891, 0.3128003494975972, 0.3187250996015936, 0.30973837209302324, 0.3089196170794712, 0.34308194774346795, 0.30309130122214234, 0.3388878124394497, 0.3407072230601642, 0.3276906138177815, 0.324688115561392, 0.33578680203045685, 0.344801026957638]
val step Accs: [0.36359345500314666, 0.34936148032316916, 0.3491701919947934, 0.34099616858237547, 0.36777984807223735, 0.3464647949434073, 0.3219451715112274, 0.33286045911787465, 0.33901098901098903, 0.3539426523297491, 0.3259530791788856, 0.3422468111264792, 0.33305954825462014, 0.34962077012835474, 0.353829043533524, 0.3093502377179081]

ep93
Train step Loss: [3.011749029159546, 3.0620839595794678, 3.056504487991333, 3.0000975131988525, 3.131943702697754, 2.9972028732299805, 3.030308485031128, 3.0957765579223633, 2.960996627807617, 3.0876498222351074, 2.991417169570923, 3.0346953868865967, 2.955799102783203, 2.9790091514587402, 3.0208396911621094, 2.9995150566101074, 3.0537831783294678, 3.030165433883667, 2.9861862659454346, 3.0049502849578857, 2.984952926635742, 3.0529983043670654, 3.0667264461517334, 3.1179847717285156, 3.0621533393859863, 3.1227006912231445, 3.06718373298645, 3.05403995513916, 3.081982374191284, 2.953726053237915, 3.033489465713501, 3.101261615753174, 2.980330467224121, 3.044262647628784, 3.070707321166992, 3.0189669132232666, 2.88425874710083, 3.080169916152954, 3.007035255432129, 3.062346935272217, 2.9842288494110107, 3.0336291790008545, 3.1394736766815186, 2.994497776031494, 3.0470571517944336, 2.956784248352051, 2.9372305870056152, 3.0410094261169434, 3.053828716278076, 3.037531614303589, 3.0162479877471924, 3.017449378967285, 2.9218480587005615, 3.045128583908081, 3.0630815029144287, 2.9050378799438477, 3.0326645374298096, 2.998208522796631, 3.121159315109253, 3.042229652404785, 3.043426275253296, 2.9552507400512695, 2.9712002277374268]
val step Loss: [3.0061285495758057, 2.862044095993042, 3.0530447959899902, 3.091919422149658, 2.9835495948791504, 2.9239113330841064, 3.002443790435791, 2.9699065685272217, 2.934856653213501, 2.8753738403320312, 2.9189178943634033, 2.9868195056915283, 2.893277883529663, 2.8754799365997314, 3.025919198989868, 2.9235568046569824]
Train step Accs: [0.3284098051539912, 0.32368107893692977, 0.31102225312934634, 0.3525429930479327, 0.3051659861530268, 0.3388651809704441, 0.3305896186796573, 0.30629853321829165, 0.34202977735282064, 0.3238309226232271, 0.337945981993998, 0.3288322847936167, 0.3320779220779221, 0.34011230839277584, 0.3399474759264663, 0.3369600519649237, 0.3186053077357425, 0.32474485527856783, 0.31920574003003505, 0.3383772877936302, 0.34004075394803873, 0.3276661514683153, 0.3204205069124424, 0.3099211165048544, 0.32042902631137926, 0.29464016862390846, 0.3204963628583654, 0.31987991994663106, 0.3064314704964096, 0.3401527157470105, 0.3219679976072977, 0.30770376992996573, 0.3273488928785159, 0.32292893600314093, 0.3234246787428394, 0.32090526621209925, 0.35607463324312777, 0.31777645659928655, 0.33434694468578047, 0.3321571772253408, 0.33791044776119405, 0.32209559987337766, 0.30359435173299104, 0.34133138258961226, 0.31166532582461787, 0.3443670150987224, 0.33971864711164323, 0.32333931777378816, 0.3273019115715745, 0.3224574800416522, 0.3179352038443652, 0.32295081967213113, 0.3570595099183197, 0.318241469816273, 0.31784080512351326, 0.35043969024806404, 0.3331479421579533, 0.3411978221415608, 0.3219799458857234, 0.32564180929095354, 0.3274396463787827, 0.3431578947368421, 0.34]
val step Accs: [0.3452732125298497, 0.3727846200060078, 0.325070323488045, 0.32408186150827023, 0.34732201175702154, 0.36295369211514394, 0.3455720749838397, 0.3500857632933105, 0.3542291150788479, 0.37508806537973793, 0.35319742115351105, 0.34840622683469236, 0.3736218302094818, 0.37467362924281983, 0.3392785302400429, 0.3560804899387577]

ep94
Train step Loss: [3.0707671642303467, 2.9318065643310547, 2.9835317134857178, 2.9274768829345703, 2.965515375137329, 3.1114208698272705, 3.032127857208252, 3.0146360397338867, 3.077308416366577, 3.0460963249206543, 3.0115952491760254, 3.0028178691864014, 2.9794931411743164, 2.9806628227233887, 2.9756886959075928, 3.0209531784057617, 3.1263608932495117, 2.952929735183716, 3.078347682952881, 3.0211784839630127, 2.9862778186798096, 3.091783046722412, 3.032562494277954, 3.0249745845794678, 2.9532244205474854, 2.9630887508392334, 2.946458339691162, 2.9647908210754395, 3.1813387870788574, 2.894912004470825, 2.9993560314178467, 2.9317095279693604, 2.966503143310547, 3.049074411392212, 3.1071248054504395, 3.068711042404175, 2.915698289871216, 3.0736212730407715, 3.0422513484954834, 3.0111138820648193, 2.883695602416992, 2.925093173980713, 2.946445941925049, 3.0380828380584717, 2.9466288089752197, 2.9892027378082275, 2.969011068344116, 3.082350254058838, 2.9372496604919434, 3.068526029586792, 2.856642007827759, 3.015730381011963, 2.9727911949157715, 3.0854122638702393, 3.0105016231536865, 2.9671976566314697, 3.055401563644409, 3.0295119285583496, 2.9596071243286133, 2.9611518383026123, 2.940279960632324, 3.00541353225708, 2.989227533340454]
val step Loss: [2.9793782234191895, 2.9183292388916016, 2.8986217975616455, 2.9037129878997803, 2.997947931289673, 3.012641668319702, 2.917865514755249, 2.9704840183258057, 2.9850940704345703, 2.8496878147125244, 3.0030910968780518, 2.8987953662872314, 2.854395866394043, 2.9116921424865723, 3.0061330795288086, 2.935887575149536]
Train step Accs: [0.3158604163546503, 0.3306373964952821, 0.3425329653480527, 0.34150709464113516, 0.3402877697841727, 0.31073013929282106, 0.3140122788010112, 0.32916666666666666, 0.30806340454858716, 0.3076803482587065, 0.322352587244284, 0.3247947454844007, 0.3318316204420667, 0.3316949152542373, 0.34173669467787116, 0.31941210710128054, 0.3007806955287438, 0.35608358611391977, 0.3174664602683179, 0.3197389885807504, 0.3384398661736221, 0.30515434721042195, 0.3250309405940594, 0.32524570024570026, 0.34468234468234465, 0.3583628250500077, 0.3568940493468795, 0.3465036061461273, 0.3047850770478508, 0.3616167849429189, 0.33476741059424575, 0.34052993130520115, 0.33104844991431687, 0.3145907473309609, 0.3089153046062407, 0.32698993595608417, 0.3566517189835576, 0.31607843137254904, 0.3328317030348633, 0.3315466073996601, 0.37028962939894117, 0.352140350877193, 0.3285091814503579, 0.3333819029578901, 0.34877384196185285, 0.3226417845166934, 0.33815925542916236, 0.3083294264728864, 0.34460592509782, 0.3174321688242596, 0.34642805179688635, 0.3333886767391665, 0.3286454478164323, 0.29655400927766734, 0.3281057810578106, 0.35280741647717334, 0.32514779445202363, 0.32654083848338067, 0.3482099855514529, 0.3399715504978663, 0.35737751749750035, 0.32654083848338067, 0.3286917098445596]
val step Accs: [0.3563396120326118, 0.3692395491510915, 0.370196671709531, 0.3694807996548253, 0.34816043425814236, 0.33516694384034795, 0.3502817094956713, 0.34626910398561583, 0.34541792547834843, 0.38256622761580583, 0.3379806281185794, 0.36915408297903535, 0.3728664437796938, 0.3560263980548802, 0.34254062038404726, 0.37217043941411454]

ep95
Train step Loss: [2.937061071395874, 2.8967039585113525, 3.026278495788574, 3.059359073638916, 2.9898595809936523, 2.916684865951538, 2.926753044128418, 2.978755474090576, 2.878087282180786, 2.983313798904419, 3.014120578765869, 2.942199230194092, 3.225350856781006, 3.0661091804504395, 2.9649276733398438, 3.0282812118530273, 3.029836893081665, 2.8627400398254395, 3.0016376972198486, 2.906703233718872, 2.9352917671203613, 2.959594964981079, 2.8908329010009766, 3.006112575531006, 3.10626482963562, 3.001432180404663, 3.0741395950317383, 2.8372151851654053, 2.9843153953552246, 3.007298469543457, 2.933542013168335, 3.030831813812256, 2.852632522583008, 2.9239745140075684, 3.0740692615509033, 2.965097665786743, 3.0489275455474854, 3.120142936706543, 3.0095555782318115, 2.9858815670013428, 2.8853631019592285, 2.935896873474121, 2.9109365940093994, 3.1617140769958496, 2.994950294494629, 3.0165977478027344, 2.956632137298584, 2.9996087551116943, 2.9936106204986572, 3.0385067462921143, 3.0046143531799316, 2.8737385272979736, 3.0430312156677246, 2.9495513439178467, 2.926227569580078, 2.8830418586730957, 3.086134910583496, 2.981201648712158, 2.959779977798462, 2.9337823390960693, 3.0454301834106445, 2.9588570594787598, 3.047119617462158]
val step Loss: [2.8987953662872314, 2.846216917037964, 2.870757579803467, 2.775679349899292, 2.9560647010803223, 2.8859663009643555, 2.895745038986206, 2.8811886310577393, 2.972374439239502, 2.9433891773223877, 2.9663453102111816, 3.0635621547698975, 2.889845848083496, 2.952116012573242, 2.978839874267578, 2.9088025093078613]
Train step Accs: [0.3464813984760197, 0.3481258618528269, 0.3285809018567639, 0.32275132275132273, 0.33624700408853797, 0.35902944521673197, 0.3457587806494367, 0.3393939393939394, 0.35413438512466544, 0.3459171112022979, 0.3424066078468181, 0.33969198459922995, 0.2809271856890905, 0.3088782562466773, 0.330575882914413, 0.32562396006655575, 0.32892441860465116, 0.3732198142414861, 0.34157093240716, 0.34741083420385016, 0.3377709506741765, 0.3286544732737842, 0.35723860589812334, 0.3173954073608053, 0.3106420927467301, 0.3284235088231005, 0.31155085135757016, 0.3730093355299286, 0.3341765747533519, 0.3283793347487615, 0.34079292719988946, 0.3092410944759938, 0.3532754010695187, 0.35032024505708714, 0.32566745968807825, 0.339272079409519, 0.3340368650626143, 0.30202003613072753, 0.3245810055865922, 0.3403213465952563, 0.36855625963349886, 0.33026211278792694, 0.34503965042887197, 0.2854987742787102, 0.32858261550509005, 0.3330138036809816, 0.3320675105485232, 0.34025416144621445, 0.32221634021528145, 0.3074687590816623, 0.3348339898705684, 0.3600173085244483, 0.3252840909090909, 0.34275466284074607, 0.3355122732123799, 0.36635367762128324, 0.3054305912596401, 0.3286504895700298, 0.3333333333333333, 0.3312079958642082, 0.317274711568444, 0.351587182187453, 0.31379080612924715]
val step Accs: [0.3606837606837607, 0.37295911482930777, 0.3745498199279712, 0.3915287687870047, 0.34717494894486045, 0.35896155766350474, 0.36333855576128754, 0.3715302491103203, 0.3466973886328725, 0.35051986896453496, 0.35804824860297124, 0.3191457808097286, 0.37696699624007796, 0.34220586153192695, 0.3496143958868895, 0.3560387739062091]

ep96
Train step Loss: [2.9785447120666504, 2.964907169342041, 2.9767963886260986, 3.0739264488220215, 2.9570417404174805, 2.9320802688598633, 3.0608837604522705, 2.9236679077148438, 3.0327870845794678, 2.977274179458618, 2.8872904777526855, 2.9456329345703125, 3.014465808868408, 3.0168979167938232, 3.079152822494507, 2.987255096435547, 2.9432103633880615, 2.9186770915985107, 2.9436826705932617, 2.9852256774902344, 2.932703733444214, 3.0555801391601562, 2.9595274925231934, 2.973606824874878, 2.956812858581543, 2.8509933948516846, 2.9081289768218994, 2.903973340988159, 2.89680552482605, 2.977804183959961, 2.8689897060394287, 3.0133650302886963, 2.9378931522369385, 3.035545587539673, 3.0309524536132812, 2.915739059448242, 2.8980917930603027, 3.046057939529419, 2.9493613243103027, 2.9141416549682617, 2.900982141494751, 2.973994255065918, 2.948517084121704, 2.951843023300171, 2.850832939147949, 2.946098566055298, 2.936148166656494, 3.003678560256958, 2.893712043762207, 2.954878330230713, 2.815187692642212, 2.9782347679138184, 2.975910186767578, 2.935640573501587, 3.0156784057617188, 2.9000229835510254, 3.006646156311035, 3.001513957977295, 2.927912950515747, 3.0038466453552246, 2.882012128829956, 2.8484838008880615, 3.0172996520996094]
val step Loss: [2.8148598670959473, 2.8547544479370117, 2.770582914352417, 2.939919948577881, 2.9264447689056396, 2.9462876319885254, 2.8859500885009766, 2.911510467529297, 2.8372697830200195, 2.86675763130188, 2.9472968578338623, 2.841773509979248, 2.9248063564300537, 2.9962098598480225, 2.9802024364471436, 2.7001779079437256]
Train step Accs: [0.3290825363088912, 0.332063760756101, 0.3456241670368725, 0.3243090007087172, 0.3488112927191679, 0.34271192593937194, 0.3066455696202532, 0.3594198736358415, 0.32038538002752714, 0.3435945273631841, 0.34954365890205696, 0.3396283886689004, 0.3255701115963125, 0.32435279951836243, 0.3200645508337816, 0.3191256830601093, 0.34392575928009, 0.3454419889502762, 0.3434839082118632, 0.3304169769173492, 0.3500607041683529, 0.3191819026960025, 0.3428892636312535, 0.332497562334587, 0.3366295838483725, 0.3554488989271598, 0.3252108716026242, 0.3485013200807579, 0.3563522220386585, 0.3309972258723901, 0.3791429760088753, 0.32118824881011, 0.3432415519399249, 0.3256321629979989, 0.3207936507936508, 0.345370978332239, 0.3460249771550411, 0.3183656393808395, 0.3369982547993019, 0.3539626001780944, 0.3488140889078256, 0.3147440794499618, 0.3337696335078534, 0.3477437133999311, 0.36585365853658536, 0.3454956409428479, 0.34667294413057126, 0.3388925950633756, 0.3515085915302395, 0.3435231714126186, 0.37947122861586313, 0.34170747285501385, 0.34364548494983277, 0.34470377019748655, 0.3236935565702689, 0.35953401178361005, 0.33070521243977224, 0.3303049967553537, 0.34177752618171525, 0.3349188584219362, 0.35744806247237365, 0.35009051664113633, 0.33220910623946037]
val step Accs: [0.3825343425848052, 0.37123991195891415, 0.38696922812446277, 0.35310655046387407, 0.3709677419354839, 0.33705253370525334, 0.3593727521219968, 0.3554011536444677, 0.3578838174273859, 0.36769327467001883, 0.3534019351866073, 0.39639058975185304, 0.35153677277716794, 0.33609676542538736, 0.34458259325044405, 0.4212287831699737]

ep97
Train step Loss: [2.9470040798187256, 2.955979824066162, 2.996166229248047, 2.9081835746765137, 2.893953323364258, 3.038666248321533, 2.979104995727539, 2.946321487426758, 2.94242787361145, 3.0077881813049316, 2.8648734092712402, 3.057689666748047, 2.9211225509643555, 2.9569461345672607, 2.915924549102783, 2.9446117877960205, 3.0573508739471436, 2.9615955352783203, 2.903810501098633, 2.8929340839385986, 2.962524890899658, 2.994175672531128, 2.90753436088562, 2.775038957595825, 2.9825656414031982, 2.9524900913238525, 2.934380531311035, 2.823185443878174, 2.9915151596069336, 2.938666582107544, 2.9776694774627686, 2.9316465854644775, 2.919138193130493, 3.0023558139801025, 2.9315714836120605, 2.916471004486084, 2.9288907051086426, 2.8463540077209473, 2.936954975128174, 2.9423389434814453, 2.789944648742676, 2.858414649963379, 2.8782153129577637, 2.9353702068328857, 2.9313504695892334, 3.0059525966644287, 2.8903369903564453, 2.9389052391052246, 2.835012197494507, 2.868020534515381, 2.9987850189208984, 2.941136598587036, 2.8641016483306885, 2.9095559120178223, 2.8130862712860107, 2.9633395671844482, 2.986297369003296, 2.8429434299468994, 2.9215104579925537, 2.9411911964416504, 2.915816068649292, 3.0059521198272705, 2.9116716384887695]
val step Loss: [2.8654186725616455, 2.9014134407043457, 2.8213531970977783, 2.7664804458618164, 2.7488176822662354, 2.9010510444641113, 2.861550807952881, 2.7894034385681152, 2.8777575492858887, 2.9402902126312256, 2.9215686321258545, 2.877659559249878, 2.855069398880005, 2.80940318107605, 2.958772897720337, 2.9962642192840576]
Train step Accs: [0.3388055476931786, 0.3315862494219208, 0.3286267995570321, 0.3546769803753044, 0.35085803432137286, 0.31868713605082055, 0.3329314040728832, 0.33745306633291616, 0.3379454926624738, 0.31625866704400735, 0.36198564943622785, 0.31550007430524596, 0.34851936218678814, 0.3430847411069908, 0.3512172429834083, 0.34432186891628813, 0.32098360655737707, 0.3360010670935041, 0.34779276517473945, 0.3461469694260683, 0.33845029239766083, 0.3330366678533286, 0.3522935779816514, 0.3743124312431243, 0.3308754314402259, 0.34788980070339975, 0.3384842784197796, 0.3679097013859123, 0.3313244569025929, 0.33516311166875784, 0.32971254470790834, 0.3580268133379168, 0.3384073065213908, 0.31614470842332615, 0.3439888811674774, 0.339821083172147, 0.34805593451568895, 0.36568574514038876, 0.3475851148060174, 0.3507772020725389, 0.3708127002621614, 0.35876786792832693, 0.3646204244409628, 0.34275256222547584, 0.34444610554641947, 0.3117093739863769, 0.35650378527185134, 0.33964034401876464, 0.3562866275972296, 0.3633835078534031, 0.32803081044876087, 0.3337513716883524, 0.3557387444514902, 0.360146252285192, 0.3740855145504796, 0.3375837829001144, 0.32448673009514273, 0.3479219143576826, 0.33986090775988287, 0.33885846065148456, 0.34155512107083774, 0.3284736685510265, 0.3520378027170703]
val step Accs: [0.3601036269430052, 0.36140077821011674, 0.38722881702824397, 0.39555702917771884, 0.391007493755204, 0.3595410114747131, 0.36705516705516705, 0.37959312411291596, 0.36549943521058575, 0.3565371991247265, 0.35148224244203113, 0.36374314800313234, 0.38165345413363533, 0.37982919886132577, 0.3504950495049505, 0.34162846540056757]

ep98
Train step Loss: [2.7753968238830566, 2.9065158367156982, 2.9057552814483643, 2.9532792568206787, 2.8000283241271973, 2.942938804626465, 2.907329797744751, 2.9307851791381836, 2.93119740486145, 2.9089267253875732, 2.974877119064331, 2.928069591522217, 2.8808445930480957, 2.9320642948150635, 2.998655080795288, 2.99629807472229, 2.8774569034576416, 2.8381967544555664, 2.862391710281372, 2.9290404319763184, 2.9099881649017334, 3.0320687294006348, 2.917659044265747, 2.8467090129852295, 2.968517303466797, 2.88330078125, 2.8856003284454346, 2.8990437984466553, 2.894864559173584, 2.989928960800171, 2.819059133529663, 2.899888753890991, 3.0462465286254883, 2.8848190307617188, 2.8890914916992188, 2.9208645820617676, 2.887209892272949, 2.8227896690368652, 2.9052577018737793, 2.935573101043701, 3.0634617805480957, 2.813046932220459, 2.928415536880493, 2.878641128540039, 3.004312753677368, 2.7323029041290283, 2.936417579650879, 2.8163836002349854, 2.9787304401397705, 3.008570671081543, 2.916339874267578, 2.830313205718994, 2.9103050231933594, 2.9599907398223877, 2.873474597930908, 2.969989538192749, 2.8465330600738525, 2.8120503425598145, 2.805954694747925, 2.9739294052124023, 2.927251100540161, 2.8662185668945312, 3.00192928314209]
val step Loss: [2.785191297531128, 2.785306692123413, 2.804202079772949, 2.911151170730591, 2.843632221221924, 2.80519962310791, 2.875868320465088, 2.8754639625549316, 2.710902690887451, 2.875246286392212, 2.8898656368255615, 2.959519624710083, 2.7838804721832275, 2.912447690963745, 2.9068832397460938, 2.7673871517181396]
Train step Accs: [0.3705238726790451, 0.35481693942972836, 0.3398984459147561, 0.33055419323197643, 0.3586152635719906, 0.3151590251961999, 0.3677030456852792, 0.3401462031926003, 0.3343390804597701, 0.3459216622209743, 0.32210365853658535, 0.3487773487773488, 0.35253968253968254, 0.3514015796809664, 0.329004329004329, 0.3325461254612546, 0.35806752969438144, 0.3655578018746554, 0.36496694995278567, 0.34506437768240344, 0.34912231819448314, 0.3174721189591078, 0.35595372460496616, 0.36905147296859825, 0.31841943419434193, 0.3453645757531655, 0.3341680230374358, 0.3584200260078023, 0.34100877192982454, 0.3388693708080485, 0.3690010149340293, 0.34673212641914697, 0.3162891405729514, 0.3508371385083714, 0.3441427463149728, 0.35325794291868606, 0.3419152276295133, 0.3731502669717773, 0.34760746147607463, 0.33736872812135354, 0.3151323706377858, 0.3784773060029283, 0.3390544041450777, 0.3607681755829904, 0.33644356719899515, 0.39372549019607844, 0.3273999695724935, 0.3636240520043337, 0.3411325873177348, 0.31546231546231546, 0.3434343434343434, 0.3663626526511053, 0.3600391498881432, 0.3516015280634734, 0.35934722895459686, 0.31653261840929403, 0.36179775280898874, 0.361376673040153, 0.3653629888791703, 0.3325594892629135, 0.34274365158178466, 0.35075136612021857, 0.3142286854861705]
val step Accs: [0.3948249227600412, 0.38391597429064117, 0.3879257907542579, 0.3682454969979987, 0.37838278447994783, 0.3774150067395537, 0.35551020408163264, 0.36726027397260275, 0.41932894525606035, 0.3575536540889325, 0.3617584745762712, 0.3358118361153263, 0.3814937628296226, 0.3508370296179711, 0.34233383685800606, 0.39526327891469304]

ep99
Train step Loss: [2.908139944076538, 2.984074354171753, 2.969001054763794, 2.875150203704834, 3.00113844871521, 2.91583514213562, 2.9984490871429443, 2.8651726245880127, 2.8666329383850098, 2.9635438919067383, 2.792463779449463, 2.8700063228607178, 2.955974817276001, 2.9164161682128906, 2.867798089981079, 2.852369546890259, 2.8489575386047363, 2.865199327468872, 2.8790667057037354, 2.885931968688965, 2.8784656524658203, 2.82228946685791, 2.944178581237793, 2.8654351234436035, 2.8220667839050293, 2.904414176940918, 2.83314847946167, 2.808245897293091, 2.8215434551239014, 2.9137847423553467, 2.8331782817840576, 2.881608724594116, 2.887524127960205, 2.82212495803833, 2.8346140384674072, 2.9886176586151123, 2.9241511821746826, 2.886000633239746, 2.898542881011963, 2.888240098953247, 2.891519784927368, 2.955977201461792, 2.861968755722046, 2.881321907043457, 2.8358206748962402, 3.0086257457733154, 2.815451145172119, 2.826356887817383, 2.887239933013916, 2.9154555797576904, 2.872926712036133, 2.9466025829315186, 2.8897337913513184, 2.794052839279175, 3.0010836124420166, 2.890934467315674, 2.820157289505005, 2.947981595993042, 2.7489700317382812, 2.882662534713745, 2.9120192527770996, 2.8978867530822754, 3.0687198638916016]
val step Loss: [2.871772050857544, 2.7731549739837646, 2.7417750358581543, 2.814713716506958, 2.8810689449310303, 2.898557186126709, 2.825723171234131, 2.8228261470794678, 2.7827863693237305, 2.8376834392547607, 2.7393226623535156, 2.811668872833252, 2.8477067947387695, 2.925959825515747, 2.7642316818237305, 2.803330183029175]
Train step Accs: [0.3551107934238742, 0.3251653638003608, 0.33344082554014837, 0.3478843861740167, 0.3229042679816358, 0.3447375293810394, 0.33397341211225995, 0.3614294330518697, 0.3556846733668342, 0.33468286099865047, 0.3822829964328181, 0.35470332850940667, 0.32796032238065714, 0.35106210475109456, 0.35811862355178975, 0.3685680095731951, 0.3666813574261789, 0.3490311215502055, 0.3678067758145567, 0.35560634579187955, 0.36457142857142855, 0.36514652875724807, 0.3391657829621775, 0.35382955771305286, 0.3769901440485216, 0.3448122967780077, 0.3575500895911386, 0.3614705882352941, 0.3854216293473082, 0.3385994227555826, 0.3545177339110897, 0.34962747592222426, 0.3507940930621343, 0.37317397078353254, 0.35141318977119784, 0.3305754734326163, 0.34235833703210533, 0.3492353723404255, 0.3412106135986733, 0.3502454991816694, 0.35262073027090696, 0.3449793305774103, 0.35208471211118464, 0.3685132123527539, 0.37827964131517766, 0.3272373540856031, 0.35411988253584387, 0.3672437567029263, 0.3511302795954789, 0.35091743119266056, 0.3658175355450237, 0.3310077519379845, 0.358739837398374, 0.36601870078740156, 0.31947664789665453, 0.3473434956341572, 0.3680206493682924, 0.3337958680234351, 0.37363834422657954, 0.3574302401038287, 0.32828050834481703, 0.32855939342881213, 0.3217455621301775]
val step Accs: [0.36902376180933294, 0.3895595987077028, 0.4006798699379249, 0.3632068718682892, 0.37075537075537074, 0.35, 0.3796765234438817, 0.3807588075880759, 0.37232642316551495, 0.3720401337792642, 0.3984782302381288, 0.3876491228070175, 0.37025268573157816, 0.3479772000556096, 0.3755515607125347, 0.38797702092736974]

ep100
Train step Loss: [2.8612313270568848, 2.768340826034546, 3.0107600688934326, 2.9497432708740234, 2.8535757064819336, 2.954326629638672, 2.9607293605804443, 2.910830020904541, 2.852060317993164, 2.7899041175842285, 2.8527729511260986, 2.8697853088378906, 2.880605936050415, 2.8232240676879883, 2.8195688724517822, 2.900320291519165, 2.8718771934509277, 2.743791103363037, 2.986222505569458, 2.8768694400787354, 2.83545184135437, 2.9092748165130615, 2.8411977291107178, 2.9480154514312744, 2.8613321781158447, 2.7851216793060303, 2.876697063446045, 2.864867925643921, 2.938864231109619, 2.7728097438812256, 2.99348783493042, 2.8696653842926025, 2.944108009338379, 2.80885910987854, 2.8918654918670654, 2.8356773853302, 2.901972532272339, 2.8840012550354004, 2.8962152004241943, 2.916116952896118, 2.842043399810791, 3.044728994369507, 2.7834396362304688, 2.8499839305877686, 2.9197466373443604, 2.812112808227539, 2.8368639945983887, 2.7744193077087402, 2.7124993801116943, 2.879537582397461, 2.867065906524658, 2.9266245365142822, 2.9205117225646973, 2.9194529056549072, 2.7648983001708984, 2.805805206298828, 2.9077870845794678, 2.812700033187866, 2.861096143722534, 2.8271169662475586, 2.750627040863037, 2.8178787231445312, 2.9590516090393066]
val step Loss: [2.6408586502075195, 2.817920207977295, 2.8316285610198975, 2.718438148498535, 2.7961947917938232, 2.750394344329834, 2.7978689670562744, 2.782443046569824, 2.8422563076019287, 2.803659200668335, 2.8607029914855957, 2.7083117961883545, 2.776939868927002, 2.898466110229492, 2.8745384216308594, 2.969620704650879]
Train step Accs: [0.3537823537823538, 0.38443063012150325, 0.32190363582618975, 0.3449601366742597, 0.3596258768511302, 0.332145305003427, 0.3236924142708694, 0.3314121037463977, 0.3630915795943454, 0.36314098085790136, 0.3614908854166667, 0.36042116630669546, 0.34232571347437174, 0.3562016030430648, 0.36241707528122297, 0.3491977645574184, 0.3567720622935347, 0.3854601056435919, 0.3241411184717301, 0.3505079825834543, 0.34881720430107527, 0.34927773235213955, 0.36009933774834435, 0.33946137719722624, 0.3556317044100119, 0.3766869345988432, 0.3488026178789231, 0.35297566695983584, 0.33784496396554753, 0.3765960642932252, 0.30962204984320846, 0.3537785854914433, 0.3433962264150943, 0.3731581750399432, 0.35055467511885896, 0.3607029237994243, 0.3464032574272357, 0.3323380113466706, 0.34553264604810996, 0.33887807467704834, 0.34448160535117056, 0.3153642773207991, 0.38135086670651525, 0.347673531655225, 0.3412737799834574, 0.3689766729099268, 0.35999408633944413, 0.37424581968626097, 0.3842732099296886, 0.35348772708362225, 0.3614633435359277, 0.3378623188405797, 0.343804537521815, 0.33755685510071476, 0.3784792411755559, 0.3613745704467354, 0.3527329368450864, 0.37244582043343655, 0.34595798854232973, 0.3469791508141835, 0.3848659854879313, 0.36804506113477126, 0.34222873900293255]
val step Accs: [0.416038283062645, 0.3780631827576026, 0.3787765293383271, 0.3954779312212294, 0.3767741935483871, 0.39674574209245744, 0.37639877924720244, 0.3737473303762116, 0.373046875, 0.3812325797460514, 0.35472317564542605, 0.39488385768891504, 0.3850291349170775, 0.34587200781631655, 0.3685857321652065, 0.33645374449339205]

ep110
Train step Loss: [2.6802361011505127, 2.6336991786956787, 2.7080326080322266, 2.7180588245391846, 2.670098066329956, 2.753485679626465, 2.6464591026306152, 2.6913540363311768, 2.6509554386138916, 2.7473223209381104, 2.819356679916382, 2.7311387062072754, 2.706831932067871, 2.659691095352173, 2.6411638259887695, 2.776719093322754, 2.65573787689209, 2.7065865993499756, 2.701970100402832, 2.6440367698669434, 2.7097737789154053, 2.6972012519836426, 2.722379207611084, 2.789093017578125, 2.6734812259674072, 2.7792983055114746, 2.786130905151367, 2.7031264305114746, 2.6866397857666016, 2.6093685626983643, 2.7838897705078125, 2.7179110050201416, 2.6962718963623047, 2.759075880050659, 2.631770133972168, 2.7492079734802246, 2.7511656284332275, 2.679741382598877, 2.675703287124634, 2.774346113204956, 2.868257522583008, 2.7198190689086914, 2.7177951335906982, 2.7412354946136475, 2.741276741027832, 2.8698301315307617, 2.731841564178467, 2.7595505714416504, 2.698307991027832, 2.6904640197753906, 2.6630771160125732, 2.6535696983337402, 2.683295249938965, 2.7750613689422607, 2.7482213973999023, 2.6630709171295166, 2.7028615474700928, 2.6236801147460938, 2.7150774002075195, 2.675733804702759, 2.6847269535064697, 2.74111270904541, 2.596750497817993]
val step Loss: [2.595465660095215, 2.680941581726074, 2.6079399585723877, 2.6520512104034424, 2.686933994293213, 2.642465591430664, 2.6372766494750977, 2.6758670806884766, 2.7113230228424072, 2.62546706199646, 2.6008918285369873, 2.702538013458252, 2.660597562789917, 2.5824508666992188, 2.63794207572937, 2.76802921295166]
Train step Accs: [0.3843715545755237, 0.4081662520122933, 0.37853268626891234, 0.37928770720498933, 0.38995249748092703, 0.3737636647579386, 0.3906228516430634, 0.3915966386554622, 0.3951659038901602, 0.3743937924345296, 0.35500308832612726, 0.38351776354106, 0.38987755102040816, 0.4005420054200542, 0.4004360465116279, 0.3683437385236871, 0.39096209912536445, 0.3970755252697331, 0.38582162691930744, 0.3812257564003103, 0.38736093943139677, 0.38543516873889877, 0.38902928497101236, 0.36381546544081433, 0.38851974898486524, 0.3695393506714261, 0.3754969812987778, 0.3842998585572843, 0.3984172465547824, 0.41116446578631455, 0.3577861470443753, 0.37355545550052527, 0.3927191679049034, 0.3750185652755087, 0.39211688752973156, 0.3746630727762803, 0.3734167784234838, 0.3923076923076923, 0.3795362903225806, 0.38945827232796487, 0.35551918530641935, 0.3793992718446602, 0.3837820091923835, 0.3915468153800998, 0.3752876615330147, 0.3332335329341317, 0.3664297658862876, 0.375, 0.38825363825363823, 0.39640070074852685, 0.39416337453804, 0.3916416020262783, 0.39585039585039583, 0.3664265129682997, 0.3785703014044501, 0.3998550724637681, 0.39483617695908196, 0.4080114449213162, 0.3868217054263566, 0.388301182327318, 0.38849229011993147, 0.36684464122932675, 0.40358592692828144]
val step Accs: [0.41425353925353925, 0.38563357546408394, 0.4091839719216145, 0.39801720367400495, 0.3978775761304214, 0.41414141414141414, 0.4082091650267079, 0.40588235294117647, 0.39158163265306123, 0.4164687252573238, 0.41021617852161785, 0.3981820847383082, 0.39433362243422954, 0.42234651404786683, 0.4069839307787392, 0.3770080321285141]



ep113
Train step Loss: [2.7798118591308594, 2.743743658065796, 2.7250585556030273, 2.656775712966919, 2.797327995300293, 2.603182554244995, 2.6914167404174805, 2.7250571250915527, 2.5910656452178955, 2.6662306785583496, 2.7118301391601562, 2.6329970359802246, 2.700761556625366, 2.671198606491089, 2.724966526031494, 2.548407554626465, 2.70375919342041, 2.7744991779327393, 2.6195428371429443, 2.722722053527832, 2.591334581375122, 2.6914148330688477, 2.712627649307251, 2.617313861846924, 2.61803936958313, 2.7630300521850586, 2.6333634853363037, 2.671905994415283, 2.6304168701171875, 2.7014849185943604, 2.714331865310669, 2.7070395946502686, 2.654942750930786, 2.7941465377807617, 2.728456735610962, 2.740908622741699, 2.7932634353637695, 2.6357154846191406, 2.761281728744507, 2.6093862056732178, 2.6987433433532715, 2.6881263256073, 2.6905322074890137, 2.636477470397949, 2.6901447772979736, 2.581068515777588, 2.6420230865478516, 2.6842234134674072, 2.5101380348205566, 2.773388624191284, 2.586477041244507, 2.704568862915039, 2.73256254196167, 2.603351354598999, 2.688953399658203, 2.631913423538208, 2.5366992950439453, 2.6685550212860107, 2.710179328918457, 2.6201415061950684, 2.616002321243286, 2.7385053634643555, 2.596897602081299]
val step Loss: [2.6145246028900146, 2.6418237686157227, 2.6083784103393555, 2.6184535026550293, 2.6191599369049072, 2.6095433235168457, 2.546588897705078, 2.6049911975860596, 2.6454391479492188, 2.57108473777771, 2.738676071166992, 2.5923969745635986, 2.644575595855713, 2.7033274173736572, 2.503783941268921, 2.519038677215576]
Train step Accs: [0.3637588413607275, 0.3688459711888555, 0.38501242592238577, 0.39299552906110286, 0.3701807710766277, 0.4055070719229612, 0.3914285714285714, 0.3804977838390726, 0.3958814877075016, 0.39500567536889897, 0.3833240843507214, 0.3914602903501281, 0.3930954453147665, 0.40441867753055466, 0.38857677902621723, 0.4135934166412679, 0.4051724137931034, 0.36820531099625736, 0.40877134248409774, 0.37245600612088753, 0.40089474338262704, 0.38619854721549635, 0.3895120174799709, 0.3930467545812639, 0.4106116433308769, 0.37205793602896803, 0.4084551811824539, 0.39766166281755194, 0.40602802841236324, 0.39305601048149363, 0.3782126168224299, 0.3825710754017305, 0.4035014005602241, 0.3670493329196401, 0.37814619442351166, 0.3643731677875496, 0.35755645628257093, 0.4014053579270971, 0.37046347211311864, 0.39706681151548073, 0.38554418916652694, 0.39556837550806345, 0.38236261928265874, 0.39871162280701755, 0.39580250235436565, 0.40398793565683644, 0.39758653540806604, 0.38285118582225697, 0.4346084794917829, 0.373734073832081, 0.4057646749144512, 0.3790571302687619, 0.3907512463469142, 0.4145409903151003, 0.38344226579520696, 0.39777468706536856, 0.4392319873317498, 0.37962962962962965, 0.3888805634647085, 0.4087741345824289, 0.4025935750073681, 0.3728377412437455, 0.4009057005860416]
val step Accs: [0.4087017543859649, 0.40896077870025765, 0.41215420835785754, 0.40742138364779873, 0.4009317222303101, 0.41722550953320187, 0.4261673741661613, 0.41022404544020197, 0.3961058716154548, 0.41800947867298577, 0.3795676004872107, 0.4120446096654275, 0.40212700369913684, 0.38198713366690495, 0.44224262928951186, 0.42361347397073834]



ep114
Train step Loss: [2.674028158187866, 2.5528931617736816, 2.6290674209594727, 2.8087527751922607, 2.7395050525665283, 2.717402935028076, 2.6996748447418213, 2.6694040298461914, 2.6072018146514893, 2.5130553245544434, 2.4806642532348633, 2.5036520957946777, 2.5955543518066406, 2.7055437564849854, 2.7144908905029297, 2.645185708999634, 2.7187094688415527, 2.610198974609375, 2.622140884399414, 2.616690158843994, 2.733083724975586, 2.723349094390869, 2.622842311859131, 2.6717946529388428, 2.673137664794922, 2.5856430530548096, 2.7613162994384766, 2.7338671684265137, 2.757601261138916, 2.597261905670166, 2.677462577819824, 2.699683666229248, 2.772843360900879, 2.711329698562622, 2.638101577758789, 2.5833113193511963, 2.6395952701568604, 2.646286964416504, 2.678313732147217, 2.7435758113861084, 2.6593990325927734, 2.6498799324035645, 2.6401400566101074, 2.707821846008301, 2.7792880535125732, 2.5741283893585205, 2.7175955772399902, 2.70764422416687, 2.7950708866119385, 2.7339563369750977, 2.7423343658447266, 2.595494270324707, 2.647614002227783, 2.722917318344116, 2.661229372024536, 2.604964256286621, 2.5140340328216553, 2.734100580215454, 2.7026145458221436, 2.6335372924804688, 2.611518383026123, 2.698401689529419, 2.690566301345825]
val step Loss: [2.5671725273132324, 2.5422542095184326, 2.4651622772216797, 2.457855224609375, 2.599900245666504, 2.7153501510620117, 2.6348206996917725, 2.602480411529541, 2.65793776512146, 2.655228853225708, 2.698060989379883, 2.5608060359954834, 2.6354217529296875, 2.6019127368927, 2.6566851139068604, 2.628187894821167]
Train step Accs: [0.38873318385650224, 0.4107753705815279, 0.4022054556006965, 0.3628894745000775, 0.37390542907180385, 0.37203364373685793, 0.377326565143824, 0.3879781420765027, 0.4084343350489789, 0.43018381167365366, 0.4385895404120444, 0.4305944829620888, 0.4002819990600031, 0.38372093023255816, 0.3842653750183473, 0.3974446105749626, 0.37244364830571725, 0.41180114604305407, 0.40618136178224035, 0.41662087912087914, 0.3641252768111357, 0.3713831478537361, 0.38803657213699055, 0.39494389268670194, 0.3830320622773453, 0.4065096009805257, 0.3824694334423971, 0.36825645035183735, 0.35836849507735585, 0.405178166288536, 0.39345331246739695, 0.39172433679354096, 0.3717614594511728, 0.3755958055290753, 0.4104380511782565, 0.39767107991705214, 0.402660406885759, 0.39548095545513234, 0.3898771318540253, 0.3686293913904008, 0.39770216526734425, 0.4061374667292939, 0.40969162995594716, 0.38731931668856767, 0.3656649806605177, 0.4164674237895995, 0.38234849629741574, 0.38738269030239836, 0.343207167672335, 0.3744747081712062, 0.3650316983650317, 0.4197289156626506, 0.400676246830093, 0.37202291227012363, 0.38582559184896614, 0.4131572063824222, 0.42035120727500785, 0.3674058522503608, 0.3789528252980819, 0.402520498026116, 0.41285665177036784, 0.3878716613472199, 0.386942198262953]
val step Accs: [0.42417254476397176, 0.4168427407183821, 0.4633755642929955, 0.4569941842669115, 0.42372600926538717, 0.3893593225754913, 0.4015882019285309, 0.41508531334715354, 0.39935700307520267, 0.3930075821398484, 0.39602668213457076, 0.4137883393202542, 0.4148023291449586, 0.4146961987428914, 0.38281698221457255, 0.40785698521297725]

ep115
Train step Loss: [2.576720952987671, 2.713671922683716, 2.696152925491333, 2.547431230545044, 2.6501808166503906, 2.7039248943328857, 2.7034730911254883, 2.6591196060180664, 2.6334779262542725, 2.6767702102661133, 2.6440329551696777, 2.7534713745117188, 2.6702346801757812, 2.7550337314605713, 2.6208765506744385, 2.6919286251068115, 2.7400176525115967, 2.6511332988739014, 2.6323938369750977, 2.767383575439453, 2.6436824798583984, 2.5985360145568848, 2.6549103260040283, 2.601923704147339, 2.6512622833251953, 2.7781338691711426, 2.62225341796875, 2.6294384002685547, 2.581566572189331, 2.6332061290740967, 2.6335794925689697, 2.6734936237335205, 2.647191047668457, 2.777644634246826, 2.5085947513580322, 2.6533288955688477, 2.6817116737365723, 2.7009522914886475, 2.694647789001465, 2.6934475898742676, 2.6377646923065186, 2.6909477710723877, 2.5977602005004883, 2.602389097213745, 2.5595459938049316, 2.688262701034546, 2.611473798751831, 2.6152913570404053, 2.7172980308532715, 2.7565369606018066, 2.700147867202759, 2.655848264694214, 2.619093656539917, 2.6736464500427246, 2.6338393688201904, 2.7571399211883545, 2.6539344787597656, 2.5982913970947266, 2.571629047393799, 2.557779550552368, 2.637583017349243, 2.621853828430176, 2.6163365840911865]
val step Loss: [2.750206470489502, 2.5173659324645996, 2.5144968032836914, 2.542064666748047, 2.6032817363739014, 2.5686120986938477, 2.542691230773926, 2.6591544151306152, 2.5209901332855225, 2.4953653812408447, 2.5099194049835205, 2.6942126750946045, 2.649911642074585, 2.632722854614258, 2.701392412185669, 2.547523021697998]
Train step Accs: [0.41048798252002916, 0.38380229269018906, 0.38498751560549316, 0.4158735554044867, 0.3873106060606061, 0.37900477164280844, 0.3857719615759432, 0.39300318037255794, 0.39690003483106934, 0.3947529917152501, 0.3932426091037072, 0.3730684326710817, 0.3902788844621514, 0.38404187817258884, 0.41064033131570565, 0.380461067225536, 0.37960180315552217, 0.38659476117103236, 0.40695804706914196, 0.3723928157589803, 0.38730552113451744, 0.40851760851760854, 0.39373562201380286, 0.409547123623011, 0.3942761878299528, 0.37357032457496137, 0.40778097982708933, 0.413156146179402, 0.4253853722531978, 0.40324358368760826, 0.38932313321137535, 0.4078786020846107, 0.3946520618556701, 0.37056117755289786, 0.4254827304868099, 0.4118828932261768, 0.389031705227078, 0.3793484262838211, 0.37662921348314604, 0.39077975868899695, 0.39623584277148566, 0.37804280346348634, 0.4074074074074074, 0.4009481396351099, 0.4192692067457839, 0.3788358114520721, 0.4043179587831207, 0.39539347408829173, 0.38572990705303445, 0.36972389717549986, 0.37546634830622294, 0.4022775423728814, 0.4162203519510329, 0.38846694796061887, 0.3987596899224806, 0.37926309378806333, 0.40250215703192405, 0.40856324438413993, 0.4078674948240166, 0.4075190127708423, 0.4065749235474006, 0.38969654199012, 0.38780025284450065]
val step Accs: [0.37514563106796117, 0.4352310783657066, 0.4434694566317921, 0.43451175829310074, 0.4084263480584814, 0.4144170017231476, 0.4278357689631176, 0.40113555713271826, 0.43447228549734246, 0.4412490922294844, 0.4321503131524008, 0.38219153832536734, 0.38627331091409356, 0.40130459444129324, 0.39053980370774266, 0.42730867643638054]


ep116
Train step Loss: [2.7151808738708496, 2.7577290534973145, 2.6699581146240234, 2.7106714248657227, 2.5981101989746094, 2.674166679382324, 2.676750421524048, 2.7256739139556885, 2.6579482555389404, 2.5792198181152344, 2.5491039752960205, 2.653660774230957, 2.6407036781311035, 2.5749988555908203, 2.620936393737793, 2.6746296882629395, 2.6920809745788574, 2.6360957622528076, 2.749075174331665, 2.6619656085968018, 2.6719367504119873, 2.632828712463379, 2.6011621952056885, 2.7146871089935303, 2.6073176860809326, 2.489107847213745, 2.6564295291900635, 2.599933624267578, 2.7086057662963867, 2.7119839191436768, 2.7541158199310303, 2.6444010734558105, 2.560133218765259, 2.566826820373535, 2.7992334365844727, 2.5258915424346924, 2.7115607261657715, 2.646832227706909, 2.561431884765625, 2.6789028644561768, 2.565308094024658, 2.5867576599121094, 2.7736661434173584, 2.68660306930542, 2.587493896484375, 2.7401182651519775, 2.6372809410095215, 2.6009554862976074, 2.660916805267334, 2.5756454467773438, 2.5670166015625, 2.720505475997925, 2.7673139572143555, 2.5658462047576904, 2.692288875579834, 2.5551178455352783, 2.5909476280212402, 2.6048460006713867, 2.501683235168457, 2.5755105018615723, 2.701084613800049, 2.637408971786499, 2.696361780166626]
val step Loss: [2.5806140899658203, 2.5539052486419678, 2.6036572456359863, 2.587763547897339, 2.593858003616333, 2.6304526329040527, 2.708829164505005, 2.542224884033203, 2.6441097259521484, 2.5051867961883545, 2.551013708114624, 2.59247088432312, 2.527066946029663, 2.530306816101074, 2.5172388553619385, 2.6842589378356934]
Train step Accs: [0.38725812820850336, 0.3805295181713534, 0.3821064139941691, 0.3707717088885635, 0.3991449076194839, 0.392563978754225, 0.3874140951354265, 0.37492931196983975, 0.38595671804452747, 0.4143072083162358, 0.4302624073017684, 0.40661134539518434, 0.40240137221269295, 0.4088421052631579, 0.4061573921633191, 0.3823822163238222, 0.3946449359720605, 0.3978842198060535, 0.37871130764371447, 0.38115661317100163, 0.38910283839680504, 0.4105887865063252, 0.4017944763774008, 0.3739118024832311, 0.40242537313432836, 0.43709214304359173, 0.4017559794126552, 0.4171961033460398, 0.3862641509433962, 0.37171966656375427, 0.37255799755799757, 0.3890734588409007, 0.40874493927125505, 0.4159875151725334, 0.3641609482220836, 0.406166430706308, 0.37745740498034075, 0.4002669434969598, 0.4093613024420789, 0.3954701236775443, 0.4108136761197986, 0.4127291697719481, 0.3746184038377671, 0.3876326074818537, 0.41773816481589715, 0.37208588957055216, 0.40550928891736066, 0.40643120716921455, 0.396883900150779, 0.4069241011984021, 0.41268217847097927, 0.367479674796748, 0.3636216391318432, 0.40040906230333545, 0.38555208161922, 0.4174689549323287, 0.41257247482453463, 0.39987080103359174, 0.4236453201970443, 0.4064452015900057, 0.3749423520368947, 0.3853367433930094, 0.38254861821903785]
val step Accs: [0.4244547257105089, 0.42733789507983055, 0.40448823207443896, 0.4152738143769534, 0.41190180236171536, 0.408890290037831, 0.3922480620155039, 0.4341225626740947, 0.40650149913208145, 0.43223004343267935, 0.41866166714738967, 0.4208138380830852, 0.4251781472684085, 0.4337702390131072, 0.43100562908869616, 0.39222452265930524]

ep117
Train step Loss: [2.644536018371582, 2.6007015705108643, 2.6873183250427246, 2.7547919750213623, 2.571706533432007, 2.601898670196533, 2.662882089614868, 2.7421443462371826, 2.6585135459899902, 2.655311346054077, 2.587315559387207, 2.687739610671997, 2.6766016483306885, 2.617205858230591, 2.5443785190582275, 2.5930113792419434, 2.573547124862671, 2.7253613471984863, 2.587836980819702, 2.707664966583252, 2.738924026489258, 2.5509116649627686, 2.765982151031494, 2.7019917964935303, 2.723738431930542, 2.66184663772583, 2.5873804092407227, 2.6570565700531006, 2.6143736839294434, 2.586338996887207, 2.590022563934326, 2.6312432289123535, 2.6785149574279785, 2.559011936187744, 2.5965397357940674, 2.648084878921509, 2.563018798828125, 2.571340560913086, 2.600740671157837, 2.6617631912231445, 2.6218786239624023, 2.605750799179077, 2.5067999362945557, 2.6063523292541504, 2.68000864982605, 2.6741621494293213, 2.641312837600708, 2.6386451721191406, 2.64459228515625, 2.666668176651001, 2.7609057426452637, 2.521812915802002, 2.6919965744018555, 2.640636444091797, 2.536783456802368, 2.5527236461639404, 2.6124954223632812, 2.6848068237304688, 2.7179179191589355, 2.526822805404663, 2.5940351486206055, 2.6153173446655273, 2.808116912841797]
val step Loss: [2.6322343349456787, 2.619117259979248, 2.507922887802124, 2.4033684730529785, 2.52107310295105, 2.6491637229919434, 2.538691759109497, 2.6815264225006104, 2.53233003616333, 2.537903070449829, 2.7025721073150635, 2.5974056720733643, 2.519174337387085, 2.548447608947754, 2.4906911849975586, 2.6176624298095703]
Train step Accs: [0.4101088646967341, 0.41718858733472514, 0.3883372734436564, 0.3921531819035104, 0.42248115147361204, 0.4087904824851289, 0.39343569516833354, 0.36975481323021225, 0.3914820053433915, 0.4036943744752309, 0.41048522030117124, 0.3937449879711307, 0.375, 0.41702432045779686, 0.4267507194737563, 0.41136460252231827, 0.40816036394654537, 0.38009491903964265, 0.41335207308503163, 0.37789543348775645, 0.3693132676007611, 0.41746554823247456, 0.3744849911712772, 0.3942395611094179, 0.37848101265822787, 0.3830669034931912, 0.41162758809817634, 0.3919902912621359, 0.40692786278796034, 0.3984544049459042, 0.4074074074074074, 0.395960745270943, 0.39672341792483135, 0.4165106117353308, 0.40200416449765747, 0.38748335552596536, 0.42411847672778563, 0.4233932803568939, 0.39298123697011816, 0.38878691807108295, 0.4009978617248753, 0.39943112555871596, 0.4427788988181032, 0.3907014681892333, 0.3838071693448702, 0.3838465258745768, 0.39660471242499634, 0.3919749367393662, 0.40422420796100733, 0.3881299332119004, 0.3719457013574661, 0.41702842739112167, 0.37476746152545237, 0.40204110967370993, 0.4334252940322346, 0.4192380352644836, 0.3974533106960951, 0.3929666075173415, 0.38519813519813517, 0.4217750740914054, 0.40870724122612173, 0.4100068306010929, 0.3627533783783784]
val step Accs: [0.409652076318743, 0.41805501743510265, 0.4201517557790718, 0.461162199178243, 0.4363560732113145, 0.3996580746975276, 0.42500433500953705, 0.38881701882995545, 0.4286553141514974, 0.43061748412376705, 0.3835307388606881, 0.41862729190329384, 0.42370199913706313, 0.4265568277017593, 0.4378066378066378, 0.42101710171017104]

ep118
Train step Loss: [2.660341262817383, 2.5758285522460938, 2.585674285888672, 2.618405342102051, 2.6021459102630615, 2.71785044670105, 2.6252658367156982, 2.59269380569458, 2.5938379764556885, 2.6415815353393555, 2.6006855964660645, 2.5956509113311768, 2.636460304260254, 2.6558475494384766, 2.6221258640289307, 2.5621964931488037, 2.669628381729126, 2.559803009033203, 2.586348533630371, 2.6724462509155273, 2.6045899391174316, 2.4766392707824707, 2.6794426441192627, 2.7307822704315186, 2.55721378326416, 2.602440357208252, 2.6841166019439697, 2.7047171592712402, 2.5538222789764404, 2.6325995922088623, 2.6068098545074463, 2.5091583728790283, 2.59454083442688, 2.6054511070251465, 2.6554155349731445, 2.655376434326172, 2.634885311126709, 2.6193363666534424, 2.5717358589172363, 2.6184587478637695, 2.5984795093536377, 2.60907244682312, 2.678374767303467, 2.6590304374694824, 2.6011669635772705, 2.6669485569000244, 2.5741465091705322, 2.661649465560913, 2.7679941654205322, 2.633598566055298, 2.6573307514190674, 2.753033399581909, 2.608368158340454, 2.6373937129974365, 2.7009999752044678, 2.5352749824523926, 2.544834852218628, 2.635636329650879, 2.641272783279419, 2.6122119426727295, 2.5611064434051514, 2.688493490219116, 2.5195775032043457]
val step Loss: [2.58306884765625, 2.5611772537231445, 2.582801342010498, 2.548776149749756, 2.493576765060425, 2.616504669189453, 2.4550223350524902, 2.6140851974487305, 2.5079381465911865, 2.5094637870788574, 2.611102342605591, 2.5768258571624756, 2.5322563648223877, 2.5489113330841064, 2.5900065898895264, 2.665424108505249]
Train step Accs: [0.3892017224246439, 0.4090909090909091, 0.40978448953909075, 0.4052160953800298, 0.4152167909417288, 0.3784814956123617, 0.39255906068750884, 0.4089390806425958, 0.4110469909315746, 0.39149755591764185, 0.39436141304347827, 0.4143686502177068, 0.38405572755417955, 0.3984491905863148, 0.400396432111001, 0.40738561129910256, 0.3895032802249297, 0.41092636579572445, 0.4100936359308046, 0.38113918091950416, 0.4085391377145249, 0.43581327498176514, 0.382707094153489, 0.3782800727461678, 0.4171979728625143, 0.40460675859978784, 0.38888116747741486, 0.37122612446087494, 0.40496119312129053, 0.39512937595129377, 0.39867549668874175, 0.4260726566003887, 0.41361836896278703, 0.40012824623276694, 0.4009210159084566, 0.40626215480357836, 0.3935969868173258, 0.4067524115755627, 0.411946446961895, 0.40946615299944966, 0.405437824870052, 0.41738637972532916, 0.3834620626987733, 0.3883601185832423, 0.4072364502680167, 0.3940132737369633, 0.42020697167755994, 0.3854403639909002, 0.37076162889759756, 0.37905844155844154, 0.3890909090909091, 0.3812488555209669, 0.4101985559566787, 0.39839797639123103, 0.3677335075114304, 0.43373808591199897, 0.41682734443470637, 0.4127188052031476, 0.39457831325301207, 0.4111913357400722, 0.41569809154828524, 0.39437576416247794, 0.42195879198419417]
val step Accs: [0.41260058209210754, 0.42886795465431904, 0.4203859183974076, 0.43289735570088145, 0.439017382559977, 0.4135891707188855, 0.44934665641813987, 0.41340959644105496, 0.4428266096713866, 0.4445189406637613, 0.4080094576621841, 0.42203519510328996, 0.42887624466571833, 0.4310014068295178, 0.4161304161304161, 0.39656793606017865]

ep119
Train step Loss: [2.587061643600464, 2.6462533473968506, 2.592797040939331, 2.6628639698028564, 2.704986333847046, 2.553783655166626, 2.668426990509033, 2.6850554943084717, 2.634885549545288, 2.6189122200012207, 2.521383762359619, 2.5851292610168457, 2.619048595428467, 2.614366054534912, 2.639172077178955, 2.731820583343506, 2.568486213684082, 2.68269681930542, 2.5436699390411377, 2.7303366661071777, 2.646679639816284, 2.5843143463134766, 2.570551633834839, 2.5197412967681885, 2.6014575958251953, 2.5828864574432373, 2.5936596393585205, 2.6867518424987793, 2.642463207244873, 2.588214874267578, 2.638190269470215, 2.679271697998047, 2.590707778930664, 2.596562385559082, 2.7012441158294678, 2.511300802230835, 2.6730380058288574, 2.614976167678833, 2.626187324523926, 2.660975456237793, 2.6564013957977295, 2.611234664916992, 2.5563838481903076, 2.6406748294830322, 2.564377784729004, 2.413508415222168, 2.5823147296905518, 2.603837728500366, 2.6992242336273193, 2.7525839805603027, 2.670074939727783, 2.641808032989502, 2.3823676109313965, 2.625339984893799, 2.6040399074554443, 2.632124662399292, 2.573258399963379, 2.618884325027466, 2.584022283554077, 2.4424376487731934, 2.6462130546569824, 2.5485167503356934, 2.75459623336792]
val step Loss: [2.5233497619628906, 2.5178751945495605, 2.507741689682007, 2.6563451290130615, 2.5876190662384033, 2.5972158908843994, 2.5397655963897705, 2.503558874130249, 2.5983171463012695, 2.487177848815918, 2.47200870513916, 2.464214324951172, 2.574398994445801, 2.6440064907073975, 2.53436279296875, 2.6139988899230957]
Train step Accs: [0.4108779190067987, 0.38875103391232424, 0.4145758661887694, 0.39248051352590557, 0.379015271195366, 0.4286537907177861, 0.3952380952380952, 0.39009024348714455, 0.4161206765198842, 0.39183611068643937, 0.42743984456732925, 0.41170592433975733, 0.40260772777866116, 0.4020334059549746, 0.4086629001883239, 0.3725178713264496, 0.42838196286472147, 0.39664551223934724, 0.41146040588937527, 0.3697266550797914, 0.39466406377094515, 0.4037985136251032, 0.4251741896395032, 0.43403523850451226, 0.4030595813204509, 0.4050840508405084, 0.41528096330275227, 0.38124033188018563, 0.39583664389003653, 0.4047769693135084, 0.3921536708448641, 0.3949626349294215, 0.4010021668472373, 0.40990453460620524, 0.3806747188671387, 0.41984500835739247, 0.39442986293379995, 0.397712833545108, 0.3951537744641193, 0.3766559754567006, 0.3908943089430894, 0.39874097957930293, 0.42100681851153343, 0.39254079254079255, 0.42151446213844657, 0.4381832378969287, 0.40193771626297575, 0.40750942302116555, 0.380321799800655, 0.3738459209928863, 0.3883029721955896, 0.3983409514135771, 0.4594965675057208, 0.41082603254067585, 0.40629254273181065, 0.3931524975190208, 0.4118554051738907, 0.3996845425867508, 0.4059762202753442, 0.44238805970149253, 0.3881634970195856, 0.4017453135100194, 0.3767349636483807]
val step Accs: [0.4331056077426701, 0.4326892109500805, 0.44003936454379305, 0.39869281045751637, 0.4165737051792829, 0.405544904881286, 0.429189673183107, 0.43588640275387264, 0.40366713681241184, 0.4347754564895542, 0.4507082152974504, 0.44975786924939465, 0.4201299682635635, 0.396043892578689, 0.4269179403472325, 0.4073854660347551]

ep120
Train step Loss: [2.558382749557495, 2.703416585922241, 2.5840728282928467, 2.564359664916992, 2.563765048980713, 2.5417065620422363, 2.6525936126708984, 2.6624717712402344, 2.684192419052124, 2.591524600982666, 2.6779394149780273, 2.5739870071411133, 2.6760029792785645, 2.6257007122039795, 2.542356014251709, 2.656630516052246, 2.551048517227173, 2.589890718460083, 2.649286985397339, 2.5841872692108154, 2.652808427810669, 2.594507932662964, 2.6473031044006348, 2.5569751262664795, 2.5405378341674805, 2.5717289447784424, 2.632974147796631, 2.611018419265747, 2.566765785217285, 2.515183210372925, 2.6668665409088135, 2.54024076461792, 2.6687235832214355, 2.500458240509033, 2.564605236053467, 2.625762462615967, 2.661527156829834, 2.517183303833008, 2.6661055088043213, 2.618624210357666, 2.525714635848999, 2.661440134048462, 2.575878381729126, 2.577800750732422, 2.5929336547851562, 2.5496697425842285, 2.68200945854187, 2.5695905685424805, 2.5980987548828125, 2.5717413425445557, 2.6896393299102783, 2.7979795932769775, 2.5752248764038086, 2.6764626502990723, 2.614593744277954, 2.6111631393432617, 2.4487500190734863, 2.6404366493225098, 2.6037962436676025, 2.5804879665374756, 2.5095374584198, 2.5903537273406982, 2.5258889198303223]
val step Loss: [2.5240023136138916, 2.5003223419189453, 2.51094651222229, 2.568852186203003, 2.6238853931427, 2.633584976196289, 2.4091477394104004, 2.568967342376709, 2.4981870651245117, 2.4982712268829346, 2.603165864944458, 2.5894408226013184, 2.5916526317596436, 2.5094761848449707, 2.527580738067627, 2.3675425052642822]
Train step Accs: [0.4164781906300485, 0.3848621846288464, 0.41701122268163027, 0.41270064770487186, 0.41210675413746833, 0.4113218474011872, 0.39709841459766676, 0.39092450123875344, 0.36694592536176696, 0.4164998570203031, 0.38393260117346173, 0.417548226509023, 0.3865075858005597, 0.41151798677206003, 0.41890070390894113, 0.3843692870201097, 0.4119486504279131, 0.40215511507250234, 0.3971861471861472, 0.41572172847073247, 0.3853577829863505, 0.41037735849056606, 0.39719226159904125, 0.4194574681848627, 0.4302550855666774, 0.4317226890756303, 0.4063638106191298, 0.41263940520446096, 0.40708207521273676, 0.42418274911382436, 0.3968253968253968, 0.41235001463271875, 0.3879273955255382, 0.4314521978819092, 0.4144352108341028, 0.4018515612741252, 0.3871404908899262, 0.41816277678037106, 0.3958689237459233, 0.3970532678503967, 0.4287865100873231, 0.388912399492171, 0.414000687994496, 0.4146443514644351, 0.40952549575070823, 0.4237214046335422, 0.3895870736086176, 0.4083273766976412, 0.4118796992481203, 0.41310751104565535, 0.383744557329463, 0.3548884836582971, 0.41294021294021294, 0.38395932425783175, 0.4002828854314003, 0.39377665455694205, 0.4447096260938743, 0.39648829431438126, 0.4105386760604726, 0.40105243375305394, 0.43039728980597475, 0.41863680353933364, 0.4141666666666667]
val step Accs: [0.43795520131922494, 0.43207514350321796, 0.4356377513576985, 0.4177162629757786, 0.40842963970088375, 0.4039226833428084, 0.45307978503513846, 0.4199445079157826, 0.4425873307705165, 0.4254826254826255, 0.41517386722866173, 0.4171646746347942, 0.41083841679670874, 0.4383231836850304, 0.4242011207027109, 0.47721238938053095]

ep121
Train step Loss: [2.5278754234313965, 2.6125450134277344, 2.5246996879577637, 2.633348226547241, 2.6378366947174072, 2.560333251953125, 2.5508358478546143, 2.653856039047241, 2.4539639949798584, 2.632970094680786, 2.6675097942352295, 2.562995195388794, 2.6361258029937744, 2.736567258834839, 2.6571435928344727, 2.6793501377105713, 2.5801808834075928, 2.6485116481781006, 2.570385217666626, 2.582747220993042, 2.6075339317321777, 2.593296527862549, 2.641854763031006, 2.621006488800049, 2.5021610260009766, 2.686366319656372, 2.5653865337371826, 2.5513970851898193, 2.6964681148529053, 2.5458319187164307, 2.6221415996551514, 2.6752045154571533, 2.6173436641693115, 2.5868730545043945, 2.5290234088897705, 2.5254311561584473, 2.592217445373535, 2.5850515365600586, 2.552502155303955, 2.5877199172973633, 2.703643321990967, 2.631129026412964, 2.6272337436676025, 2.5293831825256348, 2.5729758739471436, 2.644991636276245, 2.6835591793060303, 2.4672179222106934, 2.6302411556243896, 2.589718818664551, 2.6381616592407227, 2.5275819301605225, 2.561551332473755, 2.516463279724121, 2.5881097316741943, 2.62099552154541, 2.569456100463867, 2.4553611278533936, 2.5317444801330566, 2.5264997482299805, 2.5607285499572754, 2.5214288234710693, 2.531224012374878]
val step Loss: [2.5127439498901367, 2.545952081680298, 2.4396843910217285, 2.5044913291931152, 2.5494863986968994, 2.6382744312286377, 2.606694221496582, 2.462769031524658, 2.5192906856536865, 2.5105605125427246, 2.5320792198181152, 2.4653608798980713, 2.545893669128418, 2.5212960243225098, 2.462465524673462, 2.675910711288452]
Train step Accs: [0.42504141358365544, 0.40907460545193686, 0.4184030418250951, 0.39356891642940883, 0.40185029436501263, 0.4197162061239731, 0.4098892988929889, 0.3907726514730406, 0.441592005513439, 0.39346079246328625, 0.3937942922811722, 0.4117647058823529, 0.40578956491593, 0.3709256844850065, 0.40147913365029053, 0.38672185957650057, 0.39949579831932774, 0.38605392867497823, 0.4209296286678785, 0.406426400347373, 0.40955631399317405, 0.4082464884458541, 0.40468173801507135, 0.40493601462522855, 0.4386458078709362, 0.38702760653980167, 0.40991535671100365, 0.4092595136694601, 0.38167275256477134, 0.41698172652804033, 0.4055408603647501, 0.39079925650557623, 0.40225890529973934, 0.40467679475722373, 0.4129646418857661, 0.4323533938740957, 0.3982424326963314, 0.39847608296881615, 0.42145698998490877, 0.4100549882168107, 0.3790076335877863, 0.3929444638491093, 0.39645489645489645, 0.43939622641509435, 0.4207288943564509, 0.39462517680339465, 0.387434554973822, 0.4317478187447228, 0.4045100222717149, 0.4145493042952208, 0.40463645943098, 0.42515388919977615, 0.41837144003208987, 0.42772247808646563, 0.42393686979395, 0.39139185632450846, 0.40911075534856645, 0.4463724756918474, 0.4194350683958074, 0.4151225343693963, 0.4167042211206249, 0.41853243994116685, 0.427755376344086]
val step Accs: [0.4405007130407225, 0.4274343327142478, 0.45146198830409356, 0.4319421914171951, 0.4147375861459622, 0.40897607371080397, 0.40142125268550655, 0.4471531676022454, 0.44032738095238094, 0.43844432008953554, 0.4414390756302521, 0.44606374284935985, 0.4102941176470588, 0.4269449715370019, 0.4433015873015873, 0.40421753607103217]

ep122
Train step Loss: [2.6310603618621826, 2.427241086959839, 2.6119585037231445, 2.5850186347961426, 2.5854263305664062, 2.617886543273926, 2.634636878967285, 2.576880931854248, 2.523512840270996, 2.5717012882232666, 2.5900394916534424, 2.575853109359741, 2.6287460327148438, 2.6558938026428223, 2.5585734844207764, 2.6652579307556152, 2.5301334857940674, 2.6449387073516846, 2.650796413421631, 2.586719036102295, 2.5608911514282227, 2.5920629501342773, 2.5729501247406006, 2.565436840057373, 2.5189313888549805, 2.5276966094970703, 2.540435552597046, 2.588596820831299, 2.5406341552734375, 2.5584356784820557, 2.619157314300537, 2.5872302055358887, 2.549459457397461, 2.566953182220459, 2.529252767562866, 2.656261920928955, 2.583578109741211, 2.618321180343628, 2.5274205207824707, 2.72700834274292, 2.5947868824005127, 2.6561954021453857, 2.536245584487915, 2.597836971282959, 2.581089496612549, 2.6092782020568848, 2.4718024730682373, 2.612731695175171, 2.4871997833251953, 2.563471794128418, 2.533379316329956, 2.58874773979187, 2.562480926513672, 2.567526340484619, 2.537842273712158, 2.595695972442627, 2.579542636871338, 2.573307991027832, 2.586592674255371, 2.607668399810791, 2.5374860763549805, 2.5550665855407715, 2.621467113494873]
val step Loss: [2.4825477600097656, 2.5180299282073975, 2.454740047454834, 2.5037689208984375, 2.5303730964660645, 2.518915891647339, 2.617283344268799, 2.4872663021087646, 2.6390957832336426, 2.4616034030914307, 2.4277589321136475, 2.5020148754119873, 2.540816068649292, 2.539019823074341, 2.6072099208831787, 2.4051096439361572]
Train step Accs: [0.39832455073638695, 0.4469543542607883, 0.4093211752786221, 0.41263507896924356, 0.40485888856560953, 0.40772453998906905, 0.38752488387524886, 0.40650172612197927, 0.41692413319601784, 0.40404916847433114, 0.4115967885816236, 0.4127615424520145, 0.39712422176104356, 0.389945652173913, 0.41522587841606245, 0.39462911413132473, 0.42628685657171417, 0.3845915361959386, 0.4017068423416679, 0.41434775615248515, 0.41045606229143494, 0.4151238963258331, 0.4048124557678698, 0.4099321406539173, 0.4244755244755245, 0.42453267418507645, 0.41314878892733564, 0.40283159463487334, 0.4111907302942522, 0.43080075662042877, 0.3938669292446195, 0.4125319349199946, 0.4288339799877476, 0.40501246192190526, 0.43335860500379075, 0.39199553758192723, 0.4124087591240876, 0.4080830319232584, 0.43243243243243246, 0.3840719332048812, 0.39901315789473685, 0.40606980273141124, 0.42551575749905074, 0.40807828440557986, 0.41195402298850575, 0.3923465703971119, 0.4452658515780495, 0.4102949208083015, 0.42476664592408214, 0.41686712890901373, 0.4202793133546698, 0.40080160320641284, 0.40834268612046387, 0.40871535181236673, 0.4290915108389873, 0.4103071042572822, 0.40912414095628014, 0.4210837147497416, 0.4141732283464567, 0.3915929203539823, 0.4173292227811131, 0.41299466741509966, 0.40632157581310124]
val step Accs: [0.44829403240679755, 0.4263104399593437, 0.43134834927491517, 0.4387012987012987, 0.4267091102016068, 0.42752764612954186, 0.39050261096605743, 0.4294825337005363, 0.3944735588375417, 0.4543509272467903, 0.45516124282138126, 0.4403874813710879, 0.4236665602044075, 0.432449494949495, 0.4045697085784649, 0.47032673927539453]

ep123
Train step Loss: [2.5307531356811523, 2.688727855682373, 2.6039538383483887, 2.709622621536255, 2.525557279586792, 2.539430856704712, 2.4854605197906494, 2.4629006385803223, 2.666175127029419, 2.748737335205078, 2.501920461654663, 2.6050662994384766, 2.525559663772583, 2.6706771850585938, 2.6748900413513184, 2.58187198638916, 2.560483932495117, 2.573749303817749, 2.5139029026031494, 2.6184592247009277, 2.5692615509033203, 2.6241579055786133, 2.6323189735412598, 2.486023426055908, 2.507044792175293, 2.5182814598083496, 2.5930914878845215, 2.6269304752349854, 2.526869535446167, 2.4701645374298096, 2.6369104385375977, 2.54349684715271, 2.526331663131714, 2.658846378326416, 2.6444993019104004, 2.6511075496673584, 2.5336923599243164, 2.5504167079925537, 2.5986948013305664, 2.5184125900268555, 2.5255439281463623, 2.472923517227173, 2.5651133060455322, 2.564950704574585, 2.504669189453125, 2.5057246685028076, 2.4662270545959473, 2.501105546951294, 2.5125041007995605, 2.644541025161743, 2.548305034637451, 2.530837059020996, 2.6330666542053223, 2.6333608627319336, 2.6859991550445557, 2.575927257537842, 2.5514533519744873, 2.5171360969543457, 2.5825328826904297, 2.5553081035614014, 2.5802223682403564, 2.5461623668670654, 2.4472498893737793]
val step Loss: [2.5884850025177, 2.533822774887085, 2.525334358215332, 2.4850571155548096, 2.578021764755249, 2.544468641281128, 2.467268466949463, 2.5656349658966064, 2.608640193939209, 2.48486065864563, 2.4152042865753174, 2.47953462600708, 2.5146987438201904, 2.433184862136841, 2.4670584201812744, 2.472766637802124]
Train step Accs: [0.43278824833702884, 0.3864614366103939, 0.4081529093369418, 0.3891662883946134, 0.42263073353560593, 0.4158677685950413, 0.43626806833114323, 0.43872140584759883, 0.3848560700876095, 0.3814319721662699, 0.43776693105552167, 0.4060597479824437, 0.4340815681315207, 0.403084366495313, 0.38714567227527663, 0.40850225225225223, 0.4130953877089355, 0.40492531287848205, 0.4322820037105751, 0.40774274118014364, 0.40478589420654915, 0.4062001771479185, 0.39302665206279663, 0.4444272685113619, 0.4246717795398414, 0.42402044293015334, 0.40448592503387026, 0.39838811630847026, 0.4291423301567784, 0.4280653111521873, 0.3873717442778216, 0.42156303479749, 0.42503662705518475, 0.4017372421281216, 0.404701166180758, 0.39318833249030516, 0.4270254460368529, 0.41968763433156614, 0.3939310344827586, 0.4239047473668142, 0.42167982770997847, 0.4317502986857826, 0.4088203463203463, 0.4101262349066959, 0.42830540037243947, 0.4206518428266829, 0.425859854431283, 0.42558902475395166, 0.4232129131437356, 0.39078341013824885, 0.4151122352197281, 0.40471512770137524, 0.39114329011618115, 0.3807239424334932, 0.39222516371743066, 0.3938644235526967, 0.42212734360497495, 0.4232874685604379, 0.39971369492603787, 0.41940956905327453, 0.4096579476861167, 0.42619575546404814, 0.42906903103229893]
val step Accs: [0.4177109440267335, 0.42420442075560433, 0.42696467195385723, 0.43385939741750357, 0.4289629968021928, 0.4266250820748523, 0.44854586129753915, 0.40748249170659784, 0.4138607388035306, 0.4344607345042822, 0.45908071748878926, 0.4353244520842286, 0.4399079930994825, 0.44666583881783184, 0.44183206106870226, 0.45399159663865546]

ep124
Train step Loss: [2.5756685733795166, 2.640197992324829, 2.6739284992218018, 2.618398666381836, 2.6758453845977783, 2.5661542415618896, 2.608757257461548, 2.5525827407836914, 2.638901948928833, 2.549905300140381, 2.6743967533111572, 2.533249616622925, 2.5501551628112793, 2.5865414142608643, 2.5627479553222656, 2.564107656478882, 2.555032253265381, 2.6794393062591553, 2.454301357269287, 2.5790116786956787, 2.4360413551330566, 2.570007085800171, 2.579359769821167, 2.6161906719207764, 2.5636332035064697, 2.480086088180542, 2.5802507400512695, 2.568333148956299, 2.630087375640869, 2.583550453186035, 2.526357650756836, 2.5372092723846436, 2.6351444721221924, 2.5270769596099854, 2.54807710647583, 2.4574670791625977, 2.4828104972839355, 2.5596413612365723, 2.5351431369781494, 2.458136558532715, 2.57873797416687, 2.4271240234375, 2.60843563079834, 2.5829317569732666, 2.618650197982788, 2.689955711364746, 2.445772171020508, 2.4832170009613037, 2.5670735836029053, 2.5507495403289795, 2.5974209308624268, 2.620037794113159, 2.4949305057525635, 2.5454342365264893, 2.581400156021118, 2.5605857372283936, 2.4319560527801514, 2.543509006500244, 2.637929916381836, 2.44100284576416, 2.568225860595703, 2.512585163116455, 2.4697787761688232]
val step Loss: [2.410151481628418, 2.636321544647217, 2.597062826156616, 2.380509853363037, 2.5068559646606445, 2.5227091312408447, 2.4910130500793457, 2.4316349029541016, 2.4445860385894775, 2.4956395626068115, 2.4928436279296875, 2.476637125015259, 2.541264057159424, 2.4885945320129395, 2.485276460647583, 2.5083112716674805]
Train step Accs: [0.41569019719919975, 0.39064161644806805, 0.3924581005586592, 0.3902234167646565, 0.3996998499249625, 0.4037543748011454, 0.40481565086531224, 0.42105263157894735, 0.3986013986013986, 0.4241216415707115, 0.38564071493486823, 0.42661977546327606, 0.4143282646182787, 0.41177347242921014, 0.41654760358488113, 0.42287124640065815, 0.42639922355224846, 0.3843991567111736, 0.44059254734270004, 0.4043096568236233, 0.44253490870032225, 0.41186813186813187, 0.40042164441321154, 0.38028169014084506, 0.4155199319052348, 0.4329042757804409, 0.41094594594594597, 0.4153737658674189, 0.4020030816640986, 0.4144043436601725, 0.4155029028714891, 0.4058972198820556, 0.40092776673293573, 0.41929222039719277, 0.42451478442099777, 0.4391600611875956, 0.4297687412695949, 0.40096368955429357, 0.41701640595192674, 0.4399762576049859, 0.3996235884567127, 0.4371126033057851, 0.41344800625488665, 0.4002335993770683, 0.3946796051530868, 0.3704545454545455, 0.4505706239810286, 0.4332682780363309, 0.4058000822706705, 0.4263938478439989, 0.3990968106124753, 0.3968783148961964, 0.4298750526463569, 0.4235102484050495, 0.4127640715024376, 0.4160133444537114, 0.4533858054010042, 0.41196407388578205, 0.4028497409326425, 0.446849234393404, 0.4121164437450826, 0.4260540184453228, 0.43801433501460046]
val step Accs: [0.44339622641509435, 0.40023303233323626, 0.4105395582890691, 0.46469366562824505, 0.43861015892801497, 0.42821997105643994, 0.44149786780383793, 0.4581758422350041, 0.45410628019323673, 0.4318893098336353, 0.4287784379075496, 0.43423396674584325, 0.4298166901679272, 0.44735192729551865, 0.43907842268498004, 0.4368221941992434]


ep125
Train step Loss: [2.6179373264312744, 2.5995635986328125, 2.5375516414642334, 2.57668399810791, 2.5088002681732178, 2.5563275814056396, 2.6048755645751953, 2.5391299724578857, 2.562303304672241, 2.5067837238311768, 2.4597387313842773, 2.638820171356201, 2.5991017818450928, 2.599093437194824, 2.5003278255462646, 2.491020441055298, 2.5398550033569336, 2.550899028778076, 2.5369911193847656, 2.541355609893799, 2.4880027770996094, 2.5051355361938477, 2.5125110149383545, 2.532177209854126, 2.5151278972625732, 2.4607419967651367, 2.593599319458008, 2.6856749057769775, 2.5656068325042725, 2.4842357635498047, 2.5149166584014893, 2.5405125617980957, 2.4456770420074463, 2.5717673301696777, 2.476534843444824, 2.580545425415039, 2.614532947540283, 2.579580545425415, 2.5026888847351074, 2.5606589317321777, 2.6055564880371094, 2.527292251586914, 2.4223954677581787, 2.52117919921875, 2.557307243347168, 2.594212770462036, 2.61002516746521, 2.640162229537964, 2.4743270874023438, 2.6217124462127686, 2.556459903717041, 2.550222396850586, 2.52597975730896, 2.4481594562530518, 2.3832387924194336, 2.554537773132324, 2.5366015434265137, 2.56972336769104, 2.487656831741333, 2.620161294937134, 2.4694979190826416, 2.5787181854248047, 2.585015058517456]
val step Loss: [2.445011854171753, 2.573890447616577, 2.409670829772949, 2.5286571979522705, 2.4576659202575684, 2.3892858028411865, 2.4599833488464355, 2.4420063495635986, 2.5723447799682617, 2.464360475540161, 2.528366804122925, 2.4993560314178467, 2.3767800331115723, 2.443634033203125, 2.463136911392212, 2.55043625831604]
Train step Accs: [0.40589711417816815, 0.4163027656477438, 0.4209782800635705, 0.4106235565819861, 0.4249573621375782, 0.42098569157392685, 0.413573857755434, 0.422271714922049, 0.42522197558268593, 0.4224088013896931, 0.429350947731189, 0.3891883797544175, 0.4130138851075415, 0.41442792854220645, 0.43314388274005383, 0.42672470650309985, 0.4189551239115874, 0.42160224438902744, 0.4108996539792388, 0.4081991611419294, 0.42264490040437325, 0.43231441048034935, 0.4156082416031612, 0.39960748792270534, 0.4214035672612102, 0.4449099937926754, 0.4116872427983539, 0.3774349384447561, 0.41653635652853793, 0.43505030785403215, 0.42652476463364714, 0.40522287257991896, 0.4352040018758793, 0.3956714761376249, 0.42631656586517186, 0.40192223678462213, 0.4005870539162676, 0.40654205607476634, 0.43228233608025796, 0.405858972471662, 0.40500327011118376, 0.4297334717895466, 0.44505008839127874, 0.4313046098222356, 0.42323713180601014, 0.4229243411731369, 0.39904441691735976, 0.40033268644302744, 0.4206738632646385, 0.4009355162044771, 0.4130325814536341, 0.4250237266687757, 0.4302132373303794, 0.44410438144329895, 0.4519849459754765, 0.4244265830229367, 0.422271223814774, 0.4111111111111111, 0.4232645994018574, 0.4011828486939379, 0.4567760342368046, 0.40815508021390373, 0.41174913998412277]
val step Accs: [0.4569032458456282, 0.42957840138316267, 0.47316017316017317, 0.4364970979856606, 0.44755029949316544, 0.4573120352519967, 0.4506101104009297, 0.45436241610738254, 0.4155212872946698, 0.439925799086758, 0.43282602991340857, 0.43259676701764793, 0.46090948214029553, 0.4475812846946868, 0.4395285275025623, 0.4295190713101161]

ep126
Train step Loss: [2.4579856395721436, 2.508596658706665, 2.508270263671875, 2.440336227416992, 2.510138750076294, 2.4866292476654053, 2.474365711212158, 2.453519344329834, 2.6354451179504395, 2.4918689727783203, 2.4527688026428223, 2.44499135017395, 2.66654109954834, 2.655642509460449, 2.582426071166992, 2.622840642929077, 2.507059335708618, 2.509207248687744, 2.5719687938690186, 2.550335645675659, 2.498732805252075, 2.4601686000823975, 2.586697578430176, 2.492982864379883, 2.508107900619507, 2.5622754096984863, 2.5681886672973633, 2.5538692474365234, 2.544097661972046, 2.5771563053131104, 2.6235108375549316, 2.5652220249176025, 2.3692867755889893, 2.57340145111084, 2.6057682037353516, 2.5775156021118164, 2.5974364280700684, 2.512420177459717, 2.519408702850342, 2.5000863075256348, 2.4721765518188477, 2.511512517929077, 2.493453025817871, 2.5485963821411133, 2.5062506198883057, 2.492096185684204, 2.4948079586029053, 2.499662399291992, 2.6538233757019043, 2.4834070205688477, 2.542404890060425, 2.5665135383605957, 2.5611212253570557, 2.4881181716918945, 2.4463627338409424, 2.450054168701172, 2.46221661567688, 2.4729576110839844, 2.542363405227661, 2.4503870010375977, 2.590405225753784, 2.585181713104248, 2.463151693344116]
val step Loss: [2.465209722518921, 2.4283199310302734, 2.3830013275146484, 2.407510995864868, 2.5606586933135986, 2.4065048694610596, 2.4198989868164062, 2.4103479385375977, 2.482588768005371, 2.4649198055267334, 2.4674031734466553, 2.470921039581299, 2.3991477489471436, 2.5347933769226074, 2.5383529663085938, 2.526857614517212]
Train step Accs: [0.44489264801561484, 0.4265081991876034, 0.41981792717086835, 0.4449303530936184, 0.4291787111035538, 0.4351606248157972, 0.44228274967574577, 0.45262754123513615, 0.3933633483408371, 0.43120021971985717, 0.4298872697277976, 0.44871610959690145, 0.3776852622814321, 0.39034952056913086, 0.4007597340930674, 0.39258896506692786, 0.4318428184281843, 0.4294016020103659, 0.41240595731613694, 0.41239938345607124, 0.4177129284017645, 0.44448171754444815, 0.4107796228539263, 0.4334566987416728, 0.43164794007490637, 0.412753807106599, 0.4239976501688941, 0.4049718167365226, 0.4102645839974498, 0.4220112079701121, 0.3923252146486771, 0.4228131794614484, 0.46484482285086515, 0.41506910387873386, 0.4023372287145242, 0.40826028821868965, 0.4122368620324095, 0.42546419098143234, 0.42639912211945447, 0.44281182167306726, 0.42877051718798387, 0.4380967046504466, 0.4447585394581861, 0.40641904075009017, 0.4135552556605188, 0.4417212881162724, 0.4300605245460659, 0.4257952881671769, 0.38872123726895513, 0.43501065399114897, 0.4140127388535032, 0.4195035460992908, 0.4076241933063185, 0.4267386900742741, 0.4381853070175439, 0.4450556822755937, 0.4427792915531335, 0.4265007520853275, 0.43411087549227506, 0.44420783645655876, 0.4093297245661519, 0.40666865138434055, 0.4461538461538462]
val step Accs: [0.4375334403424291, 0.44854313190756423, 0.4675442578302315, 0.45627525087970805, 0.4115501519756839, 0.45878585352269563, 0.4583333333333333, 0.46831683168316834, 0.42800276912426444, 0.44150141643059493, 0.43951744375611346, 0.4377416860015468, 0.4648049517777458, 0.4269876464998416, 0.42571142571142573, 0.40655531043176807]

ep127
Train step Loss: [2.521714925765991, 2.5366275310516357, 2.62685227394104, 2.409627914428711, 2.5839924812316895, 2.416224956512451, 2.600090503692627, 2.5132341384887695, 2.5421018600463867, 2.5731258392333984, 2.508629083633423, 2.555213689804077, 2.4632701873779297, 2.5693843364715576, 2.5416622161865234, 2.5292885303497314, 2.4808921813964844, 2.6398229598999023, 2.4834988117218018, 2.486600875854492, 2.5545496940612793, 2.49979305267334, 2.4636731147766113, 2.4508864879608154, 2.469174385070801, 2.4539573192596436, 2.5388314723968506, 2.382305383682251, 2.485203504562378, 2.5319225788116455, 2.546560049057007, 2.5648679733276367, 2.4282352924346924, 2.475156307220459, 2.60024356842041, 2.5312039852142334, 2.4411919116973877, 2.5314245223999023, 2.4935638904571533, 2.529268264770508, 2.4167611598968506, 2.5233137607574463, 2.3787944316864014, 2.505845308303833, 2.486935615539551, 2.5122666358947754, 2.434143304824829, 2.5705153942108154, 2.508469343185425, 2.508850574493408, 2.4427168369293213, 2.4929065704345703, 2.5274057388305664, 2.5101873874664307, 2.5524609088897705, 2.4626338481903076, 2.50801682472229, 2.6009678840637207, 2.5507166385650635, 2.5455081462860107, 2.5029752254486084, 2.3814873695373535, 2.4314401149749756]
val step Loss: [2.4228954315185547, 2.439042806625366, 2.348273515701294, 2.431509017944336, 2.377103567123413, 2.385326862335205, 2.4168412685394287, 2.4312117099761963, 2.4719316959381104, 2.3435943126678467, 2.5511653423309326, 2.386852979660034, 2.4005818367004395, 2.5336806774139404, 2.514479637145996, 2.546196699142456]
Train step Accs: [0.42912531017369726, 0.41734555329260015, 0.395181804578782, 0.4512381534698869, 0.4056878533493233, 0.44579858883899937, 0.4068419018167762, 0.4053679653679654, 0.4276302655220603, 0.40596880623875226, 0.4135913591359136, 0.4090402673881904, 0.4279320987654321, 0.4031430934656741, 0.41204002582311167, 0.4191142191142191, 0.43086073021642163, 0.3998136067101584, 0.44241857565840736, 0.4357588357588358, 0.40733918957211673, 0.42844782834400413, 0.43595992418088275, 0.42052281214482873, 0.4431661873202451, 0.42713081917391904, 0.42436369457339523, 0.4494732156106247, 0.44306271096109434, 0.42539388322520855, 0.42681642681642684, 0.4181962025316456, 0.4427565253418036, 0.4348167950935682, 0.3911091154018859, 0.4162647596873441, 0.4529337273111017, 0.4176847892486255, 0.42965616045845273, 0.4177798982188295, 0.4434955878166809, 0.4157066363783872, 0.46599414253172794, 0.43799472295514513, 0.43123732251521296, 0.42230838055472714, 0.45137857024929834, 0.406395048994327, 0.4284887087434858, 0.42505947660586835, 0.4276815557581282, 0.4355883877656817, 0.4226841283191157, 0.42917713567839194, 0.41428166619438933, 0.4434693579055141, 0.4358897543439185, 0.396266742661727, 0.41721044045676997, 0.4186819272660144, 0.42645181876196553, 0.45875578921016397, 0.44515931372549017]
val step Accs: [0.45854350567465324, 0.4509111456420398, 0.4720528455284553, 0.4519838987924094, 0.47272203828990933, 0.458947695173056, 0.46224417784050814, 0.45042697930235925, 0.4337713336354025, 0.46455639768167634, 0.41461423322901075, 0.46202247191011236, 0.4608167770419426, 0.4295323009541686, 0.4310319872629903, 0.41756311745334795]

ep128
Train step Loss: [2.3914661407470703, 2.4184813499450684, 2.521127462387085, 2.4959018230438232, 2.5403127670288086, 2.5199570655822754, 2.533543348312378, 2.5504260063171387, 2.528221368789673, 2.529418706893921, 2.433579683303833, 2.5145626068115234, 2.4273436069488525, 2.5142598152160645, 2.502268075942993, 2.4623191356658936, 2.435063600540161, 2.594109535217285, 2.5127220153808594, 2.3621037006378174, 2.458127498626709, 2.51290225982666, 2.414898157119751, 2.3822314739227295, 2.4205541610717773, 2.465402603149414, 2.4931249618530273, 2.4422032833099365, 2.61453914642334, 2.5791831016540527, 2.401799440383911, 2.6040151119232178, 2.555060625076294, 2.4501266479492188, 2.6922659873962402, 2.5262486934661865, 2.5414109230041504, 2.4013943672180176, 2.566174030303955, 2.4446418285369873, 2.5151655673980713, 2.5063884258270264, 2.399836778640747, 2.5369300842285156, 2.4485039710998535, 2.3815205097198486, 2.4545159339904785, 2.4228923320770264, 2.6052112579345703, 2.393698215484619, 2.5069737434387207, 2.4146511554718018, 2.5381948947906494, 2.502983331680298, 2.435948133468628, 2.4699594974517822, 2.4147725105285645, 2.442378520965576, 2.4424870014190674, 2.5759377479553223, 2.485654592514038, 2.5651159286499023, 2.4880306720733643]
val step Loss: [2.4281342029571533, 2.5302984714508057, 2.4028215408325195, 2.362337350845337, 2.367286205291748, 2.4188170433044434, 2.3879568576812744, 2.4754247665405273, 2.3420352935791016, 2.495840311050415, 2.4281668663024902, 2.430196523666382, 2.3708789348602295, 2.352936267852783, 2.4594600200653076, 2.457987070083618]
Train step Accs: [0.45971309827054563, 0.4604930467762326, 0.43417599115899985, 0.42005721551176095, 0.4220141929639136, 0.426197458455523, 0.42360475754803295, 0.4227852186541875, 0.41092710106794617, 0.4093272412163227, 0.4442370508632758, 0.42562052307179743, 0.4290525026787081, 0.4356168728195369, 0.4412647942059707, 0.4366048545153023, 0.4450503355704698, 0.3989409984871407, 0.4127898166388847, 0.4524393985885241, 0.4367242309767944, 0.42022312732424294, 0.4501519756838906, 0.45641769398114573, 0.43808577108775915, 0.4382087816225647, 0.4288747346072187, 0.42992248062015503, 0.40482356749757203, 0.410681136655719, 0.4411064842355741, 0.4043790626069107, 0.41851080447800054, 0.4395625479662318, 0.38911982649557203, 0.4163961038961039, 0.42322915244984305, 0.43950795947901594, 0.4075696513054144, 0.4446372239747634, 0.4292114695340502, 0.4237788979662785, 0.4552910903827597, 0.42298850574712643, 0.45222929936305734, 0.44688, 0.44275293371392327, 0.4471830985915493, 0.393837435806623, 0.4595561918396564, 0.4267012136915314, 0.44797731004627556, 0.430941576857629, 0.4302721088435374, 0.43519365660262277, 0.4256645881194618, 0.4567017543859649, 0.44381932165246746, 0.44174950298210736, 0.418184973104286, 0.4387399666818113, 0.4144898965007393, 0.431050511310815]
val step Accs: [0.4511407662505381, 0.4191370707367185, 0.44544307789340903, 0.4630715123094959, 0.46487972508591063, 0.44793493860628286, 0.4547596606974552, 0.4381804623415362, 0.4729969369659842, 0.42769098466389566, 0.44601870218192124, 0.4411900015335071, 0.46377259385138264, 0.4639850327408793, 0.44513224535734386, 0.44897408207343414]

ep129
Train step Loss: [2.443639039993286, 2.3954861164093018, 2.4002060890197754, 2.480057716369629, 2.512259006500244, 2.5878055095672607, 2.466403007507324, 2.4447858333587646, 2.3457748889923096, 2.39526629447937, 2.471783399581909, 2.444749593734741, 2.500974416732788, 2.640127420425415, 2.4319663047790527, 2.5208842754364014, 2.4725852012634277, 2.4221088886260986, 2.5650978088378906, 2.4089677333831787, 2.3860888481140137, 2.4978811740875244, 2.4631149768829346, 2.482872247695923, 2.429217576980591, 2.463510274887085, 2.4463987350463867, 2.5308594703674316, 2.3620471954345703, 2.425687551498413, 2.5265591144561768, 2.627113103866577, 2.476775884628296, 2.511049509048462, 2.4042038917541504, 2.51283597946167, 2.4174387454986572, 2.576371192932129, 2.4291486740112305, 2.4856302738189697, 2.4365010261535645, 2.4593710899353027, 2.4777891635894775, 2.497230052947998, 2.5342209339141846, 2.545753002166748, 2.4432010650634766, 2.458167552947998, 2.4515397548675537, 2.406184434890747, 2.4726054668426514, 2.427725076675415, 2.5220158100128174, 2.456986665725708, 2.5063564777374268, 2.568922996520996, 2.40737247467041, 2.4737632274627686, 2.41109299659729, 2.3667802810668945, 2.473721504211426, 2.4744513034820557, 2.382199287414551]
val step Loss: [2.406155824661255, 2.412628412246704, 2.4001152515411377, 2.4657866954803467, 2.3052420616149902, 2.351499319076538, 2.4147846698760986, 2.467412233352661, 2.3593225479125977, 2.2564585208892822, 2.4809839725494385, 2.389897584915161, 2.4312939643859863, 2.4461116790771484, 2.417553186416626, 2.4414000511169434]
Train step Accs: [0.43413533834586465, 0.45874637791673023, 0.447098976109215, 0.4265486725663717, 0.40856622114216284, 0.4096301465457083, 0.43808882907133245, 0.4351464435146444, 0.4664128365515366, 0.44656297039638737, 0.4278972935461485, 0.4403463758819756, 0.4186776859504132, 0.40071151358344115, 0.4471518987341772, 0.42562527424308905, 0.42522737438497094, 0.4491026360067302, 0.4274596182085169, 0.43978797415935067, 0.4606934431857192, 0.4277185501066098, 0.42663656884875845, 0.41722063944286164, 0.44859538167377555, 0.4217046580773043, 0.439084814922763, 0.4206237266886068, 0.44905713481564874, 0.4417721518987342, 0.42218021424070573, 0.3989155693261038, 0.4376924323448388, 0.417687799680341, 0.4406651549508692, 0.42406344920688493, 0.4418238993710692, 0.41500075154065835, 0.4349447711949505, 0.4366581141757537, 0.437796634546239, 0.44143543223052295, 0.42988989637305697, 0.4331572531491264, 0.42872397223705283, 0.41347878063359234, 0.44333570919458304, 0.43181200760662863, 0.4384527126700541, 0.4507255139056832, 0.43833856694262063, 0.4449553692182851, 0.4300180831826401, 0.4401863540727382, 0.4229316855475455, 0.419690063810392, 0.45061375963459893, 0.44035346097201766, 0.4493047508690614, 0.46615276804484934, 0.4366863905325444, 0.4459213656079474, 0.45938078856840436]
val step Accs: [0.4491575524682235, 0.44709744814206837, 0.4652093156165166, 0.4451898372823294, 0.48692117355956166, 0.4665990436168671, 0.4540737624456598, 0.4337509211495947, 0.4645848119233499, 0.4928194607268464, 0.4281203257437261, 0.462314829887677, 0.4462925342813611, 0.44300787635607075, 0.4557970036442165, 0.4451395572666025]

ep130
Train step Loss: [2.494373083114624, 2.5520684719085693, 2.4116034507751465, 2.5038976669311523, 2.4604547023773193, 2.4962198734283447, 2.4371252059936523, 2.4070143699645996, 2.368880033493042, 2.3659963607788086, 2.5493037700653076, 2.3752799034118652, 2.4905121326446533, 2.434863805770874, 2.473585605621338, 2.499964952468872, 2.4808313846588135, 2.5161001682281494, 2.4455137252807617, 2.383882522583008, 2.4523441791534424, 2.635716199874878, 2.4478633403778076, 2.4022061824798584, 2.411996841430664, 2.4684736728668213, 2.4073710441589355, 2.4149348735809326, 2.389303207397461, 2.509704351425171, 2.470900774002075, 2.3962836265563965, 2.4589788913726807, 2.3858895301818848, 2.3819916248321533, 2.4728899002075195, 2.386927366256714, 2.456409454345703, 2.4120354652404785, 2.5187153816223145, 2.349113941192627, 2.414872646331787, 2.465731143951416, 2.4455206394195557, 2.4265694618225098, 2.4979140758514404, 2.353696823120117, 2.5390632152557373, 2.4319493770599365, 2.4367454051971436, 2.4511942863464355, 2.50712251663208, 2.4367992877960205, 2.5475852489471436, 2.4464640617370605, 2.376513719558716, 2.426516532897949, 2.520113468170166, 2.433797597885132, 2.432023763656616, 2.4646496772766113, 2.4329018592834473, 2.4377801418304443]
val step Loss: [2.309720277786255, 2.334414482116699, 2.387408971786499, 2.4955434799194336, 2.355438470840454, 2.296717882156372, 2.460209846496582, 2.431260108947754, 2.315868616104126, 2.4736835956573486, 2.3277571201324463, 2.3177220821380615, 2.3347225189208984, 2.339426040649414, 2.3145735263824463, 2.608383893966675]
Train step Accs: [0.4308145240431796, 0.4150410332301897, 0.4458581109113539, 0.4219709208400646, 0.43666150670794635, 0.42911323821564024, 0.44362708302056747, 0.4521661984326482, 0.4557802595834591, 0.45087768969422426, 0.40744452397995706, 0.4496777392166584, 0.43723639284996985, 0.44297615627693193, 0.43919638105375197, 0.43022081108385046, 0.4380354083380925, 0.41619814617839235, 0.43897128861069534, 0.4549380136509263, 0.4426259996280454, 0.4019234258755217, 0.41791907514450866, 0.45034269587421044, 0.4500581685225195, 0.4332196273943847, 0.4483681112894596, 0.4480575047064864, 0.46693444269114903, 0.42032294894796934, 0.4329618979151689, 0.4532916251955069, 0.44336569579288027, 0.4560669456066946, 0.45943233944954126, 0.4315347071583514, 0.45597858417608567, 0.4493731918997107, 0.4430236322434445, 0.4128092275003794, 0.45231797299178617, 0.43774503176963636, 0.4312796208530806, 0.44034917555771097, 0.44379014989293364, 0.4242371705963939, 0.46276293348493464, 0.4114026563006155, 0.4387972325705162, 0.4425212279555846, 0.4329828075446503, 0.4070667957405615, 0.4436387607119314, 0.4069664902998236, 0.45110645933014354, 0.4688918167179037, 0.4402858115005104, 0.4184269662921348, 0.4297385620915033, 0.43882083725938886, 0.44621251972645976, 0.44047619047619047, 0.4342395297575312]
val step Accs: [0.48021108179419525, 0.47937305929321306, 0.4523004059539919, 0.4312832194381169, 0.46101854762653255, 0.49017639466513696, 0.44793028322440087, 0.4580822861077638, 0.4838805526667657, 0.44678522571819423, 0.48307218802462226, 0.48056481040774235, 0.4660944206008584, 0.4798648999740192, 0.4869109947643979, 0.4174493842621582]
















































