ep193
Train step Loss: [1.5168858766555786, 1.4458527565002441, 1.4938781261444092, 1.637090802192688, 1.5732351541519165, 1.555252194404602, 1.581979513168335, 1.597792148590088, 1.5496572256088257, 1.5838054418563843, 1.644864797592163, 1.487505316734314, 1.5695979595184326, 1.5435758829116821, 1.4724514484405518, 1.5326703786849976, 1.6081492900848389, 1.5300301313400269, 1.4613909721374512, 1.6125990152359009, 1.4180657863616943, 1.478599190711975, 1.5681549310684204, 1.566888451576233, 1.5994131565093994, 1.5573945045471191, 1.5505765676498413, 1.5598562955856323, 1.6185142993927002, 1.5101690292358398, 1.5562994480133057, 1.6535568237304688, 1.5869008302688599, 1.5781145095825195, 1.4881261587142944, 1.559816598892212, 1.5653555393218994, 1.4921907186508179, 1.584185004234314, 1.5861437320709229, 1.5458972454071045, 1.6283222436904907, 1.4576107263565063, 1.5834355354309082, 1.5884132385253906, 1.6418226957321167, 1.6259185075759888, 1.4927881956100464, 1.5152778625488281, 1.5343233346939087, 1.5598838329315186, 1.5853837728500366, 1.5767539739608765, 1.565343976020813, 1.5913503170013428, 1.5474976301193237, 1.55071222782135, 1.526190996170044, 1.6822041273117065, 1.5473723411560059, 1.5085309743881226, 1.518486499786377, 1.5599079132080078]
val step Loss: [1.429722785949707, 1.46985924243927, 1.4705278873443604, 1.4966003894805908, 1.5536742210388184, 1.5329115390777588, 1.4427931308746338, 1.4149744510650635, 1.489685297012329, 1.414320707321167, 1.431962013244629, 1.4713165760040283, 1.6363880634307861, 1.5831481218338013, 1.5447227954864502, 1.5346835851669312]
Train step Accs: [0.6734246575342466, 0.6827809215844786, 0.674759437453738, 0.6356340288924559, 0.6515360717984121, 0.6540321322726563, 0.6511776958820702, 0.6407208588957055, 0.6582081088743975, 0.6374915023793338, 0.6408572416176979, 0.6727229545184658, 0.6456842412735505, 0.6688696831045585, 0.6787956621004566, 0.6582469053195048, 0.6453910423229695, 0.6779797329901882, 0.6804004062091977, 0.6372854914196567, 0.6923682140047207, 0.6671181339352897, 0.6520245842371656, 0.6520184716222255, 0.6505050505050505, 0.6553125, 0.6449651490434525, 0.64960024600246, 0.6414909269249632, 0.662932138284251, 0.6576159928390273, 0.6416885772713994, 0.6539103812969663, 0.648634100390257, 0.6813152563503194, 0.6624256444150693, 0.6563094483195941, 0.6831837016574586, 0.6507563518872082, 0.6570554827435562, 0.6549476594904207, 0.6434140336479278, 0.6844400675295442, 0.6434097622731748, 0.6494557222712563, 0.6334080717488789, 0.6451841359773371, 0.6675335340815768, 0.6646162449321963, 0.6648673658235656, 0.6651305683563749, 0.6524296317042431, 0.6661490683229814, 0.6743453435715692, 0.6401440733464309, 0.6577395991241368, 0.6583710407239819, 0.6571474154435226, 0.6299885974914481, 0.666342277213958, 0.6717643271088216, 0.6731950844854071, 0.6624839948783611]
val step Accs: [0.689968152866242, 0.676844450268641, 0.67854694996573, 0.6723642414158221, 0.6582994776552524, 0.6646369310397321, 0.6992095409790597, 0.6967639410574978, 0.6756573597180808, 0.6930379746835443, 0.6965721540414727, 0.6785052501544163, 0.642558105962177, 0.6612678022898631, 0.6595961063489757, 0.6658247032078808]
Preds: [17, 17, 7, 217, 217, 473, 331, 241, 371, 371, 443, 330, 330, 330, 207, 143, 239, 239, 107, 395, 395, 395, 180, 443, 450, 450, 293, 293, 293, 35, 35, 35, 251, 354, 32, 109, 109, 109, 88, 264, 264, 264, 264, 468, 468, 337, 286, 171, 434, 434, 339, 278, 416, 278, 278, 324, 324, 422, 339, 251, 250, 250, 331, 331, 106, 106, 106, 331, 426, 426, 387, 293, 122, 88, 88, 88, 75, 75, 107, 354, 354, 106, 106, 284, 284, 426, 426, 426, 426, 413, 413, 413, 413, 413, 303, 303, 303, 303, 303, 48, 48, 414, 170, 170, 244, 392, 392, 392, 392, 392, 63, 63, 63, 63, 63, 63, 392, 392, 321, 321, 321, 320, 287, 287, 287, 287, 348, 426, 293, 293, 293, 122, 35, 239, 107, 208, 241, 106, 346, 284, 284, 284, 284, 426, 426, 426, 426, 413, 413, 345, 354, 319, 319, 355, 150, 290, 290, 150, 77, 77, 342, 342, 224, 224, 99, 208, 338, 338, 354, 371, 371, 171, 171, 252, 143, 84, 293, 75, 331, 331, 426, 443, 443, 443, 146, 146, 240, 314, 34, 290, 290, 290, 116, 239, 374, 374, 374, 374, 374, 374, 374, 132, 43, 43, 43, 345, 345, 354, 354, 413, 132, 132, 132, 188, 239, 239, 338, 338, 338, 338, 338, 400, 400, 400, 213, 213, 19, 19, 454, 454, 414, 170, 392, 392, 392, 392, 392, 392, 392, 392, 392, 392, 392, 321, 321, 75, 66, 66, 66, 115, 115, 273, 267, 224, 443, 315, 315, 315, 315, 315, 450, 450, 450, 450, 355, 355, 355, 413, 250, 98, 43, 17, 197, 345, 345, 345, 43, 43, 43, 43, 276, 276, 276, 345, 345, 153, 153, 387, 387, 497, 13, 197, 303, 473, 65, 65, 240, 450, 301, 443, 240, 240, 175, 35, 426, 443, 403, 403, 403, 146, 450, 207, 207, 434, 416, 143, 77, 395, 65, 115, 486, 486, 486, 85, 450, 450, 85, 264, 264, 264, 240, 240, 240, 468, 77, 239, 400, 324, 324, 324, 324, 324, 324, 422, 422, 143, 251, 14, 14, 75, 473, 420, 213, 213, 213, 213, 252, 252, 252, 143, 310, 34, 180, 139, 355, 355, 355, 271, 271, 271, 150, 342, 342, 99, 338, 401, 354, 354, 346, 284, 206, 206, 206, 206, 169, 150, 150, 150, 494, 494, 494, 224, 224, 355, 355, 342, 342, 303, 251, 354, 65, 65, 319, 319, 315, 315, 315, 315, 468, 468, 468, 467, 467, 467, 496, 263, 263, 263, 17, 83, 240, 240, 240, 240, 240, 240, 240, 240, 240, 240, 240, 240, 240, 240, 240, 240, 240, 240, 240, 240, 240, 240, 240, 240, 240, 240, 240, 240, 240, 240, 240, 240, 240, 240, 240, 240, 240, 240, 240, 240, 240, 240, 240, 240, 240, 240, 240, 240, 240, 240, 240, 240, 240, 240, 240, 240, 240, 240, 240, 240, 240, 240, 240, 240, 240, 240, 240, 240, 240, 240, 240, 240, 240, 240, 240, 240, 240, 240, 240, 240, 240, 240, 240, 240, 240, 240, 240, 240, 240, 240, 240, 240, 240, 240, 240, 240, 240, 240, 240, 240, 240, 240, 240, 240, 240, 240, 240, 240, 240, 240, 240, 240, 240, 240, 240, 240, 240, 240, 240, 240, 240, 240, 240, 240, 240, 240, 240, 240, 240, 240, 240, 240, 240, 240, 240, 240, 240, 240, 240, 240, 240, 240, 240, 240, 240, 240, 240, 240, 240, 240, 240, 240, 240, 240, 240, 240, 240, 240, 240, 240, 240, 240, 240, 240, 240, 240, 240, 240, 240, 240, 240, 240, 240, 240, 240, 240, 240, 240, 240, 240]

ep194
Train step Loss: [1.5287916660308838, 1.5588525533676147, 1.463218092918396, 1.652754545211792, 1.5472471714019775, 1.4875279664993286, 1.5727283954620361, 1.5407308340072632, 1.5618798732757568, 1.5443400144577026, 1.4804682731628418, 1.6307426691055298, 1.5395492315292358, 1.5707987546920776, 1.4560301303863525, 1.5960620641708374, 1.4674242734909058, 1.568071961402893, 1.5088964700698853, 1.3953263759613037, 1.5705534219741821, 1.551692008972168, 1.5311224460601807, 1.4969838857650757, 1.4442920684814453, 1.6080572605133057, 1.5581632852554321, 1.5194138288497925, 1.5614076852798462, 1.5889047384262085, 1.4792473316192627, 1.5078895092010498, 1.5055725574493408, 1.510001540184021, 1.582331895828247, 1.6202785968780518, 1.5422275066375732, 1.516678810119629, 1.5471605062484741, 1.5712494850158691, 1.4994062185287476, 1.5702292919158936, 1.638803482055664, 1.5954395532608032, 1.596301794052124, 1.5476847887039185, 1.5587120056152344, 1.5494827032089233, 1.5565621852874756, 1.5197598934173584, 1.590108871459961, 1.541623830795288, 1.571937084197998, 1.5126315355300903, 1.519910454750061, 1.4709264039993286, 1.497563362121582, 1.5922986268997192, 1.6210938692092896, 1.5593290328979492, 1.5916194915771484, 1.527393102645874, 1.5408045053482056]
val step Loss: [1.5162644386291504, 1.5008352994918823, 1.5341660976409912, 1.5216114521026611, 1.5100170373916626, 1.5101040601730347, 1.4422458410263062, 1.4098854064941406, 1.580108642578125, 1.502133846282959, 1.397813320159912, 1.4837442636489868, 1.4566103219985962, 1.4629377126693726, 1.4058023691177368, 1.4675898551940918]
Train step Accs: [0.662470801972489, 0.6550490119807064, 0.6710482529118137, 0.6291461916461917, 0.662090007627765, 0.6559121032438089, 0.6542280589365791, 0.6638667845564398, 0.6538177521784079, 0.6476879521862221, 0.6728888888888889, 0.6407709414381023, 0.6675887505763024, 0.6538056360284435, 0.6930606281957633, 0.6558882235528942, 0.6773520979932238, 0.6576717916535927, 0.6684129429892142, 0.6959518920504547, 0.6533333333333333, 0.6618767064233367, 0.6607605877268798, 0.6694048357098574, 0.6862015503875969, 0.6469694090822725, 0.662047086324929, 0.6591873862947241, 0.6528295192478268, 0.6437329700272479, 0.6766126250431184, 0.66528425781925, 0.6770647244743713, 0.6674563221794492, 0.6527278177458034, 0.6309791055085477, 0.6630011842327863, 0.6729550893988455, 0.6608638743455497, 0.6585067319461444, 0.6790505675954592, 0.6571290009699321, 0.6389689401216778, 0.6428674663968782, 0.6413457147206576, 0.6610803531348197, 0.6629337539432176, 0.6643430822851947, 0.6653386454183267, 0.6614926114491494, 0.6439517443756113, 0.660781166399144, 0.6544424567680381, 0.6769806188371302, 0.662379896526238, 0.6832176275279204, 0.6680333289247454, 0.6358473824312334, 0.6378769272752081, 0.6510256066496849, 0.6474378643755754, 0.6763505025125628, 0.6541143654114365]
val step Accs: [0.6660743373315563, 0.6690718268284683, 0.6687013764213046, 0.6669228404549646, 0.6715686274509803, 0.666031652989449, 0.6873138773079214, 0.6936345596092199, 0.6536565324568612, 0.670635434191795, 0.7030754597336716, 0.674712643678161, 0.6825132978723404, 0.6800860479409957, 0.6927490039840637, 0.6873857404021938]
Preds: [17, 17, 17, 17, 17, 75, 32, 32, 32, 374, 354, 106, 106, 387, 387, 387, 387, 32, 406, 406, 406, 250, 43, 43, 43, 276, 132, 132, 132, 132, 132, 132, 122, 293, 197, 197, 197, 197, 82, 209, 287, 287, 287, 284, 460, 206, 240, 167, 35, 35, 239, 164, 36, 219, 219, 219, 152, 152, 374, 132, 153, 497, 497, 43, 43, 43, 8, 276, 276, 276, 276, 153, 153, 106, 106, 297, 132, 132, 122, 117, 117, 48, 414, 414, 170, 392, 392, 392, 392, 392, 392, 392, 73, 73, 73, 73, 63, 83, 83, 301, 146, 146, 146, 240, 203, 14, 70, 70, 65, 348, 297, 497, 497, 43, 251, 251, 251, 239, 473, 431, 331, 251, 374, 374, 374, 132, 132, 132, 122, 346, 251, 239, 251, 354, 420, 420, 213, 213, 213, 213, 213, 246, 246, 246, 19, 454, 454, 414, 414, 170, 170, 392, 392, 392, 63, 63, 63, 63, 63, 244, 63, 63, 63, 73, 73, 7, 32, 320, 371, 32, 395, 219, 219, 422, 286, 374, 374, 374, 309, 180, 443, 315, 319, 319, 319, 450, 203, 53, 53, 276, 276, 303, 65, 236, 132, 132, 132, 98, 98, 48, 414, 170, 170, 47, 392, 392, 80, 80, 80, 244, 320, 63, 63, 63, 63, 345, 441, 441, 441, 276, 182, 182, 182, 182, 182, 387, 98, 98, 35, 321, 414, 170, 392, 392, 392, 392, 392, 73, 73, 244, 244, 7, 7, 7, 371, 400, 278, 278, 264, 271, 271, 150, 36, 342, 342, 342, 342, 342, 115, 267, 267, 267, 301, 301, 374, 213, 324, 324, 324, 422, 143, 239, 239, 75, 107, 180, 180, 180, 486, 376, 206, 206, 460, 167, 150, 35, 203, 414, 392, 392, 392, 392, 73, 73, 73, 73, 244, 63, 287, 251, 138, 88, 88, 88, 88, 239, 251, 241, 32, 208, 208, 276, 153, 426, 426, 182, 182, 182, 182, 182, 182, 182, 375, 98, 98, 13, 13, 170, 170, 392, 63, 63, 63, 63, 63, 63, 63, 63, 63, 63, 63, 63, 63, 244, 244, 7, 32, 32, 32, 32, 239, 107, 371, 213, 213, 213, 213, 213, 213, 213, 246, 246, 246, 19, 454, 454, 229, 414, 170, 170, 63, 63, 63, 63, 63, 63, 63, 63, 63, 63, 63, 63, 63, 63, 63, 63, 244, 73, 244, 66, 66, 66, 68, 68, 143, 251, 251, 241, 431, 331, 337, 376, 376, 376, 460, 460, 169, 150, 150, 99, 338, 338, 338, 473, 401, 401, 401, 244, 7, 32, 32, 32, 239, 107, 371, 213, 213, 213, 213, 324, 3, 335, 14, 251, 251, 208, 188, 188, 398, 403, 403, 120, 120, 207, 207, 207, 207, 416, 349, 349, 203, 414, 170, 170, 170, 392, 392, 392, 63, 63, 63, 63, 63, 63, 63, 63, 63, 63, 63, 73, 73, 73, 73, 320, 320, 188, 188, 451, 188, 236, 143, 239, 239, 107, 395, 420, 301, 301, 143, 251, 251, 241, 431, 331, 486, 486, 376, 376, 376, 376, 376, 376, 376, 206, 206, 206, 206, 460, 203, 263, 197, 83, 240, 240, 240, 240, 240, 240, 240, 240, 240, 240, 240, 240, 240, 240, 240, 240, 240, 240, 240, 240, 240, 240, 240, 240, 240, 240, 240, 240, 240, 240, 240, 240, 240, 240, 240, 240, 240, 240, 240, 240, 240, 240, 240, 240, 240, 240, 240, 240, 240, 240, 240, 240, 240, 240, 240, 240, 240, 240, 240, 240, 240, 240, 240, 240, 240, 240, 240, 240, 240, 240, 240, 240, 240, 240, 240, 240, 240, 240, 240, 240, 240, 240, 240, 240, 240, 240, 240, 240]

ep195
Train step Loss: [1.6191697120666504, 1.5782729387283325, 1.5801784992218018, 1.5981065034866333, 1.4664641618728638, 1.5817878246307373, 1.419506311416626, 1.5276620388031006, 1.6680315732955933, 1.5302445888519287, 1.5187803506851196, 1.5969295501708984, 1.476365089416504, 1.6000492572784424, 1.4253394603729248, 1.4952818155288696, 1.644524097442627, 1.4741647243499756, 1.5075350999832153, 1.570233941078186, 1.49776029586792, 1.5171949863433838, 1.561873197555542, 1.5556048154830933, 1.571789264678955, 1.585234522819519, 1.445003628730774, 1.541298270225525, 1.5816800594329834, 1.49448561668396, 1.5541468858718872, 1.5864170789718628, 1.5807106494903564, 1.5303462743759155, 1.4995688199996948, 1.4766619205474854, 1.4808346033096313, 1.52008855342865, 1.5340023040771484, 1.575218677520752, 1.5687257051467896, 1.5292038917541504, 1.5132254362106323, 1.4556829929351807, 1.5225987434387207, 1.566261887550354, 1.434968113899231, 1.5223479270935059, 1.5834321975708008, 1.591711163520813, 1.5366950035095215, 1.5304250717163086, 1.5083460807800293, 1.5697987079620361, 1.560316801071167, 1.5217885971069336, 1.5106556415557861, 1.5376240015029907, 1.538386583328247, 1.6219385862350464, 1.4131965637207031, 1.3912428617477417, 1.6449487209320068]
val step Loss: [1.5382699966430664, 1.386864185333252, 1.45378577709198, 1.4335733652114868, 1.3986949920654297, 1.4360988140106201, 1.4690841436386108, 1.5857175588607788, 1.4860023260116577, 1.5254617929458618, 1.428975224494934, 1.445610523223877, 1.4592376947402954, 1.54129159450531, 1.4661880731582642, 1.5362135171890259]
Train step Accs: [0.6463373083475298, 0.6494310575635877, 0.6487948844072798, 0.6387151310228233, 0.6750346740638002, 0.6543695192016934, 0.689171974522293, 0.6570179406000302, 0.6374114934958011, 0.6636495878454824, 0.6647408385605811, 0.6426720414627124, 0.675270499283014, 0.6546035125066525, 0.6901975588272304, 0.6791594793790183, 0.642812303829253, 0.6724616508400292, 0.670518322878838, 0.6605401949816205, 0.6769249783710295, 0.6690176322418137, 0.6632183908045977, 0.6547303271441203, 0.6616379310344828, 0.646755921730175, 0.6798934753661784, 0.6666666666666666, 0.6447389429985629, 0.6710837050642876, 0.6534944986827832, 0.6423512747875354, 0.660377358490566, 0.6568259664002609, 0.6737535559215452, 0.6807091983633884, 0.6767229053474406, 0.651392632524708, 0.6579866162350887, 0.6535280434220729, 0.6366806136680614, 0.6653481012658228, 0.6671941762937174, 0.6778338687471317, 0.667668976336776, 0.6576741749607125, 0.6906497131338192, 0.6680373240550371, 0.6498939929328622, 0.6499643112062812, 0.661189358372457, 0.6674361563987881, 0.6650149954361716, 0.6513470681458003, 0.6536519690339953, 0.6706340123598077, 0.669349243790759, 0.6608073886488902, 0.6578142604216964, 0.6373981239427956, 0.6942648299128479, 0.6989054726368159, 0.6319444444444444]
val step Accs: [0.6700083542188805, 0.6980163684283535, 0.6849006062314958, 0.6880312818769126, 0.7011165187517893, 0.6818672007394855, 0.6818723911747168, 0.6504463000287936, 0.6803301237964237, 0.6727820731227886, 0.6946896035901271, 0.687856689917565, 0.6872106481481481, 0.6730918700450801, 0.6780074648291703, 0.6694677871148459]
Preds: [17, 17, 296, 296, 217, 217, 473, 473, 473, 65, 180, 443, 443, 240, 240, 468, 164, 164, 354, 354, 284, 206, 206, 206, 206, 167, 167, 35, 35, 35, 406, 32, 346, 337, 286, 286, 286, 286, 468, 468, 468, 468, 337, 337, 286, 286, 171, 19, 252, 339, 143, 398, 464, 324, 324, 324, 3, 339, 250, 250, 65, 106, 100, 100, 100, 100, 100, 293, 497, 497, 43, 345, 411, 276, 276, 153, 153, 153, 387, 387, 387, 387, 43, 348, 413, 250, 250, 250, 132, 250, 186, 186, 232, 232, 232, 413, 303, 303, 303, 303, 303, 303, 48, 48, 48, 414, 414, 170, 170, 170, 47, 392, 392, 392, 63, 320, 320, 320, 320, 7, 219, 398, 213, 360, 434, 434, 339, 10, 10, 250, 250, 132, 132, 122, 88, 88, 109, 331, 331, 232, 464, 464, 464, 146, 146, 171, 171, 171, 301, 301, 143, 239, 354, 354, 355, 355, 355, 403, 403, 403, 403, 171, 171, 171, 252, 252, 252, 143, 416, 75, 395, 180, 84, 84, 84, 375, 375, 424, 182, 43, 43, 43, 276, 276, 276, 153, 182, 182, 182, 182, 182, 182, 182, 375, 98, 98, 414, 414, 414, 414, 47, 80, 80, 392, 244, 321, 320, 320, 309, 309, 109, 331, 284, 284, 206, 206, 167, 150, 35, 35, 146, 443, 284, 284, 206, 206, 85, 146, 240, 146, 35, 443, 315, 315, 486, 315, 315, 450, 388, 413, 413, 250, 250, 122, 138, 138, 497, 497, 186, 36, 36, 232, 232, 172, 172, 115, 115, 267, 267, 267, 213, 213, 213, 213, 246, 246, 246, 246, 454, 197, 80, 320, 321, 287, 287, 443, 284, 486, 460, 460, 460, 450, 35, 35, 35, 35, 34, 444, 171, 171, 171, 171, 171, 252, 143, 143, 239, 239, 324, 324, 171, 171, 171, 171, 246, 246, 3, 19, 454, 454, 197, 197, 320, 309, 309, 398, 398, 464, 464, 464, 139, 139, 88, 88, 88, 313, 34, 236, 310, 239, 395, 395, 180, 180, 84, 84, 84, 496, 496, 293, 293, 250, 186, 35, 35, 375, 414, 414, 126, 187, 187, 187, 47, 392, 392, 244, 321, 320, 320, 7, 7, 217, 473, 473, 473, 400, 19, 171, 171, 252, 143, 239, 219, 219, 213, 213, 213, 213, 213, 213, 213, 219, 252, 252, 252, 324, 324, 301, 301, 374, 374, 374, 345, 346, 88, 497, 43, 43, 43, 43, 345, 345, 109, 109, 346, 374, 34, 34, 36, 36, 239, 36, 107, 107, 400, 213, 213, 213, 213, 246, 246, 246, 246, 19, 19, 339, 19, 19, 301, 301, 240, 240, 240, 240, 240, 240, 240, 240, 240, 240, 240, 240, 240, 240, 240, 240, 240, 240, 240, 240, 240, 240, 240, 240, 240, 240, 240, 240, 240, 240, 240, 240, 240, 240, 240, 240, 240, 240, 240, 240, 240, 240, 240, 240, 240, 240, 240, 240, 240, 240, 240, 240, 240, 240, 240, 240, 240, 240, 240, 240, 240, 240, 240, 240, 240, 240, 240, 240, 240, 240, 240, 240, 240, 240, 240, 240, 240, 240, 240, 240, 240, 240, 240, 240, 240, 240, 240, 240, 240, 240, 240, 240, 240, 240, 240, 240, 240, 240, 240, 240, 240, 240, 240, 240, 240, 240, 240, 240, 240, 240, 240, 240, 240, 240, 240, 240, 240, 240, 240, 240, 240, 240, 240, 240, 240, 240, 240, 240, 240, 240, 240, 240, 240, 240, 240, 240, 240, 240, 240, 240, 240, 240, 240, 240, 240, 240, 240, 240, 240, 240, 240, 240, 240, 240, 240, 240, 240, 240, 240, 240, 240, 240, 240, 240, 240, 240, 240, 240, 240, 240]

ep196
Train step Loss: [1.626641035079956, 1.486107587814331, 1.4723963737487793, 1.6305913925170898, 1.6017941236495972, 1.5094001293182373, 1.4869240522384644, 1.385388970375061, 1.4736140966415405, 1.5355627536773682, 1.5546156167984009, 1.5568455457687378, 1.5706063508987427, 1.501137614250183, 1.5448435544967651, 1.5032398700714111, 1.6391838788986206, 1.5762299299240112, 1.5506436824798584, 1.4817696809768677, 1.4949910640716553, 1.5325641632080078, 1.5099021196365356, 1.5819929838180542, 1.4955551624298096, 1.4631682634353638, 1.548750400543213, 1.5444303750991821, 1.5321630239486694, 1.459762692451477, 1.4268884658813477, 1.5286732912063599, 1.5600045919418335, 1.4895743131637573, 1.5476858615875244, 1.5467655658721924, 1.6095869541168213, 1.430309534072876, 1.432328224182129, 1.5574783086776733, 1.4469317197799683, 1.4818984270095825, 1.4678003787994385, 1.5349509716033936, 1.4832801818847656, 1.484461784362793, 1.54276442527771, 1.4901329278945923, 1.5116115808486938, 1.444034457206726, 1.516215205192566, 1.577153205871582, 1.6457875967025757, 1.54119873046875, 1.5552362203598022, 1.4868109226226807, 1.5103485584259033, 1.5066213607788086, 1.5879074335098267, 1.5454119443893433, 1.530031681060791, 1.46884286403656, 1.454221487045288]
val step Loss: [1.46148681640625, 1.4757368564605713, 1.3654474020004272, 1.3901240825653076, 1.366342544555664, 1.5584111213684082, 1.4589340686798096, 1.405726671218872, 1.5788520574569702, 1.465118646621704, 1.543336033821106, 1.4265506267547607, 1.441452980041504, 1.5900771617889404, 1.4065124988555908, 1.5108388662338257]
Train step Accs: [0.6329136371697109, 0.6636696129228894, 0.6752861381941501, 0.6450387257051001, 0.6419050715214565, 0.6725738396624472, 0.6798405845234141, 0.6985187336625036, 0.6799723518230517, 0.6750569187958513, 0.6530548628428927, 0.6484427894380501, 0.6457796852646638, 0.6707041128710236, 0.6666666666666666, 0.6747272191094073, 0.6441684665226782, 0.6567063277447269, 0.6628099173553719, 0.6745182012847966, 0.6731212540341172, 0.668406897642778, 0.6702617198734542, 0.6563814866760168, 0.6736469072164949, 0.6762328880092363, 0.6543619322278299, 0.6563086904558648, 0.6594724220623501, 0.6736633663366337, 0.6883896415709141, 0.6722129783693843, 0.654911838790932, 0.6689782709200185, 0.6647860836859426, 0.660575679172057, 0.6522702104097453, 0.6914016489988222, 0.6807416640698036, 0.6602160216021602, 0.6908995815899581, 0.6717483862106853, 0.6745526235972096, 0.6601555747623163, 0.6729603325827126, 0.6854320213266426, 0.666023166023166, 0.6756212222968435, 0.6700132880555145, 0.6827765607886089, 0.6674228675136116, 0.6561878952122855, 0.6430010070493454, 0.6635312259059368, 0.6466217146002476, 0.6754028976070324, 0.6608139153265508, 0.6630215343203231, 0.6604750304506699, 0.6632778804682686, 0.6626790725151381, 0.681000513962652, 0.6875176105945336]
val step Accs: [0.6810461040711782, 0.6753795586163719, 0.6987916727325666, 0.7036264022958518, 0.7102956470063884, 0.6656555907900179, 0.6778224648089629, 0.6859492803289925, 0.6500408830744072, 0.6864253393665158, 0.6656394453004623, 0.6900416266410503, 0.6867142371729528, 0.6525448661370992, 0.695567867036011, 0.6691526828257717]
Preds: [17, 17, 287, 297, 297, 426, 426, 428, 428, 240, 240, 35, 251, 239, 109, 278, 264, 264, 278, 330, 330, 339, 349, 259, 473, 109, 264, 264, 264, 264, 264, 468, 468, 468, 337, 337, 278, 278, 278, 278, 278, 278, 246, 434, 434, 434, 434, 434, 14, 251, 303, 287, 145, 486, 486, 460, 460, 460, 460, 35, 35, 35, 36, 286, 324, 324, 324, 324, 301, 339, 339, 259, 479, 479, 331, 400, 180, 264, 240, 240, 143, 34, 34, 354, 354, 486, 486, 486, 460, 460, 460, 167, 35, 77, 400, 19, 324, 324, 301, 143, 34, 180, 139, 139, 139, 293, 293, 122, 406, 467, 107, 106, 106, 346, 387, 387, 122, 406, 406, 467, 337, 236, 290, 494, 434, 434, 434, 434, 434, 434, 19, 19, 19, 454, 48, 414, 414, 82, 82, 80, 392, 392, 392, 392, 392, 392, 392, 392, 244, 321, 320, 7, 219, 219, 324, 464, 464, 434, 378, 406, 43, 250, 250, 276, 276, 276, 100, 100, 100, 100, 100, 182, 182, 497, 497, 122, 122, 122, 239, 371, 431, 395, 395, 374, 374, 400, 239, 239, 239, 395, 395, 395, 374, 374, 374, 132, 132, 132, 132, 132, 132, 132, 98, 98, 98, 414, 414, 414, 414, 82, 80, 244, 320, 320, 7, 219, 152, 152, 301, 301, 8, 406, 43, 276, 331, 331, 331, 426, 426, 426, 426, 293, 293, 186, 36, 36, 342, 355, 115, 115, 273, 267, 443, 443, 443, 443, 450, 450, 150, 342, 342, 342, 115, 434, 207, 464, 139, 139, 139, 139, 139, 139, 450, 450, 450, 416, 342, 342, 203, 203, 56, 312, 126, 326, 23, 408, 408, 149, 320, 320, 320, 7, 7, 7, 473, 346, 264, 264, 264, 264, 468, 468, 337, 337, 286, 207, 434, 207, 468, 77, 36, 36, 290, 77, 36, 116, 116, 354, 354, 331, 84, 84, 355, 43, 43, 43, 345, 345, 109, 109, 374, 34, 34, 236, 239, 239, 107, 107, 107, 213, 213, 213, 213, 246, 246, 246, 246, 246, 246, 246, 19, 19, 197, 19, 301, 301, 301, 301, 240, 240, 240, 240, 240, 240, 240, 240, 240, 240, 240, 240, 240, 240, 240, 240, 240, 240, 240, 240, 240, 240, 240, 240, 240, 240, 240, 240, 240, 240, 240, 240, 240, 240, 240, 240, 240, 240, 240, 240, 240, 240, 240, 240, 240, 240, 240, 240, 240, 240, 240, 240, 240, 240, 240, 240, 240, 240, 240, 240, 240, 240, 240, 240, 240, 240, 240, 240, 240, 240, 240, 240, 240, 240, 240, 240, 240, 240, 240, 240, 240, 240, 240, 240, 240, 240, 240, 240, 240, 240, 240, 240, 240, 240, 240, 240, 240, 240, 240, 240, 240, 240, 240, 240, 240, 240, 240, 240, 240, 240, 240, 240, 240, 240, 240, 240, 240, 240, 240, 240, 240, 240, 240, 240, 240, 240, 240, 240, 240, 240, 240, 240, 240, 240, 240, 240, 240, 240, 240, 240, 240, 240, 240, 240, 240, 240, 240, 240, 240, 240, 240, 240, 240, 240, 240, 240, 240, 240, 240, 240, 240, 240, 240, 240, 240, 240, 240, 240, 240, 240, 240, 240, 240, 240, 240, 240, 240, 240, 240, 240, 240, 240, 240, 240, 240, 240, 240, 240, 240, 240, 240, 240, 240, 240, 240, 240, 240, 240, 240, 240, 240, 240, 240, 240, 240, 240, 240, 240, 240, 240, 240, 240, 240, 240, 240, 240, 240, 240, 240, 240, 240, 240, 240, 240, 240, 240, 240, 240, 240, 240, 240, 240, 240, 240, 240, 240, 240, 240, 240, 240, 240, 240, 240, 240, 240, 240, 240, 240, 240, 240, 240, 240]

ep197
Train step Loss: [1.6425812244415283, 1.428792119026184, 1.4941157102584839, 1.4687868356704712, 1.470563530921936, 1.6449215412139893, 1.5225944519042969, 1.5677176713943481, 1.5131220817565918, 1.4588654041290283, 1.5651289224624634, 1.4705803394317627, 1.6195582151412964, 1.4701393842697144, 1.5488678216934204, 1.501517415046692, 1.4972113370895386, 1.5424575805664062, 1.531018853187561, 1.5429353713989258, 1.5458042621612549, 1.4253411293029785, 1.5457340478897095, 1.5161324739456177, 1.4604766368865967, 1.5733064413070679, 1.4645220041275024, 1.572599172592163, 1.4564223289489746, 1.4990636110305786, 1.485070824623108, 1.5032552480697632, 1.5893666744232178, 1.430059790611267, 1.4777641296386719, 1.5064632892608643, 1.5268425941467285, 1.5897589921951294, 1.510951280593872, 1.5370731353759766, 1.5369646549224854, 1.510252833366394, 1.5339449644088745, 1.4679571390151978, 1.4545619487762451, 1.4679843187332153, 1.6046130657196045, 1.5369598865509033, 1.4323402643203735, 1.52721107006073, 1.3953734636306763, 1.4605408906936646, 1.4353587627410889, 1.4905316829681396, 1.543934941291809, 1.5160201787948608, 1.5530411005020142, 1.4950076341629028, 1.4974651336669922, 1.477515697479248, 1.5377966165542603, 1.4485578536987305, 1.5534820556640625]
val step Loss: [1.508631706237793, 1.3311599493026733, 1.4922313690185547, 1.3860290050506592, 1.4320701360702515, 1.4257599115371704, 1.4131104946136475, 1.443236231803894, 1.4419435262680054, 1.5127573013305664, 1.4857442378997803, 1.4819084405899048, 1.3494362831115723, 1.5393931865692139, 1.4357759952545166, 1.4902160167694092]
Train step Accs: [0.6389684813753582, 0.6823426318095517, 0.669833729216152, 0.6853650368385801, 0.6788628586470123, 0.6361711779827612, 0.6659802306425041, 0.6569720471804815, 0.6620030711482682, 0.6830097775258609, 0.6516192345436702, 0.6771488469601677, 0.6482137987455686, 0.6730964467005076, 0.6616602067183462, 0.675923429495821, 0.6689168456581773, 0.662124060150376, 0.664209208513006, 0.665587044534413, 0.6715466758525663, 0.6896668932698844, 0.6578782172002511, 0.6645916703720172, 0.6801050558108995, 0.6639186107700403, 0.6729323308270677, 0.6454611738971928, 0.6788663967611336, 0.6694403654756078, 0.669694217378141, 0.6657738095238095, 0.6443230473940647, 0.6922240348015226, 0.6777958740499457, 0.6714618440882313, 0.6674764652292742, 0.64376130198915, 0.6624247635425623, 0.6645708896573405, 0.6636609558160504, 0.6663153734685812, 0.6616309012875536, 0.6809232858112695, 0.685672514619883, 0.6892550865982848, 0.6531538345182272, 0.6644587763639533, 0.6937184115523466, 0.6642358417377813, 0.6931801866475233, 0.6798754599490519, 0.6787511097957976, 0.6739044088441679, 0.6568472481678402, 0.6633936261843238, 0.6496200126662445, 0.670425667090216, 0.6734371918753698, 0.6795128718976414, 0.6561609388097234, 0.6808225301743407, 0.664297253634895]
val step Accs: [0.6690375302663438, 0.715008431703204, 0.6767452904859902, 0.702070334656835, 0.6907417012448133, 0.6888231631382317, 0.6931126034671248, 0.6915717539863325, 0.6903889515219842, 0.6709414604707302, 0.6804884594739667, 0.6743191216312563, 0.7078081770673225, 0.6679151061173533, 0.6922718808193669, 0.6809314033983638]
Preds: [17, 17, 17, 387, 17, 75, 32, 32, 32, 374, 354, 106, 106, 387, 387, 387, 387, 32, 406, 406, 406, 250, 43, 43, 43, 276, 132, 132, 132, 132, 132, 132, 122, 117, 197, 197, 197, 197, 82, 209, 287, 287, 287, 284, 460, 206, 240, 167, 35, 35, 239, 164, 36, 219, 219, 219, 152, 152, 374, 132, 153, 497, 497, 43, 43, 43, 8, 276, 276, 276, 276, 153, 153, 106, 106, 413, 132, 132, 122, 117, 117, 48, 414, 414, 414, 392, 392, 392, 392, 392, 392, 392, 73, 73, 73, 73, 209, 83, 83, 301, 146, 146, 146, 240, 203, 14, 303, 70, 65, 348, 413, 497, 497, 43, 251, 251, 251, 239, 473, 331, 331, 251, 374, 374, 374, 132, 132, 132, 122, 236, 251, 239, 251, 354, 420, 420, 213, 213, 213, 213, 213, 246, 246, 246, 19, 454, 454, 414, 414, 170, 170, 392, 392, 392, 63, 63, 63, 63, 63, 244, 63, 63, 63, 73, 73, 7, 32, 320, 371, 32, 395, 219, 219, 360, 286, 374, 374, 374, 309, 180, 443, 315, 319, 319, 319, 450, 203, 53, 53, 276, 276, 303, 65, 236, 132, 132, 132, 98, 98, 48, 414, 170, 170, 47, 392, 392, 80, 80, 80, 244, 320, 320, 63, 63, 63, 345, 441, 441, 441, 441, 182, 182, 182, 182, 182, 387, 98, 98, 35, 321, 414, 170, 392, 392, 392, 392, 392, 73, 73, 244, 244, 7, 7, 7, 371, 400, 278, 278, 264, 271, 271, 150, 36, 342, 342, 342, 342, 342, 115, 267, 267, 267, 301, 301, 374, 213, 324, 324, 324, 3, 143, 239, 239, 75, 107, 180, 180, 443, 486, 376, 206, 206, 460, 167, 282, 35, 203, 170, 392, 392, 392, 392, 73, 73, 73, 73, 244, 209, 287, 251, 88, 88, 88, 88, 88, 239, 251, 241, 32, 208, 208, 276, 153, 426, 426, 182, 182, 182, 182, 182, 182, 182, 375, 98, 98, 13, 13, 170, 170, 392, 63, 63, 63, 63, 63, 63, 63, 63, 63, 63, 63, 63, 63, 244, 244, 7, 32, 32, 32, 32, 107, 107, 371, 213, 213, 213, 213, 213, 213, 213, 246, 246, 246, 19, 454, 454, 229, 414, 170, 170, 63, 63, 63, 63, 63, 63, 63, 63, 63, 63, 63, 63, 63, 63, 63, 63, 244, 73, 244, 66, 66, 66, 68, 68, 239, 251, 251, 241, 431, 331, 337, 376, 376, 376, 460, 460, 169, 167, 150, 99, 338, 338, 338, 473, 401, 401, 401, 244, 7, 32, 32, 32, 239, 107, 371, 213, 213, 213, 213, 324, 3, 335, 14, 251, 251, 208, 188, 188, 398, 403, 403, 120, 120, 207, 207, 207, 207, 416, 349, 349, 203, 414, 170, 170, 170, 392, 392, 392, 63, 63, 63, 63, 63, 63, 63, 63, 63, 63, 63, 73, 73, 73, 73, 320, 320, 188, 188, 451, 188, 236, 239, 239, 239, 107, 395, 420, 301, 301, 143, 251, 251, 241, 431, 331, 486, 486, 376, 376, 376, 376, 376, 376, 376, 206, 206, 206, 206, 460, 203, 263, 197, 83, 240, 240, 240, 240, 240, 240, 240, 240, 240, 240, 240, 240, 240, 240, 240, 240, 240, 240, 240, 240, 240, 240, 240, 240, 240, 240, 240, 240, 240, 240, 240, 240, 240, 240, 240, 240, 240, 240, 240, 240, 240, 240, 240, 240, 240, 240, 240, 240, 240, 240, 240, 240, 240, 240, 240, 240, 240, 240, 240, 240, 240, 240, 240, 240, 240, 240, 240, 240, 240, 240, 240, 240, 240, 240, 240, 240, 240, 240, 240, 240, 240, 240, 240, 240, 240, 240, 240, 240]

ep198
Train step Loss: [1.5564829111099243, 1.610791563987732, 1.6053776741027832, 1.5944451093673706, 1.4782534837722778, 1.479156494140625, 1.4305064678192139, 1.4471904039382935, 1.5214145183563232, 1.4962354898452759, 1.5357848405838013, 1.4291329383850098, 1.4356240034103394, 1.591167688369751, 1.5139079093933105, 1.5345234870910645, 1.4601126909255981, 1.4463862180709839, 1.5448514223098755, 1.482515811920166, 1.420648455619812, 1.5393074750900269, 1.439576506614685, 1.511659860610962, 1.42788827419281, 1.495564579963684, 1.4665709733963013, 1.4909920692443848, 1.5155723094940186, 1.4604573249816895, 1.385504126548767, 1.5222760438919067, 1.4883862733840942, 1.417484164237976, 1.5963109731674194, 1.519376516342163, 1.4371665716171265, 1.5640734434127808, 1.4871445894241333, 1.5309867858886719, 1.4748448133468628, 1.5422818660736084, 1.4182002544403076, 1.397538423538208, 1.4483507871627808, 1.4346321821212769, 1.5294594764709473, 1.4842455387115479, 1.5134698152542114, 1.5693190097808838, 1.555687427520752, 1.6511698961257935, 1.5195879936218262, 1.4634363651275635, 1.5347155332565308, 1.4697343111038208, 1.4915354251861572, 1.4634246826171875, 1.552156925201416, 1.520211935043335, 1.4261727333068848, 1.4694435596466064, 1.6178343296051025]
val step Loss: [1.3864598274230957, 1.4012641906738281, 1.4743245840072632, 1.420057773590088, 1.3523989915847778, 1.4821217060089111, 1.545798897743225, 1.3597021102905273, 1.4251470565795898, 1.4282478094100952, 1.426756501197815, 1.50478196144104, 1.4366605281829834, 1.4406604766845703, 1.4296300411224365, 1.497690200805664]
Train step Accs: [0.6518105849582173, 0.6478181818181818, 0.6484688928917833, 0.6549061376647584, 0.6734411724042583, 0.678074074074074, 0.6845115170770453, 0.691969696969697, 0.6675450762829404, 0.6787709497206704, 0.6566957485112865, 0.6857009491208962, 0.6841610527964906, 0.6503296073373459, 0.6771253286590709, 0.657247810115852, 0.6846846846846847, 0.6866074262139004, 0.6591425326519024, 0.6711945105727489, 0.6944485348255044, 0.6633217993079584, 0.6811315165876777, 0.6685643123999289, 0.6890052356020943, 0.6665126309303758, 0.6752150624898555, 0.6670990757256364, 0.6683650531994605, 0.6737333812432627, 0.6984883562576604, 0.668416447944007, 0.6813092161929372, 0.6901034386357283, 0.6413368185212845, 0.669047619047619, 0.6883782201405152, 0.6571960875640428, 0.6660581379019801, 0.6610395379831187, 0.679684254258413, 0.6681393372982158, 0.6836301950805768, 0.6894776684330053, 0.6847262247838617, 0.6950095359186268, 0.659104938271605, 0.6697660467906419, 0.6676638564046777, 0.6449573190009484, 0.665872188291375, 0.6347187388032963, 0.6690942193900774, 0.688212927756654, 0.6590003066544005, 0.684418746195983, 0.6755750565084431, 0.6721985143037774, 0.6562552196425588, 0.6634187082405345, 0.6919921234000657, 0.6773399014778325, 0.6376]
val step Accs: [0.7107724803862402, 0.70257472625037, 0.6777073732718893, 0.6946576844743851, 0.7087021880741606, 0.6815045992115637, 0.6634911739983188, 0.7170536429143315, 0.6916990920881971, 0.7011745424747337, 0.6820546163849155, 0.674962395733625, 0.7024913093858632, 0.6932985738383683, 0.6989507667473769, 0.6785018402251569]
Preds: [17, 7, 217, 473, 473, 398, 278, 278, 278, 278, 278, 278, 339, 250, 250, 250, 122, 109, 109, 35, 84, 319, 319, 293, 293, 293, 293, 122, 43, 276, 276, 276, 276, 138, 297, 182, 182, 182, 497, 497, 98, 14, 14, 287, 287, 111, 111, 240, 240, 175, 88, 426, 426, 486, 206, 206, 206, 146, 146, 169, 167, 150, 342, 342, 494, 224, 273, 273, 175, 293, 293, 250, 293, 399, 217, 473, 473, 65, 264, 264, 264, 264, 264, 468, 468, 468, 337, 286, 324, 324, 301, 464, 143, 251, 251, 241, 431, 331, 286, 376, 376, 376, 460, 460, 460, 169, 35, 35, 203, 401, 197, 320, 320, 276, 276, 276, 331, 331, 331, 319, 319, 236, 236, 219, 219, 219, 219, 219, 219, 219, 213, 213, 246, 246, 246, 246, 246, 19, 19, 454, 454, 229, 229, 312, 126, 126, 187, 321, 321, 287, 287, 486, 486, 460, 460, 167, 35, 35, 406, 180, 284, 284, 284, 206, 206, 167, 282, 35, 35, 251, 276, 276, 346, 346, 139, 139, 428, 428, 267, 206, 293, 293, 43, 43, 276, 346, 346, 284, 284, 206, 206, 293, 122, 251, 241, 431, 331, 428, 428, 428, 146, 146, 169, 150, 36, 494, 342, 355, 224, 224, 355, 355, 77, 203, 203, 208, 473, 331, 65, 264, 264, 264, 264, 264, 264, 468, 468, 468, 468, 34, 337, 150, 434, 434, 434, 434, 434, 434, 434, 19, 19, 19, 19, 454, 48, 414, 414, 244, 392, 392, 392, 392, 392, 321, 321, 320, 7, 7, 7, 7, 473, 331, 346, 337, 171, 171, 252, 252, 143, 310, 239, 75, 371, 107, 400, 267, 213, 213, 213, 213, 246, 246, 246, 246, 246, 246, 246, 246, 246, 246, 19, 19, 454, 197, 83, 301, 301, 240, 240, 240, 240, 240, 240, 240, 240, 240, 240, 240, 240, 240, 240, 240, 240, 240, 240, 240, 240, 240, 240, 240, 240, 240, 240, 240, 240, 240, 240, 240, 240, 240, 240, 240, 240, 240, 240, 240, 240, 240, 240, 240, 240, 240, 240, 240, 240, 240, 240, 240, 240, 240, 240, 240, 240, 240, 240, 240, 240, 240, 240, 240, 240, 240, 240, 240, 240, 240, 240, 240, 240, 240, 240, 240, 240, 240, 240, 240, 240, 240, 240, 240, 240, 240, 240, 240, 240, 240, 240, 240, 240, 240, 240, 240, 240, 240, 240, 240, 240, 240, 240, 240, 240, 240, 240, 240, 240, 240, 240, 240, 240, 240, 240, 240, 240, 240, 240, 240, 240, 240, 240, 240, 240, 240, 240, 240, 240, 240, 240, 240, 240, 240, 240, 240, 240, 240, 240, 240, 240, 240, 240, 240, 240, 240, 240, 240, 240, 240, 240, 240, 240, 240, 240, 240, 240, 240, 240, 240, 240, 240, 240, 240, 240, 240, 240, 240, 240, 240, 240, 240, 240, 240, 240, 240, 240, 240, 240, 240, 240, 240, 240, 240, 240, 240, 240, 240, 240, 240, 240, 240, 240, 240, 240, 240, 240, 240, 240, 240, 240, 240, 240, 240, 240, 240, 240, 240, 240, 240, 240, 240, 240, 240, 240, 240, 240, 240, 240, 240, 240, 240, 240, 240, 240, 240, 240, 240, 240, 240, 240, 240, 240, 240, 240, 240, 240, 240, 240, 240, 240, 240, 240, 240, 240, 240, 240, 240, 240, 240, 240, 240, 240, 240, 240, 240, 240, 240, 240, 240, 240, 240, 240, 240, 240, 240, 240, 240, 240, 240, 240, 240, 240, 240, 240, 240, 240, 240, 240, 240, 240, 240, 240, 240, 240, 240, 240, 240, 240, 240, 240, 240, 240, 240, 240, 240, 240, 240, 240, 240, 240, 240, 240, 240]

ep199
Train step Loss: [1.4781813621520996, 1.442844033241272, 1.4407316446304321, 1.5075676441192627, 1.4604227542877197, 1.5302228927612305, 1.5383135080337524, 1.569448709487915, 1.4376344680786133, 1.495309591293335, 1.5432299375534058, 1.4891637563705444, 1.4208457469940186, 1.4764341115951538, 1.4453836679458618, 1.530337929725647, 1.4985432624816895, 1.5326652526855469, 1.552807092666626, 1.5874289274215698, 1.5571945905685425, 1.5715796947479248, 1.5154736042022705, 1.4180322885513306, 1.5308657884597778, 1.441875696182251, 1.4674029350280762, 1.4147312641143799, 1.5874372720718384, 1.3895326852798462, 1.4926241636276245, 1.5308303833007812, 1.494712471961975, 1.5892120599746704, 1.47006356716156, 1.553483247756958, 1.4347879886627197, 1.4793517589569092, 1.4504064321517944, 1.4885809421539307, 1.5096793174743652, 1.5537561178207397, 1.4689472913742065, 1.5385990142822266, 1.4937857389450073, 1.407434105873108, 1.4623794555664062, 1.434113621711731, 1.5096359252929688, 1.3967169523239136, 1.3681312799453735, 1.466088056564331, 1.373967170715332, 1.4457842111587524, 1.3123434782028198, 1.4722810983657837, 1.5664129257202148, 1.5637092590332031, 1.5109612941741943, 1.5007447004318237, 1.409690260887146, 1.5703942775726318, 1.4574216604232788]
val step Loss: [1.4674471616744995, 1.413158893585205, 1.4264785051345825, 1.4785810708999634, 1.4309717416763306, 1.4830564260482788, 1.445274829864502, 1.420792579650879, 1.321548342704773, 1.4884274005889893, 1.3620905876159668, 1.41715407371521, 1.364678144454956, 1.3567441701889038, 1.4843655824661255, 1.4579674005508423]
Train step Accs: [0.6750372023809523, 0.6898209549071618, 0.6929097605893186, 0.6743684534812077, 0.6839054837271511, 0.666241134751773, 0.6630607699650016, 0.6544502617801047, 0.6906608226567768, 0.6684491978609626, 0.6603264939344017, 0.6769475357710651, 0.6886532635637566, 0.6760263017593744, 0.676063829787234, 0.6617805894152137, 0.6732869910625621, 0.6602218225419664, 0.663290055642745, 0.6434297664691531, 0.658659217877095, 0.6486246672582077, 0.6611374407582938, 0.6942311126986962, 0.659301606922126, 0.6869153201312113, 0.6841317365269461, 0.6928294573643411, 0.637042862760519, 0.6954428754813864, 0.6785218598195697, 0.6640788295013437, 0.6727302794774268, 0.6516321516321516, 0.6859819018891887, 0.669109947643979, 0.6910415149308085, 0.6671652954375468, 0.6860793344228198, 0.6774952226958695, 0.6741765480895916, 0.6577871953988195, 0.68582769773596, 0.6607117336001144, 0.675253126861227, 0.6945244956772334, 0.6866498740554157, 0.6827473426001636, 0.673069435431538, 0.6912701941603676, 0.7022578890097932, 0.6814658210007047, 0.7044061861686607, 0.6868332207967589, 0.720145707950586, 0.676112078518284, 0.6599177475482442, 0.653131203753835, 0.6646350312001161, 0.6712797134483881, 0.688189439623474, 0.6483726866624122, 0.6792844179414053]
val step Accs: [0.6840659340659341, 0.6907066795740562, 0.6980691373403924, 0.677082066869301, 0.6906485903558773, 0.6802517231045849, 0.6876677719879993, 0.6939248724686968, 0.7184516803975415, 0.6815789473684211, 0.708904109589041, 0.696877012234385, 0.7061058700209644, 0.711480121347597, 0.6783144912641316, 0.6749445676274944]
Preds: [17, 17, 17, 17, 17, 296, 296, 317, 317, 392, 317, 317, 317, 461, 63, 392, 461, 461, 461, 461, 461, 63, 63, 461, 461, 63, 63, 63, 63, 63, 63, 63, 63, 63, 63, 63, 63, 63, 63, 63, 63, 63, 63, 63, 63, 461, 63, 63, 63, 63, 63, 63, 63, 63, 73, 73, 73, 244, 461, 188, 213, 213, 213, 301, 378, 32, 43, 276, 354, 109, 109, 278, 278, 278, 278, 374, 374, 374, 374, 374, 276, 276, 276, 331, 331, 331, 132, 132, 132, 132, 303, 219, 219, 219, 219, 219, 219, 213, 246, 246, 246, 246, 246, 246, 246, 246, 246, 335, 454, 197, 197, 80, 80, 414, 80, 287, 287, 206, 240, 240, 314, 239, 239, 371, 180, 486, 206, 120, 167, 219, 219, 219, 219, 219, 324, 324, 324, 422, 416, 416, 303, 395, 354, 208, 276, 276, 346, 346, 145, 315, 450, 450, 293, 43, 43, 276, 276, 276, 174, 331, 426, 426, 428, 293, 293, 287, 145, 284, 111, 85, 146, 146, 146, 468, 36, 282, 36, 494, 355, 355, 115, 273, 273, 175, 413, 375, 375, 375, 375, 98, 98, 13, 229, 229, 82, 312, 312, 187, 23, 23, 73, 63, 63, 20, 244, 392, 73, 73, 73, 73, 244, 209, 287, 287, 284, 284, 206, 406, 406, 406, 88, 406, 276, 276, 276, 346, 413, 413, 413, 293, 497, 43, 406, 406, 239, 208, 106, 106, 106, 426, 387, 387, 387, 406, 406, 406, 406, 250, 250, 250, 250, 182, 43, 132, 132, 122, 122, 117, 48, 13, 414, 414, 414, 414, 187, 187, 244, 73, 73, 244, 209, 287, 287, 284, 460, 460, 240, 35, 35, 77, 342, 342, 224, 207, 207, 324, 324, 464, 14, 14, 14, 411, 287, 426, 293, 186, 239, 239, 208, 276, 241, 107, 319, 348, 251, 251, 431, 398, 324, 434, 251, 241, 331, 84, 496, 250, 250, 8, 239, 32, 354, 106, 371, 240, 240, 236, 35, 35, 251, 384, 180, 443, 486, 376, 376, 376, 376, 206, 206, 460, 203, 263, 35, 414, 414, 312, 312, 312, 187, 23, 187, 80, 149, 244, 392, 392, 63, 63, 63, 73, 73, 73, 73, 244, 63, 83, 287, 240, 240, 8, 406, 406, 354, 180, 139, 35, 406, 406, 88, 88, 431, 144, 132, 399, 399, 303, 217, 473, 65, 188, 278, 286, 236, 236, 143, 239, 239, 107, 107, 107, 107, 213, 213, 213, 213, 213, 246, 3, 3, 143, 374, 374, 374, 145, 460, 240, 35, 36, 36, 36, 355, 342, 303, 217, 217, 132, 65, 65, 145, 315, 468, 406, 467, 406, 250, 250, 313, 77, 239, 239, 107, 371, 324, 301, 143, 251, 241, 431, 84, 496, 496, 75, 32, 32, 32, 32, 354, 354, 100, 100, 153, 153, 182, 182, 182, 375, 98, 98, 345, 414, 414, 312, 312, 312, 187, 187, 170, 244, 244, 392, 392, 392, 63, 73, 73, 73, 244, 63, 83, 287, 443, 240, 240, 406, 406, 406, 354, 180, 264, 35, 35, 406, 406, 406, 406, 250, 250, 153, 153, 387, 387, 387, 497, 43, 406, 406, 406, 354, 106, 106, 387, 387, 387, 387, 406, 406, 406, 250, 250, 250, 250, 132, 132, 132, 132, 132, 250, 98, 98, 98, 75, 251, 208, 287, 145, 145, 460, 460, 169, 150, 35, 36, 36, 224, 355, 203, 217, 217, 473, 473, 278, 278, 171, 171, 19, 143, 239, 239, 107, 395, 106, 106, 106, 153, 153, 182, 182, 182, 182, 182, 387, 98, 98, 35, 414, 414, 312, 312, 126, 23, 23, 23, 149, 149, 228, 73, 320, 63, 287, 460]

ep200
Train step Loss: [1.6163877248764038, 1.5370603799819946, 1.49225914478302, 1.4115631580352783, 1.4870299100875854, 1.428882122039795, 1.5389147996902466, 1.5181758403778076, 1.476142406463623, 1.4583094120025635, 1.5285944938659668, 1.5113905668258667, 1.468595266342163, 1.584143042564392, 1.378669023513794, 1.530410647392273, 1.4767791032791138, 1.470598816871643, 1.4244701862335205, 1.4690042734146118, 1.5167338848114014, 1.37883722782135, 1.4015707969665527, 1.452512502670288, 1.4535788297653198, 1.4360129833221436, 1.6057049036026, 1.4024951457977295, 1.3745828866958618, 1.447585940361023, 1.484330177307129, 1.4797029495239258, 1.4964611530303955, 1.4343940019607544, 1.48703932762146, 1.4247127771377563, 1.5220708847045898, 1.539983868598938, 1.5312025547027588, 1.4509025812149048, 1.5686875581741333, 1.5069235563278198, 1.4453067779541016, 1.415381669998169, 1.5284204483032227, 1.465466022491455, 1.3716998100280762, 1.5358182191848755, 1.3929158449172974, 1.5443357229232788, 1.4992928504943848, 1.4204983711242676, 1.414900541305542, 1.4276878833770752, 1.4322084188461304, 1.4243593215942383, 1.4091508388519287, 1.473246455192566, 1.4643478393554688, 1.5496293306350708, 1.5147711038589478, 1.4902398586273193, 1.512592077255249]
val step Loss: [1.37260901927948, 1.438743233680725, 1.4033836126327515, 1.499070167541504, 1.2945938110351562, 1.3677161931991577, 1.394708275794983, 1.5144120454788208, 1.3996539115905762, 1.4127370119094849, 1.3677886724472046, 1.4423950910568237, 1.486215353012085, 1.4298619031906128, 1.3790550231933594, 1.3859082460403442]
Train step Accs: [0.6427264409881062, 0.6566303651505445, 0.6720014385901816, 0.6912189485846332, 0.6781141738213586, 0.692964050916212, 0.6640724494127636, 0.6723669490171008, 0.6703546529251289, 0.6722423859870601, 0.6561857184836909, 0.6803370786516854, 0.6776437847866419, 0.6470943396226415, 0.6959649671567094, 0.6569958553665857, 0.6782435740514076, 0.6772024209818427, 0.6927365649682515, 0.6736111111111112, 0.6650156843321776, 0.6967482645232006, 0.7025540971975878, 0.6916206560571614, 0.689289501590668, 0.6918958031837916, 0.6567669922264301, 0.7056081792211697, 0.7077328374399504, 0.6830225711481845, 0.6725138307920658, 0.6784594153807553, 0.6662149954832882, 0.6874143131340829, 0.6664437385052667, 0.6911210762331839, 0.6687328816491279, 0.6568198395331875, 0.6687155240346729, 0.677433962264151, 0.6633061289806369, 0.6621933035109123, 0.6840875912408759, 0.6827009646302251, 0.6656465187452181, 0.6769948359153757, 0.7061855670103093, 0.6619944517447802, 0.6980861244019139, 0.6565000754944889, 0.6822016874246686, 0.6819704158526374, 0.7020921770770163, 0.6875091952331911, 0.6863596872284969, 0.6906797477224947, 0.6931586608442504, 0.6777389277389277, 0.6830511260891008, 0.6525131282820705, 0.6620712844653666, 0.6718009478672986, 0.6606469002695418]
val step Accs: [0.7074444278681188, 0.683242092457421, 0.6934859972149157, 0.6773363818233781, 0.7157894736842105, 0.7096106583883068, 0.7004372078998945, 0.6642512077294686, 0.6992133271633503, 0.6887113478325196, 0.7062127659574468, 0.6922768036407442, 0.6859918520839862, 0.6905244856563315, 0.7044624217118998, 0.7094625631603123]
Preds: [17, 17, 7, 7, 217, 217, 217, 473, 473, 65, 371, 278, 290, 290, 150, 17, 68, 354, 106, 284, 206, 206, 206, 167, 35, 35, 35, 406, 406, 278, 337, 286, 286, 468, 468, 468, 468, 467, 467, 467, 337, 337, 286, 468, 278, 278, 278, 246, 378, 338, 250, 250, 250, 250, 65, 138, 88, 100, 100, 182, 182, 497, 497, 43, 122, 276, 276, 153, 153, 153, 153, 387, 387, 387, 122, 413, 413, 250, 250, 250, 250, 250, 250, 303, 303, 303, 303, 303, 303, 303, 303, 303, 48, 48, 414, 414, 197, 82, 47, 47, 392, 392, 73, 320, 320, 320, 7, 7, 398, 278, 213, 360, 434, 434, 339, 10, 250, 250, 250, 473, 354, 88, 88, 109, 109, 109, 464, 464, 464, 146, 146, 171, 171, 301, 416, 416, 239, 354, 467, 355, 355, 355, 355, 403, 171, 171, 171, 171, 252, 252, 252, 143, 239, 331, 331, 84, 84, 426, 375, 375, 43, 43, 43, 276, 276, 276, 182, 182, 182, 182, 182, 182, 182, 182, 98, 98, 414, 414, 414, 414, 414, 47, 80, 244, 321, 320, 66, 7, 109, 331, 106, 284, 284, 206, 169, 169, 35, 35, 35, 354, 284, 284, 206, 206, 240, 240, 35, 35, 115, 315, 315, 315, 450, 450, 413, 413, 413, 250, 250, 250, 122, 122, 497, 122, 212, 36, 36, 172, 172, 115, 115, 267, 267, 267, 213, 213, 213, 246, 246, 246, 246, 454, 143, 401, 259, 371, 180, 354, 284, 284, 284, 206, 206, 167, 35, 35, 35, 34, 324, 324, 171, 171, 171, 252, 143, 77, 219, 324, 324, 324, 324, 324, 246, 246, 246, 246, 3, 3, 143, 197, 411, 411, 398, 398, 464, 464, 464, 139, 139, 496, 88, 88, 313, 34, 34, 239, 239, 395, 395, 180, 84, 84, 84, 496, 413, 375, 375, 375, 98, 35, 35, 414, 414, 312, 187, 187, 187, 244, 392, 392, 321, 321, 320, 320, 7, 7, 7, 431, 346, 400, 171, 171, 252, 252, 143, 239, 107, 107, 107, 400, 400, 434, 301, 77, 34, 374, 374, 374, 400, 374, 374, 374, 374, 374, 374, 132, 132, 43, 43, 43, 345, 345, 345, 374, 10, 212, 34, 36, 36, 172, 338, 338, 400, 400, 400, 400, 213, 213, 213, 213, 246, 19, 339, 19, 19, 301, 301, 240, 240, 240, 240, 240, 240, 240, 240, 240, 240, 240, 240, 240, 240, 240, 240, 240, 240, 240, 240, 240, 240, 240, 240, 240, 240, 240, 240, 240, 240, 240, 240, 240, 240, 240, 240, 240, 240, 240, 240, 240, 240, 240, 240, 240, 240, 240, 240, 240, 240, 240, 240, 240, 240, 240, 240, 240, 240, 240, 240, 240, 240, 240, 240, 240, 240, 240, 240, 240, 240, 240, 240, 240, 240, 240, 240, 240, 240, 240, 240, 240, 240, 240, 240, 240, 240, 240, 240, 240, 240, 240, 240, 240, 240, 240, 240, 240, 240, 240, 240, 240, 240, 240, 240, 240, 240, 240, 240, 240, 240, 240, 240, 240, 240, 240, 240, 240, 240, 240, 240, 240, 240, 240, 240, 240, 240, 240, 240, 240, 240, 240, 240, 240, 240, 240, 240, 240, 240, 240, 240, 240, 240, 240, 240, 240, 240, 240, 240, 240, 240, 240, 240, 240, 240, 240, 240, 240, 240, 240, 240, 240, 240, 240, 240, 240, 240, 240, 240, 240, 240, 240, 240, 240, 240, 240, 240, 240, 240, 240, 240, 240, 240, 240, 240, 240, 240, 240, 240, 240, 240, 240, 240, 240, 240, 240, 240, 240, 240, 240, 240, 240, 240, 240, 240, 240, 240, 240, 240, 240, 240, 240, 240, 240]

ep201
Train step Loss: [1.4271515607833862, 1.402550220489502, 1.525347113609314, 1.4649624824523926, 1.4855495691299438, 1.341612458229065, 1.4746683835983276, 1.4603550434112549, 1.5588469505310059, 1.4538037776947021, 1.4065272808074951, 1.485706090927124, 1.5060596466064453, 1.4015783071517944, 1.4802135229110718, 1.431762933731079, 1.398291826248169, 1.5356762409210205, 1.4879238605499268, 1.490317702293396, 1.482377052307129, 1.518479824066162, 1.4135923385620117, 1.4806594848632812, 1.5356169939041138, 1.3449758291244507, 1.516299843788147, 1.4576700925827026, 1.5396344661712646, 1.421018123626709, 1.3764431476593018, 1.4749038219451904, 1.4665113687515259, 1.512306571006775, 1.4746623039245605, 1.4602640867233276, 1.6088732481002808, 1.411930799484253, 1.4078505039215088, 1.4904505014419556, 1.480992078781128, 1.4479222297668457, 1.5390031337738037, 1.5483042001724243, 1.4436808824539185, 1.5474143028259277, 1.4613949060440063, 1.3888893127441406, 1.4432995319366455, 1.4694257974624634, 1.432044267654419, 1.4491808414459229, 1.4348349571228027, 1.424248218536377, 1.4084395170211792, 1.5048691034317017, 1.504910945892334, 1.4109643697738647, 1.4791944026947021, 1.4905436038970947, 1.5007972717285156, 1.3891959190368652, 1.4778375625610352]
val step Loss: [1.3873271942138672, 1.42606520652771, 1.4032070636749268, 1.3875455856323242, 1.3662558794021606, 1.4380890130996704, 1.3837997913360596, 1.3961122035980225, 1.3715213537216187, 1.4517861604690552, 1.4360841512680054, 1.3922425508499146, 1.4174290895462036, 1.3139030933380127, 1.4681329727172852, 1.4052983522415161]
Train step Accs: [0.6859761369531385, 0.6949969861362266, 0.6642093623295245, 0.6781049631916409, 0.6843321299638989, 0.7026509572901325, 0.6740764955867931, 0.6802686817800168, 0.6549804393620222, 0.6845382746051033, 0.6950218340611354, 0.6753610691959474, 0.6739060489060489, 0.6971799793296914, 0.6667802965740582, 0.6903897743411709, 0.6908125075455753, 0.6624812593703149, 0.6785304247990815, 0.6734896005282272, 0.676330657151353, 0.6622423485321673, 0.6891790484766621, 0.6692346340646458, 0.6589861751152074, 0.7036680862755873, 0.6717098067808969, 0.6769518466573166, 0.6578354002254791, 0.6894566895970798, 0.7069035123132822, 0.6763636363636364, 0.6742747754380798, 0.662172878667724, 0.6750069118053635, 0.6803826497182545, 0.6445783132530121, 0.6927659574468085, 0.6964193046185781, 0.6738812906652503, 0.6881415929203539, 0.6892829606784888, 0.662803738317757, 0.6701164294954722, 0.6857364742428165, 0.6608059747938385, 0.6914509803921569, 0.7009417940404509, 0.6775469831849654, 0.6719048318402114, 0.6774628879892037, 0.6821404682274248, 0.688317546233649, 0.6965452847805789, 0.6958601352465776, 0.6663273960983884, 0.6656060167775528, 0.6903023983315955, 0.671198318149965, 0.6713286713286714, 0.6788623314194151, 0.6912506522873543, 0.6858437935843794]
val step Accs: [0.6944534544275057, 0.6945960698689956, 0.7005412719891746, 0.6996001332889037, 0.7086488640892786, 0.6911855990068281, 0.7095510695992769, 0.6947368421052632, 0.7024060785141409, 0.6864263587721768, 0.6853848457622043, 0.70188920909382, 0.6940537529591979, 0.7262184380504991, 0.6800631548729725, 0.6894828878341244]
Preds: [17, 17, 309, 479, 331, 278, 264, 264, 264, 264, 264, 264, 264, 264, 468, 468, 468, 468, 467, 337, 337, 271, 150, 150, 494, 278, 164, 203, 321, 321, 321, 75, 186, 36, 66, 66, 68, 342, 342, 115, 115, 267, 267, 267, 267, 213, 213, 252, 252, 219, 324, 324, 464, 464, 464, 315, 315, 315, 403, 464, 403, 403, 403, 171, 171, 171, 3, 246, 246, 246, 246, 246, 416, 143, 77, 371, 259, 338, 338, 338, 338, 431, 338, 303, 303, 303, 303, 48, 48, 229, 229, 312, 312, 126, 23, 23, 23, 47, 47, 149, 149, 244, 392, 244, 321, 321, 321, 320, 7, 331, 65, 330, 330, 171, 171, 252, 143, 239, 239, 321, 287, 145, 284, 284, 284, 284, 450, 293, 293, 293, 122, 122, 406, 276, 106, 106, 346, 426, 426, 426, 387, 387, 167, 88, 88, 88, 467, 467, 88, 88, 496, 338, 338, 208, 48, 48, 48, 414, 414, 414, 414, 47, 244, 244, 321, 321, 321, 83, 83, 83, 169, 460, 169, 169, 150, 77, 342, 342, 342, 115, 267, 267, 150, 464, 464, 139, 139, 139, 139, 293, 293, 497, 35, 186, 354, 354, 354, 319, 319, 319, 348, 348, 75, 473, 371, 278, 278, 278, 286, 468, 34, 35, 84, 84, 84, 139, 293, 293, 75, 406, 354, 100, 100, 100, 100, 345, 106, 153, 98, 98, 98, 13, 13, 414, 170, 312, 80, 80, 80, 80, 73, 73, 80, 73, 73, 244, 320, 320, 320, 320, 320, 473, 400, 346, 171, 171, 434, 434, 252, 36, 99, 36, 36, 338, 400, 400, 286, 301, 301, 77, 324, 324, 324, 324, 464, 464, 464, 464, 358, 139, 84, 84, 139, 293, 75, 75, 406, 331, 331, 331, 139, 355, 240, 355, 468, 35, 251, 114, 115, 115, 486, 376, 376, 376, 376, 460, 460, 263, 263, 13, 414, 170, 170, 170, 244, 187, 408, 408, 75, 66, 66, 66, 66, 68, 342, 342, 115, 115, 267, 267, 267, 213, 213, 213, 252, 252, 246, 324, 219, 219, 464, 464, 464, 315, 315, 486, 464, 403, 403, 403, 146, 434, 207, 143, 77, 219, 213, 213, 213, 324, 19, 422, 143, 36, 36, 232, 232, 355, 115, 267, 267, 267, 267, 246, 434, 434, 203, 339, 473, 473, 65, 290, 290, 290, 264, 264, 264, 264, 264, 264, 468, 468, 468, 468, 337, 337, 286, 282, 434, 19, 416, 236, 374, 374, 374, 473, 276, 276, 276, 153, 153, 153, 153, 153, 497, 497, 122, 8, 251, 241, 208, 354, 354, 354, 354, 426, 426, 375, 98, 98, 98, 82, 23, 83, 83, 240, 240, 240, 240, 240, 240, 240, 240, 240, 240, 240, 240, 240, 240, 240, 240, 240, 240, 240, 240, 240, 240, 240, 240, 240, 240, 240, 240, 240, 240, 240, 240, 240, 240, 240, 240, 240, 240, 240, 240, 240, 240, 240, 240, 240, 240, 240, 240, 240, 240, 240, 240, 240, 240, 240, 240, 240, 240, 240, 240, 240, 240, 240, 240, 240, 240, 240, 240, 240, 240, 240, 240, 240, 240, 240, 240, 240, 240, 240, 240, 240, 240, 240, 240, 240, 240, 240, 240, 240, 240, 240, 240, 240, 240, 240, 240, 240, 240, 240, 240, 240, 240, 240, 240, 240, 240, 240, 240, 240, 240, 240, 240, 240, 240, 240, 240, 240, 240, 240, 240, 240, 240, 240, 240, 240, 240, 240, 240, 240, 240, 240, 240, 240, 240, 240, 240, 240, 240, 240, 240, 240, 240, 240, 240, 240, 240, 240, 240, 240, 240, 240, 240, 240, 240, 240, 240, 240, 240, 240, 240, 240, 240, 240, 240, 240]

ep202
Train step Loss: [1.4086915254592896, 1.4182027578353882, 1.4760637283325195, 1.4569364786148071, 1.5254372358322144, 1.4805262088775635, 1.329732060432434, 1.4280694723129272, 1.3394744396209717, 1.5131982564926147, 1.465104103088379, 1.4491865634918213, 1.3346457481384277, 1.458743929862976, 1.3844614028930664, 1.3429512977600098, 1.453208327293396, 1.5254831314086914, 1.5685620307922363, 1.4134408235549927, 1.462481141090393, 1.4274401664733887, 1.4827520847320557, 1.3664240837097168, 1.5384982824325562, 1.4731409549713135, 1.5301105976104736, 1.3822060823440552, 1.5548752546310425, 1.490336298942566, 1.4408421516418457, 1.4502836465835571, 1.474989652633667, 1.472841501235962, 1.4635285139083862, 1.464311957359314, 1.5080751180648804, 1.4066709280014038, 1.492655634880066, 1.435627818107605, 1.3922004699707031, 1.4329452514648438, 1.5027328729629517, 1.4590790271759033, 1.5220998525619507, 1.4268087148666382, 1.5264418125152588, 1.497516393661499, 1.348620891571045, 1.403210997581482, 1.4633370637893677, 1.4997994899749756, 1.5375412702560425, 1.4123319387435913, 1.418007731437683, 1.3753300905227661, 1.406375765800476, 1.3872122764587402, 1.5340205430984497, 1.4828485250473022, 1.4008322954177856, 1.4701982736587524, 1.5324674844741821]
val step Loss: [1.3453888893127441, 1.365714192390442, 1.363178014755249, 1.3877307176589966, 1.3723807334899902, 1.377930998802185, 1.2911258935928345, 1.5117943286895752, 1.4287830591201782, 1.2930717468261719, 1.4125430583953857, 1.4476374387741089, 1.362160086631775, 1.4766308069229126, 1.4842873811721802, 1.398283839225769]
Train step Accs: [0.6876553438276719, 0.688650027327382, 0.6759979263867288, 0.6767079850100893, 0.660783403003561, 0.6783277689069531, 0.7093539372020384, 0.6833486378940924, 0.7104118329466357, 0.6728657456606447, 0.6793142214727375, 0.6883957466481738, 0.7181320352905385, 0.6779026217228464, 0.6941176470588235, 0.7058139534883721, 0.6861952861952862, 0.6665715915573303, 0.6580366774541532, 0.6907980811164414, 0.6817510406875251, 0.686280179268469, 0.6632138857782754, 0.6988386063275931, 0.6611501861812163, 0.6853782411120022, 0.6574585635359116, 0.7031318281136199, 0.6531625300240192, 0.6736542009055845, 0.6900491985399143, 0.6897486075568268, 0.6766016285143647, 0.6772802653399669, 0.6790535175480388, 0.6848019978594363, 0.6721409973963549, 0.6934705284552846, 0.6737635113003603, 0.6867523923444976, 0.6972980579791725, 0.6860165468601654, 0.6758482534117942, 0.6816263365222285, 0.6612976751253609, 0.6972027972027972, 0.6652030735455543, 0.6640030441400304, 0.702559462254395, 0.6992673992673992, 0.6796283059328091, 0.6661461044594829, 0.6711801596351197, 0.6911955815464588, 0.6961077844311377, 0.6980494547688527, 0.6891491463242557, 0.7081717451523546, 0.6611967512017238, 0.6725726435152374, 0.692136968928345, 0.6844868735083532, 0.6863905325443787]
val step Accs: [0.7100417762648925, 0.7119978997112103, 0.7059188100402851, 0.6966779008184882, 0.6987242394504416, 0.705023205023205, 0.7259851353246389, 0.6656050955414012, 0.6912815626488804, 0.7237880496054115, 0.6954355512696883, 0.6823030834429343, 0.7126175310888687, 0.6826196473551638, 0.6765782250686185, 0.6948618516723218]
Preds: [17, 17, 17, 17, 17, 296, 296, 392, 392, 392, 392, 392, 392, 392, 392, 461, 244, 461, 249, 461, 461, 63, 63, 63, 461, 461, 63, 63, 63, 63, 63, 63, 63, 63, 63, 63, 63, 63, 63, 63, 63, 63, 63, 63, 63, 63, 63, 63, 63, 63, 63, 63, 63, 63, 63, 63, 63, 63, 244, 63, 63, 66, 66, 244, 82, 435, 66, 66, 63, 63, 63, 63, 63, 63, 63, 63, 63, 244, 73, 73, 289, 244, 320, 188, 30, 30, 324, 301, 378, 251, 251, 241, 431, 284, 284, 319, 319, 374, 374, 132, 10, 309, 479, 331, 106, 153, 122, 153, 182, 182, 182, 182, 387, 387, 387, 82, 82, 14, 188, 324, 324, 301, 8, 43, 276, 276, 346, 346, 139, 428, 428, 264, 240, 240, 35, 239, 371, 371, 324, 324, 339, 10, 10, 309, 479, 331, 84, 84, 153, 182, 182, 182, 182, 182, 182, 43, 43, 276, 276, 276, 346, 346, 284, 206, 206, 206, 206, 167, 468, 35, 35, 239, 34, 398, 464, 240, 35, 35, 349, 75, 34, 34, 464, 171, 171, 171, 301, 236, 8, 32, 32, 239, 354, 213, 213, 213, 213, 213, 213, 246, 246, 301, 301, 8, 43, 43, 138, 345, 109, 109, 278, 286, 171, 171, 171, 246, 246, 3, 3, 3, 143, 401, 401, 80, 80, 209, 287, 284, 460, 460, 169, 349, 303, 395, 354, 400, 420, 207, 264, 416, 143, 239, 251, 208, 208, 276, 153, 153, 153, 153, 106, 182, 43, 497, 98, 98, 229, 259, 312, 312, 126, 47, 47, 47, 149, 228, 80, 80, 7, 7, 309, 374, 374, 374, 132, 132, 132, 132, 309, 473, 473, 309, 213, 213, 324, 213, 324, 3, 3, 14, 14, 259, 287, 287, 284, 111, 111, 146, 169, 219, 219, 219, 219, 219, 324, 324, 3, 339, 473, 473, 34, 374, 132, 132, 236, 236, 239, 239, 107, 371, 180, 180, 443, 486, 486, 468, 468, 35, 406, 467, 467, 139, 284, 284, 284, 206, 206, 206, 263, 263, 35, 197, 197, 7, 473, 217, 473, 65, 330, 278, 286, 236, 143, 239, 239, 239, 239, 75, 107, 107, 395, 213, 213, 213, 213, 213, 246, 246, 246, 246, 246, 19, 19, 19, 454, 414, 414, 414, 414, 170, 170, 392, 392, 392, 392, 392, 392, 392, 392, 392, 392, 392, 392, 63, 23, 23, 83, 83, 83, 240, 240, 240, 240, 240, 240, 240, 240, 240, 240, 240, 240, 240, 240, 240, 240, 240, 240, 240, 240, 240, 240, 240, 240, 240, 240, 240, 240, 240, 240, 240, 240, 240, 240, 240, 240, 240, 240, 240, 240, 240, 240, 240, 240, 240, 240, 240, 240, 240, 240, 240, 240, 240, 240, 240, 240, 240, 240, 240, 240, 240, 240, 240, 240, 240, 240, 240, 240, 240, 240, 240, 240, 240, 240, 240, 240, 240, 240, 240, 240, 240, 240, 240, 240, 240, 240, 240, 240, 240, 240, 240, 240, 240, 240, 240, 240, 240, 240, 240, 240, 240, 240, 240, 240, 240, 240, 240, 240, 240, 240, 240, 240, 240, 240, 240, 240, 240, 240, 240, 240, 240, 240, 240, 240, 240, 240, 240, 240, 240, 240, 240, 240, 240, 240, 240, 240, 240, 240, 240, 240, 240, 240, 240, 240, 240, 240, 240, 240, 240, 240, 240, 240, 240, 240, 240, 240, 240, 240, 240, 240, 240, 240, 240, 240, 240, 240, 240, 240, 240, 240, 240, 240, 240, 240, 240, 240, 240, 240, 240, 240, 240, 240, 240, 240, 240, 240, 240, 240, 240, 240, 240, 240, 240, 240, 240, 240, 240, 240, 240, 240, 240]

ep203
Train step Loss: [1.4026777744293213, 1.4536621570587158, 1.4202461242675781, 1.4673038721084595, 1.3761101961135864, 1.366623878479004, 1.4437533617019653, 1.425491213798523, 1.476220965385437, 1.4615837335586548, 1.4353973865509033, 1.4177131652832031, 1.5151681900024414, 1.5113029479980469, 1.4801403284072876, 1.4203506708145142, 1.461134433746338, 1.4475059509277344, 1.3991795778274536, 1.4222538471221924, 1.452250599861145, 1.44268798828125, 1.5280821323394775, 1.4258617162704468, 1.409112572669983, 1.4366283416748047, 1.4212523698806763, 1.5058155059814453, 1.4578402042388916, 1.4616916179656982, 1.3455862998962402, 1.396798014640808, 1.4337941408157349, 1.4203277826309204, 1.4365476369857788, 1.4718704223632812, 1.4379956722259521, 1.495586633682251, 1.4955130815505981, 1.5102533102035522, 1.550649642944336, 1.4621484279632568, 1.453812837600708, 1.4876468181610107, 1.4319523572921753, 1.358738899230957, 1.4602411985397339, 1.5140389204025269, 1.4056036472320557, 1.3596372604370117, 1.3983327150344849, 1.5381678342819214, 1.4284393787384033, 1.3696035146713257, 1.4306594133377075, 1.4113434553146362, 1.478305459022522, 1.4079309701919556, 1.4028022289276123, 1.532621145248413, 1.3993510007858276, 1.428829550743103, 1.2097752094268799]
val step Loss: [1.3482370376586914, 1.4243241548538208, 1.318138599395752, 1.3668432235717773, 1.3402968645095825, 1.381924033164978, 1.390655279159546, 1.3955134153366089, 1.4056967496871948, 1.4218379259109497, 1.452640175819397, 1.342089295387268, 1.3834974765777588, 1.3315600156784058, 1.3977892398834229, 1.3871203660964966]
Train step Accs: [0.6987597911227154, 0.6812870448772227, 0.6891459887349672, 0.6794810187409899, 0.6952688803996474, 0.6955767562879445, 0.6822339913336543, 0.6841808705451472, 0.6723600178226645, 0.678671918964547, 0.6812044078845259, 0.6964229683087543, 0.6771955902390685, 0.6697468120495287, 0.6716927453769559, 0.6873569408913424, 0.6809926272253192, 0.6911888111888111, 0.6951321279554937, 0.6928930147618323, 0.6858758789361051, 0.681744223885454, 0.6641014678637595, 0.6919205298013245, 0.6961140620631814, 0.6780008793785725, 0.6877992405481261, 0.6708307307932542, 0.6812105185838108, 0.6762490087232356, 0.709696787751426, 0.6974245971629253, 0.6907968574635241, 0.6902274124154887, 0.6920072115384616, 0.6824240545567266, 0.6781688919715624, 0.6680514342235411, 0.6733253229197957, 0.665167416291854, 0.6613924050632911, 0.685005206525512, 0.6766714308400826, 0.6689026487788098, 0.6912969765470471, 0.7033643521832498, 0.6796973518284993, 0.6689127105666156, 0.6858905165767155, 0.7027068126520681, 0.6986687548942835, 0.6685479733196511, 0.6908537562069518, 0.7011563478679836, 0.6869690236570383, 0.6896392939370684, 0.6711307469280685, 0.6906940063091482, 0.7006333567909923, 0.6646208671550188, 0.7011976047904191, 0.6945169712793734, 0.7413369713506139]
val step Accs: [0.7066305818673884, 0.6934217650243638, 0.7123659756969264, 0.7087845968712395, 0.7140672782874617, 0.702048417132216, 0.6974246307823752, 0.7010112853583468, 0.6945069065210407, 0.6900594451783355, 0.6869513465258146, 0.7111805654212247, 0.7040038131553861, 0.7177274947094253, 0.6953879713306326, 0.698049001814882]
Preds: [17, 17, 296, 30, 213, 213, 213, 213, 246, 219, 219, 246, 246, 246, 324, 252, 464, 464, 443, 443, 355, 355, 450, 293, 43, 43, 43, 276, 276, 276, 331, 331, 319, 319, 319, 374, 251, 251, 251, 241, 431, 65, 428, 428, 146, 146, 146, 468, 36, 282, 342, 342, 224, 273, 106, 496, 153, 387, 387, 14, 122, 259, 401, 321, 354, 420, 213, 213, 422, 143, 239, 251, 75, 395, 278, 213, 213, 213, 213, 213, 213, 301, 143, 239, 239, 107, 395, 395, 420, 286, 264, 264, 264, 264, 203, 14, 411, 411, 411, 473, 497, 497, 43, 8, 239, 208, 354, 153, 153, 153, 387, 387, 387, 406, 406, 88, 88, 43, 276, 303, 303, 303, 303, 303, 303, 303, 117, 117, 48, 48, 170, 392, 392, 392, 392, 392, 392, 63, 73, 73, 73, 209, 63, 287, 287, 284, 460, 460, 167, 35, 35, 35, 35, 36, 66, 35, 224, 224, 267, 213, 213, 213, 213, 213, 213, 246, 3, 3, 339, 335, 80, 80, 209, 132, 287, 287, 284, 284, 284, 284, 284, 284, 284, 284, 206, 206, 206, 206, 35, 450, 35, 239, 77, 371, 106, 106, 106, 387, 122, 406, 406, 406, 406, 313, 278, 278, 213, 246, 246, 246, 246, 19, 19, 19, 454, 414, 170, 392, 392, 392, 392, 392, 392, 392, 392, 63, 63, 73, 73, 73, 63, 63, 287, 287, 460, 460, 240, 35, 35, 36, 36, 36, 219, 219, 434, 152, 464, 139, 106, 387, 293, 497, 43, 75, 32, 239, 32, 208, 354, 153, 153, 153, 387, 387, 387, 387, 406, 406, 406, 413, 413, 411, 208, 208, 208, 303, 303, 303, 122, 138, 138, 117, 48, 414, 170, 392, 392, 392, 392, 392, 392, 392, 392, 392, 392, 63, 73, 73, 73, 209, 287, 287, 284, 460, 460, 240, 167, 35, 35, 35, 35, 224, 219, 213, 213, 324, 324, 301, 335, 217, 217, 217, 473, 473, 65, 264, 264, 264, 468, 468, 468, 406, 337, 286, 324, 324, 422, 236, 143, 239, 107, 371, 286, 416, 400, 116, 251, 251, 241, 431, 106, 284, 284, 284, 206, 206, 206, 206, 206, 355, 468, 35, 75, 75, 371, 180, 106, 106, 371, 387, 406, 406, 406, 313, 337, 278, 278, 246, 246, 246, 246, 19, 19, 19, 454, 229, 170, 170, 392, 392, 392, 392, 392, 392, 392, 73, 244, 244, 7, 320, 241, 241, 431, 284, 206, 206, 167, 35, 35, 36, 36, 77, 219, 219, 464, 464, 180, 315, 315, 450, 450, 450, 450, 293, 43, 43, 345, 88, 109, 109, 403, 171, 171, 171, 3, 416, 143, 401, 14, 354, 354, 180, 278, 434, 171, 171, 171, 252, 252, 143, 239, 75, 395, 34, 84, 84, 153, 43, 43, 43, 138, 276, 276, 276, 153, 153, 153, 182, 98, 98, 82, 414, 170, 170, 392, 392, 392, 392, 392, 392, 244, 73, 63, 63, 287, 287, 460, 460, 169, 35, 35, 35, 35, 36, 400, 213, 213, 213, 324, 3, 3, 14, 14, 411, 145, 145, 284, 460, 460, 169, 169, 314, 77, 239, 77, 77, 395, 395, 77, 441, 441, 441, 345, 109, 374, 337, 286, 286, 286, 286, 468, 468, 35, 34, 180, 443, 284, 284, 284, 206, 206, 206, 169, 263, 263, 414, 170, 170, 392, 392, 392, 392, 392, 392, 244, 73, 73, 321, 7, 75, 65, 443, 443, 450, 150, 150, 342, 342, 342, 115, 273, 267, 171, 171, 171, 171, 301, 301, 36, 342, 342, 342, 342, 342, 115, 273, 267, 267, 264, 264, 264, 264, 264, 264, 264, 207, 355, 468, 263, 401]

ep204
Train step Loss: [1.4348955154418945, 1.4569392204284668, 1.418712854385376, 1.3511266708374023, 1.4280421733856201, 1.4371570348739624, 1.417359709739685, 1.3832184076309204, 1.423219919204712, 1.4350361824035645, 1.4702258110046387, 1.4770389795303345, 1.5329172611236572, 1.3990527391433716, 1.397500991821289, 1.4377524852752686, 1.4899576902389526, 1.4291210174560547, 1.3360230922698975, 1.509035348892212, 1.387969732284546, 1.5504302978515625, 1.3946436643600464, 1.3664780855178833, 1.3729076385498047, 1.461235523223877, 1.4089539051055908, 1.4341412782669067, 1.3902233839035034, 1.4649335145950317, 1.388908863067627, 1.37074613571167, 1.3750249147415161, 1.4836469888687134, 1.4983291625976562, 1.4440447092056274, 1.380461573600769, 1.5108450651168823, 1.4295799732208252, 1.4009997844696045, 1.3746556043624878, 1.394978642463684, 1.4510079622268677, 1.4060111045837402, 1.4957554340362549, 1.5153430700302124, 1.2931665182113647, 1.3903791904449463, 1.525132179260254, 1.388321876525879, 1.487225890159607, 1.461411714553833, 1.444209098815918, 1.4412235021591187, 1.4817094802856445, 1.4090770483016968, 1.4583616256713867, 1.3939529657363892, 1.4768532514572144, 1.381503939628601, 1.3510786294937134, 1.3969016075134277, 1.377027988433838]
val step Loss: [1.3797235488891602, 1.460484504699707, 1.4234747886657715, 1.4121217727661133, 1.4438788890838623, 1.330502986907959, 1.3602395057678223, 1.3562638759613037, 1.3878517150878906, 1.291628360748291, 1.328963279724121, 1.350030541419983, 1.3781789541244507, 1.3141638040542603, 1.3294031620025635, 1.3982380628585815]
Train step Accs: [0.6916793576076422, 0.6751698322473312, 0.6876657824933687, 0.7074269732753263, 0.6968759210138521, 0.6854190585533869, 0.678060413354531, 0.6968481375358166, 0.6873732985809441, 0.6890822784810127, 0.6796862745098039, 0.6753897550111359, 0.6633663366336634, 0.6884364820846905, 0.6903777619387028, 0.6718099058787225, 0.6661005434782609, 0.6893511502961841, 0.7165426097523925, 0.6653888280394304, 0.7002610966057441, 0.6542840876743524, 0.6963887650468124, 0.7021907428759677, 0.7072214684154983, 0.6824722488693984, 0.6969613259668508, 0.6900630914826499, 0.6937404580152672, 0.6884057971014492, 0.7036561898652983, 0.7026010654967095, 0.7029992684711046, 0.682484076433121, 0.6721204188481675, 0.6982771763988412, 0.7098862642169729, 0.6757585539057457, 0.6906902331250953, 0.692892990124656, 0.6944295181801898, 0.6877835132175817, 0.6874456364163526, 0.697837046674256, 0.6694692590646348, 0.6656457376212354, 0.721024868123587, 0.6922032056506384, 0.6709284627092846, 0.6961317135549873, 0.6736101134894412, 0.6765219924264492, 0.6859344894026975, 0.6934745277618775, 0.6749823819591262, 0.6914933837429111, 0.673425294997507, 0.7017731580556404, 0.6735376044568245, 0.6998449175243198, 0.7014925373134329, 0.701199200532978, 0.693654990085922]
val step Accs: [0.7107329842931938, 0.678263329090652, 0.6926887598223437, 0.6977249673960295, 0.6887799974871215, 0.7060402684563758, 0.6987889273356401, 0.7089296826384568, 0.7016405951926745, 0.7280421812127099, 0.7089755213055303, 0.7100724818795301, 0.6949865410497981, 0.717551622418879, 0.7112155809267965, 0.6951190756896958]
Preds: [17, 17, 17, 17, 17, 17, 317, 317, 317, 317, 317, 317, 317, 317, 244, 317, 461, 317, 317, 461, 317, 461, 461, 461, 461, 244, 461, 461, 461, 63, 63, 63, 63, 63, 63, 244, 244, 461, 47, 47, 47, 461, 63, 63, 244, 244, 461, 211, 461, 461, 47, 7, 7, 7, 7, 461, 461, 63, 244, 63, 63, 63, 244, 435, 435, 435, 461, 287, 287, 284, 284, 284, 450, 293, 43, 276, 276, 276, 276, 182, 182, 182, 182, 182, 182, 182, 182, 387, 387, 98, 82, 197, 197, 414, 320, 287, 287, 284, 284, 206, 167, 167, 406, 406, 354, 354, 354, 88, 371, 32, 32, 239, 384, 371, 371, 180, 443, 443, 284, 284, 284, 284, 284, 206, 206, 206, 206, 206, 263, 263, 197, 197, 197, 414, 83, 152, 152, 264, 236, 143, 239, 371, 443, 84, 35, 106, 106, 43, 43, 43, 43, 276, 276, 276, 276, 153, 153, 182, 182, 182, 182, 182, 182, 182, 182, 497, 335, 14, 14, 411, 411, 188, 145, 287, 171, 416, 349, 349, 32, 32, 32, 354, 473, 65, 403, 403, 403, 171, 171, 171, 171, 3, 3, 14, 188, 324, 324, 324, 324, 324, 3, 3, 14, 14, 188, 188, 434, 171, 19, 19, 203, 411, 75, 75, 401, 401, 259, 371, 371, 213, 213, 213, 213, 213, 246, 19, 19, 454, 414, 414, 47, 414, 187, 47, 80, 63, 80, 73, 244, 244, 209, 83, 83, 83, 186, 330, 330, 330, 330, 388, 10, 10, 338, 338, 338, 212, 32, 32, 239, 384, 371, 395, 278, 278, 264, 264, 264, 264, 355, 355, 355, 203, 401, 14, 14, 401, 320, 411, 208, 287, 285, 497, 75, 75, 32, 239, 32, 354, 106, 153, 387, 387, 387, 387, 406, 406, 406, 406, 406, 182, 182, 182, 182, 182, 375, 375, 375, 98, 98, 98, 197, 197, 80, 170, 80, 287, 287, 460, 460, 178, 35, 77, 342, 224, 355, 388, 203, 217, 70, 473, 65, 145, 315, 468, 406, 406, 406, 467, 250, 250, 250, 313, 313, 77, 239, 239, 384, 371, 371, 324, 324, 301, 339, 251, 241, 431, 331, 84, 496, 250, 250, 75, 32, 32, 32, 354, 106, 106, 387, 387, 387, 406, 406, 406, 467, 337, 278, 246, 434, 246, 246, 246, 246, 246, 19, 19, 454, 454, 229, 414, 80, 408, 408, 63, 63, 63, 63, 63, 63, 47, 47, 408, 408, 149, 228, 73, 244, 244, 83, 83, 301, 240, 349, 75, 32, 32, 32, 354, 109, 180, 264, 264, 264, 120, 120, 264, 264, 264, 264, 264, 355, 355, 203, 14, 14, 411, 188, 35, 387, 236, 116, 10, 10, 398, 398, 324, 422, 36, 99, 338, 338, 395, 395, 338, 338, 338, 431, 331, 109, 337, 286, 286, 286, 286, 468, 285, 34, 34, 180, 443, 284, 284, 284, 206, 206, 355, 282, 282, 35, 35, 374, 188, 324, 324, 324, 171, 171, 3, 3, 3, 14, 14, 188, 434, 264, 264, 264, 264, 264, 207, 416, 349, 349, 349, 239, 454, 414, 414, 312, 126, 80, 80, 20, 244, 73, 73, 244, 209, 209, 83, 83, 66, 66, 330, 330, 330, 388, 10, 10, 338, 338, 338, 212, 212, 32, 239, 384, 107, 395, 395, 278, 264, 264, 264, 355, 293, 14, 14, 411, 287, 35, 106, 497, 75, 75, 32, 239, 32, 354, 106, 153, 387, 387, 387, 387, 406, 406, 406, 406, 182, 182, 182, 182, 182, 375, 375, 98, 98, 82, 75, 401, 401, 287, 287, 287, 284, 206, 167, 35, 35, 77, 342, 342, 224, 355, 388, 217, 303, 70, 65]

ep205
Train step Loss: [1.4442082643508911, 1.40035879611969, 1.4312152862548828, 1.4602246284484863, 1.4128204584121704, 1.4250166416168213, 1.517007827758789, 1.3725671768188477, 1.3512245416641235, 1.442663311958313, 1.412651777267456, 1.3712329864501953, 1.4032419919967651, 1.4844828844070435, 1.4535382986068726, 1.4800059795379639, 1.3710660934448242, 1.5040160417556763, 1.4402645826339722, 1.3012505769729614, 1.3551636934280396, 1.4283686876296997, 1.3832917213439941, 1.3830878734588623, 1.3857585191726685, 1.502842664718628, 1.3328170776367188, 1.3494681119918823, 1.3360013961791992, 1.4754564762115479, 1.4322408437728882, 1.4533652067184448, 1.4314242601394653, 1.4402856826782227, 1.325422763824463, 1.3993765115737915, 1.5251960754394531, 1.3995624780654907, 1.524917721748352, 1.3590115308761597, 1.4059734344482422, 1.3916212320327759, 1.4054744243621826, 1.4625961780548096, 1.3698798418045044, 1.413436770439148, 1.406206727027893, 1.4161186218261719, 1.4167392253875732, 1.4570878744125366, 1.4084761142730713, 1.3776257038116455, 1.4123400449752808, 1.467569351196289, 1.4591624736785889, 1.3472758531570435, 1.3490575551986694, 1.4872124195098877, 1.411111831665039, 1.4801172018051147, 1.3667269945144653, 1.4923095703125, 1.355138897895813]
val step Loss: [1.3331559896469116, 1.3015618324279785, 1.3872846364974976, 1.3757476806640625, 1.28580641746521, 1.272388219833374, 1.384775161743164, 1.3249155282974243, 1.3695073127746582, 1.3924485445022583, 1.3773949146270752, 1.4105490446090698, 1.4193358421325684, 1.3912070989608765, 1.405765414237976, 1.27556312084198]
Train step Accs: [0.6866270430906389, 0.6917997542997543, 0.6947368421052632, 0.6793618855993101, 0.6828408327736736, 0.6983900840575581, 0.6680651928352429, 0.7004726536124241, 0.7080076684854741, 0.6781853623958887, 0.6894847213900539, 0.7024089306698003, 0.694773429454171, 0.6765620142990364, 0.6775133559980573, 0.6741115096185197, 0.6977299880525687, 0.6717975476128359, 0.6877117339082229, 0.7184050090624485, 0.7089403027706369, 0.6948778333823963, 0.70494779845665, 0.7024183417085427, 0.7035423109361821, 0.6685688541823096, 0.7030635188308039, 0.7079168649849278, 0.7138492871690427, 0.6819745699326851, 0.6977322149735943, 0.6797169811320755, 0.6880955767316171, 0.6770299321977841, 0.7240661019302874, 0.7008437270726339, 0.6708150984682714, 0.7027109817736253, 0.6547147043613171, 0.7047566218277631, 0.6895978228001209, 0.6944270507201001, 0.6924496386283254, 0.6711538461538461, 0.711285354242509, 0.6961325966850829, 0.6885731201894613, 0.689500179791442, 0.7005132473297268, 0.6866831508300953, 0.69221140472879, 0.7003707448601281, 0.6962286387743076, 0.6691570570082832, 0.6789645938708717, 0.7065376722368807, 0.7112514351320322, 0.6675977653631285, 0.6941569813723929, 0.6694687891253801, 0.6970084786434171, 0.6660140316527982, 0.7119741100323624]
val step Accs: [0.7153092557391432, 0.7219993829065103, 0.6958102996799534, 0.7047160458858519, 0.7259301334848055, 0.722613831205944, 0.6959565652236034, 0.7086053412462908, 0.7029053420805998, 0.6891798759476223, 0.7028042786932639, 0.6891816143497758, 0.6949478308621636, 0.7104127326679256, 0.6915383603105671, 0.7178712526144551]
Preds: [17, 17, 287, 287, 284, 284, 450, 450, 293, 43, 43, 276, 276, 276, 276, 182, 182, 182, 182, 182, 497, 387, 387, 335, 14, 14, 188, 188, 188, 324, 36, 116, 374, 10, 10, 398, 398, 219, 219, 219, 219, 219, 219, 416, 374, 139, 139, 413, 100, 387, 387, 387, 387, 98, 98, 197, 197, 197, 209, 219, 213, 213, 422, 422, 143, 251, 251, 251, 354, 420, 278, 278, 278, 301, 416, 251, 251, 241, 65, 403, 171, 171, 252, 252, 252, 19, 454, 414, 414, 126, 126, 126, 126, 187, 187, 47, 80, 149, 73, 392, 244, 63, 287, 145, 486, 460, 460, 240, 35, 35, 35, 36, 36, 219, 219, 464, 464, 180, 315, 284, 450, 450, 450, 43, 43, 43, 276, 276, 276, 182, 182, 182, 387, 387, 98, 335, 14, 14, 82, 320, 287, 287, 111, 111, 215, 215, 406, 406, 354, 345, 345, 36, 236, 236, 32, 32, 32, 239, 384, 371, 180, 180, 443, 284, 284, 376, 376, 376, 206, 206, 206, 206, 167, 167, 293, 35, 278, 278, 324, 301, 301, 251, 251, 251, 241, 431, 278, 278, 434, 374, 374, 32, 43, 212, 276, 345, 345, 345, 346, 371, 36, 36, 36, 323, 164, 224, 273, 106, 387, 387, 387, 387, 236, 217, 10, 10, 219, 219, 219, 464, 464, 180, 443, 450, 460, 240, 169, 99, 99, 338, 338, 338, 338, 400, 400, 400, 324, 324, 171, 171, 246, 3, 3, 422, 197, 197, 259, 188, 188, 152, 301, 378, 43, 276, 276, 276, 331, 387, 122, 236, 251, 36, 290, 224, 35, 468, 43, 43, 276, 276, 276, 153, 387, 387, 387, 387, 122, 186, 186, 36, 232, 232, 232, 342, 342, 115, 115, 267, 267, 213, 213, 213, 246, 19, 19, 454, 229, 229, 414, 82, 408, 126, 126, 326, 23, 23, 408, 149, 228, 228, 244, 244, 7, 7, 251, 241, 431, 331, 319, 319, 319, 264, 264, 146, 146, 35, 35, 34, 324, 464, 464, 464, 315, 315, 450, 450, 450, 450, 293, 43, 250, 250, 345, 109, 109, 207, 207, 207, 207, 207, 416, 416, 406, 32, 354, 354, 420, 278, 19, 203, 203, 473, 473, 331, 278, 236, 236, 239, 239, 107, 371, 371, 213, 213, 213, 213, 252, 143, 310, 310, 239, 239, 107, 107, 107, 324, 246, 19, 19, 19, 454, 454, 414, 82, 414, 170, 47, 244, 244, 392, 73, 244, 244, 373, 114, 106, 346, 267, 240, 150, 406, 406, 354, 420, 337, 213, 213, 301, 219, 219, 219, 219, 219, 464, 139, 139, 139, 496, 497, 497, 98, 259, 251, 251, 208, 208, 276, 276, 153, 426, 426, 426, 182, 182, 182, 182, 182, 182, 182, 182, 182, 375, 98, 98, 98, 98, 17, 83, 240, 240, 240, 240, 240, 240, 240, 240, 240, 240, 240, 240, 240, 240, 240, 240, 240, 240, 240, 240, 240, 240, 240, 240, 240, 240, 240, 240, 240, 240, 240, 240, 240, 240, 240, 240, 240, 240, 240, 240, 240, 240, 240, 240, 240, 240, 240, 240, 240, 240, 240, 240, 240, 240, 240, 240, 240, 240, 240, 240, 240, 240, 240, 240, 240, 240, 240, 240, 240, 240, 240, 240, 240, 240, 240, 240, 240, 240, 240, 240, 240, 240, 240, 240, 240, 240, 240, 240, 240, 240, 240, 240, 240, 240, 240, 240, 240, 240, 240, 240, 240, 240, 240, 240, 240, 240, 240, 240, 240, 240, 240, 240, 240, 240, 240, 240, 240, 240, 240, 240, 240, 240, 240, 240, 240, 240, 240, 240, 240, 240, 240, 240, 240, 240, 240, 240, 240, 240, 240, 240, 240, 240]

ep206
Train step Loss: [1.3716356754302979, 1.3780574798583984, 1.4637356996536255, 1.3681741952896118, 1.460341453552246, 1.3577395677566528, 1.4479641914367676, 1.3960837125778198, 1.4496824741363525, 1.4324836730957031, 1.3166546821594238, 1.4057167768478394, 1.4145880937576294, 1.4215233325958252, 1.4422982931137085, 1.3900723457336426, 1.3895361423492432, 1.4661328792572021, 1.3527885675430298, 1.2981919050216675, 1.3827950954437256, 1.446751356124878, 1.4265516996383667, 1.3955743312835693, 1.4757647514343262, 1.4769601821899414, 1.4246989488601685, 1.4321824312210083, 1.4164953231811523, 1.3661812543869019, 1.4553059339523315, 1.3582090139389038, 1.4200385808944702, 1.3313199281692505, 1.387864589691162, 1.3676193952560425, 1.3935868740081787, 1.4281338453292847, 1.4616502523422241, 1.3963375091552734, 1.4857757091522217, 1.3805174827575684, 1.3869545459747314, 1.4187207221984863, 1.4424740076065063, 1.4336395263671875, 1.371940016746521, 1.38894522190094, 1.407686471939087, 1.4232064485549927, 1.5221235752105713, 1.4223055839538574, 1.3908642530441284, 1.4058388471603394, 1.3656439781188965, 1.3141764402389526, 1.471009612083435, 1.4280657768249512, 1.3651803731918335, 1.3574838638305664, 1.3869311809539795, 1.3774607181549072, 1.3713829517364502]
val step Loss: [1.3584355115890503, 1.3681318759918213, 1.3286759853363037, 1.3557522296905518, 1.3188543319702148, 1.2863556146621704, 1.4388548135757446, 1.3413218259811401, 1.3202940225601196, 1.3867143392562866, 1.3856251239776611, 1.2760183811187744, 1.3060948848724365, 1.4091620445251465, 1.4155620336532593, 1.3259629011154175]
Train step Accs: [0.7027397260273973, 0.7017100371747211, 0.6801251956181533, 0.712270048222897, 0.6847452972676095, 0.7093306578758779, 0.6884159106769016, 0.7015171503957783, 0.670622662981629, 0.6839160839160839, 0.7048366013071895, 0.699113643558088, 0.6994431185361973, 0.697108345534407, 0.6753808538649615, 0.6910429063576574, 0.6949053002495963, 0.6668905305574211, 0.7019951709238785, 0.7141089108910891, 0.7017830852282022, 0.6770334928229665, 0.6851381628080657, 0.6971649484536082, 0.670090313440765, 0.6726450860309128, 0.68349193214729, 0.6836639801611903, 0.6941273552468711, 0.7087478057343476, 0.684551049392457, 0.7154362416107383, 0.685188229492027, 0.7109289617486338, 0.6984002509410289, 0.6964209930683265, 0.6956770684225594, 0.6900983606557377, 0.683049147442327, 0.6995756718528996, 0.6809941520467836, 0.6988591967494922, 0.6985749244278106, 0.6977966101694916, 0.6928906034720309, 0.6865786240786241, 0.6919113858835652, 0.6991520363071778, 0.6969830111306385, 0.6894409937888198, 0.66052895882156, 0.6892982189069874, 0.6993594306049822, 0.7003205128205128, 0.7026762402088773, 0.7181719260065288, 0.6720274665702928, 0.6817941020660427, 0.6967817633255112, 0.715606936416185, 0.694620731338773, 0.6951992116007321, 0.7153243847874721]
val step Accs: [0.7078034682080925, 0.7126641803145776, 0.7134943837513463, 0.7049585754915296, 0.7164298047549476, 0.7196428571428571, 0.6816532576116107, 0.716616024308332, 0.7211853540390369, 0.7049684414953876, 0.7047426257952574, 0.7276002506265664, 0.7260032338674114, 0.6919670128283445, 0.6929790282662498, 0.7081218274111675]
Preds: [17, 17, 287, 297, 297, 297, 297, 387, 387, 65, 428, 240, 314, 35, 77, 371, 330, 443, 240, 240, 314, 314, 239, 239, 354, 65, 264, 264, 264, 264, 468, 468, 468, 35, 259, 259, 354, 324, 324, 246, 246, 246, 246, 246, 246, 3, 335, 14, 14, 14, 82, 401, 287, 145, 145, 460, 460, 240, 167, 35, 77, 342, 342, 224, 267, 324, 324, 301, 301, 203, 217, 217, 217, 473, 473, 65, 180, 443, 240, 240, 143, 35, 35, 251, 34, 180, 284, 486, 460, 240, 240, 35, 35, 77, 34, 324, 324, 301, 339, 251, 251, 241, 431, 84, 496, 497, 75, 106, 106, 239, 107, 354, 106, 106, 387, 387, 122, 406, 406, 34, 164, 337, 278, 278, 278, 246, 246, 246, 19, 19, 19, 454, 454, 229, 414, 414, 414, 247, 126, 187, 244, 244, 392, 392, 392, 392, 392, 392, 63, 63, 73, 73, 244, 320, 188, 30, 324, 301, 378, 32, 43, 276, 276, 276, 276, 276, 346, 132, 100, 100, 182, 182, 182, 182, 250, 122, 122, 212, 251, 371, 371, 77, 290, 290, 290, 251, 36, 239, 384, 395, 395, 395, 395, 374, 374, 374, 132, 132, 132, 132, 132, 98, 98, 414, 414, 414, 414, 414, 414, 47, 82, 47, 244, 73, 244, 244, 320, 188, 30, 301, 8, 43, 43, 276, 276, 276, 331, 331, 331, 426, 387, 387, 413, 186, 36, 36, 232, 232, 172, 115, 115, 273, 267, 443, 171, 301, 36, 36, 36, 342, 342, 342, 355, 115, 267, 286, 286, 139, 139, 139, 496, 387, 355, 36, 36, 494, 164, 164, 203, 414, 312, 312, 126, 197, 23, 80, 20, 244, 392, 73, 73, 244, 7, 7, 63, 7, 65, 264, 264, 468, 468, 35, 406, 337, 286, 324, 252, 143, 239, 239, 107, 371, 371, 371, 116, 116, 251, 251, 241, 431, 34, 496, 250, 43, 8, 106, 208, 354, 109, 100, 374, 212, 236, 239, 239, 239, 239, 107, 107, 395, 213, 213, 213, 213, 246, 246, 246, 246, 246, 246, 19, 19, 197, 19, 301, 301, 240, 240, 240, 240, 240, 240, 240, 240, 240, 240, 240, 240, 240, 240, 240, 240, 240, 240, 240, 240, 240, 240, 240, 240, 240, 240, 240, 240, 240, 240, 240, 240, 240, 240, 240, 240, 240, 240, 240, 240, 240, 240, 240, 240, 240, 240, 240, 240, 240, 240, 240, 240, 240, 240, 240, 240, 240, 240, 240, 240, 240, 240, 240, 240, 240, 240, 240, 240, 240, 240, 240, 240, 240, 240, 240, 240, 240, 240, 240, 240, 240, 240, 240, 240, 240, 240, 240, 240, 240, 240, 240, 240, 240, 240, 240, 240, 240, 240, 240, 240, 240, 240, 240, 240, 240, 240, 240, 240, 240, 240, 240, 240, 240, 240, 240, 240, 240, 240, 240, 240, 240, 240, 240, 240, 240, 240, 240, 240, 240, 240, 240, 240, 240, 240, 240, 240, 240, 240, 240, 240, 240, 240, 240, 240, 240, 240, 240, 240, 240, 240, 240, 240, 240, 240, 240, 240, 240, 240, 240, 240, 240, 240, 240, 240, 240, 240, 240, 240, 240, 240, 240, 240, 240, 240, 240, 240, 240, 240, 240, 240, 240, 240, 240, 240, 240, 240, 240, 240, 240, 240, 240, 240, 240, 240, 240, 240, 240, 240, 240, 240, 240, 240, 240, 240, 240, 240, 240, 240, 240, 240, 240, 240, 240, 240, 240, 240, 240, 240, 240, 240, 240, 240, 240, 240, 240, 240, 240, 240, 240, 240, 240, 240, 240, 240, 240, 240, 240, 240, 240, 240, 240, 240, 240, 240, 240, 240, 240, 240, 240, 240, 240, 240, 240, 240]

ep207
Train step Loss: [1.404938817024231, 1.4688632488250732, 1.3584589958190918, 1.4118614196777344, 1.4806137084960938, 1.2615412473678589, 1.4839240312576294, 1.4054491519927979, 1.4980506896972656, 1.4291584491729736, 1.3134100437164307, 1.364823818206787, 1.3251092433929443, 1.368303894996643, 1.454538106918335, 1.4352545738220215, 1.4299640655517578, 1.3667593002319336, 1.2892488241195679, 1.3490387201309204, 1.4568918943405151, 1.3297064304351807, 1.426875114440918, 1.3410027027130127, 1.3981099128723145, 1.4374949932098389, 1.3535096645355225, 1.3620446920394897, 1.4493366479873657, 1.4083471298217773, 1.3505617380142212, 1.478445291519165, 1.407211184501648, 1.4084166288375854, 1.3912864923477173, 1.3441938161849976, 1.4273841381072998, 1.451249361038208, 1.4069243669509888, 1.4276748895645142, 1.362117052078247, 1.3139687776565552, 1.4521279335021973, 1.3479366302490234, 1.509792447090149, 1.4139516353607178, 1.3498947620391846, 1.3795462846755981, 1.3459622859954834, 1.41177499294281, 1.4308598041534424, 1.3532334566116333, 1.3555421829223633, 1.395583152770996, 1.3982770442962646, 1.4304653406143188, 1.296934962272644, 1.4631434679031372, 1.3410543203353882, 1.4078333377838135, 1.4567418098449707, 1.3904149532318115, 1.2853078842163086]
val step Loss: [1.3597066402435303, 1.32638680934906, 1.327823519706726, 1.268964409828186, 1.3964890241622925, 1.4079684019088745, 1.4079753160476685, 1.4101364612579346, 1.2821310758590698, 1.2737094163894653, 1.3101246356964111, 1.27739679813385, 1.285352110862732, 1.3142786026000977, 1.4088821411132812, 1.3488047122955322]
Train step Accs: [0.6950586140376911, 0.6771196283391405, 0.7045922873123344, 0.6927392739273928, 0.6694325085197808, 0.732086820083682, 0.6731280287634829, 0.6934202161474888, 0.6773688332028192, 0.6897732135216089, 0.7216174183514774, 0.7079839591687933, 0.718741219443664, 0.7047033671833244, 0.6810176125244618, 0.6857841023429639, 0.6940556809631302, 0.7013491036776935, 0.7208409811446688, 0.7060268588273829, 0.6796614516542703, 0.7053838484546361, 0.6968431601803908, 0.7140804597701149, 0.693322203672788, 0.6832423110089106, 0.7055299539170506, 0.7032292032292032, 0.680295566502463, 0.6863578410539737, 0.7111438916454338, 0.6754018169112509, 0.6852327447833065, 0.6877821670428894, 0.6989766364162966, 0.7059281157616306, 0.6796179375101182, 0.6832054839236168, 0.6867154090219341, 0.6844540407156077, 0.7035811014143846, 0.7129836904381196, 0.6813856675587273, 0.7132389675270607, 0.6629879756218086, 0.6887843137254902, 0.713109243697479, 0.6944351882705765, 0.7138118214716526, 0.6944030961595713, 0.6918282548476454, 0.6938747419132829, 0.7061611374407583, 0.6939931998488855, 0.6938877755511023, 0.6975397973950795, 0.7222063037249283, 0.683291770573566, 0.7079149438865918, 0.6903985250319103, 0.6710669077757685, 0.7020251914052853, 0.7141605839416059]
val step Accs: [0.7057905009759271, 0.7130253448829003, 0.7121525019857029, 0.7273231622746186, 0.6945448828800503, 0.6971356360572872, 0.6992926230691497, 0.7022554188635032, 0.7216587495185518, 0.7284368560494554, 0.7215234720992029, 0.7277368122518435, 0.7278321678321679, 0.7242246437552389, 0.6886836027713625, 0.7046147148454506]
Preds: [17, 17, 287, 284, 284, 284, 284, 43, 293, 88, 88, 276, 276, 174, 331, 346, 293, 293, 287, 284, 284, 284, 206, 167, 167, 35, 401, 401, 401, 320, 32, 346, 331, 164, 290, 251, 251, 251, 75, 354, 180, 180, 443, 443, 443, 443, 146, 167, 167, 35, 34, 36, 342, 342, 175, 259, 401, 401, 244, 75, 371, 337, 286, 213, 213, 213, 213, 324, 3, 464, 464, 464, 464, 171, 171, 252, 143, 36, 36, 36, 232, 342, 342, 115, 115, 273, 267, 464, 464, 464, 486, 315, 315, 450, 450, 450, 175, 468, 203, 244, 186, 66, 290, 164, 164, 224, 224, 267, 267, 324, 301, 339, 32, 32, 32, 32, 219, 398, 464, 416, 374, 374, 313, 259, 199, 374, 132, 250, 250, 98, 313, 251, 401, 401, 354, 354, 338, 309, 34, 34, 251, 251, 241, 431, 331, 331, 284, 284, 426, 426, 450, 450, 88, 88, 100, 413, 413, 303, 219, 219, 219, 219, 219, 416, 416, 349, 342, 251, 251, 244, 251, 354, 354, 338, 400, 240, 468, 34, 34, 355, 115, 460, 388, 374, 303, 303, 473, 473, 65, 278, 278, 416, 239, 401, 75, 75, 34, 180, 443, 486, 376, 460, 450, 450, 450, 203, 203, 170, 170, 170, 170, 7, 23, 126, 408, 408, 408, 149, 392, 392, 392, 392, 392, 73, 73, 320, 320, 188, 66, 75, 398, 324, 422, 143, 239, 75, 208, 208, 276, 276, 441, 88, 473, 400, 239, 310, 395, 34, 106, 106, 371, 468, 84, 400, 400, 77, 342, 342, 99, 338, 208, 374, 473, 473, 473, 485, 264, 271, 264, 468, 468, 337, 337, 286, 324, 324, 324, 324, 324, 324, 464, 464, 464, 180, 315, 486, 486, 460, 460, 240, 240, 143, 239, 239, 34, 106, 106, 84, 84, 355, 355, 355, 355, 413, 303, 303, 48, 48, 170, 170, 170, 244, 292, 187, 187, 292, 228, 228, 228, 228, 63, 392, 63, 63, 63, 63, 73, 73, 244, 73, 320, 7, 354, 331, 346, 115, 315, 468, 468, 35, 494, 35, 77, 107, 36, 239, 107, 371, 290, 290, 143, 34, 331, 84, 84, 84, 496, 250, 43, 106, 106, 251, 144, 208, 106, 106, 153, 153, 387, 387, 122, 122, 88, 496, 496, 309, 303, 48, 48, 170, 170, 170, 392, 392, 63, 63, 63, 63, 63, 392, 244, 63, 63, 63, 63, 63, 63, 83, 83, 188, 460, 240, 450, 35, 36, 290, 66, 224, 224, 494, 374, 217, 217, 217, 473, 473, 65, 371, 290, 264, 264, 264, 468, 468, 468, 406, 467, 337, 337, 468, 355, 416, 349, 259, 338, 32, 239, 384, 371, 395, 400, 239, 251, 251, 241, 431, 431, 84, 387, 75, 406, 106, 32, 354, 106, 32, 331, 426, 426, 426, 355, 84, 354, 236, 99, 473, 395, 401, 244, 321, 354, 109, 278, 278, 278, 99, 251, 251, 251, 374, 371, 241, 36, 36, 342, 342, 342, 115, 267, 267, 267, 213, 252, 143, 32, 32, 467, 420, 324, 324, 464, 464, 464, 464, 464, 464, 464, 403, 171, 171, 252, 252, 143, 239, 107, 371, 213, 324, 324, 422, 143, 17, 75, 75, 107, 107, 427, 17, 197, 80, 48, 47, 47, 80, 326, 80, 80, 80, 392, 244, 63, 63, 63, 63, 63, 63, 63, 63, 73, 73, 244, 289, 244, 320, 441, 320, 153, 153, 153, 43, 239, 251, 241, 321, 32, 208, 354, 354, 100, 375, 375, 98, 98, 17, 83, 240, 240, 240, 240, 240, 240, 240, 240, 240, 240, 240, 240, 240, 240, 240, 240, 240, 240, 240, 240, 240, 240, 240, 240, 240]

ep208
Train step Loss: [1.4650248289108276, 1.2999675273895264, 1.4787273406982422, 1.3972712755203247, 1.389965295791626, 1.396642804145813, 1.42060387134552, 1.3169869184494019, 1.366577386856079, 1.3548023700714111, 1.4282281398773193, 1.3565120697021484, 1.428045630455017, 1.3413803577423096, 1.3353803157806396, 1.464570164680481, 1.3734633922576904, 1.3601531982421875, 1.3722540140151978, 1.4316433668136597, 1.4185543060302734, 1.4278678894042969, 1.339332938194275, 1.3407971858978271, 1.4152843952178955, 1.3740954399108887, 1.3898561000823975, 1.380165934562683, 1.3998769521713257, 1.4259052276611328, 1.3322778940200806, 1.289590835571289, 1.3136906623840332, 1.3799693584442139, 1.3861387968063354, 1.4107239246368408, 1.3724359273910522, 1.3528211116790771, 1.408998966217041, 1.3738038539886475, 1.369590401649475, 1.3748054504394531, 1.3529541492462158, 1.4534616470336914, 1.3723562955856323, 1.4473896026611328, 1.39103364944458, 1.3696178197860718, 1.3341023921966553, 1.3085166215896606, 1.4444828033447266, 1.4141100645065308, 1.4063910245895386, 1.4609121084213257, 1.3678933382034302, 1.404402256011963, 1.370029091835022, 1.4335232973098755, 1.4077850580215454, 1.3782681226730347, 1.3923120498657227, 1.3508172035217285, 1.2714787721633911]
val step Loss: [1.245927095413208, 1.3126602172851562, 1.2008501291275024, 1.363966703414917, 1.400255799293518, 1.2927738428115845, 1.4533015489578247, 1.3685157299041748, 1.3044275045394897, 1.2465243339538574, 1.3331023454666138, 1.3786654472351074, 1.3846220970153809, 1.2784548997879028, 1.3193902969360352, 1.3303953409194946]
Train step Accs: [0.6633733239237827, 0.7209648600357356, 0.6802113702623906, 0.7035405192761605, 0.7076712796856313, 0.6943939143376882, 0.6929542203147353, 0.7144955206344544, 0.7006851270339709, 0.7133379405666898, 0.6873522458628841, 0.6950280112044818, 0.6862144420131291, 0.7061581744295092, 0.7075652558619673, 0.68, 0.7027887238557139, 0.7147487844408428, 0.6979166666666666, 0.6754486445208094, 0.6942903168068731, 0.6912481101965395, 0.705908750934929, 0.7124563445867288, 0.6917357735201601, 0.7046347211311862, 0.695693911135491, 0.6997815003641661, 0.6925739005046864, 0.6923180957533135, 0.7118433322971712, 0.7178410328200342, 0.7242490842490843, 0.6965382886258055, 0.6974193548387096, 0.6905917858548747, 0.7041188386225523, 0.7000876424189307, 0.6975676916016521, 0.7003528581510233, 0.6941141498216409, 0.6986811926605505, 0.7059753398672147, 0.6850605652759085, 0.6951235628386415, 0.6929966231096756, 0.7000846740050805, 0.7076177895200352, 0.7126939912455232, 0.7174298375184638, 0.6918623351559987, 0.6989092075713828, 0.6867448783050254, 0.6724890829694323, 0.7077363896848138, 0.7046862589356633, 0.6979991363178351, 0.6836098208360982, 0.6914604948124501, 0.6979048697621744, 0.6979715700367354, 0.7057431366361628, 0.7308691885648282]
val step Accs: [0.7349934036939314, 0.7151133072073607, 0.7511291779584462, 0.7107076596872515, 0.7021861879252932, 0.7154409520903265, 0.6741405082212257, 0.7025214983238595, 0.723674810687241, 0.7355607355607355, 0.7115678378003055, 0.7021573801024368, 0.7036671600065779, 0.7263872869409201, 0.7214361783051879, 0.7123793299261784]
Preds: [17, 17, 188, 30, 30, 278, 378, 251, 251, 241, 431, 331, 284, 284, 319, 319, 374, 348, 259, 259, 479, 331, 331, 106, 153, 153, 153, 182, 182, 182, 182, 387, 387, 387, 82, 82, 411, 188, 324, 301, 378, 43, 276, 276, 276, 346, 346, 284, 206, 206, 240, 240, 314, 35, 77, 34, 324, 324, 301, 339, 10, 10, 479, 331, 331, 84, 153, 153, 182, 182, 182, 182, 182, 182, 43, 43, 276, 276, 346, 346, 284, 284, 206, 206, 206, 167, 167, 35, 406, 239, 34, 34, 398, 464, 35, 164, 349, 75, 34, 34, 464, 171, 171, 171, 171, 301, 8, 8, 32, 239, 354, 420, 213, 213, 213, 213, 213, 246, 246, 246, 301, 301, 43, 43, 43, 345, 345, 109, 109, 286, 171, 171, 171, 171, 171, 246, 3, 3, 454, 251, 414, 80, 80, 20, 287, 284, 460, 460, 169, 349, 348, 303, 473, 354, 278, 420, 264, 416, 239, 239, 250, 32, 208, 276, 100, 100, 100, 100, 497, 497, 497, 497, 98, 13, 229, 229, 312, 312, 312, 126, 47, 373, 20, 20, 20, 20, 320, 7, 309, 309, 374, 374, 374, 132, 132, 132, 313, 473, 473, 445, 213, 213, 213, 324, 324, 3, 3, 335, 14, 14, 411, 145, 287, 284, 111, 120, 146, 146, 219, 219, 219, 219, 219, 324, 324, 301, 143, 77, 34, 374, 132, 132, 236, 236, 239, 239, 384, 371, 180, 443, 443, 486, 486, 85, 468, 468, 406, 406, 467, 139, 284, 284, 284, 206, 206, 206, 263, 263, 35, 197, 197, 7, 7, 217, 473, 473, 65, 278, 278, 236, 143, 239, 239, 239, 239, 107, 107, 107, 395, 395, 213, 213, 213, 213, 213, 246, 246, 246, 246, 246, 19, 19, 454, 197, 19, 301, 240, 240, 240, 240, 240, 240, 240, 240, 240, 240, 240, 240, 240, 240, 240, 240, 240, 240, 240, 240, 240, 240, 240, 240, 240, 240, 240, 240, 240, 240, 240, 240, 240, 240, 240, 240, 240, 240, 240, 240, 240, 240, 240, 240, 240, 240, 240, 240, 240, 240, 240, 240, 240, 240, 240, 240, 240, 240, 240, 240, 240, 240, 240, 240, 240, 240, 240, 240, 240, 240, 240, 240, 240, 240, 240, 240, 240, 240, 240, 240, 240, 240, 240, 240, 240, 240, 240, 240, 240, 240, 240, 240, 240, 240, 240, 240, 240, 240, 240, 240, 240, 240, 240, 240, 240, 240, 240, 240, 240, 240, 240, 240, 240, 240, 240, 240, 240, 240, 240, 240, 240, 240, 240, 240, 240, 240, 240, 240, 240, 240, 240, 240, 240, 240, 240, 240, 240, 240, 240, 240, 240, 240, 240, 240, 240, 240, 240, 240, 240, 240, 240, 240, 240, 240, 240, 240, 240, 240, 240, 240, 240, 240, 240, 240, 240, 240, 240, 240, 240, 240, 240, 240, 240, 240, 240, 240, 240, 240, 240, 240, 240, 240, 240, 240, 240, 240, 240, 240, 240, 240, 240, 240, 240, 240, 240, 240, 240, 240, 240, 240, 240, 240, 240, 240, 240, 240, 240, 240, 240, 240, 240, 240, 240, 240, 240, 240, 240, 240, 240, 240, 240, 240, 240, 240, 240, 240, 240, 240, 240, 240, 240, 240, 240, 240, 240, 240, 240, 240, 240, 240, 240, 240, 240, 240, 240, 240, 240, 240, 240, 240, 240, 240, 240, 240, 240, 240, 240, 240, 240, 240, 240, 240, 240, 240, 240, 240, 240, 240, 240, 240, 240, 240, 240, 240, 240, 240, 240, 240, 240, 240, 240, 240, 240, 240, 240, 240, 240, 240, 240, 240, 240, 240, 240, 240, 240, 240, 240, 240, 240, 240, 240, 240, 240, 240]

ep209
Train step Loss: [1.390336513519287, 1.4464168548583984, 1.4173800945281982, 1.3355515003204346, 1.4207637310028076, 1.3710893392562866, 1.3906327486038208, 1.47173273563385, 1.2835947275161743, 1.3551971912384033, 1.3865331411361694, 1.4263091087341309, 1.3159204721450806, 1.4590004682540894, 1.3525383472442627, 1.3450264930725098, 1.3519725799560547, 1.3772932291030884, 1.4068248271942139, 1.4466145038604736, 1.4260345697402954, 1.3723052740097046, 1.3527934551239014, 1.3704631328582764, 1.410544514656067, 1.364195466041565, 1.3806240558624268, 1.3619767427444458, 1.3980185985565186, 1.384628415107727, 1.4133621454238892, 1.3855599164962769, 1.3215813636779785, 1.3746446371078491, 1.4202628135681152, 1.3236370086669922, 1.3516864776611328, 1.3066099882125854, 1.298740267753601, 1.2950787544250488, 1.3375749588012695, 1.4227765798568726, 1.3325600624084473, 1.343544363975525, 1.280606985092163, 1.4149774312973022, 1.277698278427124, 1.3363860845565796, 1.3772605657577515, 1.3127321004867554, 1.3653490543365479, 1.3408129215240479, 1.3440641164779663, 1.2796440124511719, 1.4331566095352173, 1.4328207969665527, 1.4235515594482422, 1.4191559553146362, 1.4460288286209106, 1.3355023860931396, 1.3628599643707275, 1.499673843383789, 1.3319405317306519]
val step Loss: [1.2481802701950073, 1.3498622179031372, 1.2634333372116089, 1.3106298446655273, 1.3077881336212158, 1.285390853881836, 1.395438551902771, 1.3090620040893555, 1.3687440156936646, 1.3300554752349854, 1.2483588457107544, 1.3167935609817505, 1.3694554567337036, 1.298829436302185, 1.3002809286117554, 1.368606448173523]
Train step Accs: [0.7082175466454942, 0.6828235294117647, 0.7004991680532446, 0.7074909279419388, 0.6875, 0.7009014810045074, 0.6947485324448676, 0.6755327936560384, 0.7238225880201189, 0.7006862572584902, 0.6973415132924335, 0.6951537258989057, 0.7211923476197538, 0.6811660561660562, 0.7151707464490783, 0.7111618798955613, 0.7037713905964446, 0.7055889499936053, 0.6983369010373786, 0.6820929027801761, 0.7012674474570832, 0.7139476175449668, 0.7024793388429752, 0.709463358338142, 0.6828931203931204, 0.7013726635514018, 0.6985775248933144, 0.7014492753623188, 0.7106149211412369, 0.6869540312186739, 0.6929854286682481, 0.7015221707478491, 0.7237113402061855, 0.7057589626239512, 0.6863636363636364, 0.715519765739385, 0.7103340292275574, 0.7164589739440039, 0.719003862032228, 0.7191286785920369, 0.7056559571619813, 0.6829065743944637, 0.7081011573081869, 0.7087625229293072, 0.7253793513835168, 0.6998554681226915, 0.7269087789533886, 0.7095842029218173, 0.700786056049214, 0.7179915048543689, 0.6972411831626849, 0.7101522204050824, 0.7099761841757078, 0.7255853797829811, 0.6905829596412556, 0.6842273819055245, 0.6787423103212576, 0.6831077322455035, 0.6782543265613243, 0.7046788024672784, 0.7116196040246673, 0.6654406756572674, 0.7055942253158031]
val step Accs: [0.7360795454545455, 0.7127929069031033, 0.7250250584697627, 0.7107166337935569, 0.7198659275493103, 0.7175141242937854, 0.6956077630234934, 0.7192783065776389, 0.704032363304189, 0.7066137109307546, 0.7355212355212355, 0.7196831200487508, 0.7039735099337748, 0.7205653526970954, 0.7232842369163272, 0.7008816120906801]
Preds: [17, 17, 7, 309, 309, 479, 398, 213, 213, 213, 301, 8, 239, 354, 420, 213, 213, 301, 301, 416, 32, 32, 354, 354, 180, 180, 486, 460, 460, 169, 271, 35, 35, 35, 35, 401, 354, 109, 271, 213, 324, 324, 246, 246, 246, 246, 3, 3, 3, 3, 197, 414, 259, 303, 219, 219, 219, 152, 152, 378, 378, 43, 276, 276, 153, 182, 182, 182, 182, 182, 182, 182, 14, 293, 293, 335, 14, 14, 82, 287, 145, 460, 460, 169, 150, 150, 150, 494, 224, 342, 219, 219, 219, 219, 416, 355, 139, 496, 496, 346, 106, 34, 34, 337, 324, 324, 219, 19, 143, 239, 239, 107, 371, 470, 34, 403, 120, 120, 120, 120, 271, 263, 263, 197, 197, 197, 80, 17, 17, 7, 217, 217, 473, 65, 188, 278, 286, 143, 310, 239, 107, 324, 236, 310, 239, 107, 371, 395, 36, 116, 116, 345, 331, 84, 84, 496, 497, 75, 406, 251, 32, 354, 106, 106, 331, 426, 387, 35, 35, 413, 413, 413, 250, 413, 413, 413, 413, 411, 303, 303, 303, 303, 303, 303, 117, 48, 48, 17, 83, 240, 240, 240, 240, 240, 240, 240, 240, 240, 240, 240, 240, 240, 240, 240, 240, 240, 240, 240, 240, 240, 240, 240, 240, 240, 240, 240, 240, 240, 240, 240, 240, 240, 240, 240, 240, 240, 240, 240, 240, 240, 240, 240, 240, 240, 240, 240, 240, 240, 240, 240, 240, 240, 240, 240, 240, 240, 240, 240, 240, 240, 240, 240, 240, 240, 240, 240, 240, 240, 240, 240, 240, 240, 240, 240, 240, 240, 240, 240, 240, 240, 240, 240, 240, 240, 240, 240, 240, 240, 240, 240, 240, 240, 240, 240, 240, 240, 240, 240, 240, 240, 240, 240, 240, 240, 240, 240, 240, 240, 240, 240, 240, 240, 240, 240, 240, 240, 240, 240, 240, 240, 240, 240, 240, 240, 240, 240, 240, 240, 240, 240, 240, 240, 240, 240, 240, 240, 240, 240, 240, 240, 240, 240, 240, 240, 240, 240, 240, 240, 240, 240, 240, 240, 240, 240, 240, 240, 240, 240, 240, 240, 240, 240, 240, 240, 240, 240, 240, 240, 240, 240, 240, 240, 240, 240, 240, 240, 240, 240, 240, 240, 240, 240, 240, 240, 240, 240, 240, 240, 240, 240, 240, 240, 240, 240, 240, 240, 240, 240, 240, 240, 240, 240, 240, 240, 240, 240, 240, 240, 240, 240, 240, 240, 240, 240, 240, 240, 240, 240, 240, 240, 240, 240, 240, 240, 240, 240, 240, 240, 240, 240, 240, 240, 240, 240, 240, 240, 240, 240, 240, 240, 240, 240, 240, 240, 240, 240, 240, 240, 240, 240, 240, 240, 240, 240, 240, 240, 240, 240, 240, 240, 240, 240, 240, 240, 240, 240, 240, 240, 240, 240, 240, 240, 240, 240, 240, 240, 240, 240, 240, 240, 240, 240, 240, 240, 240, 240, 240, 240, 240, 240, 240, 240, 240, 240, 240, 240, 240, 240, 240, 240, 240, 240, 240, 240, 240, 240, 240, 240, 240, 240, 240, 240, 240, 240, 240, 240, 240, 240, 240, 240, 240, 240, 240, 240, 240, 240, 240, 240, 240, 240, 240, 240, 240, 240, 240, 240, 240, 240, 240, 240, 240, 240, 240, 240, 240, 240, 240, 240, 240, 240, 240, 240, 240, 240, 240, 240, 240, 240, 240, 240, 240, 240, 240, 240, 240, 240, 240, 240, 240, 240, 240, 240, 240, 240, 240, 240, 240, 240, 240, 240, 240, 240, 240, 240, 240, 240, 240, 240, 240, 240, 240, 240, 240, 240, 240, 240, 240, 240, 240, 240, 240, 240, 240, 240, 240, 240, 240, 240, 240, 240]

ep210
Train step Loss: [1.3301808834075928, 1.3065122365951538, 1.391097068786621, 1.2705116271972656, 1.4400897026062012, 1.3459100723266602, 1.4069702625274658, 1.3566075563430786, 1.4379106760025024, 1.3582006692886353, 1.2708228826522827, 1.3543808460235596, 1.3611536026000977, 1.2991511821746826, 1.304856777191162, 1.3663034439086914, 1.3746302127838135, 1.376128911972046, 1.4678332805633545, 1.3999073505401611, 1.3502811193466187, 1.3463810682296753, 1.376962661743164, 1.3744107484817505, 1.4246879816055298, 1.4385617971420288, 1.3494701385498047, 1.4309515953063965, 1.3425627946853638, 1.2929909229278564, 1.3209015130996704, 1.361414909362793, 1.361352801322937, 1.4113999605178833, 1.2982045412063599, 1.4444589614868164, 1.3720130920410156, 1.3990534543991089, 1.278765320777893, 1.350466251373291, 1.339503288269043, 1.3551297187805176, 1.3725210428237915, 1.3532239198684692, 1.3267896175384521, 1.3970760107040405, 1.3966389894485474, 1.4042474031448364, 1.4493552446365356, 1.363410234451294, 1.3625948429107666, 1.398415207862854, 1.3657962083816528, 1.3465485572814941, 1.304627537727356, 1.381305456161499, 1.3014111518859863, 1.3699270486831665, 1.3455374240875244, 1.3565505743026733, 1.3711155652999878, 1.2095777988433838, 1.3069573640823364]
val step Loss: [1.3120073080062866, 1.2651050090789795, 1.2937111854553223, 1.399077296257019, 1.3226712942123413, 1.2945270538330078, 1.302100419998169, 1.249450445175171, 1.2503424882888794, 1.3230141401290894, 1.3379005193710327, 1.3314346075057983, 1.2414984703063965, 1.2915971279144287, 1.367323637008667, 1.3156393766403198]
Train step Accs: [0.7152644560153467, 0.7098660920424812, 0.7067702227432591, 0.714730571351205, 0.687614960147149, 0.7086834733893558, 0.6907059421025902, 0.7137701804368471, 0.6961693195732027, 0.7007950673373358, 0.7298353335193971, 0.7083536090835361, 0.7142660613564452, 0.7220247405090289, 0.7218882602545968, 0.7061817279046674, 0.6942794623319788, 0.7016317016317016, 0.6769807782466011, 0.6970718994327764, 0.7057722308892356, 0.7006812581533556, 0.7015388959480446, 0.6958485069191551, 0.6898602438299137, 0.6861429135412555, 0.7059692671394799, 0.6880067567567567, 0.7065281030444965, 0.7265649330426658, 0.7118375576036866, 0.7053296364756624, 0.6974534397567465, 0.6943493150684932, 0.7224469160768453, 0.6803495762711864, 0.7064833735835037, 0.6993726036946671, 0.7207764198418404, 0.7021625652498136, 0.700080064051241, 0.711404526987812, 0.7086546700942588, 0.7059142702116115, 0.7052560419131316, 0.6903936057909817, 0.6953191489361702, 0.6838420610473257, 0.6880248833592535, 0.7034094192429934, 0.7010279001468429, 0.6951634373613371, 0.7026357943789137, 0.7124773960216998, 0.7183326588425738, 0.6944984963736069, 0.7199938290651033, 0.7030497592295345, 0.7067243675099867, 0.6985006078616777, 0.706364513018322, 0.7408036219581211, 0.7164617851416355]
val step Accs: [0.7126700071581962, 0.7240727272727273, 0.718804920913884, 0.6961760925449871, 0.7196439923712651, 0.7145190023752969, 0.7174072444639976, 0.729375818419904, 0.7375966268446943, 0.7217455621301775, 0.7019751082251082, 0.7099758648431215, 0.7351691811923246, 0.7204783258594918, 0.7009132420091324, 0.7241925896572221]
Preds: [17, 17, 17, 17, 17, 296, 317, 392, 392, 392, 392, 392, 63, 63, 63, 244, 461, 249, 249, 249, 461, 461, 461, 461, 461, 461, 461, 461, 461, 461, 461, 63, 63, 63, 63, 63, 63, 63, 244, 461, 461, 249, 244, 244, 249, 461, 63, 63, 63, 63, 63, 63, 63, 63, 63, 63, 63, 63, 63, 63, 63, 63, 63, 63, 63, 63, 63, 63, 63, 63, 63, 63, 63, 244, 244, 63, 73, 73, 73, 73, 244, 320, 7, 213, 213, 213, 213, 213, 213, 213, 246, 246, 246, 246, 246, 246, 464, 464, 180, 180, 355, 284, 450, 293, 43, 43, 43, 276, 276, 276, 174, 331, 319, 319, 240, 240, 251, 251, 251, 241, 431, 65, 428, 428, 146, 146, 146, 349, 36, 150, 342, 342, 224, 494, 106, 496, 387, 387, 387, 14, 75, 251, 251, 251, 354, 420, 213, 213, 422, 236, 143, 251, 251, 371, 286, 213, 213, 213, 213, 213, 3, 143, 239, 239, 107, 107, 371, 395, 286, 286, 264, 264, 264, 355, 203, 14, 14, 411, 287, 8, 497, 497, 75, 406, 239, 32, 354, 106, 153, 387, 387, 387, 387, 406, 406, 88, 88, 88, 250, 250, 132, 132, 132, 132, 132, 132, 132, 98, 98, 13, 229, 414, 312, 312, 187, 23, 23, 80, 244, 73, 73, 320, 209, 287, 287, 284, 206, 240, 240, 35, 35, 35, 77, 66, 342, 342, 115, 115, 267, 267, 213, 213, 213, 213, 246, 246, 3, 3, 197, 80, 80, 80, 80, 80, 287, 287, 284, 284, 284, 284, 284, 284, 284, 284, 206, 206, 206, 206, 240, 314, 77, 239, 384, 371, 106, 106, 106, 387, 122, 406, 406, 313, 34, 34, 278, 278, 278, 246, 246, 246, 246, 246, 19, 19, 454, 454, 229, 229, 414, 414, 187, 187, 187, 244, 244, 20, 20, 73, 73, 73, 244, 209, 287, 284, 460, 460, 240, 35, 35, 36, 36, 36, 224, 219, 434, 416, 464, 106, 106, 426, 293, 497, 122, 75, 32, 32, 239, 208, 354, 106, 153, 387, 387, 387, 387, 406, 406, 406, 413, 413, 250, 250, 413, 413, 413, 413, 413, 413, 413, 122, 122, 117, 48, 48, 414, 414, 414, 414, 170, 47, 392, 392, 392, 392, 392, 392, 73, 73, 73, 244, 209, 287, 284, 460, 206, 240, 167, 35, 35, 77, 342, 224, 494, 267, 324, 324, 301, 301, 335, 217, 217, 217, 473, 473, 65, 264, 264, 264, 468, 468, 468, 406, 337, 286, 324, 324, 301, 339, 36, 239, 107, 371, 395, 278, 434, 143, 251, 251, 241, 431, 106, 284, 284, 284, 284, 206, 206, 206, 206, 240, 24, 77, 239, 239, 107, 180, 106, 106, 371, 387, 406, 406, 313, 34, 337, 278, 278, 278, 434, 246, 246, 19, 19, 19, 454, 454, 229, 229, 80, 126, 187, 187, 47, 149, 149, 244, 244, 320, 7, 320, 241, 241, 431, 284, 206, 206, 355, 35, 35, 77, 164, 36, 219, 219, 464, 464, 180, 315, 315, 450, 450, 450, 450, 43, 43, 43, 345, 345, 109, 109, 403, 171, 171, 171, 252, 416, 416, 32, 239, 239, 354, 180, 139, 403, 171, 171, 171, 252, 19, 143, 239, 239, 395, 331, 84, 84, 106, 43, 43, 43, 276, 276, 276, 276, 153, 153, 182, 182, 182, 98, 98, 414, 414, 414, 414, 312, 187, 187, 47, 244, 73, 73, 320, 320, 287, 287, 460, 460, 169, 35, 35, 77, 36, 36, 224, 286, 213, 213, 324, 3, 3, 14, 14, 14, 145, 145, 284, 460, 460, 169, 416, 251, 251, 338, 338, 338, 338, 473, 374, 132]

ep211
Train step Loss: [1.3224657773971558, 1.322158694267273, 1.376806616783142, 1.306502103805542, 1.2972521781921387, 1.3048300743103027, 1.3613775968551636, 1.363139033317566, 1.3437941074371338, 1.40818190574646, 1.3825740814208984, 1.406180500984192, 1.363132357597351, 1.3614842891693115, 1.4096484184265137, 1.4189448356628418, 1.2989403009414673, 1.376721739768982, 1.327661395072937, 1.222174882888794, 1.3704521656036377, 1.3191535472869873, 1.3362882137298584, 1.3116204738616943, 1.3095160722732544, 1.3912371397018433, 1.270383358001709, 1.3654158115386963, 1.373124599456787, 1.365596890449524, 1.3972915410995483, 1.374123215675354, 1.3237659931182861, 1.3597996234893799, 1.2861437797546387, 1.2628655433654785, 1.3275457620620728, 1.338740348815918, 1.3424535989761353, 1.3846101760864258, 1.40518319606781, 1.410290002822876, 1.3232184648513794, 1.3243563175201416, 1.2279607057571411, 1.3763474225997925, 1.354415774345398, 1.3603798151016235, 1.3821873664855957, 1.4004167318344116, 1.3149487972259521, 1.3523234128952026, 1.3844923973083496, 1.398389458656311, 1.3535419702529907, 1.3713765144348145, 1.260014295578003, 1.3904035091400146, 1.384016990661621, 1.3915807008743286, 1.3806321620941162, 1.4421969652175903, 1.3038649559020996]
val step Loss: [1.272459626197815, 1.246767520904541, 1.3687483072280884, 1.325938105583191, 1.4016060829162598, 1.276982069015503, 1.223400592803955, 1.3089807033538818, 1.3461545705795288, 1.2203668355941772, 1.3005014657974243, 1.2262729406356812, 1.3187288045883179, 1.2677302360534668, 1.281938076019287, 1.301720380783081]
Train step Accs: [0.7118904568953472, 0.7179700499168054, 0.7025564723386988, 0.7158746208291203, 0.720219836400818, 0.7213114754098361, 0.7007518796992481, 0.7024374284312122, 0.7095576863594185, 0.6905470785262374, 0.6945309795777086, 0.6843363329583803, 0.708461435636947, 0.7074610842726785, 0.6914457070707071, 0.6854402789886661, 0.7260497350183449, 0.7014760147601476, 0.7111696676914068, 0.7342913927534016, 0.6995963866999808, 0.7152644996813257, 0.7097765363128492, 0.7211003804506877, 0.7238331524267329, 0.7036358081271005, 0.7253393665158371, 0.7074921489457155, 0.7031963470319634, 0.7013531799729364, 0.693697421045373, 0.7015627160835293, 0.7180293501048218, 0.6993973768167316, 0.7188618468146027, 0.7322318758011679, 0.7103051747014595, 0.7103010625737899, 0.7056694813027744, 0.7033471563981043, 0.6988700564971752, 0.6857059168131224, 0.7227888312991139, 0.7056957462148522, 0.7347388294524858, 0.6982652882425092, 0.7134624619817512, 0.7068488943488943, 0.6923076923076923, 0.6889096282470057, 0.7080367542383849, 0.6962199312714776, 0.6953719008264463, 0.6929238985313751, 0.7044241693923222, 0.7040576531411562, 0.7227458151638768, 0.6987686895338611, 0.6976679234743751, 0.6939597315436241, 0.7010325165664971, 0.6889647679652335, 0.7222222222222222]
val step Accs: [0.730965994583208, 0.7336561743341404, 0.6982218883045329, 0.7140238313473877, 0.6903238316850883, 0.7248322147651006, 0.7363057324840764, 0.7137568488079372, 0.7048774449121069, 0.7391304347826086, 0.7193877551020408, 0.7340688292441956, 0.7183373349339736, 0.7328817552643204, 0.7288135593220338, 0.7205024674742037]
Preds: [17, 17, 30, 213, 213, 301, 301, 378, 43, 276, 345, 109, 109, 278, 278, 278, 278, 330, 301, 348, 250, 250, 250, 250, 132, 132, 132, 132, 132, 132, 188, 188, 219, 219, 219, 213, 246, 246, 246, 246, 246, 246, 246, 246, 246, 3, 3, 197, 197, 259, 287, 287, 443, 111, 111, 460, 240, 77, 35, 114, 426, 115, 111, 146, 330, 330, 219, 219, 219, 324, 324, 324, 301, 301, 143, 107, 395, 107, 106, 346, 139, 284, 284, 206, 206, 450, 293, 293, 293, 122, 276, 331, 426, 426, 426, 319, 319, 319, 319, 264, 264, 264, 146, 146, 146, 358, 36, 282, 282, 355, 355, 115, 273, 273, 175, 100, 426, 375, 375, 375, 98, 98, 98, 229, 229, 312, 187, 187, 187, 23, 292, 63, 149, 149, 244, 321, 287, 287, 287, 287, 287, 284, 284, 284, 206, 206, 406, 406, 406, 43, 276, 276, 346, 100, 100, 293, 497, 497, 122, 43, 276, 100, 153, 153, 153, 387, 387, 387, 122, 122, 406, 406, 250, 250, 250, 250, 250, 182, 250, 122, 122, 122, 117, 117, 117, 197, 197, 414, 414, 80, 209, 287, 287, 287, 287, 284, 460, 460, 460, 169, 169, 35, 150, 36, 219, 324, 324, 324, 464, 378, 14, 14, 100, 100, 100, 293, 293, 122, 313, 354, 319, 319, 319, 240, 240, 285, 34, 324, 324, 301, 464, 285, 139, 99, 338, 473, 75, 241, 331, 331, 84, 496, 374, 400, 75, 75, 114, 109, 443, 443, 315, 376, 376, 376, 376, 460, 460, 167, 35, 35, 35, 414, 414, 312, 187, 187, 187, 292, 20, 392, 392, 73, 244, 321, 321, 320, 83, 83, 83, 443, 443, 175, 240, 240, 314, 77, 346, 139, 467, 467, 406, 406, 302, 88, 250, 250, 250, 303, 473, 473, 398, 278, 278, 213, 252, 252, 36, 77, 54, 54, 494, 107, 400, 213, 213, 213, 213, 3, 3, 14, 411, 145, 145, 460, 460, 460, 240, 167, 282, 290, 324, 301, 203, 303, 70, 65, 65, 139, 355, 35, 224, 224, 175, 250, 413, 313, 36, 219, 219, 219, 219, 422, 180, 139, 139, 139, 496, 497, 122, 88, 406, 406, 100, 100, 100, 100, 182, 182, 182, 182, 375, 375, 98, 98, 98, 13, 414, 312, 187, 187, 187, 47, 244, 392, 73, 244, 321, 321, 83, 83, 83, 301, 443, 443, 378, 240, 240, 314, 77, 346, 139, 467, 467, 467, 302, 406, 406, 406, 43, 100, 100, 375, 497, 497, 497, 43, 473, 406, 106, 106, 153, 153, 387, 387, 387, 387, 250, 250, 250, 250, 250, 43, 250, 250, 250, 250, 250, 250, 250, 14, 287, 145, 145, 486, 460, 460, 169, 35, 77, 36, 494, 324, 301, 116, 10, 354, 331, 19, 171, 171, 252, 252, 143, 36, 371, 106, 106, 106, 153, 182, 182, 182, 182, 182, 182, 375, 98, 98, 345, 414, 312, 312, 187, 187, 23, 23, 149, 321, 287, 287, 287, 460, 460, 460, 460, 169, 150, 36, 36, 172, 324, 339, 116, 10, 473, 331, 264, 215, 403, 330, 330, 285, 286, 324, 324, 324, 434, 324, 324, 324, 324, 324, 324, 464, 139, 139, 139, 139, 497, 497, 122, 75, 479, 106, 106, 387, 346, 8, 406, 406, 467, 337, 337, 286, 278, 434, 434, 434, 434, 19, 19, 19, 454, 454, 414, 414, 82, 80, 47, 244, 392, 392, 244, 320, 320, 287, 287, 287, 284, 284, 284, 284, 450, 450, 175, 43, 43, 276, 276, 276, 276, 138, 406, 406, 406, 467, 346, 387, 53, 473, 473, 337, 337, 324, 213, 213, 213, 422, 36, 416]

ep212
Train step Loss: [1.3570902347564697, 1.3859624862670898, 1.3743458986282349, 1.4125386476516724, 1.2812694311141968, 1.2494324445724487, 1.1728836297988892, 1.2597899436950684, 1.3388949632644653, 1.3643784523010254, 1.261055588722229, 1.3480920791625977, 1.3623452186584473, 1.3249974250793457, 1.3229154348373413, 1.270509123802185, 1.3816639184951782, 1.2997891902923584, 1.2604025602340698, 1.362587571144104, 1.2204922437667847, 1.397056221961975, 1.3076531887054443, 1.3294110298156738, 1.326364517211914, 1.4508336782455444, 1.3511137962341309, 1.3174349069595337, 1.3276742696762085, 1.394515872001648, 1.3969279527664185, 1.3965145349502563, 1.392128348350525, 1.267906665802002, 1.3823497295379639, 1.3149433135986328, 1.2973538637161255, 1.3153300285339355, 1.3887386322021484, 1.3499011993408203, 1.3425194025039673, 1.3874763250350952, 1.3190430402755737, 1.460321068763733, 1.3262838125228882, 1.3580305576324463, 1.3596192598342896, 1.3792531490325928, 1.3240175247192383, 1.3455973863601685, 1.4740914106369019, 1.3582217693328857, 1.356945514678955, 1.270423173904419, 1.2270424365997314, 1.391341209411621, 1.2415664196014404, 1.3260443210601807, 1.3095484972000122, 1.3433115482330322, 1.357668161392212, 1.4058961868286133, 1.353825569152832]
val step Loss: [1.2964824438095093, 1.1778478622436523, 1.2724602222442627, 1.28338623046875, 1.2298457622528076, 1.3860307931900024, 1.322055697441101, 1.2646461725234985, 1.230487585067749, 1.270276665687561, 1.3303691148757935, 1.2908298969268799, 1.2647638320922852, 1.2746422290802002, 1.3480173349380493, 1.245357632637024]
Train step Accs: [0.6937481123527636, 0.7059677419354838, 0.7057242251739405, 0.6837092029696036, 0.7407459734388245, 0.7314016172506739, 0.7412448386603456, 0.7263681592039801, 0.7096543844615824, 0.70299022426682, 0.7262785461563204, 0.7121528335206293, 0.7116233447768514, 0.7119415109666938, 0.7109716953603735, 0.7222131548881998, 0.6988335100742312, 0.7194058766548272, 0.725226738327175, 0.7088533255028631, 0.7413669064748202, 0.6893576222435283, 0.7284345047923323, 0.7013133738172574, 0.7130205389108725, 0.6815728604471858, 0.7114983616324099, 0.7142857142857143, 0.7174776564051638, 0.6937242192103712, 0.6915405777166438, 0.693500186776242, 0.7009995654063451, 0.7357637842723712, 0.6958327924185382, 0.7084654407102092, 0.7212351945854484, 0.7100275671950379, 0.6943606036536935, 0.7031368102796675, 0.7098252649670581, 0.6997167138810199, 0.7203568532035686, 0.6841241175504843, 0.7242189659939177, 0.7075841778358941, 0.702389318341532, 0.7031845192747219, 0.707977207977208, 0.709411323584552, 0.6744023486648959, 0.7081742793207845, 0.7059978848768697, 0.7197006669920286, 0.7353743558654138, 0.6891951978657181, 0.7351778656126482, 0.7145095990596839, 0.7128440366972477, 0.7049604382227632, 0.6971727406438961, 0.6879041160700206, 0.7158830275229358]
val step Accs: [0.7214972034992112, 0.7458765143774632, 0.7277770073498822, 0.7183622828784119, 0.7406789936344347, 0.6950939316123801, 0.7164179104477612, 0.7218983050847457, 0.7266112266112266, 0.7234503684438665, 0.7209787293201724, 0.7291306398365037, 0.7342622950819672, 0.7245971719829004, 0.7027726995734308, 0.7387812942843647]
Preds: [17, 17, 309, 309, 309, 479, 398, 213, 213, 213, 301, 8, 239, 354, 420, 213, 324, 301, 301, 416, 32, 239, 354, 354, 180, 180, 486, 460, 460, 169, 167, 35, 401, 244, 321, 320, 345, 109, 186, 213, 324, 324, 246, 246, 246, 246, 3, 3, 3, 197, 82, 321, 321, 411, 219, 219, 152, 152, 152, 378, 43, 43, 276, 276, 276, 182, 182, 182, 182, 182, 182, 182, 14, 14, 14, 335, 14, 14, 287, 287, 145, 460, 460, 169, 167, 150, 150, 35, 224, 219, 219, 219, 219, 219, 477, 355, 139, 496, 496, 496, 406, 406, 34, 337, 324, 324, 422, 236, 143, 401, 75, 384, 371, 371, 278, 264, 264, 264, 264, 264, 468, 468, 349, 401, 244, 392, 387, 244, 244, 321, 7, 63, 7, 188, 188, 278, 286, 143, 239, 239, 107, 371, 371, 236, 239, 107, 371, 324, 301, 301, 99, 354, 331, 84, 84, 496, 250, 75, 106, 239, 107, 354, 106, 106, 331, 426, 387, 387, 122, 406, 406, 413, 413, 53, 303, 303, 303, 303, 303, 303, 303, 208, 208, 208, 48, 48, 17, 17, 83, 240, 240, 240, 240, 240, 240, 240, 240, 240, 240, 240, 240, 240, 240, 240, 240, 240, 240, 240, 240, 240, 240, 240, 240, 240, 240, 240, 240, 240, 240, 240, 240, 240, 240, 240, 240, 240, 240, 240, 240, 240, 240, 240, 240, 240, 240, 240, 240, 240, 240, 240, 240, 240, 240, 240, 240, 240, 240, 240, 240, 240, 240, 240, 240, 240, 240, 240, 240, 240, 240, 240, 240, 240, 240, 240, 240, 240, 240, 240, 240, 240, 240, 240, 240, 240, 240, 240, 240, 240, 240, 240, 240, 240, 240, 240, 240, 240, 240, 240, 240, 240, 240, 240, 240, 240, 240, 240, 240, 240, 240, 240, 240, 240, 240, 240, 240, 240, 240, 240, 240, 240, 240, 240, 240, 240, 240, 240, 240, 240, 240, 240, 240, 240, 240, 240, 240, 240, 240, 240, 240, 240, 240, 240, 240, 240, 240, 240, 240, 240, 240, 240, 240, 240, 240, 240, 240, 240, 240, 240, 240, 240, 240, 240, 240, 240, 240, 240, 240, 240, 240, 240, 240, 240, 240, 240, 240, 240, 240, 240, 240, 240, 240, 240, 240, 240, 240, 240, 240, 240, 240, 240, 240, 240, 240, 240, 240, 240, 240, 240, 240, 240, 240, 240, 240, 240, 240, 240, 240, 240, 240, 240, 240, 240, 240, 240, 240, 240, 240, 240, 240, 240, 240, 240, 240, 240, 240, 240, 240, 240, 240, 240, 240, 240, 240, 240, 240, 240, 240, 240, 240, 240, 240, 240, 240, 240, 240, 240, 240, 240, 240, 240, 240, 240, 240, 240, 240, 240, 240, 240, 240, 240, 240, 240, 240, 240, 240, 240, 240, 240, 240, 240, 240, 240, 240, 240, 240, 240, 240, 240, 240, 240, 240, 240, 240, 240, 240, 240, 240, 240, 240, 240, 240, 240, 240, 240, 240, 240, 240, 240, 240, 240, 240, 240, 240, 240, 240, 240, 240, 240, 240, 240, 240, 240, 240, 240, 240, 240, 240, 240, 240, 240, 240, 240, 240, 240, 240, 240, 240, 240, 240, 240, 240, 240, 240, 240, 240, 240, 240, 240, 240, 240, 240, 240, 240, 240, 240, 240, 240, 240, 240, 240, 240, 240, 240, 240, 240, 240, 240, 240, 240, 240, 240, 240, 240, 240, 240, 240, 240, 240, 240, 240, 240, 240, 240, 240, 240, 240, 240, 240, 240, 240, 240, 240, 240, 240, 240, 240, 240, 240, 240, 240, 240, 240, 240, 240, 240, 240, 240, 240, 240, 240, 240, 240, 240, 240, 240, 240, 240, 240, 240, 240]

ep213
Train step Loss: [1.3412408828735352, 1.3229655027389526, 1.293379306793213, 1.348537802696228, 1.3520424365997314, 1.3466285467147827, 1.3721169233322144, 1.3475818634033203, 1.3417526483535767, 1.32216477394104, 1.2618285417556763, 1.3397257328033447, 1.300349473953247, 1.3299250602722168, 1.339652180671692, 1.2748095989227295, 1.2885684967041016, 1.322300910949707, 1.3501306772232056, 1.2804409265518188, 1.3296533823013306, 1.2947075366973877, 1.2601308822631836, 1.3789345026016235, 1.2011051177978516, 1.3042629957199097, 1.3951842784881592, 1.3622100353240967, 1.376129388809204, 1.3888390064239502, 1.3551726341247559, 1.3253412246704102, 1.399552583694458, 1.335447907447815, 1.2403545379638672, 1.1946049928665161, 1.3834320306777954, 1.279141902923584, 1.2818835973739624, 1.362989068031311, 1.2679375410079956, 1.3536165952682495, 1.3145747184753418, 1.3897533416748047, 1.3780204057693481, 1.3749245405197144, 1.3247922658920288, 1.2849043607711792, 1.3211750984191895, 1.2910188436508179, 1.4493675231933594, 1.4210891723632812, 1.2813260555267334, 1.3857271671295166, 1.4049127101898193, 1.3698277473449707, 1.2782680988311768, 1.2650885581970215, 1.3241050243377686, 1.32875657081604, 1.3207907676696777, 1.3085342645645142, 1.3753061294555664]
val step Loss: [1.2023475170135498, 1.282341718673706, 1.2154356241226196, 1.2757904529571533, 1.2570626735687256, 1.2651876211166382, 1.2904306650161743, 1.2599778175354004, 1.3535596132278442, 1.2677284479141235, 1.2947710752487183, 1.230360746383667, 1.3180065155029297, 1.3018486499786377, 1.2559658288955688, 1.316925048828125]
Train step Accs: [0.6976744186046512, 0.7147955390334573, 0.7161458333333334, 0.7002724795640327, 0.7049275362318841, 0.7100901424832801, 0.7060686895631877, 0.70193401592719, 0.7058638578839805, 0.7102378141339181, 0.7355589416816734, 0.7106681914719817, 0.7201511991657977, 0.7165671641791045, 0.7052919708029197, 0.7358108108108108, 0.7108346593374801, 0.714705450271779, 0.7168497601732942, 0.736147038801906, 0.7121212121212122, 0.7281777777777778, 0.7242549424609029, 0.7016882725354235, 0.7407142857142858, 0.7189532117367169, 0.6942138364779874, 0.7009630005068423, 0.6972728739712765, 0.6895807644882861, 0.6976463488231744, 0.7153810045376311, 0.6962951184608046, 0.715149017992034, 0.733823317480905, 0.746762982145291, 0.7008999470619375, 0.7224, 0.7163781624500666, 0.6980309237478525, 0.7322475570032573, 0.7084572183680211, 0.7114995400183992, 0.7014330033978431, 0.709466098919096, 0.7021013597033374, 0.7075392376681614, 0.7138139000574383, 0.7097468144961112, 0.7116342236306021, 0.6758782889901515, 0.6824280104712042, 0.7239605657951136, 0.700381679389313, 0.6942106167325202, 0.7020432162281346, 0.7343777817340217, 0.7295663997582716, 0.7159442724458205, 0.7134247400934157, 0.7113970588235294, 0.7202049780380674, 0.7025623268698061]
val step Accs: [0.7514757969303424, 0.7312883435582822, 0.737214994203272, 0.7252279635258359, 0.7245168122848822, 0.7278058093549706, 0.7292176826910685, 0.7359139142131221, 0.7034061696658098, 0.7176667130725324, 0.7245701430178371, 0.7314695340501792, 0.7142207398423287, 0.7146222710852835, 0.7327022375215146, 0.7167721518987342]
Preds: [17, 17, 188, 30, 30, 301, 301, 378, 75, 109, 426, 426, 284, 284, 319, 319, 240, 348, 348, 75, 75, 467, 331, 331, 84, 84, 84, 153, 153, 182, 182, 182, 182, 182, 387, 387, 387, 497, 167, 167, 146, 219, 219, 324, 301, 301, 43, 345, 345, 109, 109, 109, 139, 139, 428, 443, 146, 240, 240, 314, 77, 310, 420, 324, 324, 301, 339, 10, 199, 331, 331, 84, 84, 424, 375, 182, 182, 182, 182, 182, 182, 182, 182, 182, 182, 43, 346, 346, 139, 284, 206, 206, 206, 206, 206, 167, 167, 35, 35, 116, 188, 278, 278, 171, 171, 171, 416, 416, 75, 434, 464, 464, 464, 171, 171, 171, 171, 252, 143, 239, 239, 219, 219, 219, 213, 213, 213, 213, 213, 213, 246, 246, 246, 246, 301, 301, 43, 43, 345, 345, 109, 109, 374, 374, 337, 171, 171, 171, 171, 246, 246, 246, 3, 3, 3, 339, 251, 251, 398, 443, 284, 284, 460, 460, 460, 169, 169, 77, 395, 395, 400, 337, 324, 324, 422, 143, 14, 14, 411, 411, 100, 100, 100, 497, 122, 122, 345, 345, 496, 88, 88, 497, 98, 98, 229, 229, 247, 312, 312, 187, 187, 187, 149, 80, 321, 321, 7, 7, 309, 374, 374, 374, 374, 374, 132, 132, 132, 132, 132, 132, 219, 219, 213, 213, 213, 213, 213, 213, 324, 3, 3, 14, 14, 287, 287, 284, 284, 111, 111, 85, 146, 146, 146, 219, 219, 219, 219, 219, 246, 246, 416, 374, 374, 374, 374, 132, 132, 132, 132, 212, 313, 473, 371, 109, 443, 443, 443, 443, 120, 120, 120, 468, 468, 468, 468, 467, 467, 486, 284, 284, 284, 284, 206, 206, 206, 167, 167, 35, 35, 293, 77, 338, 354, 420, 420, 464, 464, 464, 171, 171, 252, 416, 77, 36, 36, 164, 172, 172, 172, 115, 267, 267, 267, 213, 213, 213, 246, 246, 246, 246, 246, 246, 19, 19, 19, 197, 19, 301, 301, 240, 240, 240, 240, 240, 240, 240, 240, 240, 240, 240, 240, 240, 240, 240, 240, 240, 240, 240, 240, 240, 240, 240, 240, 240, 240, 240, 240, 240, 240, 240, 240, 240, 240, 240, 240, 240, 240, 240, 240, 240, 240, 240, 240, 240, 240, 240, 240, 240, 240, 240, 240, 240, 240, 240, 240, 240, 240, 240, 240, 240, 240, 240, 240, 240, 240, 240, 240, 240, 240, 240, 240, 240, 240, 240, 240, 240, 240, 240, 240, 240, 240, 240, 240, 240, 240, 240, 240, 240, 240, 240, 240, 240, 240, 240, 240, 240, 240, 240, 240, 240, 240, 240, 240, 240, 240, 240, 240, 240, 240, 240, 240, 240, 240, 240, 240, 240, 240, 240, 240, 240, 240, 240, 240, 240, 240, 240, 240, 240, 240, 240, 240, 240, 240, 240, 240, 240, 240, 240, 240, 240, 240, 240, 240, 240, 240, 240, 240, 240, 240, 240, 240, 240, 240, 240, 240, 240, 240, 240, 240, 240, 240, 240, 240, 240, 240, 240, 240, 240, 240, 240, 240, 240, 240, 240, 240, 240, 240, 240, 240, 240, 240, 240, 240, 240, 240, 240, 240, 240, 240, 240, 240, 240, 240, 240, 240, 240, 240, 240, 240, 240, 240, 240, 240, 240, 240, 240, 240, 240, 240, 240, 240, 240, 240, 240, 240, 240, 240, 240, 240, 240, 240, 240, 240, 240, 240, 240, 240, 240, 240, 240, 240, 240, 240, 240, 240, 240, 240, 240, 240, 240, 240, 240, 240, 240, 240, 240, 240, 240, 240, 240, 240, 240, 240, 240, 240, 240, 240, 240, 240, 240, 240, 240, 240, 240, 240, 240, 240, 240, 240, 240]

ep214
Train step Loss: [1.2864552736282349, 1.3438717126846313, 1.280888557434082, 1.3375658988952637, 1.309448003768921, 1.3121378421783447, 1.3664644956588745, 1.3115495443344116, 1.311803936958313, 1.2769956588745117, 1.3098760843276978, 1.3768526315689087, 1.2745450735092163, 1.3513708114624023, 1.3100333213806152, 1.414567470550537, 1.2594738006591797, 1.381914496421814, 1.3448233604431152, 1.3195505142211914, 1.4166988134384155, 1.2797045707702637, 1.403820276260376, 1.3565776348114014, 1.4439737796783447, 1.2315220832824707, 1.327174425125122, 1.2217482328414917, 1.3577154874801636, 1.327961802482605, 1.4390164613723755, 1.3282854557037354, 1.3130664825439453, 1.275663137435913, 1.293107032775879, 1.3843151330947876, 1.2912908792495728, 1.2940341234207153, 1.3230526447296143, 1.2551605701446533, 1.3055331707000732, 1.2421866655349731, 1.3385709524154663, 1.3252758979797363, 1.286044955253601, 1.427422285079956, 1.2278203964233398, 1.3380194902420044, 1.2649121284484863, 1.2843791246414185, 1.2456095218658447, 1.2845088243484497, 1.275325894355774, 1.276736855506897, 1.3732407093048096, 1.2955929040908813, 1.3887078762054443, 1.3061870336532593, 1.2775391340255737, 1.3726608753204346, 1.3392947912216187, 1.2403078079223633, 1.3516485691070557]
val step Loss: [1.2451215982437134, 1.2170838117599487, 1.3246650695800781, 1.2588815689086914, 1.2915222644805908, 1.2719173431396484, 1.2388502359390259, 1.323655366897583, 1.2609425783157349, 1.1842331886291504, 1.2683082818984985, 1.2227952480316162, 1.2774477005004883, 1.3176910877227783, 1.2035536766052246, 1.2859225273132324]
Train step Accs: [0.7149795113067233, 0.7013731703636638, 0.7200766509433962, 0.7074444928167175, 0.7161538461538461, 0.7196499602227526, 0.6956179066834804, 0.7189081429228646, 0.7120366394733075, 0.7235343150875243, 0.7187375149820215, 0.7071674397725572, 0.7312824834948729, 0.6988066825775656, 0.7231740306582507, 0.6902151847340642, 0.7268993839835729, 0.6974366798901435, 0.7174479166666666, 0.7106879606879607, 0.6857817507168157, 0.7294857327099791, 0.6865994236311239, 0.7036411123060378, 0.6824571267922407, 0.7386647101980924, 0.7060954481020634, 0.7384745762711864, 0.7000208029956314, 0.716618170061429, 0.6834025645656493, 0.7063214013709064, 0.7278136688201292, 0.7329487614523243, 0.7252606025988861, 0.6983440434997529, 0.7274629136553823, 0.7236037505095801, 0.7104793093182494, 0.7240081543045319, 0.718361276365603, 0.7257660435536712, 0.7056980906921241, 0.7126139817629179, 0.7179358717434869, 0.6870449029126213, 0.7388711690472889, 0.7113967437874893, 0.7321591254175523, 0.7179264407761367, 0.7431533145636038, 0.7250685524606726, 0.7286746318421784, 0.7293541765356072, 0.6949177877428998, 0.7202086765513455, 0.6930035335689045, 0.7139659803043867, 0.7243834893841488, 0.705627034568284, 0.7115725949591765, 0.7436047876085427, 0.7001698754246886]
val step Accs: [0.7336423118865867, 0.7340622371740959, 0.7031691245685597, 0.7311328578537071, 0.7265419265419265, 0.7287863297794654, 0.7339464608310068, 0.7154314159292036, 0.7259302157231794, 0.7506830601092896, 0.7285223367697594, 0.7321698502129999, 0.7188607056823013, 0.7163158600348573, 0.7407458755025648, 0.7221139267922894]
Preds: [17, 7, 217, 70, 65, 65, 284, 284, 284, 315, 315, 315, 43, 297, 297, 297, 479, 297, 297, 413, 122, 98, 98, 98, 48, 197, 82, 82, 320, 345, 345, 109, 286, 286, 264, 468, 406, 467, 337, 286, 286, 324, 339, 339, 10, 398, 398, 464, 339, 339, 10, 10, 10, 398, 398, 398, 106, 153, 387, 387, 387, 497, 75, 406, 32, 239, 208, 208, 106, 106, 481, 387, 122, 88, 406, 406, 406, 406, 406, 467, 106, 426, 284, 315, 426, 450, 450, 450, 43, 43, 276, 276, 346, 426, 426, 426, 34, 251, 401, 401, 75, 276, 276, 276, 116, 303, 303, 303, 303, 303, 451, 188, 19, 19, 19, 48, 17, 170, 170, 170, 170, 28, 228, 2, 2, 2, 2, 20, 2, 20, 2, 2, 228, 73, 73, 73, 20, 83, 83, 83, 186, 66, 251, 36, 36, 66, 172, 172, 115, 267, 267, 150, 464, 464, 139, 106, 387, 293, 497, 75, 406, 32, 239, 208, 276, 153, 153, 153, 387, 387, 122, 122, 406, 406, 467, 467, 88, 413, 98, 98, 48, 48, 13, 170, 170, 170, 170, 47, 47, 47, 47, 47, 47, 47, 47, 47, 80, 80, 149, 320, 83, 83, 83, 186, 239, 66, 66, 77, 66, 172, 172, 224, 267, 267, 324, 324, 422, 335, 14, 14, 411, 287, 426, 293, 239, 251, 321, 32, 208, 276, 354, 293, 10, 319, 330, 236, 348, 349, 251, 241, 371, 324, 324, 464, 464, 464, 486, 486, 486, 460, 240, 240, 314, 239, 239, 395, 371, 106, 331, 34, 273, 239, 251, 401, 75, 36, 114, 355, 355, 355, 355, 452, 263, 13, 229, 170, 170, 170, 80, 47, 47, 20, 47, 2, 2, 2, 47, 47, 47, 149, 73, 73, 73, 73, 289, 320, 7, 63, 7, 65, 330, 330, 286, 416, 239, 35, 401, 401, 75, 75, 114, 486, 319, 206, 206, 240, 330, 251, 251, 251, 241, 371, 398, 464, 464, 464, 486, 486, 460, 460, 240, 314, 314, 239, 384, 371, 180, 139, 387, 240, 215, 251, 35, 75, 75, 114, 109, 355, 355, 355, 355, 452, 263, 17, 240, 240, 240, 240, 240, 240, 240, 240, 240, 240, 240, 240, 240, 240, 240, 240, 240, 240, 240, 240, 240, 240, 240, 240, 240, 240, 240, 240, 240, 240, 240, 240, 240, 240, 240, 240, 240, 240, 240, 240, 240, 240, 240, 240, 240, 240, 240, 240, 240, 240, 240, 240, 240, 240, 240, 240, 240, 240, 240, 240, 240, 240, 240, 240, 240, 240, 240, 240, 240, 240, 240, 240, 240, 240, 240, 240, 240, 240, 240, 240, 240, 240, 240, 240, 240, 240, 240, 240, 240, 240, 240, 240, 240, 240, 240, 240, 240, 240, 240, 240, 240, 240, 240, 240, 240, 240, 240, 240, 240, 240, 240, 240, 240, 240, 240, 240, 240, 240, 240, 240, 240, 240, 240, 240, 240, 240, 240, 240, 240, 240, 240, 240, 240, 240, 240, 240, 240, 240, 240, 240, 240, 240, 240, 240, 240, 240, 240, 240, 240, 240, 240, 240, 240, 240, 240, 240, 240, 240, 240, 240, 240, 240, 240, 240, 240, 240, 240, 240, 240, 240, 240, 240, 240, 240, 240, 240, 240, 240, 240, 240, 240, 240, 240, 240, 240, 240, 240, 240, 240, 240, 240, 240, 240, 240, 240, 240, 240, 240, 240, 240, 240, 240, 240, 240, 240, 240, 240, 240, 240, 240, 240, 240, 240, 240, 240, 240, 240, 240, 240, 240, 240, 240, 240, 240, 240, 240, 240, 240, 240, 240, 240, 240, 240, 240, 240, 240, 240, 240, 240, 240, 240, 240, 240, 240, 240, 240]

ep215
Train step Loss: [1.2970430850982666, 1.359621286392212, 1.2289996147155762, 1.2614095211029053, 1.3619557619094849, 1.270042896270752, 1.253412127494812, 1.2227416038513184, 1.293112874031067, 1.2831320762634277, 1.3021095991134644, 1.210416316986084, 1.3546562194824219, 1.3369286060333252, 1.3114875555038452, 1.2903681993484497, 1.348572015762329, 1.3120143413543701, 1.3144968748092651, 1.3068428039550781, 1.2409148216247559, 1.4013352394104004, 1.2934625148773193, 1.3271750211715698, 1.2541446685791016, 1.3102326393127441, 1.2703157663345337, 1.314374566078186, 1.3758461475372314, 1.2718513011932373, 1.261830449104309, 1.3783235549926758, 1.366990327835083, 1.3091970682144165, 1.2894060611724854, 1.2544074058532715, 1.248050332069397, 1.3098418712615967, 1.369979977607727, 1.3301055431365967, 1.332855224609375, 1.3759456872940063, 1.2878460884094238, 1.280369758605957, 1.3222182989120483, 1.3298819065093994, 1.3728047609329224, 1.344950556755066, 1.2943326234817505, 1.3328049182891846, 1.304373860359192, 1.2911595106124878, 1.321494698524475, 1.3802742958068848, 1.3291691541671753, 1.3661837577819824, 1.2565761804580688, 1.3447589874267578, 1.318721890449524, 1.30619215965271, 1.28459894657135, 1.2112690210342407, 1.2426291704177856]
val step Loss: [1.2314904928207397, 1.3473551273345947, 1.212116003036499, 1.1920007467269897, 1.215960144996643, 1.2211387157440186, 1.2107881307601929, 1.2959378957748413, 1.1924653053283691, 1.2154322862625122, 1.3891974687576294, 1.3027098178863525, 1.2821459770202637, 1.2127704620361328, 1.2042040824890137, 1.3730688095092773]
Train step Accs: [0.713316503628905, 0.7081273176761433, 0.730016051364366, 0.728686899496721, 0.6934057096903901, 0.7190496040016674, 0.7310745676212078, 0.7381329113924051, 0.7118269382599084, 0.7360068259385666, 0.7229455410891782, 0.7347488512121693, 0.704490970113473, 0.7171650421278705, 0.7174204355108877, 0.719361483007209, 0.7129754924071569, 0.7177672955974843, 0.7161331020343794, 0.708589528600708, 0.7376915773769158, 0.6954655986268059, 0.7207702888583218, 0.7147887323943662, 0.7321184510250569, 0.7173420232360442, 0.7136873597606582, 0.7155840684309008, 0.7040832413684377, 0.7215077605321508, 0.7245557350565428, 0.701930602661101, 0.7000154154462772, 0.7218221895664952, 0.7187406744255446, 0.7255515568768581, 0.7304392587508579, 0.7079381577237885, 0.6966074881349974, 0.7109623430962343, 0.7089893346876587, 0.6883490490650471, 0.7100305908871357, 0.7192733465796196, 0.7069442422477799, 0.719885598923284, 0.7049101412066753, 0.7068164794007491, 0.7151536191633397, 0.710577456968351, 0.7163806032327945, 0.7251197809719371, 0.7193233571893298, 0.6980622617534943, 0.7179362768882419, 0.7185834622657727, 0.7287392104146031, 0.7095136728344522, 0.7048013245033112, 0.7246886843530048, 0.72609375, 0.7361165301079464, 0.7249118307149728]
val step Accs: [0.7337379396202925, 0.7102099927588704, 0.7373451803984922, 0.7447071762441573, 0.7328176138054151, 0.7420257414661444, 0.7443858327053504, 0.7191394464121736, 0.7416879795396419, 0.7363122571529495, 0.6969906129210381, 0.7204718048149944, 0.7245154608669921, 0.7343891402714933, 0.749957184449392, 0.7063548310890622]
Preds: [17, 17, 309, 309, 354, 65, 278, 213, 434, 434, 252, 378, 8, 354, 420, 213, 213, 324, 324, 324, 301, 301, 8, 354, 109, 180, 443, 486, 486, 376, 460, 460, 167, 167, 35, 35, 35, 293, 259, 354, 109, 109, 290, 428, 171, 171, 171, 171, 171, 246, 246, 3, 3, 3, 3, 143, 197, 219, 219, 219, 219, 152, 152, 152, 374, 374, 378, 378, 43, 276, 276, 182, 182, 182, 100, 100, 100, 100, 100, 293, 293, 293, 293, 293, 14, 14, 287, 145, 486, 460, 460, 460, 169, 150, 150, 150, 494, 224, 224, 224, 219, 434, 434, 434, 374, 374, 199, 468, 468, 468, 468, 468, 467, 337, 337, 286, 286, 286, 207, 143, 239, 384, 107, 371, 371, 444, 278, 264, 264, 264, 264, 264, 264, 207, 416, 468, 468, 35, 414, 82, 82, 82, 321, 320, 217, 7, 473, 346, 346, 171, 171, 171, 252, 36, 246, 143, 107, 213, 324, 422, 36, 168, 342, 416, 434, 434, 271, 139, 139, 139, 84, 139, 293, 293, 293, 122, 8, 467, 276, 100, 153, 153, 153, 481, 387, 387, 122, 122, 88, 468, 413, 413, 413, 413, 53, 208, 208, 208, 208, 303, 208, 208, 208, 208, 208, 208, 48, 497, 17, 83, 240, 240, 240, 240, 240, 240, 240, 240, 240, 240, 240, 240, 240, 240, 240, 240, 240, 240, 240, 240, 240, 240, 240, 240, 240, 240, 240, 240, 240, 240, 240, 240, 240, 240, 240, 240, 240, 240, 240, 240, 240, 240, 240, 240, 240, 240, 240, 240, 240, 240, 240, 240, 240, 240, 240, 240, 240, 240, 240, 240, 240, 240, 240, 240, 240, 240, 240, 240, 240, 240, 240, 240, 240, 240, 240, 240, 240, 240, 240, 240, 240, 240, 240, 240, 240, 240, 240, 240, 240, 240, 240, 240, 240, 240, 240, 240, 240, 240, 240, 240, 240, 240, 240, 240, 240, 240, 240, 240, 240, 240, 240, 240, 240, 240, 240, 240, 240, 240, 240, 240, 240, 240, 240, 240, 240, 240, 240, 240, 240, 240, 240, 240, 240, 240, 240, 240, 240, 240, 240, 240, 240, 240, 240, 240, 240, 240, 240, 240, 240, 240, 240, 240, 240, 240, 240, 240, 240, 240, 240, 240, 240, 240, 240, 240, 240, 240, 240, 240, 240, 240, 240, 240, 240, 240, 240, 240, 240, 240, 240, 240, 240, 240, 240, 240, 240, 240, 240, 240, 240, 240, 240, 240, 240, 240, 240, 240, 240, 240, 240, 240, 240, 240, 240, 240, 240, 240, 240, 240, 240, 240, 240, 240, 240, 240, 240, 240, 240, 240, 240, 240, 240, 240, 240, 240, 240, 240, 240, 240, 240, 240, 240, 240, 240, 240, 240, 240, 240, 240, 240, 240, 240, 240, 240, 240, 240, 240, 240, 240, 240, 240, 240, 240, 240, 240, 240, 240, 240, 240, 240, 240, 240, 240, 240, 240, 240, 240, 240, 240, 240, 240, 240, 240, 240, 240, 240, 240, 240, 240, 240, 240, 240, 240, 240, 240, 240, 240, 240, 240, 240, 240, 240, 240, 240, 240, 240, 240, 240, 240, 240, 240, 240, 240, 240, 240, 240, 240, 240, 240, 240, 240, 240, 240, 240, 240, 240, 240, 240, 240, 240, 240, 240, 240, 240, 240, 240, 240, 240, 240, 240, 240, 240, 240, 240, 240, 240, 240, 240, 240, 240, 240, 240, 240, 240, 240, 240, 240, 240, 240, 240, 240, 240, 240, 240, 240, 240, 240, 240, 240, 240, 240, 240, 240, 240, 240, 240, 240, 240, 240, 240, 240, 240, 240, 240, 240, 240, 240, 240, 240, 240, 240, 240, 240, 240, 240, 240, 240, 240, 240, 240, 240]

ep216
Train step Loss: [1.3536837100982666, 1.345826268196106, 1.2993407249450684, 1.2561919689178467, 1.4373105764389038, 1.2532387971878052, 1.4073877334594727, 1.335860013961792, 1.3553752899169922, 1.2569490671157837, 1.1945111751556396, 1.282142162322998, 1.4247567653656006, 1.2680453062057495, 1.2735563516616821, 1.307288646697998, 1.2140864133834839, 1.3911690711975098, 1.3013216257095337, 1.344594955444336, 1.239872932434082, 1.3520071506500244, 1.2690904140472412, 1.345101237297058, 1.267386555671692, 1.3387377262115479, 1.3426122665405273, 1.293081283569336, 1.22459876537323, 1.278496265411377, 1.2822356224060059, 1.3086665868759155, 1.300065517425537, 1.2945377826690674, 1.3265477418899536, 1.3273613452911377, 1.2131989002227783, 1.251763939857483, 1.267751693725586, 1.4064922332763672, 1.3630789518356323, 1.2832589149475098, 1.2639753818511963, 1.143113613128662, 1.2752268314361572, 1.2489674091339111, 1.2602417469024658, 1.2684208154678345, 1.2250056266784668, 1.2808115482330322, 1.3746144771575928, 1.3077536821365356, 1.312025547027588, 1.288427472114563, 1.3126250505447388, 1.260307788848877, 1.3510407209396362, 1.2919371128082275, 1.3341339826583862, 1.3122388124465942, 1.312690258026123, 1.2201803922653198, 1.3181520700454712]
val step Loss: [1.2284742593765259, 1.165387749671936, 1.229907751083374, 1.2401444911956787, 1.26893150806427, 1.1772948503494263, 1.2115378379821777, 1.2521895170211792, 1.2559840679168701, 1.1597368717193604, 1.2106008529663086, 1.3143045902252197, 1.3562977313995361, 1.211995244026184, 1.280603289604187, 1.332236886024475]
Train step Accs: [0.6971328773104352, 0.7129230769230769, 0.7215818407519063, 0.7361042388256639, 0.684619459650362, 0.732809721398933, 0.6882456140350878, 0.7189695550351288, 0.7026499756137213, 0.7203019467620183, 0.7494353017102291, 0.7214406302757457, 0.6942335648522048, 0.7313363340058979, 0.7200754005655042, 0.7121076233183856, 0.7368956743002545, 0.694808195963642, 0.7161281179138322, 0.710948905109489, 0.7301959701904499, 0.7079111111111112, 0.7268776314002444, 0.7113244296048971, 0.7263088137839628, 0.7065523248023583, 0.7018664047151277, 0.7235576923076923, 0.7362083450014002, 0.7293715846994535, 0.7246097513971863, 0.7223375379211241, 0.7132122730118973, 0.722582504683672, 0.7099800966733011, 0.7060879697057967, 0.7414326204586447, 0.7260090884790164, 0.7297297297297297, 0.6936037951905775, 0.7000169290672084, 0.7192691029900332, 0.7261744966442953, 0.753949678174371, 0.7244186046511628, 0.7344877344877345, 0.7319094676442461, 0.7177397809243922, 0.7390006285355123, 0.7261129914084874, 0.7063264381700136, 0.7211184694628403, 0.7206034610264753, 0.7192612992062206, 0.7240999265246143, 0.7269005847953216, 0.703968253968254, 0.7247291180907969, 0.695855730882608, 0.7134414049307667, 0.7189165186500888, 0.7392456359102244, 0.6981716764797025]
val step Accs: [0.7354138398914518, 0.7531280076997112, 0.7347294938917975, 0.743099207433725, 0.7320410490307868, 0.7541224970553593, 0.7335586969883221, 0.7373796323314853, 0.7272187592757495, 0.7559304164470216, 0.7471819645732689, 0.7145853726751503, 0.7064872221382126, 0.7448453608247423, 0.7223989818644607, 0.7173056994818653]
Preds: [17, 17, 287, 287, 111, 111, 438, 438, 219, 219, 219, 219, 152, 152, 106, 106, 88, 88, 88, 284, 284, 284, 284, 206, 450, 450, 43, 43, 43, 276, 276, 276, 174, 331, 387, 413, 348, 186, 239, 239, 371, 180, 443, 450, 240, 240, 35, 35, 35, 251, 34, 180, 486, 486, 460, 206, 167, 167, 35, 35, 164, 36, 219, 219, 152, 152, 374, 132, 132, 250, 186, 186, 494, 494, 172, 273, 106, 387, 387, 387, 348, 348, 259, 250, 250, 242, 43, 43, 251, 251, 251, 208, 208, 276, 276, 153, 153, 122, 406, 331, 331, 387, 387, 236, 116, 10, 10, 219, 398, 464, 301, 116, 10, 10, 309, 331, 88, 88, 346, 319, 428, 428, 146, 146, 219, 219, 219, 219, 464, 464, 355, 355, 406, 43, 43, 276, 276, 276, 276, 497, 497, 186, 251, 251, 259, 259, 371, 420, 213, 213, 422, 143, 251, 251, 251, 371, 371, 107, 395, 213, 213, 213, 213, 213, 246, 246, 19, 19, 454, 414, 454, 126, 126, 126, 408, 408, 149, 228, 244, 244, 289, 287, 443, 215, 236, 349, 75, 34, 34, 464, 171, 171, 171, 301, 8, 8, 32, 32, 239, 354, 213, 213, 213, 213, 213, 213, 246, 246, 246, 246, 246, 246, 246, 19, 19, 454, 414, 414, 414, 82, 170, 170, 392, 392, 392, 392, 392, 392, 63, 63, 63, 63, 63, 63, 63, 63, 73, 73, 73, 73, 244, 209, 188, 188, 171, 171, 171, 318, 99, 259, 208, 473, 473, 371, 371, 34, 34, 290, 106, 106, 354, 354, 219, 213, 213, 213, 213, 246, 416, 374, 374, 132, 132, 132, 122, 109, 313, 259, 259, 259, 338, 338, 400, 400, 278, 236, 239, 239, 107, 371, 180, 486, 315, 319, 203, 203, 53, 303, 70, 65, 65, 153, 387, 387, 406, 406, 406, 406, 467, 88, 375, 375, 375, 98, 98, 98, 414, 414, 414, 414, 170, 170, 82, 228, 244, 392, 392, 392, 392, 63, 63, 73, 73, 244, 320, 441, 320, 153, 153, 182, 43, 43, 43, 239, 208, 345, 276, 153, 153, 43, 374, 132, 132, 132, 411, 208, 117, 117, 48, 17, 17, 83, 240, 240, 240, 240, 240, 240, 240, 240, 240, 240, 240, 240, 240, 240, 240, 240, 240, 240, 240, 240, 240, 240, 240, 240, 240, 240, 240, 240, 240, 240, 240, 240, 240, 240, 240, 240, 240, 240, 240, 240, 240, 240, 240, 240, 240, 240, 240, 240, 240, 240, 240, 240, 240, 240, 240, 240, 240, 240, 240, 240, 240, 240, 240, 240, 240, 240, 240, 240, 240, 240, 240, 240, 240, 240, 240, 240, 240, 240, 240, 240, 240, 240, 240, 240, 240, 240, 240, 240, 240, 240, 240, 240, 240, 240, 240, 240, 240, 240, 240, 240, 240, 240, 240, 240, 240, 240, 240, 240, 240, 240, 240, 240, 240, 240, 240, 240, 240, 240, 240, 240, 240, 240, 240, 240, 240, 240, 240, 240, 240, 240, 240, 240, 240, 240, 240, 240, 240, 240, 240, 240, 240, 240, 240, 240, 240, 240, 240, 240, 240, 240, 240, 240, 240, 240, 240, 240, 240, 240, 240, 240, 240, 240, 240, 240, 240, 240, 240, 240, 240, 240, 240, 240, 240, 240, 240, 240, 240, 240, 240, 240, 240, 240, 240, 240, 240, 240, 240, 240, 240, 240, 240, 240, 240, 240, 240, 240, 240, 240, 240, 240, 240, 240, 240, 240, 240, 240, 240, 240, 240, 240, 240, 240, 240, 240, 240, 240, 240, 240, 240, 240, 240, 240, 240, 240, 240, 240, 240, 240, 240, 240, 240, 240, 240, 240, 240, 240, 240, 240]

ep217
Train step Loss: [1.303954839706421, 1.3116464614868164, 1.2570515871047974, 1.3825241327285767, 1.3207895755767822, 1.308972716331482, 1.331743597984314, 1.328813910484314, 1.267961859703064, 1.392956256866455, 1.2651594877243042, 1.2948421239852905, 1.3410698175430298, 1.1901253461837769, 1.3429944515228271, 1.327005386352539, 1.3102672100067139, 1.2332268953323364, 1.2550655603408813, 1.2211050987243652, 1.2538797855377197, 1.2679795026779175, 1.2401573657989502, 1.266716480255127, 1.3035976886749268, 1.2728441953659058, 1.2589730024337769, 1.2780555486679077, 1.3064594268798828, 1.3289496898651123, 1.3414630889892578, 1.2668700218200684, 1.2138721942901611, 1.2552238702774048, 1.244666576385498, 1.3138391971588135, 1.2669492959976196, 1.3565751314163208, 1.2662709951400757, 1.3610538244247437, 1.2155104875564575, 1.2759833335876465, 1.3031117916107178, 1.2413092851638794, 1.3255523443222046, 1.249178409576416, 1.3031256198883057, 1.269101858139038, 1.3113340139389038, 1.3193835020065308, 1.2976552248001099, 1.3792961835861206, 1.3156118392944336, 1.2392679452896118, 1.2753130197525024, 1.26374089717865, 1.2993654012680054, 1.274579405784607, 1.2623116970062256, 1.2291840314865112, 1.2589079141616821, 1.2330889701843262, 1.3091965913772583]
val step Loss: [1.2280497550964355, 1.2363439798355103, 1.2432618141174316, 1.1825652122497559, 1.1608463525772095, 1.2166589498519897, 1.3058223724365234, 1.2148332595825195, 1.169240117073059, 1.2766510248184204, 1.2393184900283813, 1.2133067846298218, 1.149031639099121, 1.2752798795700073, 1.3074525594711304, 1.2725428342819214]
Train step Accs: [0.7258936617602884, 0.7105526203055833, 0.7332363636363637, 0.6963706563706563, 0.7154360116498201, 0.7133303611234953, 0.7112462006079028, 0.7108333333333333, 0.7208470453569895, 0.6968276293170808, 0.7249093107617895, 0.7047217537942665, 0.7085106382978723, 0.7477490353008432, 0.7173385138416707, 0.7220847284903188, 0.724959684644329, 0.7360854655763651, 0.7258347978910369, 0.7518580312452601, 0.7300529901589705, 0.7301865731143359, 0.7352322691645957, 0.7345696097425962, 0.7134430301148712, 0.7230696650416732, 0.7192159028161237, 0.7270645952575634, 0.718655276935795, 0.710322464420825, 0.7186769127965252, 0.7368851119463965, 0.7442595673876872, 0.7288963304032371, 0.7455722070844687, 0.7175979983319433, 0.7245413837931532, 0.7058374083129584, 0.7215226939970717, 0.7076646167691616, 0.7410872721406678, 0.724521128820003, 0.7156405990016639, 0.7341791270200876, 0.703232787772217, 0.7314393344843824, 0.7143653595985876, 0.7261136470958602, 0.712381300219138, 0.7107107107107107, 0.7201720310765816, 0.7068403908794788, 0.712468193384224, 0.7383632068917605, 0.7163404507710558, 0.729585968947671, 0.7245183115163994, 0.7245266005410279, 0.7250035058196607, 0.7337628188272417, 0.733244414804935, 0.7378454452405322, 0.7296108291032148]
val step Accs: [0.7415891195418755, 0.7306801736613604, 0.7305594514570671, 0.751225661857403, 0.7589988751406074, 0.7384446074834923, 0.7252747252747253, 0.743740163113464, 0.75, 0.7290989660265879, 0.7316735822959889, 0.7452999104744852, 0.7606638746703893, 0.7300107017275645, 0.7129411764705882, 0.7171692000996761]
Preds: [17, 17, 188, 30, 213, 152, 301, 378, 43, 43, 276, 276, 109, 346, 346, 284, 284, 284, 284, 284, 426, 426, 206, 206, 167, 293, 35, 17, 287, 287, 284, 206, 240, 251, 251, 251, 241, 431, 319, 428, 428, 146, 146, 146, 358, 349, 36, 54, 342, 494, 342, 224, 273, 106, 496, 153, 182, 182, 375, 375, 98, 98, 108, 240, 240, 240, 240, 240, 240, 240, 240, 240, 240, 240, 240, 240, 240, 240, 240, 240, 240, 240, 240, 240, 240, 240, 240, 240, 240, 240, 240, 240, 240, 240, 240, 240, 240, 240, 240, 240, 240, 240, 240, 240, 240, 240, 240, 240, 240, 240, 240, 240, 240, 240, 240, 240, 240, 240, 240, 240, 240, 240, 240, 240, 240, 240, 240, 240, 240, 240, 240, 240, 240, 240, 240, 240, 240, 240, 240, 240, 240, 240, 240, 240, 240, 240, 240, 240, 240, 240, 240, 240, 240, 240, 240, 240, 240, 240, 240, 240, 240, 240, 240, 240, 240, 240, 240, 240, 240, 240, 240, 240, 240, 240, 240, 240, 240, 240, 240, 240, 240, 240, 240, 240, 240, 240, 240, 240, 240, 240, 240, 240, 240, 240, 240, 240, 240, 240, 240, 240, 240, 240, 240, 240, 240, 240, 240, 240, 240, 240, 240, 240, 240, 240, 240, 240, 240, 240, 240, 240, 240, 240, 240, 240, 240, 240, 240, 240, 240, 240, 240, 240, 240, 240, 240, 240, 240, 240, 240, 240, 240, 240, 240, 240, 240, 240, 240, 240, 240, 240, 240, 240, 240, 240, 240, 240, 240, 240, 240, 240, 240, 240, 240, 240, 240, 240, 240, 240, 240, 240, 240, 240, 240, 240, 240, 240, 240, 240, 240, 240, 240, 240, 240, 240, 240, 240, 240, 240, 240, 240, 240, 240, 240, 240, 240, 240, 240, 240, 240, 240, 240, 240, 240, 240, 240, 240, 240, 240, 240, 240, 240, 240, 240, 240, 240, 240, 240, 240, 240, 240, 240, 240, 240, 240, 240, 240, 240, 240, 240, 240, 240, 240, 240, 240, 240, 240, 240, 240, 240, 240, 240, 240, 240, 240, 240, 240, 240, 240, 240, 240, 240, 240, 240, 240, 240, 240, 240, 240, 240, 240, 240, 240, 240, 240, 240, 240, 240, 240, 240, 240, 240, 240, 240, 240, 240, 240, 240, 240, 240, 240, 240, 240, 240, 240, 240, 240, 240, 240, 240, 240, 240, 240, 240, 240, 240, 240, 240, 240, 240, 240, 240, 240, 240, 240, 240, 240, 240, 240, 240, 240, 240, 240, 240, 240, 240, 240, 240, 240, 240, 240, 240, 240, 240, 240, 240, 240, 240, 240, 240, 240, 240, 240, 240, 240, 240, 240, 240, 240, 240, 240, 240, 240, 240, 240, 240, 240, 240, 240, 240, 240, 240, 240, 240, 240, 240, 240, 240, 240, 240, 240, 240, 240, 240, 240, 240, 240, 240, 240, 240, 240, 240, 240, 240, 240, 240, 240, 240, 240, 240, 240, 240, 240, 240, 240, 240, 240, 240, 240, 240, 240, 240, 240, 240, 240, 240, 240, 240, 240, 240, 240, 240, 240, 240, 240, 240, 240, 240, 240, 240, 240, 240, 240, 240, 240, 240, 240, 240, 240, 240, 240, 240, 240, 240, 240, 240, 240, 240, 240, 240, 240, 240, 240, 240, 240, 240, 240, 240, 240, 240, 240, 240, 240, 240, 240, 240, 240, 240, 240, 240, 240, 240, 240, 240, 240, 240, 240, 240, 240, 240, 240, 240, 240, 240, 240, 240, 240, 240, 240, 240, 240, 240, 240, 240, 240, 240, 240, 240, 240, 240, 240, 240, 240, 240, 240, 240, 240, 240, 240, 240, 240, 240, 240, 240, 240, 240, 240, 240, 240, 240, 240]

ep218
Train step Loss: [1.327122449874878, 1.2443839311599731, 1.293398380279541, 1.240846872329712, 1.2658748626708984, 1.301990032196045, 1.284674882888794, 1.2344517707824707, 1.2676745653152466, 1.20479154586792, 1.2867109775543213, 1.355818748474121, 1.2386614084243774, 1.3665556907653809, 1.3248234987258911, 1.28606116771698, 1.213064193725586, 1.217796802520752, 1.3112953901290894, 1.2565139532089233, 1.2378062009811401, 1.331734299659729, 1.2429136037826538, 1.1806365251541138, 1.2791436910629272, 1.2953301668167114, 1.3151804208755493, 1.376376986503601, 1.2522119283676147, 1.2659810781478882, 1.2093812227249146, 1.3124825954437256, 1.2747172117233276, 1.3217229843139648, 1.2636703252792358, 1.2096707820892334, 1.2823853492736816, 1.334892749786377, 1.3412714004516602, 1.2666517496109009, 1.3184787034988403, 1.1592990159988403, 1.2477953433990479, 1.2336031198501587, 1.2645320892333984, 1.342566967010498, 1.2182974815368652, 1.2690298557281494, 1.2161656618118286, 1.3078759908676147, 1.2877134084701538, 1.281965732574463, 1.2577651739120483, 1.2488893270492554, 1.2768113613128662, 1.2115367650985718, 1.250762701034546, 1.3336385488510132, 1.3476885557174683, 1.264782428741455, 1.2470641136169434, 1.3798258304595947, 1.310924768447876]
val step Loss: [1.2885576486587524, 1.2351540327072144, 1.2128981351852417, 1.1656337976455688, 1.2033612728118896, 1.2037808895111084, 1.1547809839248657, 1.185160517692566, 1.2392783164978027, 1.2861990928649902, 1.2605924606323242, 1.2261945009231567, 1.2296181917190552, 1.2207601070404053, 1.177985668182373, 1.1825486421585083]
Train step Accs: [0.7112299465240641, 0.735667107001321, 0.7207614131311502, 0.7385416666666667, 0.7228123419322205, 0.7069651008687969, 0.7245089666951323, 0.7340089497236115, 0.7160554197229014, 0.7433819556996218, 0.7281567923399163, 0.7128903122497998, 0.7354660604092238, 0.7079460269865068, 0.7132692991817858, 0.7270331325301205, 0.7399110019947829, 0.7377001028051109, 0.7088684091252455, 0.7324605094634979, 0.7397036835666712, 0.7138836772983115, 0.729301233118027, 0.7419946395824517, 0.7192199636423732, 0.7133956386292835, 0.7121527777777777, 0.6923076923076923, 0.7333527611831561, 0.7242163391261979, 0.7465776865160849, 0.7245623158259664, 0.7258241758241758, 0.7103978701375536, 0.7272061515928231, 0.7404171866642896, 0.724404986777484, 0.703801555849112, 0.7101020559088892, 0.7209908735332464, 0.7175639894086496, 0.7593092282784674, 0.7349643221202854, 0.7356481481481482, 0.7153035475731038, 0.7013333333333334, 0.7411784568630762, 0.731590181430096, 0.7289272030651341, 0.7203364817001181, 0.7253390435403283, 0.7218953728732708, 0.7398861713582526, 0.7296993085705097, 0.7272974442631865, 0.7420610211706102, 0.7250075052536775, 0.7101584342963654, 0.7148959625189473, 0.7218934911242604, 0.7294930875576037, 0.6967544001291781, 0.7111181501425404]
val step Accs: [0.7240559024680345, 0.7341421143847487, 0.7317577548005908, 0.7513321492007105, 0.7445894597720139, 0.7358551049847732, 0.7641404290888827, 0.7520617185421655, 0.7364011171698364, 0.7208635059434348, 0.7235211267605633, 0.7420657015590201, 0.7345786856605295, 0.7439735308019537, 0.7496878901373284, 0.7498288062086281]
Preds: [17, 17, 30, 464, 278, 278, 240, 349, 349, 239, 164, 398, 464, 278, 278, 240, 236, 143, 239, 321, 473, 371, 290, 324, 324, 324, 464, 464, 464, 180, 486, 486, 460, 240, 167, 35, 35, 35, 401, 401, 244, 82, 82, 244, 75, 66, 66, 259, 338, 338, 338, 400, 400, 400, 324, 301, 422, 143, 75, 208, 395, 395, 395, 278, 213, 213, 213, 213, 213, 213, 219, 416, 374, 106, 106, 153, 182, 182, 182, 182, 375, 98, 98, 98, 13, 23, 47, 80, 80, 80, 73, 244, 244, 7, 7, 309, 7, 398, 398, 324, 464, 464, 464, 139, 443, 450, 450, 293, 293, 43, 43, 43, 276, 276, 345, 212, 35, 35, 35, 468, 468, 468, 32, 496, 496, 399, 32, 217, 473, 473, 420, 213, 213, 252, 143, 239, 239, 75, 75, 371, 371, 371, 213, 213, 213, 213, 213, 213, 213, 246, 454, 229, 170, 392, 392, 392, 392, 392, 392, 73, 73, 244, 244, 320, 7, 354, 100, 43, 43, 8, 106, 354, 354, 109, 109, 84, 84, 426, 413, 293, 43, 43, 276, 276, 346, 346, 346, 206, 206, 240, 175, 251, 251, 241, 431, 431, 428, 428, 146, 146, 146, 358, 36, 150, 164, 208, 77, 77, 384, 496, 496, 496, 496, 400, 116, 116, 473, 32, 219, 219, 219, 219, 464, 464, 180, 443, 460, 460, 169, 301, 301, 416, 303, 239, 107, 400, 400, 324, 422, 143, 239, 401, 401, 244, 208, 441, 276, 276, 346, 346, 346, 284, 426, 426, 450, 450, 293, 250, 250, 276, 276, 109, 109, 337, 324, 324, 324, 301, 339, 303, 303, 309, 398, 398, 464, 219, 219, 219, 219, 464, 464, 139, 88, 88, 387, 293, 293, 14, 303, 287, 287, 284, 284, 284, 284, 284, 206, 206, 206, 206, 206, 167, 215, 35, 401, 244, 354, 32, 100, 100, 153, 153, 182, 375, 98, 98, 13, 170, 170, 392, 392, 392, 63, 63, 63, 63, 392, 392, 392, 63, 73, 244, 73, 73, 209, 209, 287, 284, 460, 460, 460, 178, 35, 35, 388, 395, 36, 400, 400, 213, 213, 213, 324, 3, 335, 14, 14, 411, 145, 145, 486, 206, 206, 146, 146, 146, 146, 358, 349, 239, 401, 401, 75, 75, 164, 224, 444, 444, 213, 434, 355, 422, 143, 401, 401, 401, 66, 66, 68, 342, 342, 115, 267, 267, 213, 213, 213, 246, 246, 246, 246, 246, 19, 19, 197, 197, 83, 240, 240, 240, 240, 240, 240, 240, 240, 240, 240, 240, 240, 240, 240, 240, 240, 240, 240, 240, 240, 240, 240, 240, 240, 240, 240, 240, 240, 240, 240, 240, 240, 240, 240, 240, 240, 240, 240, 240, 240, 240, 240, 240, 240, 240, 240, 240, 240, 240, 240, 240, 240, 240, 240, 240, 240, 240, 240, 240, 240, 240, 240, 240, 240, 240, 240, 240, 240, 240, 240, 240, 240, 240, 240, 240, 240, 240, 240, 240, 240, 240, 240, 240, 240, 240, 240, 240, 240, 240, 240, 240, 240, 240, 240, 240, 240, 240, 240, 240, 240, 240, 240, 240, 240, 240, 240, 240, 240, 240, 240, 240, 240, 240, 240, 240, 240, 240, 240, 240, 240, 240, 240, 240, 240, 240, 240, 240, 240, 240, 240, 240, 240, 240, 240, 240, 240, 240, 240, 240, 240, 240, 240, 240, 240, 240, 240, 240, 240, 240, 240, 240, 240, 240, 240, 240, 240, 240, 240, 240, 240, 240, 240, 240, 240, 240, 240, 240, 240, 240, 240, 240, 240, 240, 240, 240, 240, 240, 240, 240, 240, 240, 240, 240, 240, 240, 240, 240, 240, 240, 240, 240, 240, 240]

ep219
Train step Loss: [1.3118327856063843, 1.3245258331298828, 1.2565175294876099, 1.2143268585205078, 1.260829210281372, 1.3173203468322754, 1.343993067741394, 1.3649816513061523, 1.2390586137771606, 1.3010447025299072, 1.2366859912872314, 1.2333766222000122, 1.2282233238220215, 1.1621350049972534, 1.268221378326416, 1.2170277833938599, 1.2745469808578491, 1.2347744703292847, 1.3576587438583374, 1.318747878074646, 1.2942036390304565, 1.3050202131271362, 1.2339205741882324, 1.1895229816436768, 1.2546401023864746, 1.3114945888519287, 1.2629059553146362, 1.283844232559204, 1.2904202938079834, 1.3008182048797607, 1.2607802152633667, 1.2557320594787598, 1.2589383125305176, 1.333910346031189, 1.2920554876327515, 1.2429862022399902, 1.179984211921692, 1.3119744062423706, 1.3268219232559204, 1.254684567451477, 1.2302213907241821, 1.195376992225647, 1.3047000169754028, 1.2914423942565918, 1.2282893657684326, 1.1860687732696533, 1.3097779750823975, 1.2095348834991455, 1.2504950761795044, 1.2756990194320679, 1.2443387508392334, 1.3127022981643677, 1.2343792915344238, 1.157765507698059, 1.2030731439590454, 1.2599302530288696, 1.321963906288147, 1.2274847030639648, 1.2389072179794312, 1.2840481996536255, 1.3703902959823608, 1.2811750173568726, 1.3289880752563477]
val step Loss: [1.1740658283233643, 1.2295911312103271, 1.1890109777450562, 1.2677632570266724, 1.1749534606933594, 1.2534611225128174, 1.2883596420288086, 1.198089361190796, 1.271122694015503, 1.175110101699829, 1.2307350635528564, 1.2431036233901978, 1.2692710161209106, 1.108119249343872, 1.1345168352127075, 1.1085631847381592]
Train step Accs: [0.7160380251456608, 0.7162984309958373, 0.730844793713163, 0.7378100219335245, 0.7223985890652558, 0.7202916537387527, 0.7028010761196392, 0.7159923542529468, 0.7359655419956928, 0.720616570327553, 0.7384065120868278, 0.7311013482805635, 0.7364045250102221, 0.7563206024744487, 0.7247706422018348, 0.7417943107221007, 0.7193724420190996, 0.7318284424379232, 0.7049046321525886, 0.7110070257611241, 0.7188246871924645, 0.7225891677675033, 0.7253726980415083, 0.7440956221198156, 0.7291967291967292, 0.7122302158273381, 0.7264224473889321, 0.716984286191909, 0.7262116214158842, 0.7225479321819046, 0.7300087234661239, 0.73290764678399, 0.7370792846078017, 0.7108377452507008, 0.7247108649617201, 0.7349285270354258, 0.7510812826249068, 0.7185303514376997, 0.7219578518014956, 0.7351975843507943, 0.7466666666666667, 0.7475843615281701, 0.7090617195861577, 0.7310189105278013, 0.7361702127659574, 0.7436434340412803, 0.7177765075735925, 0.7478394201282409, 0.7429922915206727, 0.7262580054894785, 0.7343842950624628, 0.7082345503398135, 0.7376530471866832, 0.7488897860314897, 0.7264050901378579, 0.7216475095785441, 0.7137218045112782, 0.7373952563556313, 0.7400067750677507, 0.7205595315549772, 0.6943659631045371, 0.7103215386874174, 0.7160629345042079]
val step Accs: [0.7528057962778804, 0.7335288030355295, 0.7464578672632364, 0.7277126099706744, 0.7477276113842944, 0.730182545636409, 0.7207315245090691, 0.7428688412720077, 0.721498127340824, 0.7461517688360788, 0.7335609321656523, 0.7283691662296802, 0.7245875883739199, 0.7715621473480574, 0.7662755184054011, 0.7592399791775117]
Preds: [17, 17, 17, 17, 17, 296, 244, 309, 241, 241, 338, 473, 420, 371, 301, 75, 75, 114, 330, 240, 171, 422, 36, 99, 259, 338, 338, 338, 395, 319, 65, 403, 403, 403, 171, 171, 171, 252, 252, 219, 219, 219, 252, 286, 286, 286, 264, 468, 468, 467, 467, 145, 460, 240, 468, 35, 36, 77, 342, 355, 355, 224, 434, 434, 464, 139, 139, 88, 43, 43, 276, 109, 109, 428, 428, 428, 330, 388, 94, 10, 10, 338, 398, 398, 324, 422, 422, 14, 14, 145, 145, 284, 319, 319, 203, 53, 53, 53, 250, 250, 250, 75, 251, 401, 401, 32, 208, 276, 276, 276, 43, 259, 251, 401, 244, 208, 208, 276, 441, 138, 153, 387, 387, 122, 122, 88, 331, 331, 331, 35, 468, 32, 467, 467, 337, 278, 278, 434, 434, 434, 434, 434, 434, 434, 434, 434, 19, 264, 468, 251, 401, 401, 32, 354, 319, 406, 400, 416, 251, 401, 32, 354, 354, 354, 428, 315, 146, 169, 175, 175, 496, 34, 180, 443, 240, 416, 239, 36, 36, 290, 164, 494, 99, 278, 337, 374, 374, 132, 250, 8, 239, 239, 32, 354, 180, 355, 355, 240, 240, 24, 310, 239, 239, 107, 107, 395, 431, 239, 251, 251, 241, 431, 106, 387, 313, 240, 314, 36, 77, 371, 342, 342, 342, 224, 273, 267, 264, 264, 143, 251, 401, 401, 244, 75, 371, 371, 286, 213, 213, 213, 213, 19, 454, 170, 244, 392, 170, 392, 392, 392, 392, 392, 392, 392, 392, 392, 63, 23, 23, 23, 83, 83, 240, 240, 240, 240, 240, 240, 240, 240, 240, 240, 240, 240, 240, 240, 240, 240, 240, 240, 240, 240, 240, 240, 240, 240, 240, 240, 240, 240, 240, 240, 240, 240, 240, 240, 240, 240, 240, 240, 240, 240, 240, 240, 240, 240, 240, 240, 240, 240, 240, 240, 240, 240, 240, 240, 240, 240, 240, 240, 240, 240, 240, 240, 240, 240, 240, 240, 240, 240, 240, 240, 240, 240, 240, 240, 240, 240, 240, 240, 240, 240, 240, 240, 240, 240, 240, 240, 240, 240, 240, 240, 240, 240, 240, 240, 240, 240, 240, 240, 240, 240, 240, 240, 240, 240, 240, 240, 240, 240, 240, 240, 240, 240, 240, 240, 240, 240, 240, 240, 240, 240, 240, 240, 240, 240, 240, 240, 240, 240, 240, 240, 240, 240, 240, 240, 240, 240, 240, 240, 240, 240, 240, 240, 240, 240, 240, 240, 240, 240, 240, 240, 240, 240, 240, 240, 240, 240, 240, 240, 240, 240, 240, 240, 240, 240, 240, 240, 240, 240, 240, 240, 240, 240, 240, 240, 240, 240, 240, 240, 240, 240, 240, 240, 240, 240, 240, 240, 240, 240, 240, 240, 240, 240, 240, 240, 240, 240, 240, 240, 240, 240, 240, 240, 240, 240, 240, 240, 240, 240, 240, 240, 240, 240, 240, 240, 240, 240, 240, 240, 240, 240, 240, 240, 240, 240, 240, 240, 240, 240, 240, 240, 240, 240, 240, 240, 240, 240, 240, 240, 240, 240, 240, 240, 240, 240, 240, 240, 240, 240, 240, 240, 240, 240, 240, 240, 240, 240, 240, 240, 240, 240, 240, 240, 240, 240, 240, 240, 240, 240, 240, 240, 240, 240, 240, 240, 240, 240, 240, 240, 240, 240, 240, 240, 240, 240, 240, 240, 240, 240, 240, 240, 240, 240, 240, 240, 240, 240, 240, 240, 240, 240, 240, 240, 240, 240, 240, 240, 240, 240, 240, 240, 240, 240, 240, 240, 240, 240, 240, 240, 240, 240, 240, 240, 240, 240, 240, 240, 240, 240, 240, 240, 240, 240, 240, 240, 240, 240, 240, 240]

ep220
Train step Loss: [1.249592661857605, 1.1595593690872192, 1.2723900079727173, 1.255124807357788, 1.3044497966766357, 1.2719484567642212, 1.274520754814148, 1.30936598777771, 1.245168924331665, 1.2420952320098877, 1.256150245666504, 1.274762511253357, 1.2891398668289185, 1.2966617345809937, 1.3003249168395996, 1.2131602764129639, 1.3016631603240967, 1.2609953880310059, 1.2753561735153198, 1.2300734519958496, 1.2479935884475708, 1.3652015924453735, 1.329816222190857, 1.229236125946045, 1.2591826915740967, 1.2638459205627441, 1.2776206731796265, 1.2283763885498047, 1.2062963247299194, 1.2284319400787354, 1.2715122699737549, 1.2356683015823364, 1.2299424409866333, 1.2396836280822754, 1.224616527557373, 1.2106460332870483, 1.186600685119629, 1.2723153829574585, 1.2967280149459839, 1.215165138244629, 1.297003984451294, 1.2147423028945923, 1.1854732036590576, 1.162411093711853, 1.232666254043579, 1.257198452949524, 1.2693641185760498, 1.2452625036239624, 1.1564993858337402, 1.2468104362487793, 1.248676061630249, 1.233582854270935, 1.2586256265640259, 1.2631937265396118, 1.220094919204712, 1.2707513570785522, 1.2465497255325317, 1.2603838443756104, 1.2861076593399048, 1.3722785711288452, 1.2644602060317993, 1.2900960445404053, 1.3073985576629639]
val step Loss: [1.1874858140945435, 1.2421058416366577, 1.246833086013794, 1.2567228078842163, 1.1478241682052612, 1.2571046352386475, 1.1683926582336426, 1.1612088680267334, 1.1955114603042603, 1.1335673332214355, 1.2081639766693115, 1.2461639642715454, 1.232015609741211, 1.1769495010375977, 1.1791937351226807, 1.1163756847381592]
Train step Accs: [0.7304932050694762, 0.7485462831997486, 0.7264364105874758, 0.7280182232346242, 0.7158886894075404, 0.7198327359617682, 0.7289600453386228, 0.7195317313616759, 0.7344822083931706, 0.7284389489953632, 0.7251689189189189, 0.7266819571865444, 0.7217240836872739, 0.7148743852186628, 0.7192094086899706, 0.7376614773103677, 0.7192818110850898, 0.7252573238321457, 0.7159666612191534, 0.7434191904896689, 0.7347038668624571, 0.7079492085580101, 0.7159814209530363, 0.7517505835278426, 0.7336393248445365, 0.7274924471299093, 0.7257405515832482, 0.7337935174069627, 0.7432171979243885, 0.7357505222321695, 0.7309183264269483, 0.7391804457225017, 0.7403728606356969, 0.7448579054796671, 0.7444061962134251, 0.740009866798224, 0.7364462106159523, 0.7285229202037351, 0.7200076657723266, 0.7318365639380839, 0.7148865855490462, 0.7497214484679666, 0.7566318671915112, 0.7473623633224631, 0.7360672975814931, 0.7257653061224489, 0.733127481252757, 0.7322726649293649, 0.7627617801047121, 0.7364720269030878, 0.7290518991011887, 0.7381171419809874, 0.7379082914572864, 0.7219865235837285, 0.7403252944475603, 0.7356259097525473, 0.7346312841712228, 0.7347956131605184, 0.7223163406745726, 0.7000867302688638, 0.7182701347539956, 0.7292413793103448, 0.7096420745069394]
val step Accs: [0.7572559366754618, 0.7288420409410327, 0.7311220889202541, 0.7343394077448747, 0.75128242708486, 0.7267833109017496, 0.7517218209306232, 0.7476795659003285, 0.7395634978760802, 0.767167698202181, 0.7447151847668226, 0.7283081072980668, 0.7295671505165424, 0.7548268464603126, 0.7567086730911786, 0.7660326086956522]
Preds: [17, 17, 287, 287, 111, 111, 438, 438, 219, 219, 219, 219, 152, 152, 106, 106, 88, 88, 43, 284, 284, 284, 284, 206, 450, 450, 43, 43, 43, 276, 276, 276, 174, 331, 387, 413, 348, 186, 239, 384, 371, 180, 443, 450, 240, 240, 35, 35, 35, 75, 34, 180, 284, 486, 460, 206, 167, 167, 35, 35, 164, 36, 219, 219, 152, 152, 374, 132, 250, 250, 186, 186, 494, 494, 494, 273, 106, 387, 387, 387, 348, 348, 259, 250, 250, 250, 43, 43, 259, 251, 259, 208, 208, 276, 276, 153, 153, 122, 406, 331, 331, 387, 387, 236, 116, 10, 10, 219, 398, 464, 301, 116, 10, 10, 309, 331, 88, 88, 346, 319, 428, 428, 146, 146, 219, 219, 219, 219, 464, 464, 355, 215, 406, 43, 43, 276, 276, 276, 345, 497, 497, 313, 251, 251, 251, 251, 354, 420, 213, 213, 422, 236, 143, 251, 401, 75, 371, 107, 107, 213, 213, 213, 213, 213, 246, 19, 19, 454, 229, 229, 414, 414, 126, 126, 47, 149, 80, 80, 289, 20, 289, 287, 443, 215, 236, 349, 75, 34, 34, 464, 171, 171, 171, 301, 8, 32, 32, 32, 239, 354, 213, 213, 213, 213, 213, 213, 246, 246, 246, 246, 246, 246, 246, 19, 454, 454, 414, 414, 414, 170, 20, 170, 47, 47, 47, 149, 149, 149, 80, 80, 149, 149, 149, 149, 209, 20, 73, 73, 73, 289, 20, 209, 188, 188, 171, 171, 171, 318, 99, 239, 338, 239, 107, 371, 371, 34, 34, 236, 32, 32, 354, 354, 420, 213, 213, 213, 213, 324, 416, 374, 374, 132, 132, 88, 109, 109, 285, 259, 259, 259, 338, 338, 400, 400, 324, 236, 239, 239, 107, 371, 180, 180, 319, 319, 203, 203, 53, 70, 70, 65, 65, 153, 387, 387, 406, 406, 406, 406, 467, 88, 375, 375, 375, 98, 98, 13, 13, 414, 170, 170, 63, 20, 63, 63, 63, 63, 80, 2, 149, 80, 73, 73, 73, 20, 320, 345, 320, 153, 153, 182, 43, 43, 43, 138, 441, 276, 276, 250, 374, 374, 374, 132, 132, 132, 132, 132, 411, 117, 48, 17, 17, 83, 240, 240, 240, 240, 240, 240, 240, 240, 240, 240, 240, 240, 240, 240, 240, 240, 240, 240, 240, 240, 240, 240, 240, 240, 240, 240, 240, 240, 240, 240, 240, 240, 240, 240, 240, 240, 240, 240, 240, 240, 240, 240, 240, 240, 240, 240, 240, 240, 240, 240, 240, 240, 240, 240, 240, 240, 240, 240, 240, 240, 240, 240, 240, 240, 240, 240, 240, 240, 240, 240, 240, 240, 240, 240, 240, 240, 240, 240, 240, 240, 240, 240, 240, 240, 240, 240, 240, 240, 240, 240, 240, 240, 240, 240, 240, 240, 240, 240, 240, 240, 240, 240, 240, 240, 240, 240, 240, 240, 240, 240, 240, 240, 240, 240, 240, 240, 240, 240, 240, 240, 240, 240, 240, 240, 240, 240, 240, 240, 240, 240, 240, 240, 240, 240, 240, 240, 240, 240, 240, 240, 240, 240, 240, 240, 240, 240, 240, 240, 240, 240, 240, 240, 240, 240, 240, 240, 240, 240, 240, 240, 240, 240, 240, 240, 240, 240, 240, 240, 240, 240, 240, 240, 240, 240, 240, 240, 240, 240, 240, 240, 240, 240, 240, 240, 240, 240, 240, 240, 240, 240, 240, 240, 240, 240, 240, 240, 240, 240, 240, 240, 240, 240, 240, 240, 240, 240, 240, 240, 240, 240, 240, 240, 240, 240, 240, 240, 240, 240, 240, 240, 240, 240, 240, 240, 240, 240, 240, 240, 240, 240, 240, 240, 240, 240, 240, 240, 240, 240]

ep221
Train step Loss: [1.2414045333862305, 1.1665469408035278, 1.275881290435791, 1.3263851404190063, 1.2721844911575317, 1.2151060104370117, 1.189718246459961, 1.2240973711013794, 1.2436233758926392, 1.3160063028335571, 1.3292179107666016, 1.2359544038772583, 1.252175211906433, 1.2479091882705688, 1.2384968996047974, 1.1826545000076294, 1.2235753536224365, 1.310422658920288, 1.3025789260864258, 1.2404719591140747, 1.2690918445587158, 1.222623348236084, 1.22212553024292, 1.2202638387680054, 1.2733116149902344, 1.2297013998031616, 1.2807258367538452, 1.2474374771118164, 1.2555075883865356, 1.2856104373931885, 1.2265141010284424, 1.2908034324645996, 1.2393782138824463, 1.2605632543563843, 1.3068153858184814, 1.2099708318710327, 1.2999721765518188, 1.2272125482559204, 1.2998257875442505, 1.2189624309539795, 1.218869686126709, 1.2001166343688965, 1.2595710754394531, 1.2387183904647827, 1.1571260690689087, 1.2260959148406982, 1.2440495491027832, 1.3307770490646362, 1.2295472621917725, 1.238510012626648, 1.2261407375335693, 1.2690412998199463, 1.248189091682434, 1.2234060764312744, 1.201972246170044, 1.2317383289337158, 1.2218091487884521, 1.1924397945404053, 1.2288419008255005, 1.244341254234314, 1.1612714529037476, 1.272762417793274, 1.256439447402954]
val step Loss: [1.2366728782653809, 1.2547072172164917, 1.2090708017349243, 1.1793609857559204, 1.1611706018447876, 1.1950641870498657, 1.201684832572937, 1.174769401550293, 1.1586155891418457, 1.1903564929962158, 1.169325590133667, 1.1308997869491577, 1.2628475427627563, 1.1594830751419067, 1.1855531930923462, 1.1266659498214722]
Train step Accs: [0.7278088144009932, 0.7554591265397537, 0.7267985611510791, 0.7118554893019993, 0.7224795640326975, 0.7369192437344276, 0.7426873857404022, 0.7433529247131262, 0.728989612842304, 0.7181678345581952, 0.7095475768797295, 0.727926373310325, 0.7383330848367378, 0.7327776030198175, 0.7389911929543634, 0.7486179807972069, 0.7358204845814978, 0.7211492418196329, 0.7215024020963751, 0.7338458722313747, 0.720540470313109, 0.7408460123725129, 0.7499556029124489, 0.7339790153349476, 0.7276500638569604, 0.736429038587312, 0.7272727272727273, 0.7272727272727273, 0.7271806740922899, 0.7293884178242829, 0.738394072281869, 0.7233708826465136, 0.7346635883905013, 0.7336842105263158, 0.7196663976324993, 0.7325599872874623, 0.7126474987535316, 0.7434860009710309, 0.7091544818817546, 0.7361453201970444, 0.7416245984396512, 0.7446092484108189, 0.7374252550123109, 0.7327988338192419, 0.7476927657040786, 0.7365781710914454, 0.7295823166355677, 0.7075709249622293, 0.7386343993085566, 0.7381725021349275, 0.7372685185185185, 0.7243284727551803, 0.7376213978665818, 0.7382248842907705, 0.7430114358322745, 0.7439446366782007, 0.7319336680359044, 0.7448734266723236, 0.7391621661071377, 0.7310756972111554, 0.7594481103779244, 0.7313508064516129, 0.7279053583855254]
val step Accs: [0.7304809919607576, 0.7272173117951843, 0.7436425106570631, 0.7442922374429224, 0.7586457425167102, 0.7481581717035032, 0.7459211151591953, 0.7516182447689297, 0.7520928183286826, 0.7512967512967513, 0.7543859649122807, 0.76, 0.7256506573651731, 0.7516033974692321, 0.7451128958933172, 0.7669668350538107]
Preds: [17, 17, 296, 296, 473, 473, 65, 330, 403, 443, 171, 171, 301, 240, 143, 239, 32, 239, 239, 107, 107, 395, 395, 106, 84, 387, 387, 387, 167, 35, 164, 395, 278, 152, 264, 36, 99, 338, 338, 338, 395, 395, 371, 224, 486, 206, 146, 146, 219, 464, 464, 464, 464, 120, 355, 282, 43, 43, 276, 276, 276, 276, 276, 276, 346, 346, 284, 319, 319, 426, 450, 43, 250, 276, 109, 109, 403, 290, 290, 207, 207, 358, 337, 143, 239, 239, 384, 109, 180, 443, 486, 486, 376, 376, 376, 120, 120, 468, 468, 467, 467, 145, 486, 460, 460, 240, 169, 150, 36, 66, 232, 232, 115, 115, 273, 374, 374, 374, 374, 451, 116, 10, 10, 398, 398, 398, 464, 464, 286, 286, 286, 286, 286, 468, 406, 406, 496, 88, 132, 132, 132, 313, 473, 239, 310, 107, 107, 395, 180, 180, 403, 403, 403, 171, 246, 246, 246, 252, 143, 32, 239, 401, 473, 371, 420, 324, 236, 116, 10, 441, 345, 345, 371, 290, 107, 36, 342, 342, 342, 342, 115, 267, 267, 464, 464, 139, 315, 426, 450, 450, 450, 293, 250, 250, 345, 109, 236, 290, 464, 464, 169, 150, 175, 88, 81, 144, 144, 395, 236, 239, 239, 107, 395, 180, 180, 450, 169, 271, 143, 239, 244, 32, 208, 100, 100, 497, 239, 251, 197, 244, 32, 208, 354, 100, 100, 98, 98, 98, 98, 13, 229, 244, 312, 312, 312, 292, 23, 23, 23, 23, 23, 23, 23, 23, 408, 408, 149, 228, 73, 244, 244, 7, 188, 398, 464, 66, 63, 63, 320, 320, 345, 331, 132, 132, 122, 250, 293, 411, 188, 188, 188, 150, 271, 150, 54, 36, 232, 342, 342, 342, 115, 273, 267, 267, 264, 143, 239, 401, 473, 77, 371, 342, 342, 115, 115, 267, 267, 267, 213, 246, 464, 464, 464, 120, 271, 271, 271, 150, 150, 99, 338, 338, 338, 338, 75, 75, 17, 56, 56, 312, 312, 126, 292, 23, 23, 23, 149, 149, 244, 73, 73, 73, 244, 244, 289, 354, 354, 145, 111, 240, 8, 406, 239, 354, 420, 420, 167, 416, 349, 349, 496, 479, 331, 331, 445, 251, 251, 401, 401, 251, 354, 431, 284, 486, 460, 169, 150, 150, 150, 494, 99, 338, 319, 428, 403, 403, 207, 207, 120, 120, 416, 203, 401, 188, 188, 207, 264, 378, 239, 384, 371, 180, 84, 84, 467, 467, 467, 467, 88, 88, 88, 109, 109, 337, 337, 301, 301, 416, 349, 116, 116, 208, 354, 106, 284, 167, 355, 406, 467, 467, 139, 460, 169, 271, 35, 401, 401, 244, 320, 70, 65, 284, 486, 319, 150, 388, 388, 303, 473, 219, 219, 464, 464, 236, 116, 10, 10, 10, 345, 250, 250, 250, 250, 250, 32, 32, 309, 479, 479, 420, 420, 422, 236, 143, 36, 239, 107, 395, 395, 395, 395, 34, 34, 34, 374, 132, 132, 497, 98, 17, 83, 240, 240, 240, 240, 240, 240, 240, 240, 240, 240, 240, 240, 240, 240, 240, 240, 240, 240, 240, 240, 240, 240, 240, 240, 240, 240, 240, 240, 240, 240, 240, 240, 240, 240, 240, 240, 240, 240, 240, 240, 240, 240, 240, 240, 240, 240, 240, 240, 240, 240, 240, 240, 240, 240, 240, 240, 240, 240, 240, 240, 240, 240, 240, 240, 240, 240, 240, 240, 240, 240, 240, 240, 240, 240, 240, 240, 240, 240, 240, 240, 240, 240, 240, 240, 240, 240, 240, 240, 240, 240, 240, 240, 240, 240, 240, 240, 240, 240, 240, 240, 240, 240, 240, 240, 240, 240, 240, 240, 240]

ep222
Train step Loss: [1.1840296983718872, 1.2537109851837158, 1.2297115325927734, 1.2198717594146729, 1.2441737651824951, 1.2939715385437012, 1.2402064800262451, 1.299115538597107, 1.228292465209961, 1.1817928552627563, 1.2640067338943481, 1.1880499124526978, 1.2348861694335938, 1.2679623365402222, 1.2773677110671997, 1.2269164323806763, 1.293196201324463, 1.3370938301086426, 1.3017560243606567, 1.2818739414215088, 1.3160121440887451, 1.2298368215560913, 1.171863317489624, 1.2407716512680054, 1.2365530729293823, 1.1786624193191528, 1.273195743560791, 1.1935979127883911, 1.1797761917114258, 1.170013427734375, 1.2004059553146362, 1.2335455417633057, 1.1804076433181763, 1.1568069458007812, 1.1961126327514648, 1.2402783632278442, 1.1834886074066162, 1.2648566961288452, 1.2375177145004272, 1.1927297115325928, 1.2548599243164062, 1.2141311168670654, 1.1875019073486328, 1.1665892601013184, 1.2037832736968994, 1.2422239780426025, 1.305037498474121, 1.3106054067611694, 1.2774462699890137, 1.2408207654953003, 1.3600761890411377, 1.1877965927124023, 1.2114803791046143, 1.1746667623519897, 1.168571949005127, 1.270971417427063, 1.2085765600204468, 1.340270757675171, 1.240433692932129, 1.2396897077560425, 1.2329095602035522, 1.219802975654602, 1.2873435020446777]
val step Loss: [1.2487692832946777, 1.2612509727478027, 1.1702014207839966, 1.1269878149032593, 1.1338428258895874, 1.2302054166793823, 1.1986106634140015, 1.126731038093567, 1.1056346893310547, 1.0765184164047241, 1.203910231590271, 1.1756930351257324, 1.13053560256958, 1.2382104396820068, 1.2970746755599976, 1.1051876544952393]
Train step Accs: [0.7478273678008543, 0.7271481430724955, 0.734110507824976, 0.7328566785830354, 0.7350247710553971, 0.7226492232215863, 0.7367378048780487, 0.7246741706161137, 0.739505959578511, 0.7502143469562732, 0.7245422422100868, 0.7441659464131374, 0.7328446662507798, 0.7239455112424094, 0.7374400852121428, 0.7398119122257053, 0.7237218164496666, 0.7085705493152793, 0.7139712108382726, 0.7052647830785858, 0.7145962213676643, 0.7416907514450867, 0.740431654676259, 0.729721064443732, 0.7311347121296814, 0.7627030539311241, 0.7242736077481841, 0.746762982145291, 0.7484017616138656, 0.7504858142246404, 0.7440758293838863, 0.7395623380362799, 0.7457815982171283, 0.7530137772675086, 0.7426625587806065, 0.7318859882791688, 0.7498249054489424, 0.7228831350594822, 0.7312670299727521, 0.7463268365817092, 0.7317659631311783, 0.7378967617826226, 0.753455871183351, 0.7610352492854875, 0.7402691887959257, 0.7374439808375831, 0.7093002657218778, 0.7147115814577434, 0.7230215827338129, 0.7310107655502392, 0.710051158591634, 0.7510774260662803, 0.7341634241245136, 0.756542545237027, 0.7530981887511916, 0.7228397806432488, 0.7301790281329923, 0.7126729209731277, 0.7308327825512227, 0.7319884726224783, 0.7372313703600335, 0.7452763176587583, 0.7261072261072261]
val step Accs: [0.7206286237412267, 0.7274406332453826, 0.7517321016166282, 0.7658730158730159, 0.75512104283054, 0.7319364161849711, 0.7465659340659341, 0.7583818668345663, 0.7705953500873538, 0.7728599221789884, 0.7363264112313542, 0.7569494978896812, 0.7545223738495715, 0.7341918680364636, 0.7206400867914293, 0.7836166924265843]
Preds: [17, 17, 17, 17, 17, 296, 244, 296, 317, 317, 317, 317, 317, 461, 461, 461, 461, 461, 317, 317, 289, 320, 320, 7, 217, 473, 65, 330, 330, 330, 286, 314, 239, 239, 107, 107, 400, 400, 324, 422, 143, 239, 239, 259, 401, 354, 473, 420, 286, 286, 468, 467, 467, 337, 286, 278, 339, 10, 345, 398, 398, 467, 116, 10, 10, 10, 309, 331, 250, 250, 138, 174, 331, 387, 293, 122, 43, 8, 239, 32, 208, 106, 106, 346, 167, 88, 319, 348, 406, 406, 406, 467, 34, 34, 164, 349, 34, 371, 371, 290, 271, 150, 36, 342, 172, 224, 224, 273, 224, 271, 271, 150, 150, 342, 494, 494, 224, 273, 494, 278, 278, 19, 19, 454, 454, 454, 244, 13, 13, 414, 82, 47, 82, 80, 80, 73, 73, 244, 244, 289, 354, 284, 111, 111, 240, 314, 406, 32, 239, 354, 420, 420, 213, 213, 213, 219, 219, 219, 324, 324, 301, 143, 374, 217, 217, 473, 65, 330, 278, 330, 143, 251, 251, 401, 401, 75, 75, 114, 180, 486, 376, 460, 263, 263, 263, 82, 82, 7, 7, 7, 310, 310, 310, 401, 401, 401, 80, 80, 80, 80, 80, 326, 244, 244, 244, 392, 392, 392, 392, 63, 23, 23, 23, 83, 83, 240, 240, 240, 240, 240, 240, 240, 240, 240, 240, 240, 240, 240, 240, 240, 240, 240, 240, 240, 240, 240, 240, 240, 240, 240, 240, 240, 240, 240, 240, 240, 240, 240, 240, 240, 240, 240, 240, 240, 240, 240, 240, 240, 240, 240, 240, 240, 240, 240, 240, 240, 240, 240, 240, 240, 240, 240, 240, 240, 240, 240, 240, 240, 240, 240, 240, 240, 240, 240, 240, 240, 240, 240, 240, 240, 240, 240, 240, 240, 240, 240, 240, 240, 240, 240, 240, 240, 240, 240, 240, 240, 240, 240, 240, 240, 240, 240, 240, 240, 240, 240, 240, 240, 240, 240, 240, 240, 240, 240, 240, 240, 240, 240, 240, 240, 240, 240, 240, 240, 240, 240, 240, 240, 240, 240, 240, 240, 240, 240, 240, 240, 240, 240, 240, 240, 240, 240, 240, 240, 240, 240, 240, 240, 240, 240, 240, 240, 240, 240, 240, 240, 240, 240, 240, 240, 240, 240, 240, 240, 240, 240, 240, 240, 240, 240, 240, 240, 240, 240, 240, 240, 240, 240, 240, 240, 240, 240, 240, 240, 240, 240, 240, 240, 240, 240, 240, 240, 240, 240, 240, 240, 240, 240, 240, 240, 240, 240, 240, 240, 240, 240, 240, 240, 240, 240, 240, 240, 240, 240, 240, 240, 240, 240, 240, 240, 240, 240, 240, 240, 240, 240, 240, 240, 240, 240, 240, 240, 240, 240, 240, 240, 240, 240, 240, 240, 240, 240, 240, 240, 240, 240, 240, 240, 240, 240, 240, 240, 240, 240, 240, 240, 240, 240, 240, 240, 240, 240, 240, 240, 240, 240, 240, 240, 240, 240, 240, 240, 240, 240, 240, 240, 240, 240, 240, 240, 240, 240, 240, 240, 240, 240, 240, 240, 240, 240, 240, 240, 240, 240, 240, 240, 240, 240, 240, 240, 240, 240, 240, 240, 240, 240, 240, 240, 240, 240, 240, 240, 240, 240, 240, 240, 240, 240, 240, 240, 240, 240, 240, 240, 240, 240, 240, 240, 240, 240, 240, 240, 240, 240, 240, 240, 240, 240, 240, 240, 240, 240, 240, 240, 240, 240, 240, 240, 240, 240, 240, 240, 240, 240, 240, 240, 240, 240, 240, 240, 240, 240, 240, 240, 240, 240, 240, 240, 240, 240, 240, 240, 240, 240, 240, 240, 240, 240, 240, 240, 240, 240, 240, 240, 240, 240, 240, 240, 240, 240]

ep223
Train step Loss: [1.2446165084838867, 1.1680588722229004, 1.2490147352218628, 1.2875852584838867, 1.2517971992492676, 1.2629257440567017, 1.2474696636199951, 1.2164496183395386, 1.2120208740234375, 1.3349735736846924, 1.176838755607605, 1.2283169031143188, 1.1996978521347046, 1.1701592206954956, 1.2164652347564697, 1.1881844997406006, 1.1850873231887817, 1.1741336584091187, 1.2231661081314087, 1.2413616180419922, 1.2089424133300781, 1.252990961074829, 1.251420259475708, 1.2017964124679565, 1.2101752758026123, 1.2811475992202759, 1.2718476057052612, 1.1677578687667847, 1.2468491792678833, 1.186353087425232, 1.2899577617645264, 1.2929834127426147, 1.323736310005188, 1.1628791093826294, 1.1869887113571167, 1.1868597269058228, 1.2265315055847168, 1.3280653953552246, 1.2322039604187012, 1.1751755475997925, 1.143898606300354, 1.3548203706741333, 1.224524736404419, 1.1749703884124756, 1.1260226964950562, 1.2311391830444336, 1.1806217432022095, 1.0999336242675781, 1.1986685991287231, 1.3128095865249634, 1.2462265491485596, 1.2731003761291504, 1.2308090925216675, 1.1310495138168335, 1.2585989236831665, 1.2391765117645264, 1.1720677614212036, 1.223824381828308, 1.2339919805526733, 1.2997554540634155, 1.1787718534469604, 1.2139984369277954, 1.291283130645752]
val step Loss: [1.2421809434890747, 1.2309668064117432, 1.2615678310394287, 1.141112208366394, 1.1453312635421753, 1.1152814626693726, 1.2041347026824951, 1.1682610511779785, 1.1465767621994019, 1.1744675636291504, 1.1128880977630615, 1.1900629997253418, 1.1355807781219482, 1.1081054210662842, 1.1833828687667847, 1.1658025979995728]
Train step Accs: [0.730242901128977, 0.7580473530194201, 0.7275244600332287, 0.7267742918062747, 0.7308574048601559, 0.7320580843339849, 0.7355713576980321, 0.7486549868947441, 0.7400384721077219, 0.7075654704170709, 0.7511157393632847, 0.7291098636728147, 0.7524475524475525, 0.7490020756825803, 0.7354014598540146, 0.7522885389967046, 0.7458659704090513, 0.7505512273996766, 0.7372995470681846, 0.7296995108315864, 0.742349770096718, 0.7211950894838042, 0.731285635460732, 0.7409001956947162, 0.7366868498680329, 0.7297428432799612, 0.7205034880194116, 0.7574468085106383, 0.7212121212121212, 0.752785802723896, 0.7245253777605579, 0.7189873417721518, 0.7203858927724182, 0.7492915734526473, 0.7448618001417434, 0.7477590816166064, 0.7267037552155772, 0.7061011904761905, 0.7335929612000577, 0.7592006900517538, 0.7697861705081922, 0.7125193199381762, 0.7354382929642446, 0.7506261180679785, 0.7634920634920634, 0.7377961747073937, 0.7567645782086528, 0.7652160201829076, 0.7526939655172413, 0.7230939927088287, 0.7320912303244459, 0.7291814441764789, 0.7423941798941799, 0.7610967829509977, 0.7358523725834798, 0.7372037100652696, 0.7495250158328056, 0.7414634146341463, 0.7396800825593395, 0.7241437489455036, 0.7458956138201421, 0.7446808510638298, 0.7177914110429447]
val step Accs: [0.7283097686375322, 0.7313512551183906, 0.7322809786898185, 0.7584430452203778, 0.7475100245763808, 0.7648051549555078, 0.7480067964971899, 0.7503004807692307, 0.7679002413515688, 0.7493333333333333, 0.7677261613691931, 0.74, 0.7552182163187856, 0.7664768104149715, 0.7438566059554784, 0.7582126096714956]
Preds: [17, 219, 219, 219, 219, 464, 464, 464, 443, 450, 460, 240, 240, 35, 35, 35, 401, 384, 106, 106, 106, 387, 387, 387, 387, 167, 35, 219, 219, 152, 152, 152, 374, 374, 34, 34, 374, 338, 132, 43, 43, 43, 43, 43, 138, 276, 276, 276, 346, 346, 65, 428, 428, 146, 146, 207, 207, 314, 282, 282, 232, 99, 401, 401, 401, 401, 75, 109, 444, 444, 428, 428, 146, 146, 207, 215, 282, 251, 84, 259, 75, 371, 203, 411, 401, 401, 401, 75, 371, 371, 30, 213, 213, 213, 324, 324, 464, 464, 464, 464, 171, 171, 143, 239, 107, 338, 34, 401, 401, 108, 351, 224, 434, 434, 286, 286, 464, 464, 464, 464, 464, 203, 203, 53, 53, 399, 401, 14, 145, 145, 284, 284, 284, 460, 167, 406, 175, 175, 43, 43, 276, 276, 174, 331, 331, 319, 282, 150, 388, 303, 48, 48, 82, 217, 217, 170, 244, 408, 408, 292, 23, 23, 23, 23, 292, 149, 149, 47, 47, 47, 244, 244, 73, 73, 73, 320, 244, 83, 83, 301, 301, 330, 330, 330, 416, 314, 241, 371, 290, 354, 109, 109, 428, 428, 146, 146, 207, 120, 14, 14, 411, 188, 188, 282, 271, 150, 150, 342, 342, 342, 342, 115, 349, 349, 208, 188, 290, 290, 290, 434, 434, 339, 10, 10, 212, 32, 239, 75, 371, 371, 371, 278, 278, 19, 19, 19, 48, 48, 17, 82, 17, 201, 170, 392, 392, 392, 63, 63, 392, 392, 244, 392, 392, 392, 392, 392, 73, 392, 244, 287, 287, 251, 497, 43, 43, 8, 239, 32, 208, 354, 153, 153, 387, 387, 387, 122, 406, 406, 406, 467, 337, 337, 464, 464, 464, 120, 355, 282, 240, 468, 36, 36, 77, 342, 342, 342, 224, 494, 267, 150, 36, 434, 434, 14, 411, 208, 188, 443, 443, 443, 169, 349, 349, 349, 303, 303, 395, 354, 354, 106, 319, 319, 319, 264, 264, 264, 207, 203, 14, 14, 411, 411, 188, 313, 236, 278, 434, 434, 339, 10, 117, 48, 229, 229, 229, 229, 312, 126, 126, 23, 23, 23, 47, 47, 47, 47, 47, 63, 289, 289, 320, 441, 276, 276, 276, 346, 481, 426, 293, 236, 35, 35, 35, 401, 10, 276, 441, 346, 387, 387, 387, 387, 240, 116, 10, 10, 10, 309, 479, 398, 398, 398, 360, 335, 203, 217, 217, 473, 473, 398, 398, 213, 252, 236, 143, 239, 239, 107, 107, 395, 395, 374, 400, 301, 77, 77, 34, 324, 324, 301, 301, 251, 251, 241, 431, 106, 496, 497, 497, 75, 8, 239, 32, 208, 276, 153, 153, 387, 387, 122, 122, 406, 406, 467, 467, 337, 167, 19, 303, 17, 240, 240, 240, 240, 240, 240, 240, 240, 240, 240, 240, 240, 240, 240, 240, 240, 240, 240, 240, 240, 240, 240, 240, 240, 240, 240, 240, 240, 240, 240, 240, 240, 240, 240, 240, 240, 240, 240, 240, 240, 240, 240, 240, 240, 240, 240, 240, 240, 240, 240, 240, 240, 240, 240, 240, 240, 240, 240, 240, 240, 240, 240, 240, 240, 240, 240, 240, 240, 240, 240, 240, 240, 240, 240, 240, 240, 240, 240, 240, 240, 240, 240, 240, 240, 240, 240, 240, 240, 240, 240, 240, 240, 240, 240, 240, 240, 240, 240, 240, 240, 240, 240, 240, 240, 240, 240, 240, 240, 240, 240, 240, 240, 240, 240, 240, 240, 240, 240, 240, 240, 240, 240, 240, 240, 240, 240, 240, 240, 240, 240, 240, 240, 240, 240, 240, 240, 240, 240, 240, 240, 240, 240, 240, 240, 240, 240, 240, 240, 240, 240]

ep224
Train step Loss: [1.2145613431930542, 1.1936371326446533, 1.197124719619751, 1.240236759185791, 1.2226852178573608, 1.2593495845794678, 1.2287929058074951, 1.2046352624893188, 1.155616283416748, 1.198541283607483, 1.1781206130981445, 1.244837999343872, 1.1765059232711792, 1.253641128540039, 1.2388440370559692, 1.2757139205932617, 1.1804466247558594, 1.2523632049560547, 1.1963155269622803, 1.2773069143295288, 1.1945916414260864, 1.2051030397415161, 1.1354719400405884, 1.336699366569519, 1.221134901046753, 1.2722314596176147, 1.1537352800369263, 1.1902358531951904, 1.2841601371765137, 1.1572259664535522, 1.1799553632736206, 1.2778007984161377, 1.2505074739456177, 1.2164490222930908, 1.2389854192733765, 1.2047555446624756, 1.1706931591033936, 1.182382345199585, 1.2569890022277832, 1.2886430025100708, 1.2400785684585571, 1.2057559490203857, 1.2018541097640991, 1.1512953042984009, 1.1969624757766724, 1.2362428903579712, 1.2861180305480957, 1.1675357818603516, 1.1804132461547852, 1.2378933429718018, 1.1416223049163818, 1.2045245170593262, 1.2019829750061035, 1.1729557514190674, 1.1337205171585083, 1.1771419048309326, 1.2064725160598755, 1.2083759307861328, 1.2760275602340698, 1.193113088607788, 1.231593132019043, 1.1885104179382324, 1.2637090682983398]
val step Loss: [1.178712248802185, 1.169952630996704, 1.0880218744277954, 1.1422117948532104, 1.1755868196487427, 1.1239590644836426, 1.2124792337417603, 1.0932657718658447, 1.1315300464630127, 1.2061216831207275, 1.2644760608673096, 1.1974892616271973, 1.1774990558624268, 1.0980310440063477, 1.153398036956787, 1.1263699531555176]
Train step Accs: [0.741751061744528, 0.7494393476044853, 0.7500721917412648, 0.7379341452413171, 0.7372514023457419, 0.7233920367534457, 0.7358096828046744, 0.7468696642003415, 0.7451095749374909, 0.7359654534238125, 0.7560147183696575, 0.7368256937948239, 0.750232991612302, 0.7313347608850821, 0.7375522004497269, 0.7285294117647059, 0.7579452587884291, 0.7287539936102236, 0.7452566964285714, 0.7271121105043367, 0.7420178799489144, 0.7365214742613463, 0.7613058224985868, 0.7137192704203014, 0.7323462414578588, 0.7269629419281556, 0.7608811040339702, 0.7464011839095923, 0.7266558966074314, 0.7507531314412558, 0.7441167709264224, 0.7319987585350713, 0.7317968291250734, 0.7419301164725458, 0.7399430402278391, 0.7424899349643853, 0.7506234413965087, 0.7444673945116553, 0.7244667097608274, 0.7130589760207389, 0.7344290657439446, 0.741529970872298, 0.744690603514133, 0.7519034621462434, 0.7500914745700695, 0.7324481074481074, 0.7240607513988809, 0.7541533080734479, 0.7493836113125453, 0.7383674554639723, 0.7626537922441987, 0.7497077976289864, 0.7398463227222832, 0.74992927864215, 0.7656128328920729, 0.7482799880346994, 0.7338336260577998, 0.741999015263417, 0.7267804397768297, 0.7486592777976403, 0.7400739430959653, 0.7457492029755579, 0.7251249432076329]
val step Accs: [0.7495245857104048, 0.7489406779661016, 0.7743038593063019, 0.7632820825087533, 0.7521892563063651, 0.7685758513931888, 0.740580407247074, 0.7702229592776857, 0.7646327995582551, 0.7452085682074409, 0.7272366856085635, 0.7412039582188016, 0.7473005640612409, 0.7706879361914257, 0.7575202320965033, 0.7608595194085028]
Preds: [17, 17, 287, 35, 426, 387, 293, 75, 349, 32, 32, 354, 106, 106, 153, 387, 387, 35, 35, 468, 467, 413, 413, 413, 413, 250, 413, 413, 413, 122, 88, 88, 88, 338, 117, 48, 48, 414, 414, 197, 47, 80, 80, 73, 73, 73, 209, 209, 287, 287, 284, 460, 460, 167, 167, 35, 35, 36, 164, 164, 224, 36, 324, 324, 301, 301, 399, 217, 217, 473, 473, 65, 264, 264, 264, 264, 171, 171, 171, 171, 171, 324, 252, 143, 239, 384, 371, 324, 324, 301, 325, 77, 34, 374, 374, 250, 250, 75, 32, 239, 208, 354, 345, 88, 374, 313, 236, 310, 239, 239, 239, 107, 107, 213, 213, 213, 213, 213, 213, 19, 454, 454, 414, 414, 47, 47, 47, 47, 80, 80, 80, 80, 80, 320, 320, 188, 213, 152, 301, 301, 8, 43, 276, 276, 276, 276, 276, 153, 276, 182, 182, 182, 182, 387, 387, 387, 387, 387, 167, 172, 35, 219, 219, 219, 152, 152, 378, 32, 441, 138, 138, 138, 138, 138, 138, 138, 276, 276, 276, 153, 497, 43, 129, 251, 251, 354, 354, 106, 284, 486, 460, 35, 406, 467, 139, 206, 206, 169, 150, 150, 342, 35, 115, 273, 273, 267, 428, 428, 146, 146, 171, 416, 349, 349, 401, 36, 241, 310, 427, 56, 56, 56, 56, 244, 392, 392, 392, 392, 73, 73, 73, 320, 209, 287, 287, 284, 460, 460, 167, 35, 35, 406, 354, 354, 420, 420, 324, 236, 143, 239, 371, 371, 324, 301, 301, 8, 217, 217, 473, 398, 213, 213, 213, 236, 143, 239, 239, 239, 107, 395, 213, 213, 213, 213, 213, 246, 19, 454, 414, 80, 80, 80, 80, 80, 80, 80, 80, 209, 209, 287, 284, 284, 206, 206, 85, 146, 146, 146, 358, 349, 239, 401, 401, 244, 75, 309, 445, 445, 219, 360, 416, 374, 374, 374, 132, 132, 132, 132, 132, 250, 250, 293, 132, 411, 287, 284, 284, 284, 284, 284, 450, 206, 206, 355, 355, 375, 98, 13, 13, 170, 170, 170, 170, 63, 63, 63, 63, 63, 63, 63, 63, 63, 63, 63, 63, 63, 63, 63, 63, 63, 73, 73, 73, 320, 63, 83, 83, 287, 240, 416, 349, 32, 354, 354, 180, 84, 84, 84, 496, 406, 496, 496, 413, 132, 132, 132, 117, 303, 217, 473, 473, 188, 188, 213, 252, 143, 239, 259, 239, 107, 107, 213, 213, 213, 213, 213, 213, 246, 454, 454, 414, 80, 80, 80, 80, 80, 209, 209, 287, 287, 460, 460, 169, 35, 35, 36, 290, 66, 342, 224, 224, 219, 213, 213, 213, 213, 324, 3, 3, 14, 14, 14, 411, 287, 426, 426, 497, 43, 75, 32, 32, 208, 106, 106, 153, 426, 426, 468, 468, 467, 413, 413, 413, 413, 303, 303, 303, 303, 411, 208, 208, 48, 48, 48, 13, 170, 170, 392, 392, 392, 392, 63, 63, 63, 73, 73, 73, 209, 320, 287, 486, 460, 460, 169, 35, 35, 36, 36, 224, 172, 342, 116, 217, 217, 473, 473, 400, 213, 213, 24, 239, 239, 219, 324, 301, 236, 143, 239, 34, 420, 374, 400, 314, 77, 374, 374, 374, 132, 132, 8, 32, 239, 208, 345, 345, 132, 374, 212, 236, 310, 239, 239, 239, 107, 107, 213, 213, 213, 213, 213, 246, 19, 454, 414, 170, 170, 392, 392, 392, 392, 63, 63, 63, 63, 63, 63, 63, 63, 63, 63, 63, 63, 63, 63, 73, 73, 73, 63, 83, 83, 301, 443, 240, 416, 349, 32, 354, 180, 443, 84, 84, 84, 496, 496, 175, 175, 413, 132, 132, 117]

ep225
Train step Loss: [1.2529454231262207, 1.1044234037399292, 1.2801799774169922, 1.2275456190109253, 1.331470012664795, 1.234842300415039, 1.1995418071746826, 1.18485689163208, 1.1951674222946167, 1.205590844154358, 1.190729022026062, 1.2081396579742432, 1.1812529563903809, 1.2065902948379517, 1.131158709526062, 1.1613887548446655, 1.2152049541473389, 1.2336132526397705, 1.1776623725891113, 1.2466847896575928, 1.236925721168518, 1.230261206626892, 1.2375684976577759, 1.2948756217956543, 1.2309595346450806, 1.189661979675293, 1.139863133430481, 1.2184983491897583, 1.2698367834091187, 1.2364286184310913, 1.2407692670822144, 1.112248420715332, 1.259947419166565, 1.303430438041687, 1.1722077131271362, 1.2192779779434204, 1.146867275238037, 1.1801091432571411, 1.1337699890136719, 1.1958612203598022, 1.2597417831420898, 1.114487886428833, 1.2095510959625244, 1.2099727392196655, 1.250704050064087, 1.1606184244155884, 1.2000280618667603, 1.1382522583007812, 1.1940337419509888, 1.3002421855926514, 1.1801626682281494, 1.166420817375183, 1.2089908123016357, 1.204508900642395, 1.2307326793670654, 1.1584618091583252, 1.2198692560195923, 1.1964049339294434, 1.1483205556869507, 1.1863840818405151, 1.2074156999588013, 1.0806913375854492, 1.1797736883163452]
val step Loss: [1.0822983980178833, 1.1976872682571411, 1.1354197263717651, 1.1611777544021606, 1.1433825492858887, 1.1257907152175903, 1.0982074737548828, 1.257598876953125, 1.1242231130599976, 1.1320558786392212, 1.2078450918197632, 1.1519780158996582, 1.1241894960403442, 1.1398205757141113, 1.1951277256011963, 1.14706289768219]
Train step Accs: [0.7318083872037129, 0.7610888710968775, 0.7257578162196476, 0.7313077152219244, 0.7102371312897628, 0.7349337748344371, 0.745188931029639, 0.7453557658604977, 0.7443333333333333, 0.7415365589735662, 0.7472268907563026, 0.7446187522801897, 0.7520312970207643, 0.7451638689048761, 0.7568751521051351, 0.7501571338780642, 0.75, 0.7317293233082707, 0.7459520725388601, 0.7250381097560976, 0.7281633779494964, 0.7413848117421825, 0.7388418998048146, 0.7245637141916365, 0.7385971636642392, 0.7511092623405435, 0.7577916295636687, 0.7471312042029586, 0.7230504587155964, 0.7352386479036704, 0.7310746426680783, 0.7719505008839128, 0.73053152039555, 0.7229551451187335, 0.754851598173516, 0.7309580586337495, 0.7539555813615909, 0.7484766898115347, 0.760993274702535, 0.7484477558985276, 0.7275728434046218, 0.7723117832807047, 0.7410930195066903, 0.753968253968254, 0.7312724658519051, 0.751052315093205, 0.7507804370447451, 0.75915611814346, 0.7507525586995786, 0.7279849122297983, 0.7559388712361931, 0.7534998627504804, 0.7409326424870466, 0.7487997522069072, 0.738544474393531, 0.7589388696655133, 0.7313134200371588, 0.7487227124941942, 0.7577743902439025, 0.7479905437352246, 0.7468891015998906, 0.7667685144769387, 0.7518355359765051]
val step Accs: [0.7746499631540162, 0.7411933860531992, 0.7588254172015404, 0.7613993123037823, 0.7505934925289764, 0.7601194426011945, 0.7706088173547936, 0.7268112598061837, 0.7544919960797125, 0.764031007751938, 0.7436685697555263, 0.754424778761062, 0.760244811069718, 0.7607693321038071, 0.7488897860314897, 0.7538813947569356]
Preds: [17, 17, 17, 296, 296, 296, 296, 244, 244, 244, 244, 244, 244, 392, 392, 392, 392, 392, 392, 392, 392, 392, 392, 392, 392, 73, 73, 244, 73, 320, 321, 287, 287, 284, 284, 460, 460, 169, 150, 239, 259, 107, 400, 400, 30, 30, 152, 374, 374, 132, 138, 338, 331, 331, 338, 153, 153, 153, 182, 182, 182, 274, 250, 122, 122, 186, 66, 68, 68, 68, 35, 35, 213, 213, 213, 324, 3, 14, 251, 401, 132, 145, 145, 145, 486, 85, 85, 85, 120, 207, 207, 207, 207, 207, 120, 197, 197, 82, 7, 7, 479, 398, 324, 324, 301, 143, 251, 251, 32, 354, 354, 354, 106, 284, 206, 206, 206, 240, 240, 24, 219, 219, 219, 324, 324, 301, 301, 239, 239, 395, 374, 374, 132, 132, 132, 132, 132, 250, 250, 122, 259, 259, 188, 219, 152, 324, 422, 236, 143, 239, 384, 371, 106, 84, 84, 293, 293, 43, 43, 43, 43, 138, 276, 276, 276, 153, 153, 153, 182, 497, 497, 98, 75, 129, 208, 208, 395, 354, 420, 420, 422, 99, 259, 338, 338, 338, 395, 395, 180, 450, 450, 460, 460, 178, 35, 35, 203, 208, 276, 100, 100, 100, 426, 426, 375, 375, 375, 122, 212, 32, 251, 32, 208, 106, 100, 153, 426, 153, 182, 182, 182, 182, 182, 182, 375, 98, 98, 98, 13, 17, 83, 240, 240, 240, 240, 240, 240, 240, 240, 240, 240, 240, 240, 240, 240, 240, 240, 240, 240, 240, 240, 240, 240, 240, 240, 240, 240, 240, 240, 240, 240, 240, 240, 240, 240, 240, 240, 240, 240, 240, 240, 240, 240, 240, 240, 240, 240, 240, 240, 240, 240, 240, 240, 240, 240, 240, 240, 240, 240, 240, 240, 240, 240, 240, 240, 240, 240, 240, 240, 240, 240, 240, 240, 240, 240, 240, 240, 240, 240, 240, 240, 240, 240, 240, 240, 240, 240, 240, 240, 240, 240, 240, 240, 240, 240, 240, 240, 240, 240, 240, 240, 240, 240, 240, 240, 240, 240, 240, 240, 240, 240, 240, 240, 240, 240, 240, 240, 240, 240, 240, 240, 240, 240, 240, 240, 240, 240, 240, 240, 240, 240, 240, 240, 240, 240, 240, 240, 240, 240, 240, 240, 240, 240, 240, 240, 240, 240, 240, 240, 240, 240, 240, 240, 240, 240, 240, 240, 240, 240, 240, 240, 240, 240, 240, 240, 240, 240, 240, 240, 240, 240, 240, 240, 240, 240, 240, 240, 240, 240, 240, 240, 240, 240, 240, 240, 240, 240, 240, 240, 240, 240, 240, 240, 240, 240, 240, 240, 240, 240, 240, 240, 240, 240, 240, 240, 240, 240, 240, 240, 240, 240, 240, 240, 240, 240, 240, 240, 240, 240, 240, 240, 240, 240, 240, 240, 240, 240, 240, 240, 240, 240, 240, 240, 240, 240, 240, 240, 240, 240, 240, 240, 240, 240, 240, 240, 240, 240, 240, 240, 240, 240, 240, 240, 240, 240, 240, 240, 240, 240, 240, 240, 240, 240, 240, 240, 240, 240, 240, 240, 240, 240, 240, 240, 240, 240, 240, 240, 240, 240, 240, 240, 240, 240, 240, 240, 240, 240, 240, 240, 240, 240, 240, 240, 240, 240, 240, 240, 240, 240, 240, 240, 240, 240, 240, 240, 240, 240, 240, 240, 240, 240, 240, 240, 240, 240, 240, 240, 240, 240, 240, 240, 240, 240, 240, 240, 240, 240, 240, 240, 240, 240, 240, 240, 240, 240, 240, 240, 240, 240, 240, 240, 240, 240, 240, 240, 240, 240, 240, 240, 240, 240, 240, 240, 240, 240, 240, 240, 240, 240, 240, 240, 240, 240, 240, 240, 240, 240, 240, 240, 240]

ep226
Train step Loss: [1.165026307106018, 1.2301814556121826, 1.2117063999176025, 1.158505916595459, 1.1725102663040161, 1.2356420755386353, 1.1955528259277344, 1.1706409454345703, 1.2248327732086182, 1.1465574502944946, 1.1896919012069702, 1.2244627475738525, 1.107048511505127, 1.159034013748169, 1.1904840469360352, 1.1587122678756714, 1.1558561325073242, 1.1971276998519897, 1.1324337720870972, 1.2128474712371826, 1.252901554107666, 1.1363987922668457, 1.2170424461364746, 1.2445505857467651, 1.2050206661224365, 1.2247016429901123, 1.2464321851730347, 1.219698190689087, 1.252175211906433, 1.2359098196029663, 1.182566523551941, 1.1657171249389648, 1.1614420413970947, 1.236477017402649, 1.2252658605575562, 1.1152489185333252, 1.1268857717514038, 1.2538505792617798, 1.1364845037460327, 1.2638561725616455, 1.1727886199951172, 1.2054191827774048, 1.2394492626190186, 1.2602005004882812, 1.1392368078231812, 1.258740782737732, 1.1695834398269653, 1.231464147567749, 1.20365571975708, 1.2385244369506836, 1.2732868194580078, 1.2453644275665283, 1.236635684967041, 1.119675874710083, 1.2000125646591187, 1.206431269645691, 1.1816025972366333, 1.1503660678863525, 1.1342190504074097, 1.2526136636734009, 1.1683344841003418, 1.1816990375518799, 1.1849546432495117]
val step Loss: [1.1213405132293701, 1.1573967933654785, 1.0996536016464233, 1.1460154056549072, 1.1924635171890259, 1.1041163206100464, 1.231189489364624, 1.165317177772522, 1.142219066619873, 1.0911566019058228, 1.2034356594085693, 1.0781625509262085, 1.1298021078109741, 1.1247977018356323, 1.1928752660751343, 1.1648375988006592]
Train step Accs: [0.7570080488481821, 0.7411291481109036, 0.7457443515939338, 0.7581983405768471, 0.7473203303461606, 0.7401935812531839, 0.7490606110112726, 0.7495099411929431, 0.741068605754031, 0.7501305937663242, 0.7409961685823755, 0.7355270344074276, 0.7652628603730921, 0.7609307562394445, 0.7392753019575177, 0.7461148112908341, 0.7512262415695892, 0.743408951563458, 0.7543993879112472, 0.7509272997032641, 0.7343315224592554, 0.7716733870967742, 0.7390454471412282, 0.736482869379015, 0.7469172049324722, 0.7301010739102969, 0.7350032959789057, 0.7407266501807115, 0.7294032810528214, 0.7338320864505403, 0.7338215258855586, 0.7538000428173839, 0.7533392698130009, 0.7348190248279988, 0.7303834808259587, 0.7663962601402448, 0.7629604365620737, 0.7353936039360394, 0.758667676003028, 0.7251957181658412, 0.7511898900377483, 0.7488537198639255, 0.7425350396099939, 0.7307394202449232, 0.7609140518417462, 0.727527597687051, 0.7444577193681137, 0.7507941091539128, 0.7449879711307137, 0.73921302578019, 0.7292284866468842, 0.7274902781932396, 0.7349060996430234, 0.7572480096139402, 0.7456527739442451, 0.7495695727030834, 0.7454427083333334, 0.7638028895768834, 0.7607179943628541, 0.7280078070542312, 0.7552977571539057, 0.7554379776601999, 0.7428965517241379]
val step Accs: [0.7597968069666183, 0.7480263157894737, 0.7738970588235294, 0.7549386011745862, 0.7411021814006888, 0.7627403112602991, 0.7472857858693837, 0.7580917534477906, 0.7607112853542425, 0.7708301714979511, 0.7430142687277052, 0.7749007422751597, 0.7656592203241349, 0.758764832793959, 0.7469998588168855, 0.7509665681146236]
Preds: [17, 287, 287, 481, 293, 122, 88, 8, 251, 32, 354, 106, 106, 426, 387, 387, 348, 348, 406, 406, 413, 413, 413, 413, 250, 250, 250, 250, 250, 132, 70, 70, 65, 65, 348, 132, 413, 413, 122, 117, 250, 197, 259, 287, 287, 287, 443, 284, 284, 206, 206, 206, 167, 169, 35, 77, 36, 54, 224, 219, 219, 152, 152, 378, 378, 88, 100, 100, 497, 497, 497, 43, 43, 43, 138, 276, 276, 276, 153, 153, 400, 106, 106, 106, 348, 348, 348, 413, 413, 122, 138, 117, 48, 414, 414, 414, 414, 414, 414, 47, 80, 80, 244, 321, 320, 83, 83, 330, 301, 301, 146, 403, 403, 146, 146, 146, 378, 406, 43, 345, 297, 297, 297, 497, 497, 497, 122, 122, 406, 129, 479, 479, 467, 331, 374, 374, 374, 374, 132, 132, 132, 132, 132, 122, 138, 345, 239, 219, 219, 213, 213, 213, 434, 434, 434, 434, 434, 434, 434, 434, 434, 19, 19, 454, 454, 414, 414, 414, 414, 126, 126, 126, 187, 408, 408, 392, 244, 63, 63, 63, 63, 47, 47, 7, 7, 7, 66, 239, 107, 400, 400, 278, 286, 286, 286, 286, 468, 468, 468, 426, 331, 284, 284, 319, 319, 319, 413, 413, 348, 348, 53, 250, 250, 250, 303, 374, 374, 132, 132, 132, 413, 303, 117, 117, 197, 197, 414, 414, 208, 208, 208, 303, 303, 303, 303, 473, 473, 354, 354, 441, 441, 441, 138, 138, 182, 182, 182, 182, 182, 182, 182, 497, 375, 98, 35, 35, 35, 263, 312, 126, 187, 20, 20, 228, 47, 7, 320, 188, 188, 188, 278, 464, 171, 171, 171, 171, 3, 271, 271, 150, 36, 342, 232, 342, 342, 342, 115, 267, 267, 267, 267, 428, 374, 374, 324, 246, 246, 246, 246, 252, 252, 143, 34, 114, 114, 180, 443, 284, 284, 284, 284, 206, 206, 206, 206, 355, 167, 35, 35, 35, 452, 197, 250, 250, 250, 250, 321, 70, 411, 287, 413, 413, 100, 100, 100, 100, 293, 293, 497, 497, 122, 406, 276, 276, 276, 100, 100, 100, 100, 100, 182, 182, 182, 182, 182, 182, 35, 35, 468, 375, 375, 98, 98, 98, 414, 414, 312, 312, 187, 187, 63, 63, 47, 170, 392, 392, 392, 392, 47, 47, 7, 7, 7, 7, 32, 32, 239, 239, 239, 107, 107, 107, 395, 213, 213, 213, 213, 213, 213, 213, 246, 246, 246, 246, 246, 246, 246, 454, 454, 414, 414, 414, 414, 414, 170, 170, 170, 392, 392, 392, 392, 392, 392, 392, 392, 63, 392, 244, 321, 75, 320, 66, 66, 68, 68, 68, 115, 143, 259, 251, 241, 241, 431, 331, 376, 376, 376, 376, 376, 460, 460, 169, 169, 150, 150, 99, 338, 338, 338, 473, 427, 197, 197, 197, 7, 7, 445, 107, 239, 310, 451, 400, 400, 213, 213, 213, 324, 324, 3, 3, 3, 14, 411, 411, 188, 403, 403, 403, 403, 403, 403, 403, 207, 207, 207, 207, 207, 207, 358, 349, 349, 310, 454, 414, 414, 414, 414, 82, 170, 170, 47, 392, 392, 392, 392, 392, 392, 392, 392, 392, 73, 244, 321, 321, 320, 188, 188, 188, 171, 171, 213, 213, 252, 3, 143, 239, 75, 164, 164, 395, 324, 301, 143, 239, 114, 114, 355, 180, 486, 486, 486, 376, 284, 284, 284, 284, 284, 284, 284, 284, 206, 206, 206, 206, 460, 167, 167, 17, 240, 240, 240, 240, 240, 240, 240, 240, 240, 240, 240, 240, 240, 240, 240, 240, 240, 240, 240, 240, 240, 240, 240, 240, 240, 240, 240, 240, 240, 240, 240, 240]

ep227
Train step Loss: [1.3202357292175293, 1.1662777662277222, 1.1819366216659546, 1.1613662242889404, 1.2253600358963013, 1.233466625213623, 1.2596241235733032, 1.2186965942382812, 1.2561519145965576, 1.1902307271957397, 1.221510410308838, 1.1347885131835938, 1.0908671617507935, 1.163820743560791, 1.1827572584152222, 1.1709644794464111, 1.215286374092102, 1.1962851285934448, 1.1345183849334717, 1.2134895324707031, 1.2283143997192383, 1.1137073040008545, 1.2043962478637695, 1.155069351196289, 1.2268904447555542, 1.1539231538772583, 1.1625899076461792, 1.1936312913894653, 1.2472364902496338, 1.190717339515686, 1.2348860502243042, 1.0799602270126343, 1.2156503200531006, 1.1753450632095337, 1.204567551612854, 1.1428558826446533, 1.2242077589035034, 1.2661195993423462, 1.1817691326141357, 1.212411642074585, 1.1591709852218628, 1.1394157409667969, 1.1474566459655762, 1.1656752824783325, 1.1791609525680542, 1.1278711557388306, 1.210113763809204, 1.2793421745300293, 1.180662751197815, 1.156373381614685, 1.1607836484909058, 1.274662971496582, 1.1796139478683472, 1.1508601903915405, 1.1335656642913818, 1.2123801708221436, 1.176047682762146, 1.203769564628601, 1.2259433269500732, 1.2003065347671509, 1.2236003875732422, 1.1768354177474976, 1.188210368156433]
val step Loss: [1.190911054611206, 1.148211121559143, 1.0974119901657104, 1.1973732709884644, 1.1340968608856201, 1.1076374053955078, 1.1327786445617676, 1.096685767173767, 1.1264561414718628, 1.1812411546707153, 1.2049202919006348, 1.0416450500488281, 1.1369938850402832, 1.1490727663040161, 1.0935406684875488, 1.1750240325927734]
Train step Accs: [0.7239804755156668, 0.75932766900628, 0.7548433048433049, 0.7553020851898058, 0.7481715187150437, 0.7393350985583995, 0.7283729269385926, 0.7452029520295202, 0.7235154394299287, 0.7480082620241959, 0.7393156325429504, 0.7557312252964427, 0.7705218187366494, 0.7552808637145987, 0.748761075236522, 0.7548941798941798, 0.7444722569879015, 0.737747653806048, 0.7653429602888087, 0.7357899448008355, 0.7331248371123273, 0.7690875232774674, 0.7404548587181254, 0.7566954153427145, 0.7398086828550404, 0.7604607085580989, 0.755962808246867, 0.7452363090772693, 0.7350879513291892, 0.7496505668582077, 0.7357264957264957, 0.7724374693477195, 0.7344658024139472, 0.7523224453101588, 0.7381292906178489, 0.763151207115629, 0.7390113849257818, 0.7378588192814588, 0.7481191222570532, 0.7358757062146892, 0.7531160115052733, 0.7580760947595119, 0.761756373937677, 0.7574655146278612, 0.750936869414817, 0.7634598411297441, 0.743549648162627, 0.7328333333333333, 0.7504623921085081, 0.7607899347029782, 0.7575801962794786, 0.7232642316551497, 0.7558641143165273, 0.7527688460164345, 0.761747082939136, 0.7387787056367432, 0.7519469281799827, 0.7487993596584845, 0.7371326271818589, 0.7397306971194818, 0.7355627806161945, 0.7394915254237289, 0.7490999723068402]
val step Accs: [0.7499349804941482, 0.7608038880861684, 0.7671092951991828, 0.7380035925070567, 0.7619249823071479, 0.7666879591184925, 0.7590123456790123, 0.7706449221645664, 0.7585319609967497, 0.7501017501017501, 0.7464067169489114, 0.7792876555571449, 0.7561014263074485, 0.7590381991814461, 0.7759803921568628, 0.7568795758646807]
Preds: [17, 219, 219, 219, 219, 464, 464, 464, 443, 450, 460, 240, 240, 35, 35, 35, 401, 384, 106, 106, 106, 387, 387, 387, 387, 167, 164, 219, 219, 152, 152, 152, 374, 374, 34, 34, 374, 338, 132, 43, 43, 43, 43, 43, 138, 276, 276, 276, 346, 346, 65, 428, 428, 146, 146, 207, 207, 314, 282, 282, 232, 99, 401, 401, 401, 401, 75, 109, 444, 444, 428, 428, 146, 146, 207, 215, 215, 251, 84, 259, 75, 371, 427, 411, 401, 401, 401, 75, 371, 371, 30, 213, 213, 213, 324, 324, 464, 464, 464, 464, 171, 171, 143, 239, 107, 338, 34, 401, 401, 108, 351, 224, 278, 278, 286, 286, 464, 464, 464, 464, 464, 203, 203, 53, 53, 401, 401, 14, 145, 145, 284, 284, 284, 460, 167, 406, 175, 175, 43, 43, 276, 276, 174, 331, 331, 319, 282, 150, 388, 303, 48, 48, 82, 217, 217, 170, 244, 408, 408, 292, 23, 23, 23, 23, 292, 149, 149, 47, 47, 47, 244, 244, 73, 73, 73, 320, 244, 83, 83, 301, 301, 330, 330, 330, 285, 314, 241, 371, 290, 354, 109, 109, 428, 428, 146, 146, 207, 120, 14, 14, 411, 188, 188, 282, 271, 150, 31, 342, 342, 342, 342, 115, 349, 75, 208, 188, 290, 290, 290, 434, 434, 339, 10, 10, 212, 32, 239, 75, 371, 371, 371, 278, 278, 19, 19, 19, 48, 48, 17, 82, 17, 82, 170, 392, 392, 392, 63, 63, 392, 392, 244, 392, 392, 392, 392, 392, 73, 392, 244, 287, 287, 251, 497, 43, 43, 8, 239, 32, 208, 354, 153, 153, 387, 387, 387, 122, 406, 406, 406, 467, 337, 337, 464, 464, 464, 120, 355, 282, 240, 468, 36, 36, 77, 342, 342, 342, 224, 494, 267, 150, 36, 434, 434, 14, 411, 208, 188, 443, 443, 443, 169, 349, 349, 349, 303, 303, 473, 354, 354, 106, 319, 319, 319, 264, 264, 264, 207, 203, 14, 14, 411, 411, 188, 313, 290, 278, 434, 434, 339, 10, 117, 48, 229, 229, 229, 229, 312, 126, 126, 23, 23, 23, 47, 47, 47, 47, 47, 63, 289, 289, 320, 441, 276, 276, 276, 346, 481, 426, 293, 236, 35, 35, 35, 401, 10, 276, 441, 346, 387, 387, 387, 387, 240, 116, 10, 10, 10, 309, 479, 398, 398, 398, 360, 335, 399, 217, 217, 473, 473, 398, 398, 213, 252, 236, 143, 239, 239, 107, 107, 395, 395, 374, 400, 301, 77, 77, 34, 324, 324, 301, 301, 251, 251, 241, 431, 106, 496, 497, 497, 75, 8, 239, 32, 208, 276, 153, 153, 387, 387, 122, 122, 406, 406, 467, 467, 337, 167, 19, 303, 17, 240, 240, 240, 240, 240, 240, 240, 240, 240, 240, 240, 240, 240, 240, 240, 240, 240, 240, 240, 240, 240, 240, 240, 240, 240, 240, 240, 240, 240, 240, 240, 240, 240, 240, 240, 240, 240, 240, 240, 240, 240, 240, 240, 240, 240, 240, 240, 240, 240, 240, 240, 240, 240, 240, 240, 240, 240, 240, 240, 240, 240, 240, 240, 240, 240, 240, 240, 240, 240, 240, 240, 240, 240, 240, 240, 240, 240, 240, 240, 240, 240, 240, 240, 240, 240, 240, 240, 240, 240, 240, 240, 240, 240, 240, 240, 240, 240, 240, 240, 240, 240, 240, 240, 240, 240, 240, 240, 240, 240, 240, 240, 240, 240, 240, 240, 240, 240, 240, 240, 240, 240, 240, 240, 240, 240, 240, 240, 240, 240, 240, 240, 240, 240, 240, 240, 240, 240, 240, 240, 240, 240, 240, 240, 240, 240, 240, 240, 240, 240, 240]

ep228
Train step Loss: [1.1728984117507935, 1.2135120630264282, 1.2238848209381104, 1.1555695533752441, 1.2151702642440796, 1.2354758977890015, 1.183909296989441, 1.1801643371582031, 1.1457017660140991, 1.1194216012954712, 1.308939814567566, 1.189578890800476, 1.2681076526641846, 1.1194857358932495, 1.165808081626892, 1.1329984664916992, 1.1763064861297607, 1.1664249897003174, 1.1826684474945068, 1.1407532691955566, 1.146438717842102, 1.1709516048431396, 1.1799235343933105, 1.254172444343567, 1.1868228912353516, 1.2709100246429443, 1.0853848457336426, 1.1856379508972168, 1.2020435333251953, 1.1758878231048584, 1.2095685005187988, 1.3106470108032227, 1.205826759338379, 1.1687421798706055, 1.1780258417129517, 1.2767612934112549, 1.2010940313339233, 1.2239222526550293, 1.0455060005187988, 1.1268163919448853, 1.1934311389923096, 1.2009140253067017, 1.2247318029403687, 1.16683030128479, 1.2164788246154785, 1.1879894733428955, 1.1661596298217773, 1.05601167678833, 1.2055878639221191, 1.1576670408248901, 1.154150128364563, 1.1599760055541992, 1.177444577217102, 1.1579431295394897, 1.162523865699768, 1.1960686445236206, 1.220497488975525, 1.1057742834091187, 1.1925036907196045, 1.1873588562011719, 1.247246265411377, 1.280679702758789, 1.1371020078659058]
val step Loss: [1.1978932619094849, 1.0558605194091797, 1.21493661403656, 1.1185945272445679, 1.160092830657959, 1.1706169843673706, 1.1542927026748657, 1.0910594463348389, 1.0594996213912964, 1.2022128105163574, 1.131443738937378, 1.1036489009857178, 1.1991565227508545, 1.051662802696228, 1.114439606666565, 1.0632388591766357]
Train step Accs: [0.7517042872292077, 0.7368987244505917, 0.7385571670747787, 0.7490290364342519, 0.7403658320014207, 0.7385211687537269, 0.7554850647634153, 0.7533248314811442, 0.7641949493324754, 0.764856488343889, 0.7242443938901527, 0.7539267015706806, 0.7292412312097352, 0.7662525281710488, 0.7514729512587038, 0.765406976744186, 0.7458296751536435, 0.7477769936485533, 0.7502762430939226, 0.763312835274107, 0.7592991085152168, 0.7552791812410934, 0.7499243112322131, 0.740033500837521, 0.7473924380704041, 0.7240255507756486, 0.777462792345854, 0.744165435745938, 0.7519406589615318, 0.7473198086755731, 0.7364181662382177, 0.7188882988139493, 0.7441238564391274, 0.7468123861566485, 0.7513925535033714, 0.7259641499185225, 0.7438300531084037, 0.7333761644715708, 0.7911028153678643, 0.7746091736814981, 0.7501481920569057, 0.7435376911625389, 0.7389359322575492, 0.7526946107784431, 0.7375476009139376, 0.7399089975047702, 0.7579977937120794, 0.7828855412331107, 0.7503523884103367, 0.7575008824567596, 0.7551531213191991, 0.7571115973741794, 0.7564038171772979, 0.7593755029776276, 0.7530208471650511, 0.7433844483647714, 0.7389757078755995, 0.7724797645327447, 0.7364125716270186, 0.7448142788229619, 0.73475935828877, 0.7195239626889676, 0.7599191306545363]
val step Accs: [0.7497104806022004, 0.775599765944997, 0.7424817122730967, 0.7594783543963431, 0.7540410659676715, 0.7474206083344499, 0.75146484375, 0.7686650013877324, 0.7822811511224951, 0.7357878403159825, 0.7609372682782144, 0.7730317011460038, 0.7500405252066785, 0.7775377969762419, 0.7666942833471416, 0.7641509433962265]
Preds: [17, 17, 296, 217, 473, 473, 400, 330, 171, 171, 252, 252, 186, 36, 310, 107, 107, 107, 400, 400, 213, 213, 213, 246, 246, 246, 246, 246, 246, 301, 99, 354, 354, 180, 443, 443, 271, 271, 460, 169, 271, 35, 35, 35, 203, 225, 225, 7, 7, 7, 331, 331, 331, 331, 180, 443, 460, 169, 169, 169, 349, 116, 259, 395, 107, 109, 286, 286, 286, 286, 286, 468, 468, 337, 337, 207, 324, 252, 252, 143, 197, 197, 80, 80, 321, 320, 7, 188, 188, 188, 434, 339, 94, 199, 331, 331, 65, 138, 481, 426, 387, 293, 293, 122, 35, 276, 208, 276, 276, 153, 153, 153, 387, 387, 387, 122, 122, 88, 424, 424, 247, 98, 13, 414, 414, 170, 244, 244, 244, 187, 392, 244, 63, 392, 392, 73, 244, 321, 321, 320, 320, 83, 346, 66, 66, 278, 286, 286, 35, 34, 114, 115, 486, 486, 206, 169, 169, 169, 175, 34, 34, 115, 145, 145, 486, 486, 282, 282, 240, 240, 35, 34, 34, 224, 496, 34, 196, 75, 75, 164, 34, 114, 114, 355, 355, 355, 355, 452, 263, 263, 263, 13, 13, 244, 244, 244, 392, 20, 392, 73, 73, 244, 321, 321, 320, 188, 188, 171, 171, 171, 171, 252, 186, 36, 99, 54, 338, 400, 400, 400, 422, 422, 143, 310, 107, 107, 395, 395, 374, 374, 374, 374, 374, 374, 374, 132, 132, 43, 43, 138, 345, 10, 208, 208, 138, 303, 303, 48, 17, 83, 240, 240, 240, 240, 240, 240, 240, 240, 240, 240, 240, 240, 240, 240, 240, 240, 240, 240, 240, 240, 240, 240, 240, 240, 240, 240, 240, 240, 240, 240, 240, 240, 240, 240, 240, 240, 240, 240, 240, 240, 240, 240, 240, 240, 240, 240, 240, 240, 240, 240, 240, 240, 240, 240, 240, 240, 240, 240, 240, 240, 240, 240, 240, 240, 240, 240, 240, 240, 240, 240, 240, 240, 240, 240, 240, 240, 240, 240, 240, 240, 240, 240, 240, 240, 240, 240, 240, 240, 240, 240, 240, 240, 240, 240, 240, 240, 240, 240, 240, 240, 240, 240, 240, 240, 240, 240, 240, 240, 240, 240, 240, 240, 240, 240, 240, 240, 240, 240, 240, 240, 240, 240, 240, 240, 240, 240, 240, 240, 240, 240, 240, 240, 240, 240, 240, 240, 240, 240, 240, 240, 240, 240, 240, 240, 240, 240, 240, 240, 240, 240, 240, 240, 240, 240, 240, 240, 240, 240, 240, 240, 240, 240, 240, 240, 240, 240, 240, 240, 240, 240, 240, 240, 240, 240, 240, 240, 240, 240, 240, 240, 240, 240, 240, 240, 240, 240, 240, 240, 240, 240, 240, 240, 240, 240, 240, 240, 240, 240, 240, 240, 240, 240, 240, 240, 240, 240, 240, 240, 240, 240, 240, 240, 240, 240, 240, 240, 240, 240, 240, 240, 240, 240, 240, 240, 240, 240, 240, 240, 240, 240, 240, 240, 240, 240, 240, 240, 240, 240, 240, 240, 240, 240, 240, 240, 240, 240, 240, 240, 240, 240, 240, 240, 240, 240, 240, 240, 240, 240, 240, 240, 240, 240, 240, 240, 240, 240, 240, 240, 240, 240, 240, 240, 240, 240, 240, 240, 240, 240, 240, 240, 240, 240, 240, 240, 240, 240, 240, 240, 240, 240, 240, 240, 240, 240, 240, 240, 240, 240, 240, 240, 240, 240, 240, 240, 240, 240, 240, 240, 240, 240, 240, 240, 240, 240, 240, 240, 240, 240, 240, 240, 240, 240, 240, 240, 240, 240, 240, 240, 240, 240, 240, 240, 240, 240, 240, 240, 240, 240, 240, 240, 240, 240, 240, 240, 240, 240, 240, 240, 240, 240]

ep229
Train step Loss: [1.236364722251892, 1.246102213859558, 1.3026690483093262, 1.2935124635696411, 1.1658724546432495, 1.172267198562622, 1.1838500499725342, 1.1396901607513428, 1.2733569145202637, 1.1994249820709229, 1.1813830137252808, 1.0753124952316284, 1.2307178974151611, 1.169895887374878, 1.2067242860794067, 1.117393970489502, 1.1640125513076782, 1.2231674194335938, 1.0960707664489746, 1.1759281158447266, 1.2745343446731567, 1.1409770250320435, 1.1323633193969727, 1.152534008026123, 1.2452858686447144, 1.1291534900665283, 1.1904631853103638, 1.196162462234497, 1.1563633680343628, 1.1579067707061768, 1.132314682006836, 1.167220115661621, 1.1472136974334717, 1.206790804862976, 1.1843305826187134, 1.1546989679336548, 1.0952824354171753, 1.1959260702133179, 1.191558599472046, 1.1752338409423828, 1.166013479232788, 1.2252026796340942, 1.205636978149414, 1.1851706504821777, 1.0964189767837524, 1.198836326599121, 1.2678786516189575, 1.2447235584259033, 1.103055477142334, 1.2058227062225342, 1.2243785858154297, 1.173147439956665, 1.14163339138031, 1.1790363788604736, 1.1230417490005493, 1.2340630292892456, 1.1710495948791504, 1.1298142671585083, 1.1451051235198975, 1.1377769708633423, 1.1191145181655884, 1.1746070384979248, 1.1304792165756226]
val step Loss: [1.1491163969039917, 1.0736006498336792, 1.1070085763931274, 1.1496249437332153, 1.2139190435409546, 1.1158413887023926, 1.118706226348877, 1.1324223279953003, 1.073737382888794, 1.0999908447265625, 1.077620506286621, 1.1890742778778076, 1.2081985473632812, 1.0579630136489868, 1.147952675819397, 1.069803237915039]
Train step Accs: [0.7342002237136466, 0.7298531810766721, 0.7151180619441889, 0.7215450372012031, 0.7451697127937337, 0.7444036084196458, 0.7486590038314176, 0.7656505576208178, 0.7254935919639764, 0.7426014147538617, 0.7523768366464996, 0.7711640211640212, 0.7356076759061834, 0.7505824488739322, 0.7491707068129625, 0.7753141167775314, 0.7545548298384325, 0.7497546614327772, 0.7713494992092778, 0.7518513869712564, 0.7247768233114368, 0.757844167542411, 0.7649976003839386, 0.7588771929824562, 0.7429892141756549, 0.769289417505337, 0.7425213675213675, 0.7452399685287175, 0.7481886974722267, 0.7595008508224617, 0.7560343431070792, 0.756452581032413, 0.7624605245091308, 0.7461736421508872, 0.7551900351325456, 0.7591810204744881, 0.778131634819533, 0.74069089277703, 0.7504718252898356, 0.7490962645601821, 0.7543313217831419, 0.7238951310861423, 0.7478610971313538, 0.7535371179039301, 0.7692307692307693, 0.7447860342963077, 0.7298585730176387, 0.7297838270616493, 0.7763942931258107, 0.7517602750941542, 0.7355341919100309, 0.7498655190962883, 0.7595777285884556, 0.7524752475247525, 0.7657326596233348, 0.7348707403055229, 0.752513042371803, 0.7640648758236188, 0.7730958816982032, 0.7631136259366875, 0.771260086902545, 0.7509057971014492, 0.7678326474622771]
val step Accs: [0.7567303668573023, 0.7715466351829988, 0.7680970957954053, 0.7598940914158305, 0.7389978213507625, 0.7662040349120046, 0.7601055931364461, 0.760762839879154, 0.7817279867713931, 0.773001269035533, 0.7802473262032086, 0.7466168320659878, 0.7425053533190579, 0.7795118711605512, 0.757829070492826, 0.7777777777777778]
Preds: [17, 17, 287, 297, 297, 426, 426, 428, 206, 240, 240, 35, 251, 384, 109, 330, 330, 240, 278, 330, 330, 339, 349, 259, 473, 109, 264, 264, 264, 264, 264, 468, 468, 468, 337, 337, 278, 434, 434, 434, 434, 434, 246, 434, 434, 434, 3, 3, 14, 251, 132, 287, 145, 486, 486, 460, 460, 460, 460, 35, 35, 164, 36, 152, 324, 324, 324, 324, 301, 339, 339, 10, 479, 479, 331, 400, 180, 264, 240, 240, 143, 34, 34, 354, 354, 486, 486, 486, 460, 460, 460, 167, 35, 77, 451, 451, 324, 324, 301, 325, 34, 180, 139, 139, 139, 293, 293, 122, 406, 467, 107, 106, 106, 346, 387, 387, 122, 406, 406, 467, 337, 236, 290, 494, 434, 434, 434, 434, 434, 434, 19, 19, 19, 454, 48, 414, 414, 82, 82, 82, 392, 392, 392, 392, 392, 392, 392, 392, 244, 321, 320, 7, 219, 219, 324, 464, 464, 434, 378, 378, 43, 250, 250, 276, 276, 138, 100, 100, 100, 100, 100, 182, 182, 497, 497, 122, 122, 122, 239, 371, 494, 467, 467, 374, 374, 451, 310, 310, 310, 384, 395, 395, 374, 374, 374, 132, 132, 132, 132, 132, 132, 132, 98, 98, 98, 414, 414, 414, 414, 80, 80, 244, 320, 320, 7, 219, 152, 152, 301, 301, 8, 8, 43, 276, 331, 331, 331, 426, 426, 426, 426, 293, 293, 186, 36, 36, 342, 494, 115, 115, 273, 444, 443, 443, 443, 443, 450, 450, 150, 342, 342, 342, 115, 434, 286, 464, 139, 139, 139, 139, 139, 139, 450, 271, 271, 349, 342, 342, 203, 203, 247, 312, 126, 126, 23, 408, 408, 149, 320, 320, 320, 7, 7, 473, 473, 331, 264, 264, 264, 264, 468, 468, 337, 337, 337, 337, 434, 286, 416, 77, 36, 36, 224, 77, 66, 116, 116, 345, 345, 331, 84, 84, 271, 43, 43, 43, 345, 345, 109, 109, 374, 313, 34, 236, 310, 310, 107, 107, 107, 213, 213, 213, 213, 246, 246, 246, 246, 246, 246, 246, 19, 19, 197, 19, 301, 301, 240, 240, 240, 240, 240, 240, 240, 240, 240, 240, 240, 240, 240, 240, 240, 240, 240, 240, 240, 240, 240, 240, 240, 240, 240, 240, 240, 240, 240, 240, 240, 240, 240, 240, 240, 240, 240, 240, 240, 240, 240, 240, 240, 240, 240, 240, 240, 240, 240, 240, 240, 240, 240, 240, 240, 240, 240, 240, 240, 240, 240, 240, 240, 240, 240, 240, 240, 240, 240, 240, 240, 240, 240, 240, 240, 240, 240, 240, 240, 240, 240, 240, 240, 240, 240, 240, 240, 240, 240, 240, 240, 240, 240, 240, 240, 240, 240, 240, 240, 240, 240, 240, 240, 240, 240, 240, 240, 240, 240, 240, 240, 240, 240, 240, 240, 240, 240, 240, 240, 240, 240, 240, 240, 240, 240, 240, 240, 240, 240, 240, 240, 240, 240, 240, 240, 240, 240, 240, 240, 240, 240, 240, 240, 240, 240, 240, 240, 240, 240, 240, 240, 240, 240, 240, 240, 240, 240, 240, 240, 240, 240, 240, 240, 240, 240, 240, 240, 240, 240, 240, 240, 240, 240, 240, 240, 240, 240, 240, 240, 240, 240, 240, 240, 240, 240, 240, 240, 240, 240, 240, 240, 240, 240, 240, 240, 240, 240, 240, 240, 240, 240, 240, 240, 240, 240, 240, 240, 240, 240, 240, 240, 240, 240, 240, 240, 240, 240, 240, 240, 240, 240, 240, 240, 240, 240, 240, 240, 240, 240, 240, 240, 240, 240, 240, 240, 240, 240, 240, 240, 240, 240, 240, 240, 240, 240, 240, 240, 240, 240, 240, 240, 240, 240, 240]

ep230
Train step Loss: [1.161702036857605, 1.215999722480774, 1.1572039127349854, 1.1517442464828491, 1.178889513015747, 1.2067750692367554, 1.1649035215377808, 1.2193586826324463, 1.2282847166061401, 1.1661405563354492, 1.1843901872634888, 1.1355886459350586, 1.203210473060608, 1.1111522912979126, 1.2197238206863403, 1.1129988431930542, 1.1768362522125244, 1.2435510158538818, 1.1673334836959839, 1.2031869888305664, 1.198672890663147, 1.195302128791809, 1.0862246751785278, 1.2506030797958374, 1.1504714488983154, 1.1169822216033936, 1.2239216566085815, 1.2429455518722534, 1.1678026914596558, 1.2510906457901, 1.1635433435440063, 1.1753942966461182, 1.043315052986145, 1.0907094478607178, 1.1350172758102417, 1.1317986249923706, 1.1857200860977173, 1.1636933088302612, 1.20742928981781, 1.2322176694869995, 1.1648762226104736, 1.2181652784347534, 1.1787853240966797, 1.1715954542160034, 1.2332485914230347, 1.215476632118225, 1.208389401435852, 1.1923446655273438, 1.1815986633300781, 1.1578119993209839, 1.1463040113449097, 1.1431772708892822, 1.153564453125, 1.1634842157363892, 1.126475214958191, 1.09931218624115, 1.158313512802124, 1.187243103981018, 1.1989752054214478, 1.1636099815368652, 1.151625394821167, 1.0842509269714355, 1.1144405603408813]
val step Loss: [1.1341776847839355, 1.1544313430786133, 1.0918309688568115, 1.0176808834075928, 1.180370569229126, 1.0939844846725464, 1.077459692955017, 1.1477535963058472, 1.148324966430664, 1.0910590887069702, 1.1122984886169434, 1.103015422821045, 1.1520713567733765, 1.115045428276062, 1.2306389808654785, 1.0573663711547852]
Train step Accs: [0.7592619497312219, 0.7496537396121884, 0.7515572939301753, 0.7648111687846787, 0.7455947136563876, 0.7443304925610285, 0.7607408531956885, 0.725358504265747, 0.7425366383209698, 0.7589273112208892, 0.746003233339321, 0.7591612776797962, 0.7421848162143593, 0.7706579357655129, 0.7352129051010028, 0.767570807732654, 0.7512277470841007, 0.7269413629160063, 0.7478143913920645, 0.7487277353689568, 0.7462872831648572, 0.7502610771296434, 0.7725591715976331, 0.7283577339274347, 0.755979412655162, 0.7609939512833088, 0.727874514318607, 0.7370063992508195, 0.7549413218035824, 0.7307985952053748, 0.7544457617071725, 0.7474631437870956, 0.7817900800899256, 0.7668313338038109, 0.7543730707041011, 0.7695127539330991, 0.7551820728291316, 0.7609037609037609, 0.749561403508772, 0.7391625980174582, 0.748407229228969, 0.7302231237322515, 0.7512370670265407, 0.7512291052114061, 0.7458745874587459, 0.7367923040529885, 0.7540750118689666, 0.7450464396284829, 0.7523793895635051, 0.7484285923110656, 0.760389309439209, 0.7653631284916201, 0.7591109658440922, 0.755483969934039, 0.7713796284095401, 0.7778250993753549, 0.7540702656383891, 0.760688584732609, 0.7446372239747634, 0.7535985344150746, 0.7613452188006483, 0.7637678776919283, 0.765140744953085]
val step Accs: [0.7590890930882941, 0.7573228107451814, 0.7710029181385348, 0.7889418218565035, 0.7565165876777251, 0.767082924091483, 0.7715396578538103, 0.7531350247885681, 0.7621112440191388, 0.7733818181818182, 0.7640669784281189, 0.767838286317695, 0.7567423230974633, 0.7584595552690945, 0.7386882829771555, 0.7920792079207921]
Preds: [17, 17, 17, 17, 17, 296, 296, 296, 296, 63, 63, 461, 317, 461, 17, 461, 461, 461, 244, 244, 244, 244, 392, 392, 392, 392, 73, 73, 73, 244, 244, 461, 287, 284, 284, 460, 460, 169, 167, 99, 338, 338, 400, 400, 30, 30, 374, 374, 374, 132, 138, 138, 331, 331, 331, 88, 153, 153, 182, 182, 182, 182, 274, 274, 122, 186, 186, 68, 68, 68, 115, 115, 267, 213, 213, 324, 3, 14, 14, 401, 132, 145, 145, 145, 486, 486, 85, 85, 85, 207, 207, 207, 207, 207, 3, 197, 197, 197, 7, 309, 479, 398, 398, 324, 301, 143, 239, 239, 208, 32, 354, 354, 106, 284, 284, 206, 206, 240, 348, 94, 10, 398, 398, 324, 301, 301, 251, 251, 251, 241, 431, 374, 374, 132, 153, 182, 250, 250, 250, 335, 14, 259, 188, 188, 152, 324, 422, 236, 143, 239, 384, 371, 180, 84, 84, 106, 293, 293, 43, 43, 43, 138, 276, 276, 276, 153, 153, 182, 182, 497, 497, 497, 75, 75, 303, 303, 473, 354, 354, 420, 264, 99, 259, 338, 338, 338, 395, 395, 180, 450, 486, 460, 206, 178, 416, 35, 251, 32, 354, 100, 100, 426, 426, 426, 468, 413, 413, 250, 10, 212, 251, 32, 208, 354, 106, 106, 426, 426, 182, 182, 182, 182, 182, 182, 375, 375, 98, 98, 98, 17, 83, 240, 240, 240, 240, 240, 240, 240, 240, 240, 240, 240, 240, 240, 240, 240, 240, 240, 240, 240, 240, 240, 240, 240, 240, 240, 240, 240, 240, 240, 240, 240, 240, 240, 240, 240, 240, 240, 240, 240, 240, 240, 240, 240, 240, 240, 240, 240, 240, 240, 240, 240, 240, 240, 240, 240, 240, 240, 240, 240, 240, 240, 240, 240, 240, 240, 240, 240, 240, 240, 240, 240, 240, 240, 240, 240, 240, 240, 240, 240, 240, 240, 240, 240, 240, 240, 240, 240, 240, 240, 240, 240, 240, 240, 240, 240, 240, 240, 240, 240, 240, 240, 240, 240, 240, 240, 240, 240, 240, 240, 240, 240, 240, 240, 240, 240, 240, 240, 240, 240, 240, 240, 240, 240, 240, 240, 240, 240, 240, 240, 240, 240, 240, 240, 240, 240, 240, 240, 240, 240, 240, 240, 240, 240, 240, 240, 240, 240, 240, 240, 240, 240, 240, 240, 240, 240, 240, 240, 240, 240, 240, 240, 240, 240, 240, 240, 240, 240, 240, 240, 240, 240, 240, 240, 240, 240, 240, 240, 240, 240, 240, 240, 240, 240, 240, 240, 240, 240, 240, 240, 240, 240, 240, 240, 240, 240, 240, 240, 240, 240, 240, 240, 240, 240, 240, 240, 240, 240, 240, 240, 240, 240, 240, 240, 240, 240, 240, 240, 240, 240, 240, 240, 240, 240, 240, 240, 240, 240, 240, 240, 240, 240, 240, 240, 240, 240, 240, 240, 240, 240, 240, 240, 240, 240, 240, 240, 240, 240, 240, 240, 240, 240, 240, 240, 240, 240, 240, 240, 240, 240, 240, 240, 240, 240, 240, 240, 240, 240, 240, 240, 240, 240, 240, 240, 240, 240, 240, 240, 240, 240, 240, 240, 240, 240, 240, 240, 240, 240, 240, 240, 240, 240, 240, 240, 240, 240, 240, 240, 240, 240, 240, 240, 240, 240, 240, 240, 240, 240, 240, 240, 240, 240, 240, 240, 240, 240, 240, 240, 240, 240, 240, 240, 240, 240, 240, 240, 240, 240, 240, 240, 240, 240, 240, 240, 240, 240, 240, 240, 240, 240, 240, 240, 240, 240, 240, 240, 240, 240, 240, 240, 240, 240, 240, 240, 240, 240, 240, 240, 240, 240, 240, 240, 240, 240, 240, 240, 240, 240, 240, 240]

