ep318
Train step Loss: [0.5600836277008057, 0.5373268127441406, 0.562018632888794, 0.5832211971282959, 0.5361060500144958, 0.5237150192260742, 0.5172456502914429, 0.5069260597229004, 0.5269027352333069, 0.5099912285804749, 0.5349932909011841, 0.5296482443809509, 0.4450896084308624, 0.5769962668418884, 0.5383752584457397, 0.560642421245575, 0.5598441958427429, 0.48276156187057495, 0.47917136549949646, 0.5650201439857483, 0.53703773021698, 0.5158246159553528, 0.5462887287139893, 0.5356282591819763, 0.5159491896629333, 0.5451555252075195, 0.5381386280059814, 0.5782865285873413, 0.5594062209129333, 0.589795708656311, 0.5054646134376526, 0.4994417130947113, 0.523679792881012, 0.5387483835220337, 0.5601387619972229, 0.5397223830223083, 0.5433974862098694, 0.60596764087677, 0.5040121674537659, 0.5844005942344666, 0.567332923412323, 0.5676445960998535, 0.5252207517623901, 0.568409264087677, 0.5397026538848877, 0.5809085369110107, 0.5198951959609985, 0.5567877888679504, 0.5575748085975647, 0.5476879477500916, 0.5283505320549011, 0.5529710650444031, 0.497491717338562, 0.5331857204437256, 0.5840160250663757, 0.509705126285553, 0.6015529036521912, 0.5971905589103699, 0.5068405866622925, 0.5312195420265198, 0.5328622460365295, 0.5400213003158569, 0.5487158894538879]
val step Loss: [0.4735419452190399, 0.5130236148834229, 0.5452113151550293, 0.49410200119018555, 0.5295146107673645, 0.48670876026153564, 0.5264595746994019, 0.47352108359336853, 0.5205414891242981, 0.5278837084770203, 0.4972245693206787, 0.5163764953613281, 0.504734218120575, 0.5030489563941956, 0.5229865312576294, 0.49250006675720215]
Train step Accs: [0.9130976483413799, 0.9197691990658058, 0.9107505070993914, 0.8996152500874431, 0.9183123877917415, 0.9182865370770338, 0.9226490526681731, 0.9287929871881322, 0.9193299961494031, 0.9225133840518456, 0.9168945609237313, 0.9223744292237442, 0.9435679611650486, 0.9096385542168675, 0.9216141001855288, 0.9110183103115965, 0.913600436086127, 0.9289686953758144, 0.9240117130307467, 0.9103448275862069, 0.9169690811438526, 0.9223431211805038, 0.9157771847898599, 0.914613027840682, 0.9226692035879315, 0.9156499472812171, 0.9144210354401437, 0.9034236075625958, 0.914517014270033, 0.901954795357361, 0.9218772356560309, 0.926262475793237, 0.9209496829893431, 0.9148964775477278, 0.9095006309716964, 0.9146844275293371, 0.9077801958650707, 0.8983203359328135, 0.9251756248978925, 0.9005034053893989, 0.902948402948403, 0.9102227140683359, 0.9249658935879945, 0.9125649648425558, 0.9206876625252817, 0.9071713147410359, 0.9232534786974609, 0.9118485000837943, 0.9178713061276704, 0.9185110663983903, 0.9184009582272795, 0.9151453684922245, 0.9308185260704923, 0.9210164835164835, 0.9060298917711733, 0.9240746599177475, 0.9056962952115976, 0.9096301465457083, 0.9249701670644391, 0.9198955158902917, 0.9212186767622138, 0.9171606864274571, 0.9206510681586979]
val step Accs: [0.9250474383301708, 0.9235066609368285, 0.9141914191419142, 0.9260524876981957, 0.915405290705899, 0.9267511063634977, 0.9212694537686908, 0.9286924597571308, 0.9233087238210035, 0.9212490479817212, 0.9246088193456614, 0.9191297208538588, 0.9236689178577038, 0.9240384615384616, 0.921289123024481, 0.9253942104024476]
Preds: [17, 17, 287, 287, 284, 460, 460, 460, 169, 169, 349, 234, 234, 234, 234, 155, 25, 148, 148, 148, 387, 387, 387, 348, 348, 10, 398, 398, 324, 324, 324, 324, 301, 3, 3, 34, 106, 345, 284, 284, 284, 319, 319, 85, 85, 376, 376, 376, 376, 460, 460, 169, 282, 282, 150, 342, 342, 224, 494, 26, 34, 34, 127, 114, 106, 284, 284, 284, 450, 450, 450, 413, 413, 348, 348, 250, 70, 65, 297, 297, 297, 297, 297, 182, 182, 375, 375, 98, 98, 98, 414, 414, 197, 80, 80, 320, 320, 7, 7, 398, 398, 398, 360, 360, 360, 464, 464, 464, 180, 315, 315, 460, 460, 169, 215, 35, 35, 29, 100, 100, 100, 497, 497, 43, 43, 364, 276, 276, 153, 153, 153, 497, 43, 43, 259, 441, 441, 441, 174, 387, 387, 319, 348, 348, 348, 348, 94, 479, 331, 331, 84, 84, 426, 426, 426, 426, 375, 375, 375, 98, 35, 229, 229, 247, 312, 312, 187, 23, 23, 23, 23, 391, 228, 289, 320, 320, 320, 219, 219, 219, 219, 152, 374, 374, 374, 139, 172, 186, 186, 99, 338, 338, 338, 400, 400, 400, 400, 324, 324, 339, 339, 339, 10, 398, 398, 398, 398, 398, 398, 213, 374, 374, 374, 374, 285, 374, 374, 374, 88, 132, 132, 132, 132, 132, 132, 98, 98, 98, 98, 414, 414, 414, 414, 82, 170, 244, 392, 392, 392, 392, 392, 392, 392, 392, 392, 392, 321, 321, 7, 7, 7, 7, 7, 309, 127, 114, 114, 443, 443, 443, 443, 460, 460, 240, 35, 35, 76, 139, 139, 139, 77, 395, 406, 406, 406, 313, 313, 313, 337, 337, 213, 213, 213, 246, 246, 246, 246, 246, 422, 246, 32, 239, 354, 354, 420, 286, 286, 286, 286, 286, 286, 286, 264, 264, 468, 468, 468, 468, 285, 34, 337, 337, 337, 171, 171, 171, 171, 171, 246, 246, 246, 246, 246, 301, 301, 24, 310, 310, 286, 286, 286, 286, 286, 264, 139, 374, 132, 132, 43, 43, 43, 43, 276, 345, 345, 346, 371, 371, 162, 349, 54, 54, 115, 273, 106, 106, 106, 153, 481, 496, 387, 387, 387, 375, 98, 98, 17, 169, 240, 240, 240, 240, 240, 240, 240, 240, 240, 240, 240, 240, 240, 240, 240, 240, 240, 240, 240, 240, 240, 240, 240, 240, 240, 240, 240, 240, 240, 240, 240, 240, 240, 240, 240, 240, 240, 240, 240, 240, 240, 240, 240, 240, 240, 240, 240, 240, 240, 240, 240, 240, 240, 240, 240, 240, 240, 240, 240, 240, 240, 240, 240, 240, 240, 240, 240, 240, 240, 240, 240, 240, 240, 240, 240, 240, 240, 240, 240, 240, 240, 240, 240, 240, 240, 240, 240, 240, 240, 240, 240, 240, 240, 240, 240, 240, 240, 240, 240, 240, 240, 240, 240, 240, 240, 240, 240, 240, 240, 240, 240, 240, 240, 240, 240, 240, 240, 240, 240, 240, 240, 240, 240, 240, 240, 240, 240, 240, 240, 240, 240, 240, 240, 240, 240, 240, 240, 240, 240, 240, 240, 240, 240, 240, 240, 240, 240, 240, 240, 240, 240, 240, 240, 240, 240, 240, 240, 240, 240, 240, 240, 240, 240, 240, 240, 240, 240, 240, 240, 240, 240, 240, 240, 240, 240, 240, 240, 240, 240, 240, 240, 240, 240, 240, 240, 240, 240, 240, 240, 240, 240, 240, 240, 240, 240, 240, 240, 240, 240, 240, 240, 240, 240, 240, 240, 240, 240, 240, 240, 240, 240, 240, 240, 240, 240, 240, 240, 240, 240, 240, 240, 240, 240, 240, 240, 240, 240, 240, 240, 240, 240, 240]

ep319
Train step Loss: [0.5208643674850464, 0.5651482343673706, 0.562993586063385, 0.5423791408538818, 0.497532457113266, 0.5255316495895386, 0.547496497631073, 0.5570757389068604, 0.578204870223999, 0.5776771306991577, 0.5291998982429504, 0.5524713397026062, 0.4644750952720642, 0.5285999774932861, 0.550458550453186, 0.5095093846321106, 0.510601282119751, 0.5322379469871521, 0.49982231855392456, 0.5661481618881226, 0.5503265261650085, 0.4965909421443939, 0.5063499808311462, 0.5425077676773071, 0.5705440640449524, 0.5427462458610535, 0.554283082485199, 0.6259085536003113, 0.5525000095367432, 0.525746762752533, 0.5542837381362915, 0.5386252403259277, 0.559488832950592, 0.539776086807251, 0.5659094452857971, 0.5817552804946899, 0.5004705190658569, 0.5233184099197388, 0.4939554035663605, 0.5900586247444153, 0.54296875, 0.5643962025642395, 0.5446081757545471, 0.5503693222999573, 0.4944725036621094, 0.5510439872741699, 0.5328258872032166, 0.5200496912002563, 0.5426619052886963, 0.5435970425605774, 0.531207263469696, 0.5243148803710938, 0.5727676153182983, 0.559605598449707, 0.5228554010391235, 0.4979758560657501, 0.5394472479820251, 0.49223417043685913, 0.5980218052864075, 0.5026878118515015, 0.49891963601112366, 0.4936944842338562, 0.4805249273777008]
val step Loss: [0.5271862149238586, 0.5157946944236755, 0.4840879738330841, 0.47950586676597595, 0.51783686876297, 0.5047447085380554, 0.4815831482410431, 0.5249550342559814, 0.48670265078544617, 0.5369781255722046, 0.4912969172000885, 0.49569207429885864, 0.48009350895881653, 0.4771338701248169, 0.5271084904670715, 0.5398294925689697]
Train step Accs: [0.9237819585142306, 0.9088357171501136, 0.9164475606193397, 0.9139784946236559, 0.9320284697508897, 0.9170212765957447, 0.9179608372721134, 0.9108547456738333, 0.9086101470831267, 0.9065855404438081, 0.9205184259837601, 0.9088537420511984, 0.935720097640358, 0.920554518794988, 0.9117726293103449, 0.9235517568850902, 0.9241136829768533, 0.9224818195884265, 0.9222998068637647, 0.9119667907243058, 0.9188445667125172, 0.928594403345127, 0.926525198938992, 0.9183448709880428, 0.913574297188755, 0.9167789757412399, 0.9121344279117496, 0.902329619447258, 0.9112825458052073, 0.9239988307512423, 0.9134308287107077, 0.916829598435855, 0.9107006563883376, 0.9203098106712565, 0.9111617312072893, 0.9065649294558019, 0.9272443403590944, 0.9196110210696921, 0.9245955579928709, 0.9081072351421189, 0.9153896315617868, 0.9079689166539692, 0.9171082513247539, 0.9198762567672081, 0.9274992919852733, 0.9132577624445539, 0.9165619107479572, 0.9139131723218255, 0.9140424164524421, 0.9152435167615434, 0.9191689660769355, 0.922089825847846, 0.9034198860037999, 0.9083475298126065, 0.9200896191187453, 0.9301824450509985, 0.9138140747176369, 0.9314868804664723, 0.8985792657195105, 0.9193857965451055, 0.929007036747459, 0.9236158578263841, 0.9345504650361695]
val step Accs: [0.9113291373565346, 0.9224312140525416, 0.9258196102130232, 0.9304150943396227, 0.919285434867649, 0.9267906038334054, 0.9282146425003568, 0.919987922705314, 0.926984126984127, 0.9157401205626255, 0.9261028378758078, 0.9263208147676639, 0.9216470891958177, 0.9315613560401083, 0.9228238109482501, 0.915]
Preds: [17, 321, 219, 213, 213, 152, 301, 378, 378, 43, 43, 276, 276, 276, 346, 346, 346, 284, 284, 284, 284, 284, 206, 206, 206, 206, 206, 167, 14, 287, 287, 287, 287, 284, 206, 206, 175, 251, 251, 241, 431, 431, 428, 428, 428, 264, 146, 146, 146, 358, 358, 368, 54, 342, 68, 68, 224, 273, 496, 302, 100, 100, 375, 98, 98, 98, 98, 98, 17, 169, 240, 240, 240, 240, 240, 240, 240, 240, 240, 240, 240, 240, 240, 240, 240, 240, 240, 240, 240, 240, 240, 240, 240, 240, 240, 240, 240, 240, 240, 240, 240, 240, 240, 240, 240, 240, 240, 240, 240, 240, 240, 240, 240, 240, 240, 240, 240, 240, 240, 240, 240, 240, 240, 240, 240, 240, 240, 240, 240, 240, 240, 240, 240, 240, 240, 240, 240, 240, 240, 240, 240, 240, 240, 240, 240, 240, 240, 240, 240, 240, 240, 240, 240, 240, 240, 240, 240, 240, 240, 240, 240, 240, 240, 240, 240, 240, 240, 240, 240, 240, 240, 240, 240, 240, 240, 240, 240, 240, 240, 240, 240, 240, 240, 240, 240, 240, 240, 240, 240, 240, 240, 240, 240, 240, 240, 240, 240, 240, 240, 240, 240, 240, 240, 240, 240, 240, 240, 240, 240, 240, 240, 240, 240, 240, 240, 240, 240, 240, 240, 240, 240, 240, 240, 240, 240, 240, 240, 240, 240, 240, 240, 240, 240, 240, 240, 240, 240, 240, 240, 240, 240, 240, 240, 240, 240, 240, 240, 240, 240, 240, 240, 240, 240, 240, 240, 240, 240, 240, 240, 240, 240, 240, 240, 240, 240, 240, 240, 240, 240, 240, 240, 240, 240, 240, 240, 240, 240, 240, 240, 240, 240, 240, 240, 240, 240, 240, 240, 240, 240, 240, 240, 240, 240, 240, 240, 240, 240, 240, 240, 240, 240, 240, 240, 240, 240, 240, 240, 240, 240, 240, 240, 240, 240, 240, 240, 240, 240, 240, 240, 240, 240, 240, 240, 240, 240, 240, 240, 240, 240, 240, 240, 240, 240, 240, 240, 240, 240, 240, 240, 240, 240, 240, 240, 240, 240, 240, 240, 240, 240, 240, 240, 240, 240, 240, 240, 240, 240, 240, 240, 240, 240, 240, 240, 240, 240, 240, 240, 240, 240, 240, 240, 240, 240, 240, 240, 240, 240, 240, 240, 240, 240, 240, 240, 240, 240, 240, 240, 240, 240, 240, 240, 240, 240, 240, 240, 240, 240, 240, 240, 240, 240, 240, 240, 240, 240, 240, 240, 240, 240, 240, 240, 240, 240, 240, 240, 240, 240, 240, 240, 240, 240, 240, 240, 240, 240, 240, 240, 240, 240, 240, 240, 240, 240, 240, 240, 240, 240, 240, 240, 240, 240, 240, 240, 240, 240, 240, 240, 240, 240, 240, 240, 240, 240, 240, 240, 240, 240, 240, 240, 240, 240, 240, 240, 240, 240, 240, 240, 240, 240, 240, 240, 240, 240, 240, 240, 240, 240, 240, 240, 240, 240, 240, 240, 240, 240, 240, 240, 240, 240, 240, 240, 240, 240, 240, 240, 240, 240, 240, 240, 240, 240, 240, 240, 240, 240, 240, 240, 240, 240, 240, 240, 240, 240, 240, 240, 240, 240, 240, 240, 240, 240, 240, 240, 240, 240, 240, 240, 240, 240, 240, 240, 240, 240, 240, 240, 240, 240, 240, 240, 240, 240, 240, 240, 240, 240, 240, 240, 240, 240, 240, 240, 240, 240, 240, 240, 240, 240, 240, 240, 240, 240, 240, 240, 240, 240, 240, 240, 240, 240, 240, 240, 240, 240, 240, 240, 240, 240, 240, 240, 240, 240, 240, 240, 240, 240, 240, 240, 240, 240, 240, 240, 240, 240, 240, 240, 240, 240, 240, 240, 240]

ep320
Train step Loss: [0.5231022834777832, 0.49530136585235596, 0.5666112899780273, 0.4838172197341919, 0.4971187114715576, 0.5370503664016724, 0.5268760323524475, 0.5377969145774841, 0.5091371536254883, 0.4882468581199646, 0.5647640228271484, 0.519005298614502, 0.4891451299190521, 0.5405688881874084, 0.5563890933990479, 0.5277790427207947, 0.5274136066436768, 0.5237962603569031, 0.5390034317970276, 0.5372289419174194, 0.5447723865509033, 0.5207183957099915, 0.5049289464950562, 0.517701268196106, 0.5696709156036377, 0.5291852951049805, 0.5522258281707764, 0.555631697177887, 0.4934385418891907, 0.5316274762153625, 0.5344446301460266, 0.56053227186203, 0.5653089284896851, 0.5448991060256958, 0.5241007804870605, 0.5242622494697571, 0.5141029357910156, 0.4887736737728119, 0.5604200959205627, 0.5188170671463013, 0.5114108324050903, 0.515213131904602, 0.5727497339248657, 0.4931693375110626, 0.5614714026451111, 0.4963385760784149, 0.5360815525054932, 0.5415992140769958, 0.5640257596969604, 0.5335004925727844, 0.583774745464325, 0.5105032920837402, 0.5178988575935364, 0.528767466545105, 0.563715934753418, 0.4858655631542206, 0.5807918906211853, 0.5826354026794434, 0.49845966696739197, 0.5895540714263916, 0.5408295392990112, 0.5340575575828552, 0.5143792629241943]
val step Loss: [0.467806875705719, 0.5007005929946899, 0.46047982573509216, 0.5668938755989075, 0.5036366581916809, 0.5403155088424683, 0.48398518562316895, 0.45120739936828613, 0.4883616268634796, 0.490812212228775, 0.5344028472900391, 0.4603199362754822, 0.523680567741394, 0.5145456194877625, 0.47156059741973877, 0.48031970858573914]
Train step Accs: [0.9232353748970064, 0.9254843517138599, 0.9087264878199198, 0.9329178885630498, 0.9290102389078498, 0.9177482644129188, 0.9151523249599145, 0.913256288239293, 0.9240971556407798, 0.9232512953367875, 0.9035895806861499, 0.9224225927186118, 0.9298597194388778, 0.9135706513290844, 0.913202042304887, 0.9181213632585203, 0.9241436925647452, 0.9151576123407109, 0.9198619631901841, 0.9113493723849372, 0.9158324063774564, 0.9158829676071055, 0.9234615918877622, 0.9207068418667875, 0.9118211978348175, 0.9168105929763961, 0.909976057462091, 0.9120811558561328, 0.9251439539347409, 0.9244473062889031, 0.9189834555688214, 0.9141693337212685, 0.9078818423631527, 0.9156894760279056, 0.9175627240143369, 0.9152642456451137, 0.9228571428571428, 0.9274479240470455, 0.9131881427707199, 0.9194395796847635, 0.92753394379539, 0.9245309050772627, 0.9115378561309617, 0.9276336855587576, 0.9139594943591137, 0.9265498652291105, 0.9158163265306123, 0.9180868609125893, 0.9100421677338747, 0.9111320458470717, 0.9091382001040402, 0.9231418918918919, 0.9239738805970149, 0.9197213468236856, 0.9111078242863482, 0.9263508512213176, 0.9064349578138774, 0.9032513877874703, 0.9288061336254108, 0.907490450091347, 0.9138153647514525, 0.9192811452939385, 0.9321242099477879]
val step Accs: [0.9292545710267229, 0.9272727272727272, 0.9315535359272934, 0.9089322083212104, 0.9210081450745351, 0.9155901350557839, 0.9262603461249059, 0.9408284023668639, 0.9216698628116241, 0.9272195936543278, 0.9192818566632608, 0.9291497975708503, 0.918759743634159, 0.9221046443268666, 0.9303646144650328, 0.9307004470938898]
Preds: [17, 17, 287, 111, 111, 111, 146, 438, 219, 219, 219, 219, 152, 152, 106, 88, 88, 88, 88, 346, 284, 284, 284, 206, 450, 450, 43, 43, 43, 276, 276, 276, 174, 174, 413, 413, 64, 212, 239, 384, 371, 180, 443, 271, 240, 215, 35, 35, 259, 75, 114, 180, 486, 486, 460, 460, 167, 167, 35, 35, 164, 164, 219, 219, 152, 152, 374, 132, 132, 186, 186, 349, 164, 164, 164, 273, 106, 153, 387, 387, 348, 348, 381, 122, 10, 212, 76, 32, 401, 401, 244, 208, 208, 441, 441, 153, 153, 153, 406, 406, 42, 88, 132, 313, 116, 94, 212, 219, 324, 324, 324, 116, 116, 10, 250, 250, 88, 88, 346, 319, 428, 428, 146, 146, 146, 219, 219, 219, 464, 464, 355, 355, 416, 43, 364, 364, 276, 345, 345, 497, 497, 215, 129, 401, 244, 244, 354, 213, 213, 213, 301, 236, 129, 401, 321, 75, 74, 445, 445, 213, 213, 213, 213, 213, 246, 19, 19, 454, 414, 170, 392, 392, 392, 392, 392, 73, 73, 73, 320, 244, 127, 354, 351, 482, 236, 416, 416, 445, 445, 464, 171, 171, 171, 301, 143, 129, 239, 239, 354, 420, 213, 213, 213, 213, 213, 213, 213, 246, 246, 246, 246, 246, 246, 19, 454, 48, 414, 244, 170, 392, 392, 392, 63, 63, 63, 63, 63, 63, 63, 63, 63, 63, 63, 392, 392, 392, 73, 73, 73, 289, 321, 209, 188, 55, 171, 171, 171, 252, 143, 143, 384, 259, 144, 27, 351, 482, 313, 77, 8, 8, 239, 354, 420, 219, 213, 213, 219, 219, 477, 374, 374, 132, 132, 88, 88, 109, 313, 99, 99, 99, 436, 400, 400, 400, 324, 422, 314, 239, 384, 371, 180, 443, 315, 319, 203, 203, 53, 70, 70, 65, 65, 481, 387, 88, 406, 406, 406, 406, 467, 499, 375, 375, 375, 98, 98, 13, 13, 170, 170, 392, 392, 63, 63, 63, 63, 63, 63, 63, 63, 63, 73, 73, 73, 320, 320, 345, 148, 148, 153, 153, 43, 43, 364, 364, 364, 276, 276, 250, 250, 250, 250, 250, 413, 413, 381, 381, 381, 48, 48, 17, 17, 169, 240, 240, 240, 240, 240, 240, 240, 240, 240, 240, 240, 240, 240, 240, 240, 240, 240, 240, 240, 240, 240, 240, 240, 240, 240, 240, 240, 240, 240, 240, 240, 240, 240, 240, 240, 240, 240, 240, 240, 240, 240, 240, 240, 240, 240, 240, 240, 240, 240, 240, 240, 240, 240, 240, 240, 240, 240, 240, 240, 240, 240, 240, 240, 240, 240, 240, 240, 240, 240, 240, 240, 240, 240, 240, 240, 240, 240, 240, 240, 240, 240, 240, 240, 240, 240, 240, 240, 240, 240, 240, 240, 240, 240, 240, 240, 240, 240, 240, 240, 240, 240, 240, 240, 240, 240, 240, 240, 240, 240, 240, 240, 240, 240, 240, 240, 240, 240, 240, 240, 240, 240, 240, 240, 240, 240, 240, 240, 240, 240, 240, 240, 240, 240, 240, 240, 240, 240, 240, 240, 240, 240, 240, 240, 240, 240, 240, 240, 240, 240, 240, 240, 240, 240, 240, 240, 240, 240, 240, 240, 240, 240, 240, 240, 240, 240, 240, 240, 240, 240, 240, 240, 240, 240, 240, 240, 240, 240, 240, 240, 240, 240, 240, 240, 240, 240, 240, 240, 240, 240, 240, 240, 240, 240, 240, 240, 240, 240, 240, 240, 240, 240, 240, 240, 240, 240, 240, 240, 240, 240, 240, 240, 240, 240, 240, 240, 240, 240, 240, 240, 240, 240, 240, 240, 240, 240, 240, 240, 240, 240, 240, 240, 240, 240, 240, 240, 240, 240, 240]

ep321
Train step Loss: [0.4752994477748871, 0.4882623553276062, 0.5090690851211548, 0.49947866797447205, 0.5160157084465027, 0.555566132068634, 0.5225782990455627, 0.5502578020095825, 0.5924693942070007, 0.47803524136543274, 0.5818795561790466, 0.5364651679992676, 0.5255811810493469, 0.5248435735702515, 0.5128784775733948, 0.545660674571991, 0.5007664561271667, 0.5388123393058777, 0.5446674227714539, 0.505760908126831, 0.5156086087226868, 0.5278975963592529, 0.5597028136253357, 0.47862982749938965, 0.5422719717025757, 0.5169810056686401, 0.5410014390945435, 0.518826961517334, 0.53377765417099, 0.5192894339561462, 0.5371624827384949, 0.48209306597709656, 0.5490817427635193, 0.5130162239074707, 0.5484429597854614, 0.5324994921684265, 0.5191426277160645, 0.4899972677230835, 0.5861841440200806, 0.5881116390228271, 0.5838330388069153, 0.48083260655403137, 0.5310149192810059, 0.5190560221672058, 0.5276429057121277, 0.523501992225647, 0.4981144964694977, 0.5335053205490112, 0.5621739625930786, 0.47189539670944214, 0.5114759802818298, 0.5049120783805847, 0.5062374472618103, 0.5060316920280457, 0.5266655087471008, 0.5442663431167603, 0.5585505962371826, 0.5644857883453369, 0.551297128200531, 0.5134544372558594, 0.5576397180557251, 0.47763240337371826, 0.5519216656684875]
val step Loss: [0.5487921237945557, 0.5099495053291321, 0.49361297488212585, 0.4974760413169861, 0.4697101414203644, 0.5046087503433228, 0.46222516894340515, 0.4950876533985138, 0.48429974913597107, 0.5630115866661072, 0.4752764105796814, 0.44070902466773987, 0.49037936329841614, 0.4698125720024109, 0.4804059863090515, 0.5120241045951843]
Train step Accs: [0.9330313814299579, 0.9300782579108541, 0.9154378573578092, 0.9300429820661035, 0.9198127011998829, 0.9144981412639405, 0.9151314753582113, 0.9128231778615045, 0.9021036711123332, 0.9294032023289666, 0.9093121349772875, 0.9183284203225247, 0.9223564544590742, 0.9178258998996128, 0.9218505783057206, 0.91651865008881, 0.9285921625544267, 0.9175383542538355, 0.9136894824707846, 0.9282590871822902, 0.9212540476891374, 0.9209706509263814, 0.9120700843608047, 0.9303909952606635, 0.9214440915928463, 0.9235454399743549, 0.9156438729787648, 0.9182516689759416, 0.9155209541162829, 0.9188621076233184, 0.915818431911967, 0.9304259290683862, 0.915162980209546, 0.9220934197067848, 0.9161032575291949, 0.9151932404944453, 0.9235008103727714, 0.9240094618568894, 0.9081436357806989, 0.9075503101830836, 0.9065785521177531, 0.9314978695509669, 0.9165220135710904, 0.9254147929911615, 0.9172012531702223, 0.9229405346426623, 0.9251535494929296, 0.9218464992282868, 0.9106438896189225, 0.9280413036463375, 0.9194793400938399, 0.921968787515006, 0.9285314685314685, 0.9189617880317231, 0.9264802631578948, 0.9100469179744378, 0.9077098366881884, 0.9097589653145208, 0.9088892995749399, 0.9249721824829121, 0.9161637579513946, 0.9318697956093869, 0.9188176519567027]
val step Accs: [0.9192139737991266, 0.9255218855218855, 0.9268438339802926, 0.926706511481598, 0.928319030792529, 0.9219709659408152, 0.9339809022061245, 0.9251482609392531, 0.924432863274065, 0.9070126227208977, 0.928453721505081, 0.9371633752244165, 0.9200461827103478, 0.9311424100156495, 0.9305184393372528, 0.9215333161821456]
Preds: [17, 17, 17, 17, 17, 296, 296, 392, 392, 392, 392, 392, 392, 392, 244, 249, 249, 249, 249, 40, 82, 435, 249, 249, 249, 82, 249, 249, 249, 412, 218, 70, 17, 435, 435, 40, 244, 17, 435, 435, 435, 435, 211, 211, 211, 211, 289, 289, 241, 241, 241, 241, 201, 201, 17, 201, 201, 201, 244, 392, 63, 63, 63, 63, 73, 73, 73, 73, 73, 73, 244, 287, 287, 284, 284, 460, 460, 169, 150, 99, 436, 338, 400, 400, 152, 152, 374, 374, 374, 132, 42, 42, 147, 380, 380, 302, 153, 153, 182, 182, 182, 274, 274, 274, 122, 186, 186, 342, 68, 68, 115, 115, 267, 213, 213, 324, 3, 14, 14, 259, 411, 145, 145, 145, 486, 85, 85, 85, 85, 207, 207, 207, 207, 207, 3, 197, 197, 197, 7, 309, 479, 398, 398, 324, 301, 143, 143, 458, 196, 8, 354, 354, 106, 284, 284, 206, 206, 240, 348, 94, 94, 398, 398, 324, 301, 301, 251, 251, 251, 241, 431, 374, 374, 132, 153, 182, 274, 274, 274, 335, 14, 129, 188, 188, 152, 324, 422, 236, 239, 239, 384, 371, 180, 84, 84, 106, 467, 293, 43, 43, 43, 364, 276, 276, 276, 153, 153, 182, 182, 497, 497, 497, 349, 349, 349, 234, 261, 25, 25, 420, 422, 186, 99, 338, 338, 338, 395, 395, 180, 151, 486, 460, 206, 178, 416, 35, 259, 144, 27, 100, 100, 426, 426, 426, 468, 413, 413, 250, 122, 212, 239, 144, 208, 27, 106, 106, 481, 481, 182, 182, 182, 182, 182, 182, 375, 375, 98, 98, 98, 13, 414, 414, 414, 170, 82, 170, 170, 170, 392, 392, 392, 392, 392, 392, 392, 392, 392, 392, 392, 392, 392, 392, 392, 392, 392, 392, 392, 392, 392, 17, 17, 17, 169, 240, 240, 240, 240, 240, 240, 240, 240, 240, 240, 240, 240, 240, 240, 240, 240, 240, 240, 240, 240, 240, 240, 240, 240, 240, 240, 240, 240, 240, 240, 240, 240, 240, 240, 240, 240, 240, 240, 240, 240, 240, 240, 240, 240, 240, 240, 240, 240, 240, 240, 240, 240, 240, 240, 240, 240, 240, 240, 240, 240, 240, 240, 240, 240, 240, 240, 240, 240, 240, 240, 240, 240, 240, 240, 240, 240, 240, 240, 240, 240, 240, 240, 240, 240, 240, 240, 240, 240, 240, 240, 240, 240, 240, 240, 240, 240, 240, 240, 240, 240, 240, 240, 240, 240, 240, 240, 240, 240, 240, 240, 240, 240, 240, 240, 240, 240, 240, 240, 240, 240, 240, 240, 240, 240, 240, 240, 240, 240, 240, 240, 240, 240, 240, 240, 240, 240, 240, 240, 240, 240, 240, 240, 240, 240, 240, 240, 240, 240, 240, 240, 240, 240, 240, 240, 240, 240, 240, 240, 240, 240, 240, 240, 240, 240, 240, 240, 240, 240, 240, 240, 240, 240, 240, 240, 240, 240, 240, 240, 240, 240, 240, 240, 240, 240, 240, 240, 240, 240, 240, 240, 240, 240, 240, 240, 240, 240, 240, 240, 240, 240, 240, 240, 240, 240, 240, 240, 240, 240, 240, 240, 240, 240, 240, 240, 240, 240, 240, 240, 240, 240, 240, 240, 240, 240, 240, 240, 240, 240, 240, 240, 240, 240, 240, 240, 240, 240, 240, 240, 240, 240, 240, 240, 240, 240, 240, 240, 240, 240, 240, 240, 240, 240, 240, 240, 240, 240, 240, 240, 240, 240, 240, 240, 240, 240, 240, 240, 240, 240, 240, 240, 240, 240, 240, 240, 240, 240, 240, 240, 240, 240, 240, 240, 240, 240, 240, 240, 240, 240, 240, 240, 240, 240, 240, 240, 240, 240, 240]

ep322
Train step Loss: [0.5869144201278687, 0.4833831191062927, 0.471691757440567, 0.5675073266029358, 0.548203706741333, 0.5621559619903564, 0.5163202881813049, 0.5135933756828308, 0.5730085372924805, 0.5050245523452759, 0.5063673257827759, 0.550411581993103, 0.5230031609535217, 0.4844133257865906, 0.5392932295799255, 0.4943537414073944, 0.5666027665138245, 0.5309909582138062, 0.5113741755485535, 0.5290664434432983, 0.48147550225257874, 0.5013582110404968, 0.5688419938087463, 0.5099415183067322, 0.5206613540649414, 0.508695662021637, 0.5279884338378906, 0.554652214050293, 0.5343072414398193, 0.5295752882957458, 0.4742491543292999, 0.5383302569389343, 0.5190392136573792, 0.4539976716041565, 0.49151477217674255, 0.5616884231567383, 0.538506805896759, 0.47042325139045715, 0.5370098352432251, 0.5347081422805786, 0.4873957931995392, 0.5054905414581299, 0.5136502981185913, 0.5030882954597473, 0.5421760678291321, 0.5135612487792969, 0.486388623714447, 0.48963189125061035, 0.5109605193138123, 0.5042047500610352, 0.5451164841651917, 0.5230754017829895, 0.4874196946620941, 0.5989208221435547, 0.519482433795929, 0.5036261677742004, 0.5283618569374084, 0.5723124146461487, 0.5054976344108582, 0.5024260878562927, 0.5551801919937134, 0.5510044097900391, 0.48673194646835327]
val step Loss: [0.47830769419670105, 0.49389952421188354, 0.5016351938247681, 0.4804398715496063, 0.48859795928001404, 0.46774065494537354, 0.4994266927242279, 0.5260465145111084, 0.4994204044342041, 0.45255956053733826, 0.48372817039489746, 0.48577287793159485, 0.4846416413784027, 0.5135753154754639, 0.4956398904323578, 0.44290691614151]
Train step Accs: [0.9044585987261147, 0.9323992133726647, 0.9327470253491982, 0.9140664108126147, 0.9157129600989793, 0.9150020664003307, 0.9257099002302379, 0.9200996677740864, 0.9077620230960386, 0.9244947453516572, 0.9240251909419804, 0.914267932161195, 0.9259612329202415, 0.9341678256838202, 0.9156239431856611, 0.927470534904805, 0.909577723378213, 0.9160249891035885, 0.9232599643069601, 0.9242775459743471, 0.9248704663212435, 0.9289940828402367, 0.9116994732464652, 0.9237782095351965, 0.9240082842122033, 0.9278583788100626, 0.9212598425196851, 0.9084990322013021, 0.9189761982393219, 0.9157504123144585, 0.9350148367952522, 0.9144455897511412, 0.9167842031029619, 0.9386568762429249, 0.9297984580008116, 0.9128749234850031, 0.9122031122031122, 0.9317171137569933, 0.9177553813612044, 0.9086584205518554, 0.9248450929442334, 0.9227364927162087, 0.9209074187614961, 0.9149021174590491, 0.9140611652144199, 0.9236477807906379, 0.9307562150201744, 0.9294799850355406, 0.9140954855472556, 0.9245311554748942, 0.9190817790530846, 0.9191744131085552, 0.928425078541183, 0.9017203202180207, 0.9277845777233782, 0.9181707151580947, 0.9172953338921487, 0.9098698825769597, 0.9280643634642688, 0.9202473958333334, 0.91005291005291, 0.9070448589486666, 0.930788949017374]
val step Accs: [0.9344821396517681, 0.92328125, 0.9198054204308548, 0.9280010646792654, 0.9278614940686117, 0.9307001283330957, 0.9198863636363637, 0.914708299096138, 0.9279774849686581, 0.9316497807349161, 0.9301082829419209, 0.9282103134479271, 0.9233813966638394, 0.9232388436710637, 0.925515500070136, 0.9316378908072795]
Preds: [17, 17, 296, 473, 473, 65, 264, 264, 264, 264, 264, 264, 264, 468, 468, 468, 337, 337, 337, 434, 434, 422, 76, 76, 129, 401, 401, 320, 345, 109, 286, 286, 264, 264, 285, 406, 467, 337, 337, 171, 171, 252, 116, 339, 10, 398, 398, 398, 398, 434, 94, 10, 10, 398, 398, 106, 106, 106, 426, 426, 426, 468, 468, 413, 250, 43, 32, 208, 208, 106, 106, 106, 481, 481, 426, 426, 426, 426, 182, 375, 375, 375, 98, 98, 98, 48, 13, 170, 170, 170, 28, 28, 20, 28, 2, 2, 2, 47, 2, 2, 2, 2, 2, 73, 73, 73, 289, 289, 209, 287, 287, 297, 297, 43, 274, 43, 8, 239, 208, 208, 106, 346, 346, 284, 284, 426, 426, 348, 426, 426, 426, 284, 85, 206, 240, 385, 35, 36, 77, 232, 172, 224, 273, 196, 217, 217, 217, 473, 65, 290, 290, 290, 290, 290, 290, 434, 434, 339, 64, 76, 239, 384, 371, 485, 301, 26, 26, 251, 241, 81, 313, 108, 106, 8, 32, 239, 208, 345, 345, 132, 132, 132, 236, 24, 239, 310, 310, 107, 107, 395, 400, 213, 213, 19, 454, 143, 229, 170, 170, 47, 47, 47, 47, 20, 47, 47, 20, 47, 47, 80, 80, 20, 73, 289, 114, 127, 114, 108, 464, 180, 315, 315, 450, 450, 450, 88, 88, 346, 346, 481, 293, 215, 143, 458, 208, 441, 100, 100, 497, 43, 143, 129, 401, 20, 208, 441, 441, 100, 100, 387, 175, 42, 42, 42, 42, 147, 109, 109, 443, 443, 240, 240, 251, 251, 241, 431, 428, 428, 146, 146, 146, 301, 8, 8, 354, 354, 180, 180, 486, 486, 486, 376, 169, 120, 120, 120, 120, 120, 240, 37, 24, 239, 239, 384, 371, 41, 41, 324, 19, 454, 454, 229, 170, 47, 47, 47, 47, 47, 47, 47, 47, 47, 80, 80, 80, 20, 80, 7, 7, 309, 479, 398, 213, 213, 213, 213, 213, 252, 143, 129, 401, 401, 75, 384, 371, 482, 171, 171, 171, 358, 314, 239, 219, 219, 485, 286, 286, 286, 286, 468, 406, 467, 467, 355, 355, 355, 355, 452, 263, 442, 17, 169, 240, 240, 240, 240, 240, 240, 240, 240, 240, 240, 240, 240, 240, 240, 240, 240, 240, 240, 240, 240, 240, 240, 240, 240, 240, 240, 240, 240, 240, 240, 240, 240, 240, 240, 240, 240, 240, 240, 240, 240, 240, 240, 240, 240, 240, 240, 240, 240, 240, 240, 240, 240, 240, 240, 240, 240, 240, 240, 240, 240, 240, 240, 240, 240, 240, 240, 240, 240, 240, 240, 240, 240, 240, 240, 240, 240, 240, 240, 240, 240, 240, 240, 240, 240, 240, 240, 240, 240, 240, 240, 240, 240, 240, 240, 240, 240, 240, 240, 240, 240, 240, 240, 240, 240, 240, 240, 240, 240, 240, 240, 240, 240, 240, 240, 240, 240, 240, 240, 240, 240, 240, 240, 240, 240, 240, 240, 240, 240, 240, 240, 240, 240, 240, 240, 240, 240, 240, 240, 240, 240, 240, 240, 240, 240, 240, 240, 240, 240, 240, 240, 240, 240, 240, 240, 240, 240, 240, 240, 240, 240, 240, 240, 240, 240, 240, 240, 240, 240, 240, 240, 240, 240, 240, 240, 240, 240, 240, 240, 240, 240, 240, 240, 240, 240, 240, 240, 240, 240, 240, 240, 240, 240, 240, 240, 240, 240, 240, 240, 240, 240, 240, 240, 240, 240, 240, 240, 240, 240, 240, 240, 240, 240, 240, 240, 240, 240, 240, 240, 240, 240, 240, 240, 240, 240, 240, 240, 240, 240, 240, 240, 240, 240, 240, 240, 240, 240, 240, 240]

ep323
Train step Loss: [0.5610620975494385, 0.523395299911499, 0.5700623989105225, 0.507969856262207, 0.5132332444190979, 0.5223864912986755, 0.5056118965148926, 0.499118834733963, 0.5280845761299133, 0.4887671172618866, 0.5287371873855591, 0.49871066212654114, 0.49237552285194397, 0.5058543682098389, 0.4931109547615051, 0.5090764760971069, 0.49071699380874634, 0.5066187381744385, 0.5316678881645203, 0.5119278430938721, 0.515087366104126, 0.5092852115631104, 0.5091361999511719, 0.5171768069267273, 0.5396311283111572, 0.48447683453559875, 0.5230376124382019, 0.5130934119224548, 0.5215914845466614, 0.5190171599388123, 0.5635177493095398, 0.5441641807556152, 0.49566414952278137, 0.4768615961074829, 0.5247102975845337, 0.5583544969558716, 0.540175199508667, 0.5064396858215332, 0.5347996354103088, 0.5212283730506897, 0.5255185961723328, 0.5477047562599182, 0.48116716742515564, 0.5081695318222046, 0.5301055908203125, 0.5170028805732727, 0.525913417339325, 0.4509865641593933, 0.48714566230773926, 0.4774510860443115, 0.4773722290992737, 0.5344495177268982, 0.49221792817115784, 0.5487715005874634, 0.5306404232978821, 0.5391448736190796, 0.5186591148376465, 0.49821779131889343, 0.566428542137146, 0.5019277930259705, 0.5505605340003967, 0.514773428440094, 0.5624963641166687]
val step Loss: [0.4904288649559021, 0.5196473598480225, 0.5046351552009583, 0.4673195779323578, 0.4599605202674866, 0.5091972947120667, 0.4808264672756195, 0.4815290570259094, 0.4661678969860077, 0.5050981640815735, 0.4816788136959076, 0.47384729981422424, 0.4844401180744171, 0.41697806119918823, 0.5140840411186218, 0.4742235541343689]
Train step Accs: [0.9103734439834025, 0.9189762630950802, 0.9093816631130064, 0.92624, 0.9215713686565078, 0.9138949856491643, 0.9177636444312971, 0.9225630538513974, 0.9258555133079848, 0.9251769464105156, 0.9206349206349206, 0.9254957507082153, 0.9241603466955579, 0.9188426252646437, 0.9225293132328308, 0.9227416798732171, 0.9275251754653646, 0.9290868720510685, 0.9156544054747647, 0.9249811510429756, 0.9188421239566684, 0.9259821022296375, 0.9223065740591181, 0.9218865143699336, 0.9146677695064792, 0.930405019965773, 0.9183845893883069, 0.9245600612088752, 0.9212586339217191, 0.9246253305906553, 0.9053849332047927, 0.9078376703841388, 0.9240132150930273, 0.9266903914590747, 0.9196808510638298, 0.9137795892773162, 0.9131377366671485, 0.9221783980582524, 0.9100614214682656, 0.9144696505211527, 0.9151100987091876, 0.9096200980392157, 0.9224471568919321, 0.9261252446183953, 0.9147286821705426, 0.9200316706254948, 0.918784255107125, 0.9366061606160616, 0.9291117354657445, 0.9294013639808032, 0.9340754662425907, 0.9155350353068984, 0.9303847160429207, 0.9131352492287709, 0.9180096696212732, 0.9186027076717366, 0.9224967907573812, 0.9245857287791681, 0.9106466757534454, 0.9233321690534404, 0.9147869674185464, 0.9198981883515497, 0.9141390573961736]
val step Accs: [0.9239212148549091, 0.917616505554754, 0.9259565097715386, 0.9325429272281276, 0.9333923154701719, 0.9226636505019087, 0.9332937156440351, 0.9318775949561741, 0.9263716814159292, 0.9218622379526272, 0.9278040395358831, 0.9282675663781722, 0.9223430962343097, 0.9450772351380871, 0.9192688499619193, 0.9277138569284642]
Preds: [17, 17, 188, 30, 30, 278, 378, 251, 251, 241, 431, 431, 284, 284, 319, 319, 388, 348, 10, 10, 479, 331, 331, 106, 153, 153, 153, 182, 182, 182, 182, 387, 387, 387, 335, 335, 440, 188, 324, 301, 378, 43, 364, 276, 276, 346, 346, 284, 428, 428, 240, 240, 24, 35, 384, 34, 324, 324, 301, 339, 10, 10, 479, 331, 331, 84, 153, 153, 182, 182, 182, 182, 182, 182, 43, 43, 276, 276, 346, 346, 284, 284, 206, 206, 206, 167, 167, 35, 32, 239, 445, 445, 464, 464, 215, 416, 416, 416, 445, 445, 464, 171, 171, 171, 171, 301, 8, 8, 32, 239, 354, 420, 213, 213, 213, 213, 213, 246, 246, 246, 301, 301, 43, 43, 43, 345, 345, 109, 109, 286, 171, 171, 171, 171, 171, 246, 3, 3, 454, 129, 414, 226, 80, 20, 287, 284, 460, 460, 169, 349, 234, 234, 261, 25, 485, 420, 422, 416, 143, 458, 20, 144, 208, 441, 100, 100, 100, 100, 497, 497, 497, 497, 98, 13, 229, 229, 247, 312, 312, 126, 101, 373, 20, 20, 20, 20, 320, 7, 445, 482, 374, 374, 374, 132, 132, 132, 313, 24, 77, 34, 213, 213, 213, 324, 324, 3, 3, 335, 14, 20, 411, 145, 287, 284, 111, 85, 146, 146, 219, 219, 219, 219, 219, 324, 324, 301, 325, 325, 34, 374, 132, 132, 236, 236, 239, 239, 384, 371, 180, 180, 180, 486, 486, 85, 468, 468, 406, 406, 467, 499, 284, 284, 284, 405, 206, 206, 452, 263, 35, 197, 197, 7, 7, 217, 473, 473, 65, 278, 278, 236, 314, 239, 239, 239, 310, 107, 107, 107, 395, 395, 213, 213, 213, 213, 213, 246, 246, 246, 246, 246, 19, 19, 454, 17, 301, 240, 240, 240, 240, 240, 240, 240, 240, 240, 240, 240, 240, 240, 240, 240, 240, 240, 240, 240, 240, 240, 240, 240, 240, 240, 240, 240, 240, 240, 240, 240, 240, 240, 240, 240, 240, 240, 240, 240, 240, 240, 240, 240, 240, 240, 240, 240, 240, 240, 240, 240, 240, 240, 240, 240, 240, 240, 240, 240, 240, 240, 240, 240, 240, 240, 240, 240, 240, 240, 240, 240, 240, 240, 240, 240, 240, 240, 240, 240, 240, 240, 240, 240, 240, 240, 240, 240, 240, 240, 240, 240, 240, 240, 240, 240, 240, 240, 240, 240, 240, 240, 240, 240, 240, 240, 240, 240, 240, 240, 240, 240, 240, 240, 240, 240, 240, 240, 240, 240, 240, 240, 240, 240, 240, 240, 240, 240, 240, 240, 240, 240, 240, 240, 240, 240, 240, 240, 240, 240, 240, 240, 240, 240, 240, 240, 240, 240, 240, 240, 240, 240, 240, 240, 240, 240, 240, 240, 240, 240, 240, 240, 240, 240, 240, 240, 240, 240, 240, 240, 240, 240, 240, 240, 240, 240, 240, 240, 240, 240, 240, 240, 240, 240, 240, 240, 240, 240, 240, 240, 240, 240, 240, 240, 240, 240, 240, 240, 240, 240, 240, 240, 240, 240, 240, 240, 240, 240, 240, 240, 240, 240, 240, 240, 240, 240, 240, 240, 240, 240, 240, 240, 240, 240, 240, 240, 240, 240, 240, 240, 240, 240, 240, 240, 240, 240, 240, 240, 240, 240, 240, 240, 240, 240, 240, 240, 240, 240, 240, 240, 240, 240, 240, 240, 240, 240, 240, 240, 240, 240, 240, 240, 240, 240, 240, 240, 240, 240, 240, 240, 240, 240, 240, 240, 240, 240, 240, 240, 240, 240, 240, 240, 240, 240, 240, 240, 240, 240, 240, 240, 240, 240, 240, 240, 240, 240, 240, 240, 240, 240, 240, 240, 240, 240, 240, 240]

ep324
Train step Loss: [0.5033674836158752, 0.5212925672531128, 0.5093345046043396, 0.5160324573516846, 0.5397323369979858, 0.47680196166038513, 0.4948926270008087, 0.5509139895439148, 0.5468971133232117, 0.4819689691066742, 0.47665977478027344, 0.4788975417613983, 0.48451149463653564, 0.47748440504074097, 0.5231454968452454, 0.5095881223678589, 0.5626057982444763, 0.507477343082428, 0.5069270730018616, 0.5020261406898499, 0.47743526101112366, 0.45340290665626526, 0.5899791717529297, 0.5210468173027039, 0.5285826325416565, 0.5470602512359619, 0.5805113315582275, 0.46753570437431335, 0.5327489376068115, 0.47056394815444946, 0.5342257022857666, 0.5144982933998108, 0.5144383907318115, 0.5644567608833313, 0.48530200123786926, 0.4642923176288605, 0.4858839511871338, 0.5047828555107117, 0.4990157186985016, 0.48008084297180176, 0.5493374466896057, 0.4790754020214081, 0.4722578525543213, 0.4943971335887909, 0.5305485129356384, 0.5127426385879517, 0.5714471936225891, 0.5226901173591614, 0.45488953590393066, 0.5174325704574585, 0.4928703010082245, 0.45306119322776794, 0.5296161770820618, 0.49807462096214294, 0.5042024254798889, 0.5395249128341675, 0.5001270771026611, 0.5332977175712585, 0.5413049459457397, 0.536151111125946, 0.560881495475769, 0.49228793382644653, 0.5691576600074768]
val step Loss: [0.5099121928215027, 0.4859072268009186, 0.4513457715511322, 0.5156496167182922, 0.4666514992713928, 0.5161579847335815, 0.4685666263103485, 0.5509424805641174, 0.4958372116088867, 0.4754391610622406, 0.4424147307872772, 0.44275087118148804, 0.40801382064819336, 0.4386981427669525, 0.4643271267414093, 0.5439929366111755]
Train step Accs: [0.924880590534086, 0.9240636223704464, 0.9268543956043956, 0.9182910547396529, 0.915710643722116, 0.9259378521977137, 0.9311940298507463, 0.9140109372053554, 0.9186046511627907, 0.9293846153846154, 0.9290531048047205, 0.9305802249851983, 0.9294649061848506, 0.9316797861280262, 0.9204737732656514, 0.9208299208299209, 0.9107854070415804, 0.9202955510139915, 0.9261126564673157, 0.9199436222692037, 0.9321374174987308, 0.9319902843263324, 0.9043994519713807, 0.921410365335599, 0.920623671155209, 0.9134474327628361, 0.9091910607491344, 0.9310753598645216, 0.9171674516810134, 0.9309304780576082, 0.9096150585043242, 0.9185284730388039, 0.9196120335360841, 0.9067203099389063, 0.9301540124290733, 0.9311325225082925, 0.9260842237586424, 0.9216240524219452, 0.9295327385452896, 0.9316081330868762, 0.9148902322621699, 0.9357401969252029, 0.9297756369628597, 0.9229602669093115, 0.9201943095072866, 0.9216361382729652, 0.9150064497635086, 0.9213176309950504, 0.9332540760869565, 0.9203795379537953, 0.9220497412785845, 0.935113407981625, 0.915029622700343, 0.9212317114664852, 0.9295484630092661, 0.9128851115495523, 0.9269600883420098, 0.9245014245014245, 0.9148394398076107, 0.9138915318744053, 0.9106624055781523, 0.9241102581995813, 0.9085081585081585]
val step Accs: [0.9223209477652127, 0.922875131164743, 0.9367493995196157, 0.9174550939256821, 0.9318474067723961, 0.9173322124141796, 0.9296369265409513, 0.9100231080300404, 0.9239383362420012, 0.9243756104367239, 0.940104925677645, 0.9367914272402547, 0.9430700028113579, 0.9322450158913609, 0.9300352225424271, 0.9084468664850136]
Preds: [17, 287, 287, 111, 111, 111, 111, 468, 468, 468, 468, 337, 337, 337, 337, 324, 464, 464, 180, 315, 315, 315, 315, 315, 450, 450, 450, 293, 175, 293, 293, 293, 426, 426, 319, 319, 299, 299, 299, 299, 324, 324, 219, 219, 219, 219, 219, 152, 152, 152, 301, 301, 143, 129, 259, 354, 180, 145, 319, 319, 443, 330, 330, 388, 77, 77, 34, 34, 134, 134, 282, 282, 282, 282, 388, 225, 321, 7, 364, 364, 117, 465, 465, 465, 349, 29, 129, 259, 441, 441, 441, 441, 100, 387, 387, 387, 387, 122, 122, 285, 285, 34, 331, 106, 84, 496, 387, 387, 319, 319, 348, 348, 313, 76, 76, 259, 441, 411, 100, 100, 424, 497, 497, 43, 43, 144, 208, 208, 153, 153, 153, 153, 387, 387, 122, 88, 88, 468, 467, 467, 337, 337, 464, 464, 271, 271, 150, 282, 282, 271, 271, 150, 150, 342, 342, 68, 115, 115, 267, 267, 464, 464, 464, 464, 171, 330, 271, 349, 349, 234, 234, 261, 25, 106, 284, 284, 284, 405, 206, 206, 450, 293, 43, 43, 175, 276, 346, 346, 319, 428, 428, 428, 85, 146, 207, 358, 454, 454, 414, 414, 414, 244, 312, 187, 187, 1, 1, 187, 187, 201, 201, 201, 2, 101, 391, 391, 73, 321, 321, 321, 412, 83, 83, 55, 55, 55, 150, 150, 150, 31, 342, 342, 172, 172, 115, 273, 470, 403, 403, 171, 171, 171, 252, 252, 8, 280, 354, 286, 286, 264, 264, 264, 468, 468, 468, 468, 468, 468, 203, 203, 53, 94, 76, 76, 465, 144, 208, 208, 437, 437, 100, 100, 100, 375, 375, 375, 98, 98, 98, 98, 98, 414, 414, 414, 170, 170, 244, 80, 392, 244, 320, 320, 320, 451, 213, 213, 213, 213, 213, 246, 301, 301, 8, 354, 354, 180, 180, 355, 355, 355, 355, 355, 355, 452, 263, 263, 263, 263, 13, 414, 170, 170, 201, 201, 47, 392, 201, 201, 201, 73, 321, 321, 320, 320, 441, 100, 424, 424, 424, 43, 43, 43, 43, 43, 364, 208, 441, 153, 153, 387, 387, 387, 274, 122, 186, 310, 310, 338, 338, 338, 338, 436, 400, 400, 400, 213, 213, 19, 19, 454, 454, 414, 197, 80, 414, 321, 321, 412, 83, 83, 55, 55, 150, 150, 150, 271, 31, 342, 342, 342, 168, 115, 273, 267, 267, 464, 464, 464, 464, 171, 171, 240, 252, 314, 349, 234, 261, 25, 106, 106, 284, 284, 284, 206, 206, 293, 293, 175, 175, 109, 346, 428, 428, 428, 85, 146, 207, 207, 19, 454, 454, 229, 414, 170, 170, 170, 47, 392, 392, 392, 392, 392, 392, 392, 392, 392, 392, 244, 320, 320, 320, 7, 451, 188, 188, 188, 434, 434, 434, 434, 339, 195, 195, 195, 250, 195, 381, 381, 10, 76, 310, 310, 338, 338, 338, 395, 400, 444, 444, 278, 360, 434, 434, 434, 339, 339, 195, 195, 250, 250, 94, 324, 94, 76, 76, 259, 75, 371, 371, 371, 351, 213, 213, 213, 324, 464, 464, 464, 464, 330, 330, 330, 399, 53, 473, 473, 65, 290, 290, 171, 171, 171, 252, 143, 143, 35, 36, 310, 108, 108, 371, 371, 395, 485, 286, 286, 464, 264, 264, 264, 264, 120, 120, 120, 282, 282, 282, 413, 413, 203, 381, 303, 303, 303, 48, 48, 250, 276, 276, 174, 174, 174, 426, 282, 282, 175, 452, 263, 263, 263, 48, 48, 417, 170, 170, 170, 392, 392, 392, 392, 63, 63, 63, 408, 73, 321, 320, 320, 7, 7, 7, 309, 309, 398, 398, 360, 360, 213, 246, 246]

ep325
Train step Loss: [0.48683735728263855, 0.5139980912208557, 0.4981514513492584, 0.48399266600608826, 0.5193951725959778, 0.5275846123695374, 0.49782735109329224, 0.5037916302680969, 0.49445870518684387, 0.528276264667511, 0.5270190834999084, 0.5251685380935669, 0.490791916847229, 0.5085853338241577, 0.5386176109313965, 0.521105170249939, 0.4385889172554016, 0.5017439126968384, 0.5011744499206543, 0.4796358048915863, 0.4677823483943939, 0.5168944001197815, 0.531545102596283, 0.4979785680770874, 0.5030022263526917, 0.48773249983787537, 0.47362977266311646, 0.5438375473022461, 0.5234003663063049, 0.5096393823623657, 0.5904127359390259, 0.512456476688385, 0.4717003107070923, 0.47694486379623413, 0.5070102214813232, 0.5321661829948425, 0.5250391364097595, 0.5069224238395691, 0.5012924075126648, 0.4907664954662323, 0.5000669360160828, 0.5278962850570679, 0.5576783418655396, 0.4959089457988739, 0.513788104057312, 0.5362623333930969, 0.5292870402336121, 0.5312241315841675, 0.4879193902015686, 0.5268198847770691, 0.4735678434371948, 0.4804823696613312, 0.5030387043952942, 0.5053102970123291, 0.4845021963119507, 0.5215343236923218, 0.49124467372894287, 0.4953286945819855, 0.48894351720809937, 0.5011593103408813, 0.48906442523002625, 0.5415021777153015, 0.49636441469192505]
val step Loss: [0.474351704120636, 0.5013236403465271, 0.4302476644515991, 0.42704397439956665, 0.5051950812339783, 0.5057367086410522, 0.46916893124580383, 0.4681040942668915, 0.48854872584342957, 0.45602449774742126, 0.4376397430896759, 0.48594990372657776, 0.5196833610534668, 0.4450400471687317, 0.4757867753505707, 0.5054414868354797]
Train step Accs: [0.9258213552361396, 0.917094644167278, 0.9250923158079831, 0.928999455238787, 0.9180597423951767, 0.9139607713861876, 0.9251012145748988, 0.9215559157212317, 0.9273273273273274, 0.9152570208572837, 0.9220318048479235, 0.9192439862542955, 0.9225048341514205, 0.9239974126778784, 0.9105081696897017, 0.9173064619321817, 0.9421364985163204, 0.9223356824392349, 0.9283154121863799, 0.92660406885759, 0.9367252810608244, 0.9239870921477232, 0.9182034503271862, 0.9235031761048791, 0.9240450753695302, 0.9254848068407391, 0.9345095693779905, 0.9141048824593129, 0.9196237002805744, 0.9209099126242845, 0.9074317658664913, 0.9194454194454195, 0.9288811795316565, 0.927606962746055, 0.9231812786162455, 0.910309563294638, 0.9170514004309018, 0.9205658324265505, 0.9171048561707392, 0.925198386886952, 0.9234307359307359, 0.9199708985085485, 0.9117556309780932, 0.9295002349992166, 0.92656832549846, 0.9194954842728122, 0.916481259626904, 0.9221510082851336, 0.9274396564489856, 0.9125550326400486, 0.9284576163161249, 0.9254639014501793, 0.9261949731221851, 0.9235530277684845, 0.9244048700708705, 0.923175598631699, 0.9254195993502978, 0.9259013785790032, 0.9251679425089829, 0.9208891794704152, 0.9281759458628115, 0.9164095371669004, 0.9310850439882697]
val step Accs: [0.9278902459427807, 0.9209321120689655, 0.9395356336665591, 0.9391619100654323, 0.9240217582031935, 0.9181679389312977, 0.9275224367691053, 0.9303962460896767, 0.9245917985790851, 0.9303971119133574, 0.9332135858915741, 0.9245837414299706, 0.9146323199041486, 0.9371882793017456, 0.9276295614842073, 0.9167254763585039]
Preds: [17, 17, 83, 55, 443, 240, 314, 314, 32, 239, 354, 473, 473, 264, 264, 264, 468, 468, 468, 196, 53, 134, 399, 399, 217, 217, 473, 473, 476, 476, 171, 360, 360, 252, 422, 186, 338, 338, 107, 395, 395, 273, 470, 443, 443, 443, 443, 271, 271, 150, 150, 54, 54, 172, 172, 115, 273, 273, 106, 106, 139, 302, 497, 497, 497, 35, 458, 208, 441, 437, 406, 319, 348, 348, 76, 310, 107, 395, 395, 395, 374, 374, 374, 374, 106, 106, 496, 496, 497, 274, 122, 35, 196, 196, 196, 196, 195, 195, 195, 195, 195, 195, 117, 117, 197, 197, 219, 451, 213, 213, 324, 422, 143, 239, 196, 196, 309, 398, 398, 398, 464, 264, 403, 403, 403, 264, 171, 178, 143, 143, 458, 144, 27, 437, 437, 284, 486, 319, 319, 330, 388, 388, 94, 195, 250, 122, 302, 375, 98, 98, 98, 229, 229, 229, 312, 312, 312, 1, 23, 23, 23, 23, 391, 391, 321, 321, 412, 287, 287, 287, 287, 111, 111, 111, 85, 85, 146, 285, 285, 285, 285, 34, 152, 374, 378, 88, 88, 109, 431, 319, 319, 428, 428, 428, 146, 146, 146, 146, 358, 301, 378, 43, 276, 276, 276, 276, 153, 153, 153, 399, 399, 381, 381, 138, 381, 381, 138, 195, 303, 303, 303, 117, 48, 48, 48, 414, 321, 75, 127, 479, 351, 331, 494, 290, 290, 330, 434, 434, 339, 76, 310, 99, 338, 338, 338, 395, 395, 395, 374, 374, 374, 374, 286, 464, 464, 464, 355, 355, 355, 355, 355, 452, 263, 263, 414, 414, 170, 244, 244, 244, 47, 244, 73, 244, 321, 320, 287, 287, 287, 481, 481, 481, 481, 34, 441, 441, 441, 441, 441, 426, 426, 426, 426, 319, 348, 348, 199, 199, 355, 355, 355, 355, 355, 355, 355, 17, 240, 240, 240, 240, 240, 240, 240, 240, 240, 240, 240, 240, 240, 240, 240, 240, 240, 240, 240, 240, 240, 240, 240, 240, 240, 240, 240, 240, 240, 240, 240, 240, 240, 240, 240, 240, 240, 240, 240, 240, 240, 240, 240, 240, 240, 240, 240, 240, 240, 240, 240, 240, 240, 240, 240, 240, 240, 240, 240, 240, 240, 240, 240, 240, 240, 240, 240, 240, 240, 240, 240, 240, 240, 240, 240, 240, 240, 240, 240, 240, 240, 240, 240, 240, 240, 240, 240, 240, 240, 240, 240, 240, 240, 240, 240, 240, 240, 240, 240, 240, 240, 240, 240, 240, 240, 240, 240, 240, 240, 240, 240, 240, 240, 240, 240, 240, 240, 240, 240, 240, 240, 240, 240, 240, 240, 240, 240, 240, 240, 240, 240, 240, 240, 240, 240, 240, 240, 240, 240, 240, 240, 240, 240, 240, 240, 240, 240, 240, 240, 240, 240, 240, 240, 240, 240, 240, 240, 240, 240, 240, 240, 240, 240, 240, 240, 240, 240, 240, 240, 240, 240, 240, 240, 240, 240, 240, 240, 240, 240, 240, 240, 240, 240, 240, 240, 240, 240, 240, 240, 240, 240, 240, 240, 240, 240, 240, 240, 240, 240, 240, 240, 240, 240, 240, 240, 240, 240, 240, 240, 240, 240, 240, 240, 240, 240, 240, 240, 240, 240, 240, 240, 240, 240, 240, 240, 240, 240, 240, 240, 240, 240, 240, 240, 240, 240, 240, 240, 240, 240, 240, 240, 240, 240, 240, 240, 240, 240, 240, 240, 240, 240, 240, 240, 240, 240, 240, 240, 240, 240, 240, 240, 240, 240, 240, 240, 240, 240, 240, 240, 240, 240, 240, 240, 240, 240, 240, 240, 240, 240, 240, 240, 240, 240, 240, 240, 240, 240, 240, 240, 240, 240, 240, 240, 240]

ep326
Train step Loss: [0.5042944550514221, 0.5102193355560303, 0.5429936647415161, 0.5249518156051636, 0.49302345514297485, 0.4985083341598511, 0.5227787494659424, 0.5012947916984558, 0.504143238067627, 0.4902726411819458, 0.5230536460876465, 0.5022897124290466, 0.5574245452880859, 0.5078559517860413, 0.48964744806289673, 0.4622870683670044, 0.5025177597999573, 0.539504885673523, 0.4472423195838928, 0.5391143560409546, 0.485402911901474, 0.5692400336265564, 0.47671177983283997, 0.4829237759113312, 0.4550464451313019, 0.5043081641197205, 0.4475013315677643, 0.5386179685592651, 0.5290696620941162, 0.4951052963733673, 0.4739251136779785, 0.5123405456542969, 0.5481660962104797, 0.4383992552757263, 0.5537015199661255, 0.5381439924240112, 0.48675718903541565, 0.5103915929794312, 0.47390714287757874, 0.4717775881290436, 0.5005156993865967, 0.4529930055141449, 0.4937608540058136, 0.47641521692276, 0.4605441093444824, 0.4667133688926697, 0.5330933332443237, 0.47856560349464417, 0.5215102434158325, 0.49837732315063477, 0.4964367151260376, 0.46547773480415344, 0.5173110365867615, 0.45745590329170227, 0.5715699791908264, 0.5045331120491028, 0.47765815258026123, 0.5407628417015076, 0.5253494381904602, 0.5342468023300171, 0.4511782228946686, 0.506004810333252, 0.5254092216491699]
val step Loss: [0.4156290292739868, 0.44223615527153015, 0.47830262780189514, 0.5183560848236084, 0.4605657458305359, 0.45071402192115784, 0.44813215732574463, 0.4829348921775818, 0.4676227569580078, 0.46737948060035706, 0.439304918050766, 0.5314611196517944, 0.4372062385082245, 0.49331721663475037, 0.5124335885047913, 0.47086942195892334]
Train step Accs: [0.9215078328981723, 0.9199478865083961, 0.9086113002042205, 0.922335297268345, 0.923581560283688, 0.926640340218712, 0.9161152199299338, 0.9283436818258097, 0.9218565400843882, 0.9268033005057227, 0.9172346640701071, 0.9203655352480418, 0.9137318733353063, 0.9244935543278084, 0.9236389684813754, 0.9279542920847269, 0.9185288640595903, 0.9171134618171279, 0.9331886529220276, 0.913969571230982, 0.9280641767490795, 0.9077630067290333, 0.930905543814014, 0.9271145343032378, 0.9321503131524008, 0.9318616629874908, 0.9344262295081968, 0.9187376124409209, 0.9124579124579124, 0.9273504273504274, 0.9319880418535127, 0.922258064516129, 0.9072356215213359, 0.9376475489515345, 0.9110438292964245, 0.916960173394744, 0.927322247706422, 0.9269073966220152, 0.9296730413325108, 0.9285254346426272, 0.9279099586835732, 0.931133187405287, 0.9236589877249033, 0.9319371727748691, 0.930597992143169, 0.9360640672180649, 0.9279961340206185, 0.9299558882502339, 0.9209716045159083, 0.9145063430777717, 0.929486085026464, 0.932648746602235, 0.9192641798671436, 0.9268076034819683, 0.9100675260896255, 0.9219526454253142, 0.9327976625273923, 0.9088015279325163, 0.9179723502304148, 0.9150220913107511, 0.9342876618950239, 0.9255768605784855, 0.9233844103930713]
val step Accs: [0.937482158150157, 0.9336720293536551, 0.9264594389689158, 0.9181755355908777, 0.9363255373800189, 0.9309444363847381, 0.9332703808624488, 0.9267162712340306, 0.9309828478083311, 0.9305013927576602, 0.9308352849336455, 0.9131656238028348, 0.9373698304076168, 0.9235392320534224, 0.9160438032330958, 0.9250773993808049]
Preds: [17, 17, 287, 111, 111, 111, 146, 438, 438, 219, 219, 219, 152, 152, 106, 106, 88, 346, 346, 346, 284, 284, 284, 284, 206, 206, 206, 293, 293, 293, 293, 182, 182, 182, 375, 387, 387, 387, 387, 413, 313, 34, 351, 110, 145, 145, 486, 486, 460, 460, 460, 167, 35, 35, 114, 180, 145, 145, 376, 376, 376, 460, 460, 460, 169, 35, 164, 164, 449, 219, 485, 152, 152, 374, 374, 132, 274, 186, 186, 54, 54, 54, 224, 106, 106, 29, 29, 29, 348, 348, 348, 348, 122, 195, 250, 250, 250, 76, 76, 259, 259, 441, 441, 441, 153, 153, 153, 153, 387, 122, 406, 88, 387, 242, 42, 313, 236, 116, 77, 398, 324, 324, 324, 301, 301, 301, 250, 174, 81, 65, 65, 319, 428, 428, 428, 428, 146, 146, 146, 219, 219, 219, 464, 464, 464, 84, 139, 134, 280, 43, 43, 276, 100, 100, 100, 497, 497, 122, 122, 259, 75, 219, 219, 219, 219, 213, 213, 213, 422, 236, 310, 310, 384, 107, 107, 338, 400, 400, 213, 213, 213, 213, 213, 246, 246, 246, 19, 454, 229, 414, 414, 126, 126, 408, 408, 80, 321, 320, 83, 188, 188, 443, 443, 443, 240, 240, 216, 77, 324, 464, 464, 464, 464, 171, 171, 301, 236, 314, 239, 183, 219, 213, 213, 213, 213, 213, 213, 213, 213, 213, 246, 246, 246, 246, 246, 246, 246, 246, 246, 19, 454, 48, 414, 414, 414, 414, 170, 170, 392, 392, 392, 392, 392, 392, 392, 392, 63, 63, 63, 63, 73, 73, 321, 321, 321, 320, 188, 188, 188, 171, 171, 171, 171, 171, 252, 252, 143, 143, 164, 280, 107, 180, 84, 84, 496, 496, 240, 216, 8, 239, 420, 420, 213, 213, 219, 219, 219, 152, 374, 374, 374, 132, 132, 132, 88, 346, 346, 162, 162, 99, 99, 54, 436, 400, 400, 30, 324, 301, 325, 479, 331, 331, 180, 315, 315, 315, 450, 450, 203, 203, 53, 65, 65, 444, 138, 426, 426, 426, 496, 406, 406, 406, 467, 467, 426, 100, 375, 375, 98, 98, 98, 98, 13, 414, 414, 414, 170, 170, 47, 47, 392, 392, 392, 392, 392, 73, 392, 321, 320, 320, 320, 441, 276, 153, 153, 153, 182, 182, 182, 497, 43, 8, 196, 473, 473, 65, 175, 81, 54, 164, 164, 132, 132, 76, 195, 381, 381, 381, 117, 117, 17, 169, 240, 240, 240, 240, 240, 240, 240, 240, 240, 240, 240, 240, 240, 240, 240, 240, 240, 240, 240, 240, 240, 240, 240, 240, 240, 240, 240, 240, 240, 240, 240, 240, 240, 240, 240, 240, 240, 240, 240, 240, 240, 240, 240, 240, 240, 240, 240, 240, 240, 240, 240, 240, 240, 240, 240, 240, 240, 240, 240, 240, 240, 240, 240, 240, 240, 240, 240, 240, 240, 240, 240, 240, 240, 240, 240, 240, 240, 240, 240, 240, 240, 240, 240, 240, 240, 240, 240, 240, 240, 240, 240, 240, 240, 240, 240, 240, 240, 240, 240, 240, 240, 240, 240, 240, 240, 240, 240, 240, 240, 240, 240, 240, 240, 240, 240, 240, 240, 240, 240, 240, 240, 240, 240, 240, 240, 240, 240, 240, 240, 240, 240, 240, 240, 240, 240, 240, 240, 240, 240, 240, 240, 240, 240, 240, 240, 240, 240, 240, 240, 240, 240, 240, 240, 240, 240, 240, 240, 240, 240, 240, 240, 240, 240, 240, 240, 240, 240, 240, 240, 240, 240, 240, 240, 240, 240, 240, 240, 240, 240, 240, 240, 240, 240, 240, 240, 240, 240, 240, 240, 240, 240, 240, 240, 240, 240, 240, 240, 240]

ep327
Train step Loss: [0.5564931035041809, 0.4894842207431793, 0.5130859613418579, 0.49428096413612366, 0.506422758102417, 0.4845173954963684, 0.4986506700515747, 0.5137954354286194, 0.5200559496879578, 0.48699867725372314, 0.492221862077713, 0.4899486005306244, 0.526839017868042, 0.5036965608596802, 0.5271173119544983, 0.5173835158348083, 0.5163004994392395, 0.45162108540534973, 0.49945592880249023, 0.5096497535705566, 0.5290636420249939, 0.5226856470108032, 0.5020576119422913, 0.5043756365776062, 0.4856138825416565, 0.5150396823883057, 0.43491408228874207, 0.5191741585731506, 0.46052923798561096, 0.43851494789123535, 0.5499777793884277, 0.4867095351219177, 0.48278892040252686, 0.477512001991272, 0.4821854531764984, 0.48690882325172424, 0.5386539101600647, 0.5308663249015808, 0.5207886695861816, 0.5079734921455383, 0.529552161693573, 0.46798059344291687, 0.48775434494018555, 0.47512900829315186, 0.5318472385406494, 0.48577263951301575, 0.45402979850769043, 0.5368929505348206, 0.47960299253463745, 0.4945259988307953, 0.4920535385608673, 0.4528501033782959, 0.4857463240623474, 0.4913511276245117, 0.5024495124816895, 0.4805402159690857, 0.5634233355522156, 0.48164623975753784, 0.4646199345588684, 0.4503125846385956, 0.47696447372436523, 0.48814669251441956, 0.4447043240070343]
val step Loss: [0.4369255006313324, 0.486969530582428, 0.43094098567962646, 0.44354578852653503, 0.4659617841243744, 0.48265913128852844, 0.46065133810043335, 0.474124938249588, 0.4509170949459076, 0.5034452080726624, 0.4408259689807892, 0.4914138913154602, 0.42759257555007935, 0.4685326814651489, 0.5067307353019714, 0.4329892694950104]
Train step Accs: [0.9114783121864857, 0.9251336898395722, 0.9197411003236245, 0.9273333333333333, 0.9270852858481724, 0.92930733872246, 0.9249322493224932, 0.9183587140439933, 0.9177892918825561, 0.9281268524007114, 0.9292193067703272, 0.9288764783180026, 0.9152069446597427, 0.9196183082645965, 0.9164234544972141, 0.9210180623973727, 0.9208663057059558, 0.9380860452289024, 0.9207238949391415, 0.9261897544710518, 0.922465793732529, 0.9168847160227798, 0.9193958215697347, 0.9237612920886942, 0.9259729944400318, 0.9195128779395296, 0.9401228918812917, 0.9195762458967472, 0.9349678576767828, 0.9335142469470827, 0.917574931880109, 0.9267973856209151, 0.9274766945805024, 0.9307284768211921, 0.9261549029709771, 0.9266988391809052, 0.9085881087724689, 0.9164552948636652, 0.915955934612651, 0.9196613959431401, 0.916000680156436, 0.9264255058246474, 0.9320617620345141, 0.9289492494639028, 0.9223137716495712, 0.9276413139982244, 0.9357727342905666, 0.9115498212342609, 0.9261218222146391, 0.9224447101016139, 0.9293785310734464, 0.9333236490412551, 0.9259794476557482, 0.9272042673360528, 0.9237546051577767, 0.925763553996785, 0.91280353200883, 0.925140562248996, 0.9307387862796834, 0.9360128617363344, 0.9252793296089385, 0.925030599755202, 0.9364881693648817]
val step Accs: [0.9390429747028345, 0.9213127718465797, 0.9381243063263041, 0.9414885777450258, 0.929959260419931, 0.9250757903854483, 0.9274825473714204, 0.9272094430992736, 0.9319917743830788, 0.9265395894428152, 0.934965344344492, 0.9249296215201752, 0.9364662235275931, 0.928660242461921, 0.9185007336267841, 0.9391979301423027]
Preds: [17, 17, 287, 481, 293, 215, 35, 458, 208, 441, 441, 64, 387, 387, 240, 240, 219, 34, 34, 152, 301, 301, 285, 199, 331, 84, 84, 496, 496, 274, 215, 8, 32, 239, 354, 354, 100, 100, 153, 481, 481, 481, 481, 481, 387, 387, 387, 98, 98, 263, 13, 82, 80, 244, 320, 320, 354, 346, 374, 374, 374, 313, 313, 285, 34, 34, 242, 242, 236, 116, 94, 94, 94, 398, 324, 324, 324, 434, 339, 10, 10, 10, 398, 398, 374, 132, 132, 132, 132, 132, 132, 132, 132, 132, 132, 132, 197, 197, 197, 226, 80, 80, 80, 244, 209, 287, 297, 481, 387, 387, 122, 8, 239, 144, 27, 106, 106, 481, 426, 426, 387, 348, 348, 348, 250, 250, 364, 364, 364, 364, 381, 381, 381, 381, 381, 381, 48, 48, 170, 244, 392, 392, 392, 392, 63, 63, 63, 63, 73, 73, 73, 209, 188, 188, 188, 171, 171, 171, 171, 3, 3, 335, 14, 14, 321, 209, 411, 188, 145, 145, 264, 120, 120, 120, 120, 207, 37, 37, 358, 19, 19, 454, 417, 170, 170, 170, 392, 392, 392, 392, 392, 392, 392, 392, 392, 63, 63, 244, 73, 73, 244, 320, 219, 152, 152, 152, 378, 43, 43, 364, 276, 276, 276, 276, 346, 182, 182, 182, 182, 182, 182, 182, 182, 182, 387, 98, 335, 14, 80, 321, 209, 287, 287, 284, 111, 460, 460, 438, 178, 35, 219, 219, 219, 464, 464, 139, 84, 496, 43, 43, 43, 364, 364, 364, 276, 276, 345, 274, 122, 122, 236, 129, 36, 323, 395, 395, 219, 219, 464, 464, 180, 486, 460, 460, 240, 167, 35, 35, 401, 321, 354, 354, 286, 286, 286, 286, 468, 468, 406, 406, 337, 337, 324, 324, 324, 301, 422, 349, 349, 155, 155, 155, 25, 148, 153, 153, 153, 153, 387, 387, 413, 413, 117, 48, 48, 414, 170, 47, 47, 392, 392, 392, 73, 244, 321, 32, 32, 239, 384, 107, 395, 395, 482, 403, 171, 171, 171, 171, 246, 246, 246, 252, 32, 32, 32, 239, 354, 354, 180, 180, 486, 376, 376, 376, 460, 460, 167, 167, 35, 35, 401, 164, 164, 219, 485, 213, 213, 324, 324, 324, 422, 314, 239, 239, 36, 54, 232, 26, 26, 251, 251, 241, 431, 431, 431, 486, 376, 376, 376, 376, 376, 206, 206, 206, 452, 263, 17, 17, 169, 240, 240, 240, 240, 240, 240, 240, 240, 240, 240, 240, 240, 240, 240, 240, 240, 240, 240, 240, 240, 240, 240, 240, 240, 240, 240, 240, 240, 240, 240, 240, 240, 240, 240, 240, 240, 240, 240, 240, 240, 240, 240, 240, 240, 240, 240, 240, 240, 240, 240, 240, 240, 240, 240, 240, 240, 240, 240, 240, 240, 240, 240, 240, 240, 240, 240, 240, 240, 240, 240, 240, 240, 240, 240, 240, 240, 240, 240, 240, 240, 240, 240, 240, 240, 240, 240, 240, 240, 240, 240, 240, 240, 240, 240, 240, 240, 240, 240, 240, 240, 240, 240, 240, 240, 240, 240, 240, 240, 240, 240, 240, 240, 240, 240, 240, 240, 240, 240, 240, 240, 240, 240, 240, 240, 240, 240, 240, 240, 240, 240, 240, 240, 240, 240, 240, 240, 240, 240, 240, 240, 240, 240, 240, 240, 240, 240, 240, 240, 240, 240, 240, 240, 240, 240, 240, 240, 240, 240, 240, 240, 240, 240, 240, 240, 240, 240, 240, 240, 240, 240, 240, 240, 240, 240, 240, 240, 240, 240, 240, 240, 240, 240, 240, 240, 240, 240, 240, 240, 240, 240, 240, 240, 240, 240, 240, 240, 240, 240, 240, 240, 240]

ep328
Train step Loss: [0.42207011580467224, 0.4670896530151367, 0.4855773448944092, 0.47568681836128235, 0.49697574973106384, 0.5166921019554138, 0.4582263231277466, 0.46449124813079834, 0.5709068775177002, 0.4798484444618225, 0.4894888997077942, 0.5298328399658203, 0.4901130497455597, 0.47711923718452454, 0.4639293849468231, 0.4611899256706238, 0.5434531569480896, 0.5263921022415161, 0.4849514663219452, 0.5368685126304626, 0.4687405228614807, 0.48523393273353577, 0.45454588532447815, 0.48951786756515503, 0.47905194759368896, 0.4940243661403656, 0.5302647948265076, 0.5219424962997437, 0.4758113622665405, 0.4718402922153473, 0.4880407750606537, 0.46433505415916443, 0.5074204206466675, 0.5228272080421448, 0.46803537011146545, 0.4625784158706665, 0.459623247385025, 0.5248062014579773, 0.5080187320709229, 0.5118345022201538, 0.5000024437904358, 0.48590630292892456, 0.4839403033256531, 0.5304723381996155, 0.516796350479126, 0.4812944531440735, 0.47868579626083374, 0.5098352432250977, 0.5400277972221375, 0.47206732630729675, 0.5401486754417419, 0.4809476137161255, 0.4764408767223358, 0.49270784854888916, 0.513399600982666, 0.5035870671272278, 0.45498695969581604, 0.5076465010643005, 0.4780777394771576, 0.5188508033752441, 0.4914283752441406, 0.49563390016555786, 0.3767581582069397]
val step Loss: [0.46784093976020813, 0.4218277633190155, 0.43123915791511536, 0.47417834401130676, 0.4980989694595337, 0.4247545301914215, 0.40938547253608704, 0.47984200716018677, 0.4582147002220154, 0.47872596979141235, 0.4354899525642395, 0.47252222895622253, 0.4815656244754791, 0.4902653098106384, 0.4681394696235657, 0.4504202604293823]
Train step Accs: [0.9430318188133945, 0.9367985823981099, 0.9193882427911423, 0.9289032258064516, 0.9235119849178561, 0.9188664596273292, 0.9368616527390901, 0.928843537414966, 0.9097404491105279, 0.9292834051724138, 0.9221482098251457, 0.9152420370703617, 0.9190025795356835, 0.9287501840129545, 0.9328275862068965, 0.9312672598956735, 0.9106736088512853, 0.9169637551990493, 0.9297468354430379, 0.9119358389683913, 0.9299051570835803, 0.9285615395265125, 0.9329853510692036, 0.9265609372767538, 0.9285271317829458, 0.9281301223048796, 0.9202325205877604, 0.9151677852348993, 0.9319649064724383, 0.9278383072793305, 0.9261413201512068, 0.9319066147859922, 0.9194678872836504, 0.9164862914862915, 0.9300973923971096, 0.9258663547302237, 0.9256736748593426, 0.9165977163660434, 0.9262229350441058, 0.9232456140350878, 0.9267000294377392, 0.934703923555813, 0.9315878378378378, 0.9101348888078746, 0.9217566885411408, 0.9240738132131286, 0.9291174426685198, 0.921056232042687, 0.9194685911103821, 0.9260513688964155, 0.910631430300585, 0.9309439209022092, 0.926464856437573, 0.9250706880301602, 0.9208916677993747, 0.9245045045045045, 0.931260945709282, 0.924394844388557, 0.9292590431738623, 0.919549477071601, 0.9222602123447904, 0.9266381766381766, 0.9503008108815066]
val step Accs: [0.9280597469897881, 0.9385257301808066, 0.9378873239436619, 0.927143684820394, 0.9161947904869762, 0.9391232650817645, 0.9441736122031766, 0.9235446313065977, 0.9325860688550841, 0.929553264604811, 0.9419903317219537, 0.9266178448662382, 0.9287177985948478, 0.9201981287837094, 0.9283779207585506, 0.931572109138155]
Preds: [17, 17, 287, 145, 111, 460, 460, 169, 150, 150, 164, 164, 164, 482, 224, 400, 400, 267, 267, 213, 246, 246, 246, 246, 246, 246, 3, 3, 14, 226, 226, 209, 287, 145, 111, 240, 240, 314, 32, 32, 239, 354, 420, 420, 420, 324, 324, 219, 219, 464, 464, 464, 84, 84, 274, 43, 43, 43, 364, 276, 276, 276, 276, 153, 153, 153, 182, 182, 182, 497, 497, 122, 122, 14, 226, 321, 411, 411, 145, 284, 284, 284, 405, 206, 206, 206, 215, 215, 35, 401, 321, 354, 345, 100, 100, 153, 153, 182, 182, 98, 98, 197, 197, 197, 197, 7, 7, 241, 374, 374, 374, 132, 374, 313, 34, 324, 324, 464, 464, 180, 315, 113, 450, 450, 293, 43, 43, 43, 364, 276, 276, 345, 345, 109, 109, 132, 335, 335, 129, 244, 188, 188, 360, 324, 340, 236, 116, 116, 10, 10, 219, 219, 219, 219, 219, 219, 219, 477, 477, 374, 106, 88, 387, 387, 387, 387, 98, 98, 14, 80, 127, 127, 287, 287, 284, 284, 284, 206, 206, 206, 215, 215, 35, 401, 32, 354, 354, 276, 100, 153, 153, 153, 182, 182, 375, 98, 98, 13, 170, 392, 392, 392, 392, 392, 392, 244, 244, 392, 392, 244, 73, 244, 321, 287, 287, 284, 284, 460, 460, 169, 35, 35, 36, 310, 449, 107, 30, 30, 464, 464, 180, 315, 450, 450, 450, 293, 43, 250, 276, 276, 276, 174, 174, 174, 319, 355, 196, 77, 8, 467, 109, 109, 443, 443, 438, 240, 24, 77, 371, 180, 443, 443, 443, 240, 240, 24, 24, 34, 34, 324, 324, 116, 116, 10, 10, 309, 398, 398, 213, 213, 213, 213, 213, 246, 246, 3, 3, 454, 226, 226, 80, 80, 209, 209, 287, 287, 284, 460, 215, 35, 35, 75, 208, 441, 100, 153, 497, 43, 129, 129, 259, 259, 354, 354, 100, 100, 153, 387, 375, 98, 98, 17, 169, 240, 240, 240, 240, 240, 240, 240, 240, 240, 240, 240, 240, 240, 240, 240, 240, 240, 240, 240, 240, 240, 240, 240, 240, 240, 240, 240, 240, 240, 240, 240, 240, 240, 240, 240, 240, 240, 240, 240, 240, 240, 240, 240, 240, 240, 240, 240, 240, 240, 240, 240, 240, 240, 240, 240, 240, 240, 240, 240, 240, 240, 240, 240, 240, 240, 240, 240, 240, 240, 240, 240, 240, 240, 240, 240, 240, 240, 240, 240, 240, 240, 240, 240, 240, 240, 240, 240, 240, 240, 240, 240, 240, 240, 240, 240, 240, 240, 240, 240, 240, 240, 240, 240, 240, 240, 240, 240, 240, 240, 240, 240, 240, 240, 240, 240, 240, 240, 240, 240, 240, 240, 240, 240, 240, 240, 240, 240, 240, 240, 240, 240, 240, 240, 240, 240, 240, 240, 240, 240, 240, 240, 240, 240, 240, 240, 240, 240, 240, 240, 240, 240, 240, 240, 240, 240, 240, 240, 240, 240, 240, 240, 240, 240, 240, 240, 240, 240, 240, 240, 240, 240, 240, 240, 240, 240, 240, 240, 240, 240, 240, 240, 240, 240, 240, 240, 240, 240, 240, 240, 240, 240, 240, 240, 240, 240, 240, 240, 240, 240, 240, 240, 240, 240, 240, 240, 240, 240, 240, 240, 240, 240, 240, 240, 240, 240, 240, 240, 240, 240, 240, 240, 240, 240, 240, 240, 240, 240, 240, 240, 240, 240, 240, 240, 240, 240, 240, 240, 240, 240, 240, 240, 240, 240, 240, 240, 240, 240, 240, 240, 240, 240, 240, 240, 240, 240, 240, 240, 240, 240, 240, 240, 240, 240, 240, 240, 240, 240, 240, 240, 240, 240, 240, 240, 240, 240, 240, 240]

ep329
Train step Loss: [0.4496549069881439, 0.5130332112312317, 0.4511532783508301, 0.5205808281898499, 0.531954288482666, 0.49629712104797363, 0.521554708480835, 0.4974765479564667, 0.461063951253891, 0.47796860337257385, 0.48504161834716797, 0.495256632566452, 0.4704814553260803, 0.5408652424812317, 0.5389919877052307, 0.4293592572212219, 0.42343226075172424, 0.5109164714813232, 0.5676146149635315, 0.5191212296485901, 0.43993669748306274, 0.4851652681827545, 0.5037263035774231, 0.4492073357105255, 0.4667283892631531, 0.47546231746673584, 0.4356943964958191, 0.4956226646900177, 0.47618046402931213, 0.5156795978546143, 0.5066977143287659, 0.4734116196632385, 0.4994184970855713, 0.5026864409446716, 0.5191319584846497, 0.45886489748954773, 0.4909081757068634, 0.49891743063926697, 0.5085185170173645, 0.4441797435283661, 0.44195008277893066, 0.5083335041999817, 0.4835272431373596, 0.46804192662239075, 0.4758279323577881, 0.4929393529891968, 0.46579763293266296, 0.5213738083839417, 0.4615143835544586, 0.5135960578918457, 0.44211164116859436, 0.4546148478984833, 0.5050223469734192, 0.5117672681808472, 0.4647216498851776, 0.4878453016281128, 0.4618878662586212, 0.5550246834754944, 0.5046570897102356, 0.4978712201118469, 0.5181936025619507, 0.4731559753417969, 0.46983954310417175]
val step Loss: [0.4599805772304535, 0.42211103439331055, 0.4358372092247009, 0.42583760619163513, 0.4514293670654297, 0.4830339848995209, 0.44018444418907166, 0.4392998516559601, 0.4699535667896271, 0.44294974207878113, 0.5031036734580994, 0.47136732935905457, 0.42129239439964294, 0.49497735500335693, 0.4684803783893585, 0.45552414655685425]
Train step Accs: [0.9314489928525016, 0.9182535102904404, 0.9394701790735533, 0.9204024002823862, 0.9117427075542259, 0.9230525649145028, 0.9180531799098118, 0.9252336448598131, 0.9328274311410905, 0.9225003986605007, 0.9261711430356028, 0.925321049692909, 0.9327300150829563, 0.9112442524731782, 0.9103949329359166, 0.9394382679929784, 0.9379652605459057, 0.9197336137399229, 0.9077142348120435, 0.917167977788061, 0.9351376574895007, 0.9238470873786407, 0.9170162558993183, 0.9329881656804734, 0.9297201672563525, 0.9278058946114915, 0.940251572327044, 0.9248589248589248, 0.9241507677989763, 0.9209809264305178, 0.9238910505836576, 0.9345893591614701, 0.9278131634819533, 0.9258725122584367, 0.9224495253376119, 0.9332464146023468, 0.9266361717100633, 0.9151151782896813, 0.9257132915796799, 0.9362007168458781, 0.9424741692264731, 0.9186029081097287, 0.9233750745378653, 0.9315610859728507, 0.9329985652797704, 0.9245960502692998, 0.9311740890688259, 0.9148936170212766, 0.9321033210332104, 0.9241771497501292, 0.9386609071274298, 0.932018927444795, 0.9194511702986279, 0.9199947103940757, 0.933702462479965, 0.9270507201001879, 0.9303174024078803, 0.9026743865453543, 0.9139344262295082, 0.9293525429612914, 0.9179555162763293, 0.9282074340527577, 0.9317223939308794]
val step Accs: [0.9300281876968993, 0.9382334774552192, 0.9383913291500285, 0.9384592680047226, 0.9308795826691784, 0.9209077480864778, 0.9359534206695779, 0.936252237367479, 0.9252588923908149, 0.9379035581810689, 0.9213130979874629, 0.9284563758389262, 0.9338978421196394, 0.9222972972972973, 0.9290493231678855, 0.9347426470588235]
Preds: [17, 17, 287, 287, 111, 111, 438, 438, 219, 219, 219, 219, 152, 331, 106, 106, 346, 346, 284, 284, 206, 206, 206, 293, 293, 43, 43, 276, 276, 174, 174, 413, 348, 348, 345, 114, 180, 145, 486, 169, 460, 240, 35, 35, 354, 180, 180, 486, 486, 460, 460, 460, 167, 35, 35, 219, 219, 219, 152, 152, 374, 132, 274, 186, 162, 54, 54, 54, 224, 106, 106, 29, 319, 348, 348, 195, 250, 250, 250, 250, 32, 259, 259, 276, 276, 153, 153, 153, 153, 387, 387, 387, 387, 313, 313, 116, 183, 324, 324, 324, 324, 301, 10, 309, 70, 473, 331, 65, 319, 319, 428, 264, 146, 146, 146, 219, 464, 464, 222, 84, 84, 378, 43, 43, 345, 276, 497, 497, 497, 122, 8, 75, 219, 219, 213, 213, 213, 422, 143, 310, 310, 107, 107, 107, 400, 400, 213, 213, 213, 213, 213, 246, 19, 19, 414, 414, 417, 417, 80, 80, 321, 320, 83, 83, 264, 443, 443, 240, 240, 325, 34, 464, 464, 464, 171, 252, 252, 314, 239, 239, 219, 213, 213, 213, 213, 213, 213, 213, 213, 246, 246, 246, 246, 246, 246, 19, 19, 454, 414, 414, 414, 170, 244, 392, 392, 392, 392, 392, 392, 392, 392, 392, 73, 392, 321, 321, 320, 188, 188, 188, 171, 171, 171, 171, 252, 252, 252, 280, 280, 29, 180, 84, 84, 496, 280, 173, 8, 219, 219, 219, 213, 213, 324, 152, 374, 132, 132, 132, 132, 346, 346, 186, 186, 99, 54, 436, 400, 30, 324, 324, 464, 464, 180, 443, 443, 443, 319, 450, 450, 53, 88, 88, 65, 346, 387, 122, 88, 406, 406, 406, 467, 467, 375, 375, 375, 98, 98, 98, 98, 414, 414, 414, 170, 170, 244, 392, 392, 392, 392, 244, 321, 320, 7, 441, 276, 153, 182, 182, 182, 182, 43, 43, 399, 70, 473, 398, 398, 374, 374, 374, 132, 132, 132, 132, 381, 381, 117, 17, 169, 240, 240, 240, 240, 240, 240, 240, 240, 240, 240, 240, 240, 240, 240, 240, 240, 240, 240, 240, 240, 240, 240, 240, 240, 240, 240, 240, 240, 240, 240, 240, 240, 240, 240, 240, 240, 240, 240, 240, 240, 240, 240, 240, 240, 240, 240, 240, 240, 240, 240, 240, 240, 240, 240, 240, 240, 240, 240, 240, 240, 240, 240, 240, 240, 240, 240, 240, 240, 240, 240, 240, 240, 240, 240, 240, 240, 240, 240, 240, 240, 240, 240, 240, 240, 240, 240, 240, 240, 240, 240, 240, 240, 240, 240, 240, 240, 240, 240, 240, 240, 240, 240, 240, 240, 240, 240, 240, 240, 240, 240, 240, 240, 240, 240, 240, 240, 240, 240, 240, 240, 240, 240, 240, 240, 240, 240, 240, 240, 240, 240, 240, 240, 240, 240, 240, 240, 240, 240, 240, 240, 240, 240, 240, 240, 240, 240, 240, 240, 240, 240, 240, 240, 240, 240, 240, 240, 240, 240, 240, 240, 240, 240, 240, 240, 240, 240, 240, 240, 240, 240, 240, 240, 240, 240, 240, 240, 240, 240, 240, 240, 240, 240, 240, 240, 240, 240, 240, 240, 240, 240, 240, 240, 240, 240, 240, 240, 240, 240, 240, 240, 240, 240, 240, 240, 240, 240, 240, 240, 240, 240, 240, 240, 240, 240, 240, 240, 240, 240, 240, 240, 240, 240, 240, 240, 240, 240, 240, 240, 240, 240, 240, 240, 240, 240, 240, 240, 240, 240, 240, 240, 240, 240, 240, 240, 240, 240, 240, 240, 240, 240, 240, 240, 240, 240, 240, 240, 240, 240, 240, 240, 240, 240, 240, 240, 240, 240, 240, 240, 240, 240, 240]

ep330
Train step Loss: [0.4299619793891907, 0.5331330299377441, 0.4496915638446808, 0.42635712027549744, 0.5060098767280579, 0.474924772977829, 0.4731437563896179, 0.4435123801231384, 0.4960058331489563, 0.5203702449798584, 0.488736629486084, 0.4839007258415222, 0.47639280557632446, 0.47707033157348633, 0.4878459870815277, 0.4777669906616211, 0.5272952914237976, 0.47709915041923523, 0.44085606932640076, 0.5024950504302979, 0.45683011412620544, 0.48494237661361694, 0.508441686630249, 0.43489745259284973, 0.5041666030883789, 0.470648854970932, 0.4583076536655426, 0.44255557656288147, 0.4956672191619873, 0.4818761944770813, 0.4877627491950989, 0.47677597403526306, 0.489867240190506, 0.4580327570438385, 0.4841233193874359, 0.5064053535461426, 0.5097885727882385, 0.5016327500343323, 0.4960789084434509, 0.48142188787460327, 0.46692153811454773, 0.4850037395954132, 0.4918624460697174, 0.54449462890625, 0.44580212235450745, 0.483781635761261, 0.44678041338920593, 0.4784358739852905, 0.5010850429534912, 0.5100502967834473, 0.5049146413803101, 0.4929002821445465, 0.5148655772209167, 0.5157918930053711, 0.44199007749557495, 0.4780857264995575, 0.49574965238571167, 0.48487159609794617, 0.46244487166404724, 0.4824565052986145, 0.518581748008728, 0.481923371553421, 0.38327911496162415]
val step Loss: [0.43462228775024414, 0.42922160029411316, 0.42413291335105896, 0.47677943110466003, 0.4380725026130676, 0.46967604756355286, 0.4827248156070709, 0.4635447561740875, 0.4407104551792145, 0.42127466201782227, 0.45917078852653503, 0.5060505867004395, 0.4495741128921509, 0.4213855564594269, 0.47603097558021545, 0.46662572026252747]
Train step Accs: [0.9396635617961907, 0.9186546154985924, 0.9318286503915246, 0.9339063426200356, 0.9226501305483029, 0.9306782452462944, 0.9319245497092611, 0.9331709544831785, 0.9230769230769231, 0.9195320302468255, 0.9314903846153846, 0.92689259360481, 0.9298878205128205, 0.923728813559322, 0.925984251968504, 0.9356353941856037, 0.9206473915776241, 0.9257150423728814, 0.9330770574873318, 0.9217087501985072, 0.9385731201894613, 0.9240192021188545, 0.9226598173515982, 0.9369127516778524, 0.9240918437285812, 0.9285145677439898, 0.9333858267716535, 0.9407051282051282, 0.9204623878536922, 0.9266656947076833, 0.9217312622530538, 0.9280627815724458, 0.9260259179265659, 0.9258345428156749, 0.9259659969088099, 0.9210222588623248, 0.9244281045751634, 0.9227782571182054, 0.9258992805755396, 0.9266866566716642, 0.9316675165731769, 0.9263534384652902, 0.9204723042194826, 0.9121479613282892, 0.9368222536539368, 0.9220478943022296, 0.9346333424883274, 0.9248547449967721, 0.9222403480152257, 0.9226421759095725, 0.9134564643799472, 0.9240854645516349, 0.9201319185546315, 0.9155923879680786, 0.9343740965596994, 0.9290030211480362, 0.9249136939010357, 0.9275074478649454, 0.9307491956488433, 0.9318694540532411, 0.9157928185573562, 0.928886925795053, 0.9558492688413949]
val step Accs: [0.9404364959078508, 0.9400469678132338, 0.9391882720238903, 0.9229745466644486, 0.933382030679328, 0.9284196547144754, 0.9293369055592766, 0.9351230425055929, 0.9316952557564518, 0.9378820184790334, 0.927629462849791, 0.9179752756431674, 0.931889817733315, 0.9360509554140127, 0.9253822629969419, 0.9263721552878179]
Preds: [17, 17, 287, 287, 284, 284, 460, 206, 169, 349, 349, 234, 234, 234, 234, 261, 25, 345, 276, 345, 109, 242, 10, 10, 10, 398, 398, 213, 324, 301, 143, 129, 259, 259, 354, 106, 284, 284, 428, 460, 240, 285, 467, 486, 486, 460, 169, 150, 150, 342, 342, 224, 494, 422, 236, 239, 259, 259, 354, 106, 284, 284, 319, 319, 203, 53, 53, 70, 70, 65, 65, 138, 297, 297, 182, 182, 375, 98, 98, 98, 414, 414, 414, 414, 197, 80, 20, 20, 7, 7, 309, 479, 398, 398, 398, 464, 464, 464, 180, 284, 460, 178, 215, 35, 35, 35, 208, 100, 100, 497, 43, 416, 458, 208, 208, 100, 100, 497, 43, 143, 129, 259, 144, 208, 441, 144, 387, 387, 387, 348, 10, 10, 10, 479, 331, 331, 84, 426, 426, 387, 387, 98, 98, 98, 414, 414, 414, 414, 312, 187, 187, 187, 47, 20, 47, 73, 73, 20, 320, 7, 32, 219, 219, 219, 152, 374, 374, 132, 132, 186, 99, 99, 338, 338, 400, 400, 400, 324, 236, 116, 116, 10, 10, 309, 398, 398, 398, 398, 213, 301, 374, 251, 251, 241, 374, 374, 374, 132, 132, 132, 132, 98, 98, 414, 414, 414, 414, 20, 170, 47, 47, 20, 442, 47, 47, 47, 47, 47, 17, 47, 47, 20, 20, 73, 20, 20, 7, 7, 32, 32, 239, 384, 180, 180, 151, 151, 206, 240, 175, 251, 81, 346, 395, 395, 395, 406, 406, 406, 406, 406, 337, 219, 213, 246, 246, 246, 246, 246, 246, 246, 422, 239, 239, 239, 354, 354, 485, 286, 286, 286, 286, 264, 264, 468, 468, 468, 406, 406, 406, 337, 337, 337, 324, 324, 324, 324, 246, 246, 246, 246, 246, 301, 251, 251, 251, 241, 371, 286, 286, 286, 278, 374, 132, 43, 43, 43, 43, 276, 276, 276, 100, 274, 212, 186, 162, 54, 323, 323, 115, 106, 106, 153, 153, 375, 375, 375, 375, 375, 98, 98, 169, 240, 240, 240, 240, 240, 240, 240, 240, 240, 240, 240, 240, 240, 240, 240, 240, 240, 240, 240, 240, 240, 240, 240, 240, 240, 240, 240, 240, 240, 240, 240, 240, 240, 240, 240, 240, 240, 240, 240, 240, 240, 240, 240, 240, 240, 240, 240, 240, 240, 240, 240, 240, 240, 240, 240, 240, 240, 240, 240, 240, 240, 240, 240, 240, 240, 240, 240, 240, 240, 240, 240, 240, 240, 240, 240, 240, 240, 240, 240, 240, 240, 240, 240, 240, 240, 240, 240, 240, 240, 240, 240, 240, 240, 240, 240, 240, 240, 240, 240, 240, 240, 240, 240, 240, 240, 240, 240, 240, 240, 240, 240, 240, 240, 240, 240, 240, 240, 240, 240, 240, 240, 240, 240, 240, 240, 240, 240, 240, 240, 240, 240, 240, 240, 240, 240, 240, 240, 240, 240, 240, 240, 240, 240, 240, 240, 240, 240, 240, 240, 240, 240, 240, 240, 240, 240, 240, 240, 240, 240, 240, 240, 240, 240, 240, 240, 240, 240, 240, 240, 240, 240, 240, 240, 240, 240, 240, 240, 240, 240, 240, 240, 240, 240, 240, 240, 240, 240, 240, 240, 240, 240, 240, 240, 240, 240, 240, 240, 240, 240, 240, 240, 240, 240, 240, 240, 240, 240, 240, 240, 240, 240, 240, 240, 240, 240, 240, 240, 240, 240, 240, 240, 240, 240, 240, 240, 240, 240, 240, 240, 240, 240, 240, 240, 240, 240, 240, 240, 240, 240, 240, 240, 240, 240, 240, 240, 240, 240, 240, 240, 240, 240, 240, 240, 240, 240, 240, 240, 240, 240, 240, 240, 240, 240, 240, 240, 240, 240, 240, 240]

ep331
Train step Loss: [0.4128987193107605, 0.47999465465545654, 0.5083664655685425, 0.44426220655441284, 0.5251015424728394, 0.463153213262558, 0.49373555183410645, 0.45599812269210815, 0.44950786232948303, 0.4577014446258545, 0.5306469202041626, 0.486882746219635, 0.4681238830089569, 0.5208194851875305, 0.4530225992202759, 0.4273178279399872, 0.4696481227874756, 0.45770421624183655, 0.5628334283828735, 0.46328088641166687, 0.46113482117652893, 0.49856314063072205, 0.4468725025653839, 0.45204874873161316, 0.46737322211265564, 0.4885144829750061, 0.4669140875339508, 0.4818250238895416, 0.5181540846824646, 0.47550708055496216, 0.45179691910743713, 0.47810250520706177, 0.45069581270217896, 0.4802940785884857, 0.4395436942577362, 0.5093970894813538, 0.4324219524860382, 0.4995247721672058, 0.48851171135902405, 0.4866103231906891, 0.45149317383766174, 0.4743829071521759, 0.5195974707603455, 0.5064278244972229, 0.46044832468032837, 0.514602541923523, 0.4921412169933319, 0.4612361192703247, 0.43582192063331604, 0.5107446908950806, 0.5047962665557861, 0.4695742130279541, 0.4631490707397461, 0.4609205424785614, 0.4907568097114563, 0.4506334364414215, 0.5364577174186707, 0.4503411650657654, 0.5065892338752747, 0.5205575823783875, 0.4969882369041443, 0.4803096652030945, 0.5049806833267212]
val step Loss: [0.4530029892921448, 0.40922361612319946, 0.4821043014526367, 0.4645274877548218, 0.4075946807861328, 0.4317812919616699, 0.4477527439594269, 0.45918378233909607, 0.45003193616867065, 0.3989100456237793, 0.45329615473747253, 0.44930002093315125, 0.42501938343048096, 0.5110345482826233, 0.47929954528808594, 0.41445520520210266]
Train step Accs: [0.9437142415339416, 0.9287286270526494, 0.9287022900763359, 0.9399237126509854, 0.919672849423105, 0.9338405557393318, 0.9223161301924114, 0.9310866574965612, 0.9328745962645696, 0.9337888400845941, 0.9205175600739371, 0.9278864117573795, 0.9275119308654715, 0.9145436016887465, 0.9290213550468582, 0.9382118451025057, 0.9286931818181818, 0.9316577238068342, 0.90574749243751, 0.9345246405137512, 0.9316277678037104, 0.9220676572873854, 0.9323773830861984, 0.9311960542540074, 0.9321977840251364, 0.9258888332498748, 0.9321039396479464, 0.9256538348516016, 0.9206808510638298, 0.9291003623759256, 0.9341613247863247, 0.9215043695380774, 0.9312244033328626, 0.926785467606023, 0.9326880119136262, 0.9176962209302325, 0.9427272727272727, 0.9234397107373055, 0.9282485051771912, 0.9249635423571523, 0.9331434567531105, 0.9321699544764795, 0.9177604253198206, 0.9130688448074679, 0.9304434055815272, 0.9194737603007084, 0.9193791440626884, 0.9289332538736591, 0.9348739495798319, 0.9176144648585594, 0.9181528662420382, 0.9298928919182083, 0.9302100161550888, 0.9282895865500086, 0.9223813112283346, 0.934770059649798, 0.917260613572978, 0.9353391396146741, 0.9237003058103975, 0.9186086360520904, 0.9207135777998018, 0.9284543150991206, 0.9236532286835534]
val step Accs: [0.9300471185212034, 0.9417609715705216, 0.9240237691001698, 0.9240327591075967, 0.9434337257300107, 0.9386727688787185, 0.9317457909904444, 0.9298857868020305, 0.9335841956726246, 0.9462985436893204, 0.934339936279263, 0.931872194349089, 0.9407369672270335, 0.9167398559634639, 0.9316611210647555, 0.9349908759124088]
Preds: [17, 17, 296, 473, 65, 443, 443, 443, 271, 150, 54, 342, 342, 342, 273, 106, 106, 426, 345, 413, 98, 76, 76, 129, 82, 20, 345, 345, 109, 278, 285, 285, 288, 288, 171, 171, 171, 252, 252, 116, 94, 199, 398, 324, 325, 116, 10, 10, 309, 331, 250, 88, 88, 346, 481, 481, 293, 293, 416, 8, 32, 239, 144, 27, 106, 106, 346, 481, 426, 215, 496, 496, 406, 406, 467, 413, 413, 413, 98, 98, 98, 48, 48, 20, 80, 20, 80, 20, 20, 320, 7, 217, 473, 473, 476, 324, 213, 252, 236, 314, 32, 239, 310, 310, 107, 107, 107, 400, 400, 213, 213, 213, 422, 143, 129, 82, 75, 108, 172, 172, 115, 108, 108, 464, 464, 180, 315, 319, 319, 450, 450, 43, 43, 276, 276, 276, 346, 480, 480, 428, 85, 85, 146, 146, 219, 219, 219, 219, 219, 477, 477, 477, 132, 43, 43, 43, 364, 364, 276, 276, 98, 98, 98, 17, 169, 240, 240, 240, 240, 240, 240, 240, 240, 240, 240, 240, 240, 240, 240, 240, 240, 240, 240, 240, 240, 240, 240, 240, 240, 240, 240, 240, 240, 240, 240, 240, 240, 240, 240, 240, 240, 240, 240, 240, 240, 240, 240, 240, 240, 240, 240, 240, 240, 240, 240, 240, 240, 240, 240, 240, 240, 240, 240, 240, 240, 240, 240, 240, 240, 240, 240, 240, 240, 240, 240, 240, 240, 240, 240, 240, 240, 240, 240, 240, 240, 240, 240, 240, 240, 240, 240, 240, 240, 240, 240, 240, 240, 240, 240, 240, 240, 240, 240, 240, 240, 240, 240, 240, 240, 240, 240, 240, 240, 240, 240, 240, 240, 240, 240, 240, 240, 240, 240, 240, 240, 240, 240, 240, 240, 240, 240, 240, 240, 240, 240, 240, 240, 240, 240, 240, 240, 240, 240, 240, 240, 240, 240, 240, 240, 240, 240, 240, 240, 240, 240, 240, 240, 240, 240, 240, 240, 240, 240, 240, 240, 240, 240, 240, 240, 240, 240, 240, 240, 240, 240, 240, 240, 240, 240, 240, 240, 240, 240, 240, 240, 240, 240, 240, 240, 240, 240, 240, 240, 240, 240, 240, 240, 240, 240, 240, 240, 240, 240, 240, 240, 240, 240, 240, 240, 240, 240, 240, 240, 240, 240, 240, 240, 240, 240, 240, 240, 240, 240, 240, 240, 240, 240, 240, 240, 240, 240, 240, 240, 240, 240, 240, 240, 240, 240, 240, 240, 240, 240, 240, 240, 240, 240, 240, 240, 240, 240, 240, 240, 240, 240, 240, 240, 240, 240, 240, 240, 240, 240, 240, 240, 240, 240, 240, 240, 240, 240, 240, 240, 240, 240, 240, 240, 240, 240, 240, 240, 240, 240, 240, 240, 240, 240, 240, 240, 240, 240, 240, 240, 240, 240, 240, 240, 240, 240, 240, 240, 240, 240, 240, 240, 240, 240, 240, 240, 240, 240, 240, 240, 240, 240, 240, 240, 240, 240, 240, 240, 240, 240, 240, 240, 240, 240, 240, 240, 240, 240, 240, 240, 240, 240, 240, 240, 240, 240, 240, 240, 240, 240, 240, 240, 240, 240, 240, 240, 240, 240, 240, 240, 240, 240, 240, 240, 240, 240, 240, 240, 240, 240, 240, 240, 240, 240, 240, 240, 240, 240, 240, 240, 240, 240, 240, 240, 240, 240, 240, 240, 240, 240, 240, 240, 240, 240, 240, 240, 240, 240, 240, 240, 240, 240, 240, 240, 240, 240, 240, 240, 240, 240, 240, 240, 240, 240, 240, 240, 240, 240, 240, 240, 240, 240, 240, 240, 240, 240, 240, 240, 240, 240, 240, 240, 240, 240, 240, 240, 240, 240, 240, 240, 240, 240, 240, 240, 240, 240, 240]

ep332
Train step Loss: [0.4769582152366638, 0.5150368213653564, 0.4525673985481262, 0.46327880024909973, 0.5274646282196045, 0.45710089802742004, 0.4818592369556427, 0.4939868450164795, 0.5168028473854065, 0.5665246844291687, 0.4953293204307556, 0.4931783676147461, 0.5021524429321289, 0.458415150642395, 0.4441032111644745, 0.5276064872741699, 0.4585984945297241, 0.5006993412971497, 0.47340333461761475, 0.4898962378501892, 0.44088810682296753, 0.3938819169998169, 0.4867505133152008, 0.42400839924812317, 0.4490092992782593, 0.4229006767272949, 0.4489533007144928, 0.4805835783481598, 0.5052516460418701, 0.43711569905281067, 0.43250909447669983, 0.48526665568351746, 0.49055901169776917, 0.45932134985923767, 0.4794767200946808, 0.49127933382987976, 0.4536953568458557, 0.4772789180278778, 0.4685509502887726, 0.4324268698692322, 0.5053814053535461, 0.4818275570869446, 0.5338625311851501, 0.42797839641571045, 0.4596780240535736, 0.4516589939594269, 0.5107713937759399, 0.4806639850139618, 0.47544971108436584, 0.4760412573814392, 0.4850326478481293, 0.48535633087158203, 0.44720888137817383, 0.5372047424316406, 0.4285903573036194, 0.47775042057037354, 0.44030851125717163, 0.4433306157588959, 0.4913974702358246, 0.4736250936985016, 0.47684532403945923, 0.4483695328235626, 0.45684438943862915]
val step Loss: [0.3619755208492279, 0.4811563193798065, 0.4859081506729126, 0.4683345854282379, 0.45019251108169556, 0.4115833342075348, 0.4685382843017578, 0.43786153197288513, 0.4444565773010254, 0.41159293055534363, 0.471871942281723, 0.44163206219673157, 0.41122376918792725, 0.4488304853439331, 0.4319131374359131, 0.4681074023246765]
Train step Accs: [0.929071929071929, 0.9179140511830034, 0.9358389261744966, 0.9320137693631669, 0.9176857949200377, 0.9328616093467171, 0.9264915786468741, 0.9260588657573582, 0.9177582490465926, 0.9085916740478299, 0.9213606437454279, 0.9235214140040788, 0.9212827988338192, 0.9371875, 0.9314523108880042, 0.9175824175824175, 0.9305756436216372, 0.9245982694684796, 0.9292699263228399, 0.9258477557337836, 0.9348298334540188, 0.9472576798990041, 0.9243580846634282, 0.9414648640618036, 0.934218203033839, 0.9400921658986175, 0.9357398475182822, 0.9281270464963982, 0.9189560439560439, 0.9407176287051482, 0.9388286334056399, 0.9260249554367201, 0.9201320132013201, 0.9303090072320842, 0.9237382582391339, 0.9257373595505618, 0.9277159363111174, 0.926416819012797, 0.9320804484009232, 0.9361465852304275, 0.9185173089483998, 0.9228120516499283, 0.9145271886461489, 0.937799043062201, 0.9349103510622269, 0.9364999157823817, 0.9192712685943507, 0.9263074484944532, 0.9289555972482801, 0.9325786163522013, 0.9274910338375175, 0.9253127764438266, 0.9344477220583415, 0.9137323943661971, 0.9367330677290837, 0.9246487867177522, 0.9352281515854601, 0.9364074743821579, 0.9218171461122188, 0.9241736876215165, 0.9336715520481023, 0.9351162437319557, 0.9322183098591549]
val step Accs: [0.9530585541380439, 0.9234529782580728, 0.918562874251497, 0.9310737681572202, 0.9370563814115441, 0.9421182266009852, 0.9226956055734191, 0.9300605245460659, 0.9337273111017307, 0.940708604483008, 0.9221879815100154, 0.9312964213369345, 0.9385113268608414, 0.936342968496265, 0.9328973557008814, 0.9287159883067236]
Preds: [17, 17, 296, 217, 473, 473, 476, 476, 171, 171, 252, 252, 36, 36, 310, 107, 107, 107, 400, 400, 213, 213, 213, 246, 246, 246, 246, 246, 246, 301, 259, 354, 354, 180, 443, 443, 271, 271, 460, 169, 178, 35, 35, 35, 225, 225, 225, 7, 7, 7, 331, 81, 380, 380, 443, 443, 460, 169, 169, 169, 349, 205, 259, 261, 29, 109, 286, 286, 286, 286, 286, 468, 468, 337, 337, 337, 324, 252, 252, 143, 197, 197, 226, 226, 321, 320, 7, 188, 188, 188, 434, 339, 94, 199, 331, 331, 65, 138, 481, 481, 387, 293, 293, 122, 35, 441, 208, 441, 441, 153, 153, 153, 387, 387, 387, 122, 372, 372, 452, 452, 452, 98, 13, 414, 414, 170, 244, 244, 244, 187, 392, 244, 28, 392, 392, 73, 244, 321, 321, 320, 320, 83, 110, 290, 290, 360, 252, 252, 35, 127, 114, 145, 486, 486, 111, 438, 438, 438, 175, 34, 34, 145, 145, 145, 486, 486, 282, 282, 240, 240, 285, 34, 34, 139, 302, 313, 196, 76, 75, 164, 127, 114, 114, 355, 355, 355, 355, 452, 263, 263, 263, 78, 78, 244, 244, 244, 392, 2, 392, 73, 73, 244, 321, 321, 320, 188, 188, 171, 171, 171, 171, 252, 186, 186, 99, 54, 433, 400, 400, 400, 422, 422, 310, 310, 107, 107, 395, 395, 374, 374, 374, 374, 374, 374, 374, 132, 132, 43, 43, 364, 345, 10, 381, 381, 138, 303, 303, 48, 17, 169, 240, 240, 240, 240, 240, 240, 240, 240, 240, 240, 240, 240, 240, 240, 240, 240, 240, 240, 240, 240, 240, 240, 240, 240, 240, 240, 240, 240, 240, 240, 240, 240, 240, 240, 240, 240, 240, 240, 240, 240, 240, 240, 240, 240, 240, 240, 240, 240, 240, 240, 240, 240, 240, 240, 240, 240, 240, 240, 240, 240, 240, 240, 240, 240, 240, 240, 240, 240, 240, 240, 240, 240, 240, 240, 240, 240, 240, 240, 240, 240, 240, 240, 240, 240, 240, 240, 240, 240, 240, 240, 240, 240, 240, 240, 240, 240, 240, 240, 240, 240, 240, 240, 240, 240, 240, 240, 240, 240, 240, 240, 240, 240, 240, 240, 240, 240, 240, 240, 240, 240, 240, 240, 240, 240, 240, 240, 240, 240, 240, 240, 240, 240, 240, 240, 240, 240, 240, 240, 240, 240, 240, 240, 240, 240, 240, 240, 240, 240, 240, 240, 240, 240, 240, 240, 240, 240, 240, 240, 240, 240, 240, 240, 240, 240, 240, 240, 240, 240, 240, 240, 240, 240, 240, 240, 240, 240, 240, 240, 240, 240, 240, 240, 240, 240, 240, 240, 240, 240, 240, 240, 240, 240, 240, 240, 240, 240, 240, 240, 240, 240, 240, 240, 240, 240, 240, 240, 240, 240, 240, 240, 240, 240, 240, 240, 240, 240, 240, 240, 240, 240, 240, 240, 240, 240, 240, 240, 240, 240, 240, 240, 240, 240, 240, 240, 240, 240, 240, 240, 240, 240, 240, 240, 240, 240, 240, 240, 240, 240, 240, 240, 240, 240, 240, 240, 240, 240, 240, 240, 240, 240, 240, 240, 240, 240, 240, 240, 240, 240, 240, 240, 240, 240, 240, 240, 240, 240, 240, 240, 240, 240, 240, 240, 240, 240, 240, 240, 240, 240, 240, 240, 240, 240, 240, 240, 240, 240, 240, 240, 240, 240, 240, 240, 240, 240, 240, 240, 240, 240, 240, 240, 240, 240, 240, 240, 240, 240, 240, 240, 240, 240, 240, 240, 240, 240, 240, 240, 240, 240, 240, 240, 240, 240, 240, 240, 240, 240, 240, 240, 240, 240, 240, 240, 240, 240, 240, 240, 240, 240, 240, 240]

ep333
Train step Loss: [0.48560094833374023, 0.4741111397743225, 0.4483140707015991, 0.4594154357910156, 0.4737723171710968, 0.45934316515922546, 0.487571120262146, 0.44416987895965576, 0.49378296732902527, 0.4959442913532257, 0.45275017619132996, 0.5088340044021606, 0.5055883526802063, 0.494450181722641, 0.43773090839385986, 0.4509883522987366, 0.44716131687164307, 0.4367261826992035, 0.46311303973197937, 0.47685322165489197, 0.47791048884391785, 0.422941654920578, 0.4925481677055359, 0.47713854908943176, 0.43820562958717346, 0.521350622177124, 0.4827313721179962, 0.44835522770881653, 0.47286972403526306, 0.46403491497039795, 0.4954706132411957, 0.4939935803413391, 0.5052329301834106, 0.45305541157722473, 0.46744245290756226, 0.49768349528312683, 0.5191561579704285, 0.4557057321071625, 0.48967841267585754, 0.5370506048202515, 0.43565428256988525, 0.5020090937614441, 0.4887745976448059, 0.44258275628089905, 0.4402730166912079, 0.4349939227104187, 0.39359503984451294, 0.5361034274101257, 0.4853021800518036, 0.45067867636680603, 0.41931137442588806, 0.46667325496673584, 0.4730532765388489, 0.4426281452178955, 0.47256964445114136, 0.447233110666275, 0.49630817770957947, 0.46057218313217163, 0.46643736958503723, 0.45349663496017456, 0.46808698773384094, 0.4371786415576935, 0.4309241771697998]
val step Loss: [0.457749605178833, 0.4408882260322571, 0.41599828004837036, 0.41047203540802, 0.4463057816028595, 0.4325122535228729, 0.43038907647132874, 0.4173687994480133, 0.4405324161052704, 0.47135305404663086, 0.43159765005111694, 0.4264392554759979, 0.4809212386608124, 0.4741556942462921, 0.4110446274280548, 0.4091009795665741]
Train step Accs: [0.927790525037117, 0.9270280760771121, 0.9282769991755977, 0.9329067641681902, 0.9243799153055051, 0.9333651399491094, 0.92564578278864, 0.9344049779621467, 0.9249072929542645, 0.9247694547807798, 0.9336545079146593, 0.9189888838130044, 0.9200306983883346, 0.9190134977503749, 0.9352871169294853, 0.9321428571428572, 0.9350705441980997, 0.939726489954415, 0.9351442087593469, 0.9240174672489083, 0.9281840832478382, 0.9387812020638684, 0.9238795986622074, 0.926219512195122, 0.9316752011704462, 0.9138638228055783, 0.9274369355341016, 0.9389150585017475, 0.9244585314315901, 0.9337914850821321, 0.9211914893617021, 0.9262851600387972, 0.923026638339598, 0.9337252020573108, 0.9297442374486896, 0.9259203379601689, 0.9170407315045719, 0.9353794353794354, 0.9220068077549208, 0.9178061379519903, 0.9392872855257369, 0.9214166286669707, 0.9278022144698923, 0.9348930275511774, 0.9301715085754287, 0.9397795854106533, 0.9491432488005483, 0.9155050765789021, 0.9270010058916511, 0.9296474093693097, 0.9388667992047713, 0.9276351230023343, 0.9256063812469477, 0.9360939962745379, 0.925117821609356, 0.9363512076560838, 0.9302627779382039, 0.9321166874049496, 0.92680262199563, 0.9294156817046779, 0.9272176888654909, 0.9416260162601626, 0.9300998573466477]
val step Accs: [0.9284636281316028, 0.9315127871694842, 0.9376353399740147, 0.9403007747227707, 0.934827531394055, 0.9345348120764018, 0.9292184861047137, 0.9427692307692308, 0.9320749108204518, 0.9255980118049083, 0.9383011691787576, 0.9342635212888377, 0.9295489102889002, 0.9259088108441158, 0.940459313864474, 0.9424320827943079]
Preds: [17, 7, 309, 309, 309, 398, 398, 398, 213, 213, 360, 434, 301, 339, 250, 250, 250, 88, 88, 88, 346, 284, 284, 284, 284, 284, 293, 293, 293, 293, 43, 43, 276, 276, 276, 182, 138, 138, 182, 182, 182, 182, 182, 182, 497, 497, 98, 313, 164, 127, 127, 437, 284, 284, 240, 175, 175, 431, 431, 431, 428, 428, 428, 146, 146, 146, 358, 186, 54, 54, 172, 172, 224, 273, 273, 302, 302, 497, 497, 274, 399, 399, 217, 473, 473, 65, 264, 264, 264, 264, 264, 264, 468, 468, 337, 337, 337, 324, 324, 324, 301, 251, 251, 251, 251, 241, 431, 431, 284, 284, 376, 376, 376, 206, 206, 206, 167, 167, 263, 263, 225, 225, 225, 320, 321, 320, 276, 276, 276, 153, 174, 331, 387, 387, 387, 438, 438, 219, 219, 219, 219, 219, 219, 213, 213, 213, 246, 246, 246, 246, 246, 246, 246, 19, 454, 454, 229, 229, 229, 312, 187, 187, 187, 321, 412, 287, 287, 287, 486, 486, 460, 460, 460, 215, 35, 35, 287, 287, 284, 284, 405, 206, 206, 206, 167, 35, 35, 35, 276, 276, 276, 346, 346, 346, 346, 387, 387, 206, 206, 293, 293, 43, 43, 43, 276, 346, 346, 346, 284, 405, 206, 206, 206, 175, 251, 251, 241, 431, 431, 428, 428, 428, 146, 146, 146, 146, 186, 54, 54, 172, 224, 224, 273, 302, 302, 497, 497, 203, 399, 53, 473, 473, 264, 264, 264, 264, 264, 264, 264, 264, 468, 468, 468, 468, 285, 77, 207, 168, 434, 434, 434, 434, 434, 434, 434, 434, 434, 303, 303, 117, 48, 48, 414, 414, 170, 244, 392, 392, 392, 392, 392, 321, 321, 321, 320, 7, 7, 7, 309, 473, 288, 288, 337, 171, 171, 171, 252, 252, 422, 325, 310, 164, 54, 107, 395, 213, 213, 213, 213, 213, 213, 246, 246, 246, 246, 246, 246, 246, 246, 246, 246, 246, 246, 19, 19, 339, 301, 240, 240, 240, 240, 240, 240, 240, 240, 240, 240, 240, 240, 240, 240, 240, 240, 240, 240, 240, 240, 240, 240, 240, 240, 240, 240, 240, 240, 240, 240, 240, 240, 240, 240, 240, 240, 240, 240, 240, 240, 240, 240, 240, 240, 240, 240, 240, 240, 240, 240, 240, 240, 240, 240, 240, 240, 240, 240, 240, 240, 240, 240, 240, 240, 240, 240, 240, 240, 240, 240, 240, 240, 240, 240, 240, 240, 240, 240, 240, 240, 240, 240, 240, 240, 240, 240, 240, 240, 240, 240, 240, 240, 240, 240, 240, 240, 240, 240, 240, 240, 240, 240, 240, 240, 240, 240, 240, 240, 240, 240, 240, 240, 240, 240, 240, 240, 240, 240, 240, 240, 240, 240, 240, 240, 240, 240, 240, 240, 240, 240, 240, 240, 240, 240, 240, 240, 240, 240, 240, 240, 240, 240, 240, 240, 240, 240, 240, 240, 240, 240, 240, 240, 240, 240, 240, 240, 240, 240, 240, 240, 240, 240, 240, 240, 240, 240, 240, 240, 240, 240, 240, 240, 240, 240, 240, 240, 240, 240, 240, 240, 240, 240, 240, 240, 240, 240, 240, 240, 240, 240, 240, 240, 240, 240, 240, 240, 240, 240, 240, 240, 240, 240, 240, 240, 240, 240, 240, 240, 240, 240, 240, 240, 240, 240, 240, 240, 240, 240, 240, 240, 240, 240, 240, 240, 240, 240, 240, 240, 240, 240, 240, 240, 240, 240, 240, 240, 240, 240, 240, 240, 240, 240, 240, 240, 240, 240, 240, 240, 240, 240, 240, 240, 240, 240, 240, 240, 240, 240, 240, 240, 240, 240, 240, 240, 240, 240, 240, 240, 240, 240, 240, 240, 240]

ep334
Train step Loss: [0.44608891010284424, 0.43854135274887085, 0.4540981650352478, 0.4713958203792572, 0.44780901074409485, 0.5142097473144531, 0.4666834771633148, 0.45750173926353455, 0.4685884714126587, 0.49898001551628113, 0.4426160156726837, 0.4796079397201538, 0.4394024610519409, 0.4823184907436371, 0.47504907846450806, 0.4692367911338806, 0.4429343342781067, 0.44701075553894043, 0.46712300181388855, 0.4894784390926361, 0.4573104977607727, 0.4241335093975067, 0.45907682180404663, 0.4714148938655853, 0.47631290555000305, 0.516092836856842, 0.4667966067790985, 0.46620064973831177, 0.4669399559497833, 0.4529966413974762, 0.46890532970428467, 0.4545348882675171, 0.4515840411186218, 0.42414578795433044, 0.4569547772407532, 0.4175356328487396, 0.5101640820503235, 0.47199660539627075, 0.4690343141555786, 0.4282585382461548, 0.43269577622413635, 0.49699053168296814, 0.46828556060791016, 0.49792051315307617, 0.4873402416706085, 0.3914850950241089, 0.4967978894710541, 0.4651983082294464, 0.5190273523330688, 0.5005655288696289, 0.49100613594055176, 0.45916488766670227, 0.4936845600605011, 0.45770546793937683, 0.48853567242622375, 0.45627883076667786, 0.4311824440956116, 0.466590017080307, 0.4698922634124756, 0.4290724992752075, 0.47970685362815857, 0.4751429557800293, 0.4357137084007263]
val step Loss: [0.4328411817550659, 0.4521271884441376, 0.4592163562774658, 0.39768946170806885, 0.4380224645137787, 0.4124322235584259, 0.44025880098342896, 0.4482925534248352, 0.4605978727340698, 0.4404209852218628, 0.455771267414093, 0.39964091777801514, 0.42510247230529785, 0.4246748089790344, 0.4370763897895813, 0.4180414378643036]
Train step Accs: [0.9363395225464191, 0.9365635957921581, 0.9331728727169758, 0.9265704584040747, 0.9404117009750813, 0.9197699061459279, 0.9322013042943276, 0.9277399204997161, 0.922351461804464, 0.9269618027808854, 0.9317491513310702, 0.9276230569948186, 0.9323274574245594, 0.925249169435216, 0.9334818586887333, 0.9305434971349192, 0.9351778656126483, 0.9361569604484584, 0.9296685529506872, 0.9284659557013946, 0.9293387042631756, 0.9410657399362873, 0.9312545322697607, 0.929419525065963, 0.9312725090036015, 0.9185611958891311, 0.9238037183785431, 0.933278955954323, 0.928705712219812, 0.930695847362514, 0.9275897739027634, 0.9320731519901644, 0.9359408684939945, 0.9410373873208216, 0.9349255797853929, 0.9384346166083359, 0.9226932668329177, 0.9247357293868922, 0.9291326452010477, 0.9340588988476313, 0.9322207958921694, 0.917741428122051, 0.9264309259814204, 0.9209627859337658, 0.9277785786362981, 0.9448558374034978, 0.9181124219292158, 0.9291792874657435, 0.9187217783952761, 0.9250423272279513, 0.9269250469523647, 0.9258620689655173, 0.9223450398768714, 0.9251555846708156, 0.9234892787524367, 0.9292592592592592, 0.9347947500698129, 0.9292828685258964, 0.9300539303807812, 0.9358244200583414, 0.9273268801191362, 0.9319237546051578, 0.934094447327452]
val step Accs: [0.9327009936766034, 0.9312024353120244, 0.9318299637117677, 0.9421666666666667, 0.9344399497837913, 0.9388706613710931, 0.932873189876844, 0.9310440321240654, 0.9332607342874922, 0.9344014510278114, 0.9321957790749887, 0.941320293398533, 0.9373580873514091, 0.9342124981267795, 0.9365671641791045, 0.9388235294117647]
Preds: [17, 17, 287, 287, 284, 284, 450, 293, 293, 43, 43, 276, 276, 182, 182, 182, 182, 182, 182, 182, 182, 182, 387, 387, 387, 167, 14, 53, 188, 188, 324, 324, 324, 360, 434, 434, 339, 339, 33, 398, 398, 398, 398, 219, 219, 398, 398, 398, 398, 374, 84, 139, 139, 153, 182, 182, 182, 497, 497, 497, 167, 14, 35, 411, 219, 219, 213, 213, 213, 324, 301, 301, 173, 259, 196, 473, 398, 360, 360, 360, 360, 434, 464, 464, 464, 199, 403, 171, 171, 171, 171, 171, 171, 207, 207, 207, 454, 454, 35, 247, 126, 126, 126, 225, 149, 391, 228, 244, 321, 321, 321, 287, 287, 287, 284, 486, 460, 460, 460, 240, 35, 35, 77, 449, 371, 371, 371, 464, 464, 180, 180, 315, 315, 315, 450, 450, 450, 450, 43, 43, 43, 276, 276, 276, 182, 174, 387, 468, 387, 497, 98, 335, 14, 14, 287, 287, 287, 284, 450, 450, 206, 167, 215, 35, 35, 29, 29, 34, 132, 132, 132, 236, 239, 75, 384, 371, 371, 180, 180, 180, 180, 180, 486, 376, 376, 376, 376, 376, 460, 460, 460, 460, 167, 167, 35, 360, 451, 30, 324, 301, 301, 301, 325, 325, 398, 286, 360, 278, 278, 374, 374, 374, 374, 132, 132, 43, 364, 345, 345, 345, 346, 288, 162, 162, 349, 323, 323, 168, 273, 106, 106, 153, 387, 387, 387, 413, 348, 348, 116, 10, 219, 398, 331, 331, 331, 443, 443, 443, 460, 460, 169, 169, 150, 150, 99, 436, 436, 400, 400, 400, 400, 213, 324, 324, 171, 171, 246, 246, 246, 246, 3, 3, 143, 197, 188, 188, 219, 152, 301, 378, 43, 43, 345, 331, 331, 387, 387, 122, 122, 242, 310, 323, 168, 168, 168, 106, 153, 153, 153, 153, 153, 153, 387, 387, 387, 387, 293, 293, 186, 31, 162, 232, 232, 232, 232, 172, 172, 115, 115, 267, 267, 213, 213, 213, 213, 246, 246, 19, 19, 454, 229, 414, 247, 312, 126, 292, 292, 292, 23, 408, 408, 408, 408, 321, 320, 7, 7, 251, 241, 241, 431, 431, 284, 284, 265, 319, 85, 468, 468, 468, 450, 337, 337, 337, 464, 464, 464, 180, 180, 315, 315, 315, 450, 450, 450, 450, 450, 175, 43, 345, 345, 109, 81, 81, 207, 207, 207, 207, 3, 3, 216, 8, 217, 473, 473, 66, 66, 330, 330, 116, 94, 199, 398, 398, 360, 278, 252, 252, 143, 310, 219, 485, 213, 213, 213, 213, 213, 213, 434, 339, 359, 77, 242, 349, 164, 164, 213, 213, 213, 213, 41, 19, 19, 19, 19, 454, 454, 414, 414, 244, 392, 392, 244, 321, 321, 320, 287, 287, 331, 331, 284, 450, 206, 206, 206, 167, 35, 285, 219, 219, 324, 213, 213, 213, 213, 219, 219, 219, 477, 180, 139, 139, 139, 139, 496, 497, 497, 497, 497, 98, 98, 164, 164, 441, 441, 106, 481, 297, 297, 297, 297, 182, 182, 182, 182, 182, 182, 182, 182, 182, 182, 182, 426, 98, 98, 98, 98, 17, 169, 240, 240, 240, 240, 240, 240, 240, 240, 240, 240, 240, 240, 240, 240, 240, 240, 240, 240, 240, 240, 240, 240, 240, 240, 240, 240, 240, 240, 240, 240, 240, 240, 240, 240, 240, 240, 240, 240, 240, 240, 240, 240, 240, 240, 240, 240, 240, 240, 240, 240, 240, 240, 240, 240, 240, 240, 240, 240, 240, 240, 240, 240, 240, 240, 240, 240, 240, 240, 240, 240, 240, 240, 240, 240, 240, 240, 240, 240, 240, 240, 240, 240, 240, 240, 240, 240, 240, 240, 240, 240, 240]

ep335
Train step Loss: [0.4250493049621582, 0.4754990041255951, 0.44436049461364746, 0.4372490346431732, 0.450035035610199, 0.48712486028671265, 0.522766649723053, 0.5261799097061157, 0.4160744845867157, 0.4636365473270416, 0.43958786129951477, 0.5063989162445068, 0.4752989113330841, 0.43388238549232483, 0.4602297842502594, 0.5279555320739746, 0.42320770025253296, 0.4910852313041687, 0.43371719121932983, 0.45469292998313904, 0.4183080792427063, 0.4434219300746918, 0.4515230357646942, 0.4549960494041443, 0.47223618626594543, 0.4210560619831085, 0.3967123329639435, 0.4268578290939331, 0.4862562119960785, 0.42504289746284485, 0.4663727283477783, 0.47321370244026184, 0.46566063165664673, 0.4963597357273102, 0.47136080265045166, 0.47148677706718445, 0.44865843653678894, 0.4859534204006195, 0.4550856351852417, 0.4355252683162689, 0.4776972234249115, 0.4322569668292999, 0.43067097663879395, 0.44299572706222534, 0.48869067430496216, 0.48754993081092834, 0.4428408145904541, 0.4668678939342499, 0.47657376527786255, 0.45224472880363464, 0.5043545365333557, 0.4300963878631592, 0.4690847098827362, 0.49336153268814087, 0.47988566756248474, 0.46573254466056824, 0.4697932302951813, 0.4666834771633148, 0.4643751382827759, 0.45189234614372253, 0.42660918831825256, 0.4723205268383026, 0.4905282258987427]
val step Loss: [0.3916490077972412, 0.4057026207447052, 0.41714799404144287, 0.4729064404964447, 0.4118407964706421, 0.47677239775657654, 0.4566386044025421, 0.4396779239177704, 0.46188443899154663, 0.4377765357494354, 0.42586833238601685, 0.4083063304424286, 0.40339112281799316, 0.4290992319583893, 0.3621188700199127, 0.488724946975708]
Train step Accs: [0.9377043819489863, 0.9244542555800834, 0.9359683794466404, 0.9307914709071197, 0.929845904298459, 0.92732516222062, 0.9169626247251818, 0.917660702451955, 0.9373172514619883, 0.9222673282213201, 0.9379622641509434, 0.921994037760848, 0.9258434118395926, 0.9328579916815211, 0.9323360827624773, 0.9104111655978876, 0.9367649305025202, 0.9230769230769231, 0.9387904524820618, 0.932808546527973, 0.9397743300423131, 0.9324600408604735, 0.9323731997495304, 0.9310252281266774, 0.9294567712318286, 0.9417832167832167, 0.940233441147518, 0.9402922755741128, 0.9238204456094364, 0.9412468430147547, 0.925344440884332, 0.9274906367041198, 0.9273735461184744, 0.927328714395689, 0.9301279833967485, 0.9260312944523471, 0.9334296028880866, 0.9260371691383518, 0.9311536799654329, 0.9389732844421163, 0.9300970873786408, 0.9359926997783862, 0.9343333333333333, 0.9416713404374649, 0.9264935433517809, 0.9262623152709359, 0.9310445580715851, 0.9308543331284573, 0.9281437125748503, 0.9325522482583913, 0.922581683566715, 0.9378125, 0.9308185944592268, 0.9228013612753, 0.9215519682809402, 0.9294036061026353, 0.9248842394100497, 0.9299739118495126, 0.9270833333333334, 0.9286463798530955, 0.9365994236311239, 0.9279801324503312, 0.9246083550913838]
val step Accs: [0.9451502943910753, 0.9418347813282285, 0.9367541766109785, 0.9248712077847739, 0.9421060866844, 0.924126455906822, 0.9353086419753086, 0.9333535292335656, 0.923397475180782, 0.9330536912751678, 0.9368326257558214, 0.9358251057827927, 0.9393836776159837, 0.9392753623188406, 0.9568845618915159, 0.9249130938586326]
Preds: [17, 17, 321, 30, 213, 213, 152, 301, 378, 43, 43, 276, 276, 276, 346, 346, 346, 284, 405, 405, 405, 206, 206, 206, 206, 14, 14, 287, 287, 287, 287, 284, 293, 175, 251, 241, 431, 431, 319, 428, 428, 85, 146, 146, 146, 358, 186, 349, 342, 164, 224, 224, 338, 338, 275, 134, 303, 303, 303, 98, 225, 442, 169, 240, 240, 240, 240, 240, 240, 240, 240, 240, 240, 240, 240, 240, 240, 240, 240, 240, 240, 240, 240, 240, 240, 240, 240, 240, 240, 240, 240, 240, 240, 240, 240, 240, 240, 240, 240, 240, 240, 240, 240, 240, 240, 240, 240, 240, 240, 240, 240, 240, 240, 240, 240, 240, 240, 240, 240, 240, 240, 240, 240, 240, 240, 240, 240, 240, 240, 240, 240, 240, 240, 240, 240, 240, 240, 240, 240, 240, 240, 240, 240, 240, 240, 240, 240, 240, 240, 240, 240, 240, 240, 240, 240, 240, 240, 240, 240, 240, 240, 240, 240, 240, 240, 240, 240, 240, 240, 240, 240, 240, 240, 240, 240, 240, 240, 240, 240, 240, 240, 240, 240, 240, 240, 240, 240, 240, 240, 240, 240, 240, 240, 240, 240, 240, 240, 240, 240, 240, 240, 240, 240, 240, 240, 240, 240, 240, 240, 240, 240, 240, 240, 240, 240, 240, 240, 240, 240, 240, 240, 240, 240, 240, 240, 240, 240, 240, 240, 240, 240, 240, 240, 240, 240, 240, 240, 240, 240, 240, 240, 240, 240, 240, 240, 240, 240, 240, 240, 240, 240, 240, 240, 240, 240, 240, 240, 240, 240, 240, 240, 240, 240, 240, 240, 240, 240, 240, 240, 240, 240, 240, 240, 240, 240, 240, 240, 240, 240, 240, 240, 240, 240, 240, 240, 240, 240, 240, 240, 240, 240, 240, 240, 240, 240, 240, 240, 240, 240, 240, 240, 240, 240, 240, 240, 240, 240, 240, 240, 240, 240, 240, 240, 240, 240, 240, 240, 240, 240, 240, 240, 240, 240, 240, 240, 240, 240, 240, 240, 240, 240, 240, 240, 240, 240, 240, 240, 240, 240, 240, 240, 240, 240, 240, 240, 240, 240, 240, 240, 240, 240, 240, 240, 240, 240, 240, 240, 240, 240, 240, 240, 240, 240, 240, 240, 240, 240, 240, 240, 240, 240, 240, 240, 240, 240, 240, 240, 240, 240, 240, 240, 240, 240, 240, 240, 240, 240, 240, 240, 240, 240, 240, 240, 240, 240, 240, 240, 240, 240, 240, 240, 240, 240, 240, 240, 240, 240, 240, 240, 240, 240, 240, 240, 240, 240, 240, 240, 240, 240, 240, 240, 240, 240, 240, 240, 240, 240, 240, 240, 240, 240, 240, 240, 240, 240, 240, 240, 240, 240, 240, 240, 240, 240, 240, 240, 240, 240, 240, 240, 240, 240, 240, 240, 240, 240, 240, 240, 240, 240, 240, 240, 240, 240, 240, 240, 240, 240, 240, 240, 240, 240, 240, 240, 240, 240, 240, 240, 240, 240, 240, 240, 240, 240, 240, 240, 240, 240, 240, 240, 240, 240, 240, 240, 240, 240, 240, 240, 240, 240, 240, 240, 240, 240, 240, 240, 240, 240, 240, 240, 240, 240, 240, 240, 240, 240, 240, 240, 240, 240, 240, 240, 240, 240, 240, 240, 240, 240, 240, 240, 240, 240, 240, 240, 240, 240, 240, 240, 240, 240, 240, 240, 240, 240, 240, 240, 240, 240, 240, 240, 240, 240, 240, 240, 240, 240, 240, 240, 240, 240, 240, 240, 240, 240, 240, 240, 240, 240, 240, 240, 240, 240, 240, 240, 240, 240, 240, 240, 240, 240, 240, 240, 240, 240, 240, 240, 240, 240, 240, 240, 240, 240, 240, 240, 240, 240, 240, 240, 240, 240, 240]

ep336
Train step Loss: [0.4715951979160309, 0.4833140969276428, 0.4631568491458893, 0.44475048780441284, 0.47159701585769653, 0.42003247141838074, 0.4499388039112091, 0.4724818170070648, 0.478143572807312, 0.43708130717277527, 0.43112823367118835, 0.4176039695739746, 0.44229578971862793, 0.5143752694129944, 0.4325631856918335, 0.49331626296043396, 0.4238433539867401, 0.4743010103702545, 0.42116159200668335, 0.4638238847255707, 0.4427928924560547, 0.42707014083862305, 0.47882378101348877, 0.40411344170570374, 0.4317092299461365, 0.4565981328487396, 0.46298882365226746, 0.4468305706977844, 0.470919132232666, 0.43553152680397034, 0.5353966355323792, 0.43930160999298096, 0.42592909932136536, 0.4283767640590668, 0.4455776810646057, 0.4649259150028229, 0.42645564675331116, 0.5005967617034912, 0.4432421624660492, 0.4701797366142273, 0.4392716586589813, 0.49205678701400757, 0.4488322138786316, 0.5161295533180237, 0.45963653922080994, 0.44932660460472107, 0.503472089767456, 0.4277668595314026, 0.45215877890586853, 0.4538910388946533, 0.4593217968940735, 0.44872111082077026, 0.45220258831977844, 0.4263530671596527, 0.45654767751693726, 0.48081907629966736, 0.45046377182006836, 0.44483500719070435, 0.4622923731803894, 0.4609977900981903, 0.46543192863464355, 0.44555914402008057, 0.49740272760391235]
val step Loss: [0.413862019777298, 0.41616949439048767, 0.43363845348358154, 0.47446420788764954, 0.4561254382133484, 0.40416234731674194, 0.39563673734664917, 0.4299248158931732, 0.40991273522377014, 0.39567866921424866, 0.45556846261024475, 0.39734771847724915, 0.3793863356113434, 0.4628215730190277, 0.46412208676338196, 0.43520256876945496]
Train step Accs: [0.9280426413976902, 0.9221377101681345, 0.9300457127025904, 0.9400575447570333, 0.9241919118712857, 0.9439505218399691, 0.9316120027913468, 0.9310290652003143, 0.927434456928839, 0.938466068011188, 0.9361937935402154, 0.9406224406224406, 0.9320718098010674, 0.9189969604863222, 0.9353371018888735, 0.9271653543307087, 0.9341433107828248, 0.9294003868471954, 0.9393207547169812, 0.9304119481372066, 0.9358954650269024, 0.9418007531667237, 0.9242034116511104, 0.94006734006734, 0.9343379978471474, 0.9283047050037341, 0.9299756062562778, 0.9338180738982045, 0.9289645682834538, 0.9389323843416371, 0.9118608799048752, 0.9383833571542004, 0.9384524337919811, 0.9356208595209784, 0.9366863905325444, 0.93121091529278, 0.9410973641742872, 0.9175642087821044, 0.9324262345207155, 0.9303529411764706, 0.9342329765782534, 0.9256805415526429, 0.9340200029855202, 0.911984410522897, 0.931918119787718, 0.9344077356970185, 0.9246789852803007, 0.9416420921930777, 0.9327743035815804, 0.93434420015163, 0.9313037723362012, 0.935008192244675, 0.9333738971706723, 0.9412568306010929, 0.9296643950109297, 0.921957671957672, 0.9332292750607006, 0.9319252393253304, 0.9276566757493188, 0.92998585572843, 0.9298469387755102, 0.9323147983656067, 0.9273307337823467]
val step Accs: [0.937077033837293, 0.9401563610518835, 0.9351867083401876, 0.924149241492415, 0.9307702832124778, 0.9420055792101013, 0.9450534202858332, 0.9391030233557817, 0.9385685308606201, 0.9430426442378633, 0.9321766561514195, 0.943522606180545, 0.948337100419761, 0.9240086278413805, 0.9246311738293778, 0.9337513061650993]
Preds: [17, 17, 296, 217, 217, 217, 473, 473, 65, 278, 278, 278, 169, 349, 349, 234, 261, 25, 25, 284, 405, 206, 460, 167, 35, 35, 401, 320, 354, 109, 109, 286, 286, 286, 468, 468, 406, 406, 337, 337, 337, 324, 324, 252, 116, 94, 94, 398, 324, 324, 301, 116, 33, 250, 250, 106, 153, 153, 153, 182, 182, 497, 43, 43, 32, 239, 144, 208, 106, 153, 153, 387, 387, 387, 413, 348, 413, 413, 303, 303, 303, 381, 381, 381, 381, 381, 381, 381, 381, 48, 48, 48, 170, 170, 392, 63, 63, 63, 63, 63, 63, 392, 63, 63, 73, 73, 244, 321, 7, 473, 398, 213, 301, 116, 33, 381, 381, 199, 76, 468, 468, 406, 88, 88, 467, 335, 335, 14, 440, 188, 171, 171, 171, 416, 416, 416, 32, 32, 354, 354, 331, 288, 403, 403, 403, 171, 171, 171, 252, 143, 143, 259, 75, 384, 371, 106, 84, 84, 293, 43, 43, 43, 43, 364, 276, 276, 276, 153, 153, 153, 182, 182, 98, 98, 197, 414, 170, 47, 392, 392, 392, 392, 392, 392, 73, 73, 73, 320, 320, 7, 241, 431, 486, 460, 460, 215, 215, 35, 35, 354, 346, 284, 206, 240, 240, 240, 24, 384, 34, 180, 180, 486, 460, 240, 240, 348, 348, 199, 199, 302, 302, 497, 122, 122, 36, 36, 68, 68, 68, 68, 323, 395, 444, 213, 213, 213, 213, 213, 213, 252, 454, 197, 226, 80, 80, 80, 209, 209, 287, 287, 460, 460, 240, 35, 35, 35, 75, 384, 114, 240, 171, 171, 171, 416, 416, 219, 219, 219, 152, 41, 41, 324, 246, 246, 3, 3, 454, 143, 401, 401, 244, 320, 7, 196, 473, 398, 398, 464, 139, 139, 387, 387, 313, 313, 236, 239, 239, 75, 384, 395, 180, 106, 106, 387, 387, 387, 167, 98, 197, 197, 170, 170, 392, 392, 392, 392, 392, 392, 392, 244, 392, 73, 73, 244, 244, 7, 217, 473, 473, 476, 476, 171, 252, 24, 239, 310, 310, 107, 107, 213, 324, 301, 26, 26, 77, 34, 420, 324, 301, 301, 24, 24, 34, 331, 374, 132, 43, 43, 8, 239, 208, 345, 345, 387, 313, 313, 236, 24, 239, 310, 107, 107, 107, 395, 213, 213, 213, 246, 246, 246, 19, 454, 17, 301, 240, 240, 240, 240, 240, 240, 240, 240, 240, 240, 240, 240, 240, 240, 240, 240, 240, 240, 240, 240, 240, 240, 240, 240, 240, 240, 240, 240, 240, 240, 240, 240, 240, 240, 240, 240, 240, 240, 240, 240, 240, 240, 240, 240, 240, 240, 240, 240, 240, 240, 240, 240, 240, 240, 240, 240, 240, 240, 240, 240, 240, 240, 240, 240, 240, 240, 240, 240, 240, 240, 240, 240, 240, 240, 240, 240, 240, 240, 240, 240, 240, 240, 240, 240, 240, 240, 240, 240, 240, 240, 240, 240, 240, 240, 240, 240, 240, 240, 240, 240, 240, 240, 240, 240, 240, 240, 240, 240, 240, 240, 240, 240, 240, 240, 240, 240, 240, 240, 240, 240, 240, 240, 240, 240, 240, 240, 240, 240, 240, 240, 240, 240, 240, 240, 240, 240, 240, 240, 240, 240, 240, 240, 240, 240, 240, 240, 240, 240, 240, 240, 240, 240, 240, 240, 240, 240, 240, 240, 240, 240, 240, 240, 240, 240, 240, 240, 240, 240, 240, 240, 240, 240, 240, 240, 240, 240, 240, 240, 240, 240, 240, 240, 240, 240, 240, 240, 240, 240, 240, 240, 240, 240, 240, 240, 240, 240, 240, 240, 240, 240, 240, 240, 240, 240, 240, 240, 240, 240, 240, 240, 240, 240, 240, 240, 240, 240]

ep337
Train step Loss: [0.44209975004196167, 0.464303582906723, 0.4249770939350128, 0.4829889237880707, 0.4019433856010437, 0.44064009189605713, 0.42874211072921753, 0.4488378167152405, 0.3975354731082916, 0.4408665597438812, 0.446311891078949, 0.4337136447429657, 0.507692277431488, 0.4537883400917053, 0.49088799953460693, 0.45504501461982727, 0.444021999835968, 0.49644529819488525, 0.45103928446769714, 0.4594593644142151, 0.4851474463939667, 0.44243085384368896, 0.45920392870903015, 0.4848344326019287, 0.48875799775123596, 0.4083041846752167, 0.45167630910873413, 0.4717909097671509, 0.4274507164955139, 0.4742758870124817, 0.46276137232780457, 0.43883946537971497, 0.44467052817344666, 0.4207789897918701, 0.4539179503917694, 0.4775354564189911, 0.47331053018569946, 0.4584321677684784, 0.4543914496898651, 0.4881764352321625, 0.4659663736820221, 0.45315349102020264, 0.4701029658317566, 0.3749295473098755, 0.4511113166809082, 0.495733380317688, 0.4637965261936188, 0.43883445858955383, 0.44132110476493835, 0.4841049313545227, 0.4505988359451294, 0.43382441997528076, 0.4425349831581116, 0.42897188663482666, 0.4434855580329895, 0.4274539053440094, 0.45130518078804016, 0.4605264365673065, 0.4195233881473541, 0.4489559233188629, 0.43916329741477966, 0.46387597918510437, 0.4311111569404602]
val step Loss: [0.43166235089302063, 0.4536519944667816, 0.4164704978466034, 0.41912388801574707, 0.4205726981163025, 0.4416729509830475, 0.41022172570228577, 0.46556517481803894, 0.42474794387817383, 0.41252782940864563, 0.38971590995788574, 0.3886948525905609, 0.40115517377853394, 0.4192465543746948, 0.4411543309688568, 0.39206141233444214]
Train step Accs: [0.9346275752773375, 0.9254810973113143, 0.9386986301369863, 0.9254357650096837, 0.944732824427481, 0.9293537787513692, 0.9365079365079365, 0.9294831880448319, 0.943342776203966, 0.9314414161281259, 0.9359257622624835, 0.9393602568852661, 0.9173318129988598, 0.9329652996845426, 0.9224084419615146, 0.9301714815386992, 0.9382245047688922, 0.9239513288504643, 0.9365887932548744, 0.9324586253168332, 0.9283733072279328, 0.9320261437908497, 0.9343474779823859, 0.9233722131994685, 0.923587502023636, 0.9372241992882562, 0.9295365392997239, 0.9265457107627267, 0.9375423384365262, 0.9275777414075287, 0.9279374153753573, 0.9311506981222918, 0.9337691870380899, 0.9365754123448393, 0.9321486268174475, 0.924941724941725, 0.9304446978335233, 0.9310529128808124, 0.9319685690653433, 0.9206349206349206, 0.9234257805686377, 0.9304136253041363, 0.9273084479371316, 0.9455420886601361, 0.9349558163117485, 0.924090235468467, 0.9334916864608076, 0.9376210235131397, 0.9343852728468113, 0.9226600985221675, 0.9328346817279805, 0.936108701936976, 0.9324842719042504, 0.9397376332331238, 0.9353728489483748, 0.935965848452508, 0.9305703152674459, 0.9268618998067489, 0.9402564463857969, 0.9383868081298734, 0.9349025974025974, 0.9285282562707766, 0.9375506893755069]
val step Accs: [0.9320846439805548, 0.933181688939437, 0.9416266506602641, 0.9351092896174863, 0.9361932786123587, 0.9325733351869874, 0.9418970369144182, 0.9241472172351886, 0.9381772714642956, 0.941231343283582, 0.9442714819427148, 0.9478094678035872, 0.941501380868692, 0.9354149548069022, 0.9331496519721578, 0.9443882709807887]
Preds: [17, 287, 287, 175, 215, 215, 35, 288, 441, 441, 64, 29, 319, 330, 438, 219, 219, 398, 152, 152, 152, 152, 374, 468, 467, 84, 84, 355, 139, 139, 139, 203, 75, 8, 70, 65, 65, 444, 284, 481, 481, 481, 481, 293, 293, 293, 293, 293, 167, 167, 35, 35, 321, 320, 473, 280, 380, 288, 288, 288, 288, 468, 337, 337, 337, 337, 337, 330, 330, 116, 116, 33, 398, 398, 398, 398, 374, 374, 374, 374, 132, 132, 132, 132, 374, 132, 132, 132, 132, 132, 132, 132, 132, 132, 132, 132, 132, 335, 197, 197, 321, 209, 411, 411, 287, 297, 297, 481, 481, 293, 293, 8, 467, 467, 106, 106, 84, 84, 350, 426, 468, 350, 413, 413, 413, 413, 413, 413, 413, 413, 132, 381, 381, 381, 381, 381, 303, 117, 48, 48, 229, 414, 244, 247, 187, 187, 187, 80, 321, 320, 188, 188, 188, 171, 171, 171, 171, 171, 171, 171, 3, 3, 14, 14, 411, 411, 46, 145, 145, 403, 403, 120, 120, 120, 120, 120, 207, 207, 37, 37, 19, 19, 454, 454, 414, 414, 170, 170, 170, 392, 392, 244, 392, 392, 392, 244, 321, 321, 320, 219, 219, 219, 152, 152, 152, 374, 378, 378, 43, 43, 276, 276, 276, 346, 346, 297, 297, 297, 297, 297, 182, 182, 293, 293, 293, 293, 293, 335, 14, 287, 287, 145, 145, 486, 486, 460, 460, 146, 178, 178, 219, 219, 219, 464, 464, 464, 139, 139, 139, 378, 43, 43, 345, 345, 345, 345, 497, 497, 141, 122, 122, 236, 77, 310, 107, 395, 395, 395, 180, 180, 486, 486, 486, 460, 460, 460, 215, 35, 35, 29, 485, 286, 286, 286, 286, 264, 264, 264, 207, 337, 337, 324, 324, 324, 324, 422, 186, 349, 155, 155, 155, 25, 25, 100, 100, 122, 350, 413, 413, 413, 413, 413, 413, 98, 117, 229, 414, 414, 187, 187, 187, 47, 7, 7, 7, 32, 239, 54, 54, 395, 395, 470, 171, 171, 171, 171, 171, 171, 171, 246, 246, 19, 252, 239, 354, 354, 180, 180, 180, 486, 486, 376, 376, 376, 460, 460, 460, 460, 169, 35, 77, 342, 168, 213, 213, 213, 213, 213, 213, 246, 246, 422, 422, 325, 342, 342, 349, 232, 232, 232, 273, 470, 180, 180, 486, 486, 376, 376, 376, 376, 376, 376, 376, 460, 460, 460, 452, 17, 240, 240, 240, 240, 240, 240, 240, 240, 240, 240, 240, 240, 240, 240, 240, 240, 240, 240, 240, 240, 240, 240, 240, 240, 240, 240, 240, 240, 240, 240, 240, 240, 240, 240, 240, 240, 240, 240, 240, 240, 240, 240, 240, 240, 240, 240, 240, 240, 240, 240, 240, 240, 240, 240, 240, 240, 240, 240, 240, 240, 240, 240, 240, 240, 240, 240, 240, 240, 240, 240, 240, 240, 240, 240, 240, 240, 240, 240, 240, 240, 240, 240, 240, 240, 240, 240, 240, 240, 240, 240, 240, 240, 240, 240, 240, 240, 240, 240, 240, 240, 240, 240, 240, 240, 240, 240, 240, 240, 240, 240, 240, 240, 240, 240, 240, 240, 240, 240, 240, 240, 240, 240, 240, 240, 240, 240, 240, 240, 240, 240, 240, 240, 240, 240, 240, 240, 240, 240, 240, 240, 240, 240, 240, 240, 240, 240, 240, 240, 240, 240, 240, 240, 240, 240, 240, 240, 240, 240, 240, 240, 240, 240, 240, 240, 240, 240, 240, 240, 240, 240, 240, 240, 240, 240, 240, 240, 240, 240, 240, 240, 240, 240, 240, 240, 240, 240, 240, 240, 240, 240, 240, 240, 240, 240, 240, 240, 240, 240, 240, 240, 240, 240]

ep338
Train step Loss: [0.4613574147224426, 0.42934858798980713, 0.37508144974708557, 0.45298364758491516, 0.4270726442337036, 0.4455665051937103, 0.4549793601036072, 0.5184720158576965, 0.41889363527297974, 0.3957059979438782, 0.4709082841873169, 0.41542214155197144, 0.4555274248123169, 0.4921952486038208, 0.44594526290893555, 0.443841814994812, 0.511833131313324, 0.4567645788192749, 0.4545120298862457, 0.4030574858188629, 0.45261165499687195, 0.48075371980667114, 0.49086642265319824, 0.418030321598053, 0.4478982985019684, 0.46711039543151855, 0.4882923364639282, 0.43106916546821594, 0.47000741958618164, 0.42834216356277466, 0.42502328753471375, 0.4246854782104492, 0.4556586742401123, 0.4217601418495178, 0.47685205936431885, 0.42484018206596375, 0.44285348057746887, 0.41222652792930603, 0.452161580324173, 0.46118050813674927, 0.4749971926212311, 0.43129962682724, 0.4133766293525696, 0.4482156038284302, 0.3909999132156372, 0.43672728538513184, 0.42627978324890137, 0.42312872409820557, 0.4383206069469452, 0.47330591082572937, 0.4979184567928314, 0.4905405044555664, 0.4803468585014343, 0.4624182879924774, 0.4286884069442749, 0.43717044591903687, 0.44251754879951477, 0.43837130069732666, 0.432821661233902, 0.41466832160949707, 0.4837035536766052, 0.4495966136455536, 0.5202863216400146]
val step Loss: [0.42444995045661926, 0.39355722069740295, 0.4246709942817688, 0.38163381814956665, 0.418161541223526, 0.36850959062576294, 0.444675475358963, 0.4654132127761841, 0.440620094537735, 0.43105730414390564, 0.414532333612442, 0.3975859582424164, 0.4036054015159607, 0.42851337790489197, 0.46672365069389343, 0.35090380907058716]
Train step Accs: [0.9292700212615167, 0.9327956989247311, 0.9520181769580326, 0.9286941580756014, 0.9406449326718639, 0.938821268417681, 0.9331980382208692, 0.9183467741935484, 0.9388379204892966, 0.9394133469962854, 0.9276783177038932, 0.9413253202593705, 0.9303244934936584, 0.9226940426193809, 0.9327940261356565, 0.933579335793358, 0.9190510424155284, 0.9294605809128631, 0.9339169726066083, 0.9444931346771838, 0.9320542412002308, 0.9275929549902152, 0.9197829877930633, 0.9377177700348432, 0.9335347432024169, 0.9298978644382544, 0.92196826321153, 0.9361581920903955, 0.9247979214780601, 0.9401788467468394, 0.9411037891268533, 0.9377049180327869, 0.9303912647861693, 0.935820895522388, 0.9244450977509923, 0.9360236220472441, 0.9338405108001631, 0.9409966371140324, 0.9331214791275458, 0.9252126464451934, 0.9272013949433304, 0.9331035563214789, 0.9364235983876878, 0.9327235172617291, 0.9482811540822591, 0.9343965800723446, 0.9374174808555585, 0.9372582001682086, 0.930672268907563, 0.9251148959178156, 0.9153976311336718, 0.9223838128359153, 0.9275072953463369, 0.9279774046759768, 0.9431126568128183, 0.9363582793164408, 0.9373590982286635, 0.936958833358651, 0.9379884471627591, 0.9373868436934218, 0.9236641221374046, 0.9362587224906066, 0.9200705260064649]
val step Accs: [0.9352507152537268, 0.9451103241623536, 0.9391727493917275, 0.9436096049573973, 0.9382913928514185, 0.9494818652849741, 0.9320324127666612, 0.9245931013886814, 0.9325421611492817, 0.9343846051049044, 0.9400993171942893, 0.9419315403422983, 0.9360093077370564, 0.9331444029370088, 0.9297320410490307, 0.9504996514059958]
Preds: [17, 296, 345, 153, 274, 122, 122, 32, 239, 239, 384, 371, 374, 132, 132, 274, 143, 129, 259, 259, 144, 487, 374, 374, 374, 374, 313, 337, 337, 337, 285, 77, 77, 34, 324, 324, 324, 301, 10, 10, 331, 331, 153, 153, 153, 182, 387, 497, 497, 122, 8, 239, 239, 144, 27, 106, 153, 387, 387, 387, 387, 413, 413, 348, 122, 122, 195, 195, 303, 303, 195, 195, 195, 195, 195, 117, 48, 48, 197, 170, 47, 47, 392, 392, 80, 80, 73, 73, 73, 209, 287, 287, 284, 284, 481, 293, 43, 43, 276, 276, 346, 346, 284, 284, 206, 206, 206, 175, 251, 251, 251, 251, 241, 431, 431, 428, 428, 428, 146, 146, 146, 358, 358, 186, 54, 323, 323, 323, 323, 273, 106, 106, 153, 182, 182, 182, 375, 375, 98, 98, 13, 244, 170, 170, 28, 392, 63, 63, 63, 63, 63, 63, 63, 63, 63, 63, 63, 63, 63, 63, 63, 63, 63, 63, 63, 63, 63, 63, 63, 244, 392, 63, 63, 73, 73, 73, 209, 287, 287, 284, 284, 284, 293, 43, 43, 43, 276, 276, 346, 346, 284, 284, 206, 206, 175, 251, 251, 241, 431, 428, 428, 428, 146, 146, 358, 186, 54, 342, 68, 224, 273, 494, 302, 497, 399, 399, 70, 70, 65, 65, 284, 284, 319, 426, 426, 406, 406, 406, 406, 406, 413, 413, 195, 195, 195, 32, 32, 212, 219, 219, 213, 324, 301, 314, 32, 212, 217, 473, 473, 288, 403, 171, 171, 301, 416, 239, 239, 239, 354, 473, 288, 403, 171, 171, 171, 252, 314, 314, 239, 384, 34, 106, 84, 496, 497, 43, 43, 43, 276, 276, 276, 276, 153, 153, 153, 182, 497, 98, 197, 197, 197, 80, 80, 321, 209, 287, 287, 460, 460, 167, 167, 35, 35, 310, 310, 107, 395, 180, 180, 486, 450, 450, 43, 43, 43, 276, 276, 346, 346, 284, 206, 240, 175, 251, 241, 431, 428, 428, 146, 146, 146, 358, 186, 54, 342, 68, 224, 273, 494, 273, 203, 399, 217, 217, 473, 473, 278, 443, 278, 271, 150, 54, 54, 68, 68, 224, 273, 106, 302, 302, 100, 375, 375, 375, 98, 98, 13, 229, 170, 170, 47, 47, 47, 80, 80, 244, 320, 320, 188, 188, 66, 66, 10, 94, 199, 374, 374, 355, 355, 171, 416, 416, 239, 239, 354, 180, 278, 278, 178, 143, 143, 458, 144, 208, 100, 100, 497, 497, 215, 129, 129, 354, 354, 499, 319, 319, 428, 468, 151, 313, 313, 337, 337, 324, 422, 236, 143, 401, 244, 384, 114, 106, 106, 100, 387, 387, 98, 98, 82, 197, 170, 392, 392, 392, 392, 392, 392, 392, 392, 244, 73, 244, 7, 7, 7, 148, 148, 276, 276, 276, 153, 153, 387, 293, 143, 129, 35, 441, 441, 346, 346, 206, 206, 167, 167, 35, 75, 34, 180, 180, 284, 284, 206, 240, 348, 348, 195, 195, 195, 195, 381, 94, 76, 36, 66, 68, 68, 68, 68, 115, 267, 444, 213, 213, 213, 213, 246, 3, 14, 14, 145, 145, 486, 460, 460, 178, 35, 35, 75, 75, 114, 470, 278, 171, 360, 186, 186, 54, 359, 41, 41, 41, 246, 246, 246, 19, 19, 454, 229, 229, 170, 392, 392, 392, 392, 392, 392, 392, 392, 73, 73, 73, 244, 7, 309, 479, 213, 324, 301, 301, 8, 32, 354, 354, 180, 443, 443, 403, 146, 438, 438, 43, 43, 364, 276, 109, 109, 428, 428, 240, 240, 35, 35, 384, 219, 219, 324, 301, 10, 309, 479, 331, 331, 106, 106, 153, 153, 182, 182, 182]

ep339
Train step Loss: [0.43058186769485474, 0.4891042411327362, 0.39947980642318726, 0.43636423349380493, 0.43831485509872437, 0.462554395198822, 0.4175342321395874, 0.46484750509262085, 0.4559498727321625, 0.4317544102668762, 0.4789387285709381, 0.43181025981903076, 0.44007816910743713, 0.47822117805480957, 0.4512011706829071, 0.4203444719314575, 0.5056249499320984, 0.46793609857559204, 0.4348720908164978, 0.4571424722671509, 0.37788453698158264, 0.4485445022583008, 0.45048198103904724, 0.4506787657737732, 0.4807414412498474, 0.4855007231235504, 0.4222683310508728, 0.48481398820877075, 0.42867839336395264, 0.46205973625183105, 0.4534432291984558, 0.4198058247566223, 0.4041115641593933, 0.49086490273475647, 0.4131263792514801, 0.4338105618953705, 0.4687741696834564, 0.4189116656780243, 0.4133959710597992, 0.4326412081718445, 0.48141244053840637, 0.41884472966194153, 0.4078824818134308, 0.4123322367668152, 0.4245249927043915, 0.4629201889038086, 0.47447022795677185, 0.4292359948158264, 0.48229196667671204, 0.4328390955924988, 0.4174327850341797, 0.4061448574066162, 0.4443823993206024, 0.4585285782814026, 0.4247545599937439, 0.45297059416770935, 0.433928519487381, 0.45584455132484436, 0.433522492647171, 0.43768608570098877, 0.4179554581642151, 0.45546457171440125, 0.43631044030189514]
val step Loss: [0.3835392892360687, 0.3948684334754944, 0.39733245968818665, 0.3747662603855133, 0.41608744859695435, 0.4496195614337921, 0.4250125288963318, 0.3980158865451813, 0.40730687975883484, 0.4191398024559021, 0.3992832899093628, 0.4350586235523224, 0.3990595042705536, 0.4253576695919037, 0.44497519731521606, 0.4847513735294342]
Train step Accs: [0.9384590792838875, 0.9207191276156793, 0.9419568822553898, 0.9358226371061844, 0.9376737381126554, 0.9255991765916777, 0.9420701581027668, 0.9270123974157499, 0.9294252497134435, 0.937156704361874, 0.9242163279366173, 0.938220070128569, 0.9360781577110956, 0.9279528284503409, 0.9294024325753569, 0.9335610589239965, 0.9216061185468452, 0.9262117519631736, 0.9345154767459947, 0.9297427009732036, 0.9419516786946972, 0.931420972644377, 0.9278099299421261, 0.9358557973367977, 0.9289059886249582, 0.9238294898672257, 0.9390377255330782, 0.9222935923546921, 0.935633151030711, 0.9319057815845825, 0.9314148681055155, 0.9359919086837162, 0.9426691729323309, 0.9286343612334802, 0.9393763315901608, 0.9355908535521034, 0.9263140104782829, 0.9419252187748608, 0.9384402559225316, 0.9390013495276653, 0.9203980099502488, 0.9355787615825857, 0.9414789051867534, 0.9467513434294089, 0.9393553318894127, 0.9250535331905781, 0.9243196041333139, 0.9345682700926202, 0.9267785771382894, 0.9407089492926403, 0.9384197742534648, 0.9433801617709664, 0.9341784495368113, 0.930984555984556, 0.9362659698025552, 0.9259314234822621, 0.930338280518786, 0.9292911119107593, 0.9364731653888281, 0.9380561856569534, 0.940452065471551, 0.9353299761463026, 0.9298850574712644]
val step Accs: [0.9421068796068796, 0.943359375, 0.9433016199537156, 0.9476480700109392, 0.9406923579359896, 0.9297878697340902, 0.9329378810347668, 0.9439298709890837, 0.9387953818333565, 0.9382823871906841, 0.9431349440188568, 0.9325315341742446, 0.9432399879554351, 0.9370045890696704, 0.9277927002686048, 0.9192904656319291]
Preds: [17, 17, 66, 172, 172, 172, 172, 115, 267, 267, 444, 444, 301, 399, 8, 473, 65, 380, 271, 271, 186, 368, 54, 164, 164, 219, 324, 301, 301, 239, 280, 473, 470, 470, 403, 403, 403, 403, 403, 171, 171, 207, 207, 207, 207, 3, 3, 454, 197, 321, 320, 7, 152, 378, 378, 43, 345, 345, 109, 109, 319, 319, 240, 167, 167, 35, 183, 219, 219, 213, 152, 213, 213, 143, 458, 144, 280, 487, 168, 368, 368, 368, 338, 54, 54, 224, 219, 219, 324, 464, 464, 464, 180, 180, 315, 315, 282, 282, 282, 413, 203, 53, 381, 381, 381, 76, 239, 384, 384, 371, 371, 286, 286, 286, 171, 468, 468, 337, 337, 337, 246, 318, 318, 368, 453, 342, 196, 384, 384, 213, 213, 213, 213, 213, 143, 239, 354, 354, 473, 420, 213, 213, 213, 246, 246, 246, 246, 246, 246, 246, 246, 3, 143, 229, 247, 312, 126, 126, 187, 23, 149, 391, 244, 321, 287, 287, 287, 284, 284, 284, 206, 206, 293, 293, 293, 43, 43, 276, 276, 276, 297, 297, 297, 297, 182, 182, 182, 497, 497, 14, 14, 259, 411, 411, 276, 297, 297, 297, 372, 372, 372, 406, 406, 467, 467, 481, 297, 293, 43, 43, 43, 276, 276, 174, 174, 174, 319, 319, 299, 299, 299, 299, 219, 219, 219, 219, 219, 19, 152, 246, 246, 246, 246, 246, 19, 19, 454, 454, 414, 414, 225, 225, 7, 7, 7, 7, 280, 374, 374, 374, 374, 132, 132, 132, 132, 132, 132, 132, 497, 497, 122, 349, 349, 234, 261, 25, 25, 106, 106, 153, 153, 153, 182, 182, 497, 497, 497, 122, 335, 287, 284, 284, 284, 206, 206, 167, 35, 35, 441, 276, 276, 364, 148, 153, 372, 372, 406, 467, 467, 387, 387, 497, 122, 122, 359, 323, 224, 397, 494, 494, 494, 186, 186, 323, 323, 224, 397, 273, 106, 153, 153, 153, 413, 53, 413, 413, 275, 413, 413, 381, 381, 303, 48, 229, 229, 229, 312, 312, 187, 187, 187, 23, 23, 391, 391, 244, 321, 321, 321, 287, 287, 287, 284, 284, 206, 206, 206, 167, 169, 35, 310, 323, 323, 395, 397, 106, 153, 153, 153, 406, 346, 346, 405, 405, 405, 206, 206, 206, 35, 35, 35, 441, 441, 441, 148, 153, 148, 148, 153, 372, 372, 406, 406, 467, 499, 499, 182, 182, 182, 182, 375, 375, 98, 98, 98, 414, 414, 414, 187, 187, 47, 80, 7, 320, 7, 219, 219, 152, 152, 152, 301, 301, 378, 43, 345, 345, 153, 153, 153, 497, 497, 122, 458, 183, 445, 445, 219, 219, 485, 374, 374, 374, 406, 406, 132, 132, 313, 313, 219, 219, 219, 219, 371, 395, 286, 286, 286, 264, 264, 120, 120, 120, 120, 37, 37, 385, 385, 414, 414, 414, 414, 414, 249, 249, 47, 244, 244, 244, 244, 321, 321, 287, 287, 287, 287, 284, 284, 206, 206, 167, 35, 35, 310, 36, 449, 106, 106, 106, 284, 405, 405, 405, 405, 206, 206, 206, 35, 35, 35, 441, 441, 148, 148, 148, 148, 88, 88, 88, 406, 406, 406, 467, 467, 499, 182, 182, 182, 182, 375, 375, 98, 98, 98, 17, 169, 240, 240, 240, 240, 240, 240, 240, 240, 240, 240, 240, 240, 240, 240, 240, 240, 240, 240, 240, 240, 240, 240, 240, 240, 240, 240, 240, 240, 240, 240, 240, 240, 240, 240, 240, 240, 240, 240, 240, 240, 240, 240, 240, 240, 240, 240, 240, 240, 240, 240, 240, 240, 240, 240, 240, 240, 240, 240, 240, 240, 240, 240, 240, 240, 240]

ep340
Train step Loss: [0.4952981472015381, 0.41564294695854187, 0.4386062026023865, 0.4490518867969513, 0.4190513491630554, 0.43422931432724, 0.47384727001190186, 0.418226033449173, 0.45971035957336426, 0.408802330493927, 0.44233936071395874, 0.4498959481716156, 0.4630102813243866, 0.4316219091415405, 0.46213841438293457, 0.42998480796813965, 0.41675660014152527, 0.4731570780277252, 0.4612959027290344, 0.5087359547615051, 0.45555296540260315, 0.4355667233467102, 0.42490723729133606, 0.4232815206050873, 0.4357459843158722, 0.3955160975456238, 0.41557300090789795, 0.4737403094768524, 0.43859294056892395, 0.43697547912597656, 0.42148062586784363, 0.4054831862449646, 0.49000537395477295, 0.4942176938056946, 0.47147589921951294, 0.45077165961265564, 0.45851948857307434, 0.4188620150089264, 0.445727676153183, 0.4241982102394104, 0.4137096703052521, 0.4329935312271118, 0.45880579948425293, 0.4627414643764496, 0.3982621729373932, 0.44766300916671753, 0.43062302470207214, 0.40435588359832764, 0.4011438488960266, 0.39962202310562134, 0.4766932725906372, 0.4588960111141205, 0.44906145334243774, 0.4239940643310547, 0.42728471755981445, 0.4078410565853119, 0.4159854054450989, 0.4429861903190613, 0.47513890266418457, 0.44046056270599365, 0.4189525842666626, 0.4340250492095947, 0.42034655809402466]
val step Loss: [0.3693888485431671, 0.3911207914352417, 0.4092770516872406, 0.39739683270454407, 0.3763422966003418, 0.41330966353416443, 0.40460318326950073, 0.4004967510700226, 0.3823882043361664, 0.4455908238887787, 0.45514458417892456, 0.4610070586204529, 0.4277341961860657, 0.4190690815448761, 0.4260370135307312, 0.36509305238723755]
Train step Accs: [0.9202842576857717, 0.9375828253379274, 0.9329796146327841, 0.9304245283018868, 0.9400921658986175, 0.9362442651479196, 0.9288947291575412, 0.939657591916924, 0.9274308300395256, 0.9393665158371041, 0.9279450453083894, 0.9290302365658781, 0.9298591549295775, 0.935086155674391, 0.9240704500978474, 0.9393214766103721, 0.9427299703264095, 0.9313134284453596, 0.9306976034193253, 0.9186267071320182, 0.9305108967488389, 0.9388061740199426, 0.9371783227369058, 0.9352452830188679, 0.9341236240474174, 0.9415844636251541, 0.9400676655389076, 0.9279648609077599, 0.934855403348554, 0.9363437727603787, 0.9425170561765133, 0.9436904418134565, 0.9245605848498989, 0.9146232325040272, 0.9247648902821317, 0.9295126210509604, 0.924349404881985, 0.9369225868110863, 0.9376424031658472, 0.9371811689258126, 0.9399318630087861, 0.9363764264498984, 0.9282467532467532, 0.9299669371806433, 0.9432037496553626, 0.9335448321923526, 0.9375, 0.9446178905931858, 0.9413641802951735, 0.9426616712819678, 0.9279723729649728, 0.9263157894736842, 0.9312278630460449, 0.9398264223722276, 0.940175038964153, 0.9445579621304999, 0.9413199794555727, 0.9302521008403362, 0.9247082031892159, 0.9321231254932912, 0.9389658483061308, 0.9369323915237134, 0.9426321709786277]
val step Accs: [0.9510118856408609, 0.9411528687976461, 0.9412689339811374, 0.9408905613044841, 0.9474209176403534, 0.9391568883094307, 0.9401937854994988, 0.9401884473576403, 0.943988684582744, 0.9347588574996099, 0.9314503816793893, 0.9294006903043615, 0.940018870467718, 0.9369220151828848, 0.9355957767722474, 0.9488169966199903]
Preds: [17, 17, 287, 287, 111, 111, 111, 111, 468, 406, 406, 337, 337, 337, 324, 464, 464, 464, 180, 315, 315, 315, 450, 450, 293, 43, 276, 276, 174, 174, 174, 319, 299, 299, 299, 434, 434, 324, 219, 219, 219, 219, 152, 152, 152, 422, 143, 129, 129, 401, 354, 354, 437, 428, 428, 240, 240, 24, 325, 34, 34, 355, 355, 282, 282, 282, 388, 303, 117, 117, 309, 309, 398, 398, 290, 76, 129, 129, 401, 208, 208, 441, 441, 148, 387, 387, 387, 240, 236, 314, 239, 380, 34, 106, 106, 426, 426, 426, 348, 388, 381, 303, 335, 335, 226, 226, 411, 287, 155, 313, 416, 416, 239, 144, 208, 208, 153, 153, 153, 387, 387, 372, 372, 406, 406, 467, 337, 337, 464, 464, 464, 355, 355, 355, 240, 385, 36, 36, 108, 68, 172, 115, 115, 470, 278, 464, 464, 464, 443, 169, 169, 349, 349, 234, 261, 25, 106, 106, 284, 284, 315, 450, 450, 293, 43, 43, 43, 276, 346, 346, 428, 428, 428, 146, 358, 454, 225, 225, 170, 170, 20, 170, 170, 20, 28, 47, 2, 20, 2, 20, 2, 2, 2, 20, 2, 2, 73, 73, 73, 289, 412, 83, 55, 55, 240, 314, 36, 77, 232, 172, 172, 115, 273, 470, 443, 443, 171, 252, 416, 8, 8, 354, 354, 420, 464, 264, 264, 468, 468, 406, 406, 199, 199, 134, 134, 98, 76, 129, 239, 458, 75, 208, 208, 100, 100, 100, 375, 98, 98, 98, 98, 13, 13, 13, 170, 47, 47, 47, 20, 47, 80, 80, 80, 320, 320, 7, 213, 213, 213, 422, 416, 32, 32, 32, 354, 354, 180, 180, 355, 355, 355, 355, 263, 263, 13, 78, 170, 170, 47, 47, 47, 20, 47, 47, 47, 47, 47, 20, 80, 73, 320, 320, 345, 345, 153, 153, 43, 43, 8, 32, 239, 208, 345, 153, 387, 387, 235, 236, 314, 239, 239, 310, 107, 107, 107, 107, 400, 213, 213, 213, 19, 48, 48, 414, 414, 414, 20, 80, 80, 80, 80, 209, 83, 83, 55, 240, 236, 36, 77, 66, 172, 172, 115, 273, 267, 448, 464, 464, 464, 264, 443, 169, 169, 349, 349, 234, 261, 25, 106, 284, 284, 315, 206, 450, 293, 43, 43, 276, 346, 346, 428, 428, 146, 146, 358, 454, 233, 197, 414, 170, 170, 20, 47, 47, 47, 20, 47, 47, 20, 47, 47, 80, 20, 73, 73, 20, 320, 7, 188, 188, 188, 360, 339, 94, 94, 479, 398, 374, 132, 132, 132, 236, 32, 239, 239, 310, 107, 107, 395, 395, 278, 360, 360, 360, 339, 339, 33, 381, 398, 398, 324, 324, 422, 143, 129, 401, 401, 259, 74, 74, 420, 213, 213, 324, 286, 464, 464, 464, 264, 330, 399, 217, 217, 473, 473, 65, 476, 171, 171, 240, 314, 314, 314, 401, 401, 75, 75, 108, 371, 371, 485, 286, 286, 464, 464, 180, 486, 486, 315, 85, 282, 282, 406, 42, 42, 303, 303, 303, 250, 250, 250, 70, 276, 276, 174, 174, 282, 282, 282, 303, 48, 48, 13, 170, 170, 170, 47, 47, 47, 187, 47, 47, 47, 47, 28, 63, 20, 73, 73, 73, 320, 7, 7, 309, 309, 398, 398, 398, 324, 246, 464, 464, 464, 464, 324, 252, 236, 24, 239, 239, 310, 107, 107, 395, 395, 213, 213, 301, 26, 251, 241, 241, 431, 486, 376, 376, 355, 452, 263, 17, 169, 240, 240, 240, 240, 240, 240, 240, 240, 240, 240, 240, 240, 240, 240, 240, 240, 240, 240, 240, 240, 240, 240, 240, 240, 240, 240, 240, 240, 240]

ep341
Train step Loss: [0.4544677436351776, 0.42126527428627014, 0.4310091733932495, 0.40668895840644836, 0.4358527362346649, 0.42057037353515625, 0.43718424439430237, 0.39771759510040283, 0.3984118103981018, 0.4676627218723297, 0.4395606219768524, 0.4279753565788269, 0.46354004740715027, 0.42367488145828247, 0.4392912983894348, 0.3717571794986725, 0.4708144962787628, 0.4246009886264801, 0.42218470573425293, 0.45671725273132324, 0.4707527458667755, 0.4774740934371948, 0.4482066333293915, 0.4660271406173706, 0.4330209195613861, 0.4419460594654083, 0.4434441328048706, 0.4874284863471985, 0.39637795090675354, 0.41585773229599, 0.4747547209262848, 0.4412928819656372, 0.4783267378807068, 0.4202703833580017, 0.4272708296775818, 0.4257858693599701, 0.3800482451915741, 0.38170918822288513, 0.3996196389198303, 0.44639942049980164, 0.403253436088562, 0.437588632106781, 0.4455292820930481, 0.45001477003097534, 0.41728588938713074, 0.44807982444763184, 0.4369432032108307, 0.42711299657821655, 0.42180588841438293, 0.45052263140678406, 0.46172651648521423, 0.4694456160068512, 0.4285029172897339, 0.44758790731430054, 0.44297951459884644, 0.4269559979438782, 0.44210490584373474, 0.38668525218963623, 0.43250754475593567, 0.40877529978752136, 0.4529556632041931, 0.4480973482131958, 0.4269457459449768]
val step Loss: [0.41227713227272034, 0.40086424350738525, 0.39793771505355835, 0.42242464423179626, 0.39839863777160645, 0.4097444415092468, 0.3469865620136261, 0.4669641852378845, 0.38162854313850403, 0.445024311542511, 0.39920565485954285, 0.4238377809524536, 0.386249840259552, 0.3956558108329773, 0.339432030916214, 0.4896656274795532]
Train step Accs: [0.9332044296009844, 0.9389273356401384, 0.938002773925104, 0.942321768408725, 0.935621612744293, 0.9362602100350058, 0.9354884047786367, 0.9434273461982516, 0.9450708762886598, 0.9280511372082652, 0.9313369251973437, 0.9380987472365512, 0.9297480620155039, 0.9415642259041511, 0.931853381517811, 0.9522734601741374, 0.9290843806104129, 0.9376262626262626, 0.9365540437242011, 0.9269364862816432, 0.9293100787158513, 0.9273449920508744, 0.9337841645533953, 0.9312950272359867, 0.9340598703269416, 0.9344756682659355, 0.9336384439359268, 0.9170911645880906, 0.9405087527352297, 0.9367541766109785, 0.9243139757498404, 0.9346057571964956, 0.9258204334365325, 0.9386413440467495, 0.937547834073167, 0.9374541183379826, 0.9458697490837328, 0.9481017067223964, 0.9385031559963931, 0.9355670103092784, 0.9445359692476661, 0.9313186813186813, 0.9328069360582133, 0.9318792476687213, 0.9403416557161629, 0.9331815964883758, 0.9333219935363157, 0.936264548309625, 0.9340109981669722, 0.933297277807824, 0.9289845758354756, 0.9298682284040996, 0.9367663171075286, 0.9290382819794585, 0.9315068493150684, 0.9409238969499556, 0.9387204318145738, 0.9433181039406053, 0.9371537122051606, 0.9416025350837482, 0.9324907521578298, 0.9335465035451133, 0.9403567447045708]
val step Accs: [0.9382323159265152, 0.9405788177339901, 0.9451655242817558, 0.9364553531094715, 0.93984375, 0.9375979112271541, 0.9545602605863193, 0.9280252659574468, 0.9485918641037103, 0.9287345075016308, 0.9339059542873781, 0.9380005166623612, 0.9473606168446026, 0.941421504816454, 0.9558549519850938, 0.9215074411905905]
Preds: [17, 17, 320, 451, 213, 213, 213, 213, 213, 213, 19, 213, 213, 213, 286, 286, 374, 374, 139, 84, 84, 84, 84, 84, 16, 43, 43, 43, 276, 276, 174, 174, 174, 319, 319, 348, 348, 94, 331, 331, 284, 428, 428, 428, 146, 146, 438, 438, 186, 150, 54, 168, 168, 431, 106, 302, 424, 497, 497, 497, 122, 8, 219, 219, 219, 219, 213, 213, 213, 422, 143, 239, 445, 445, 213, 213, 213, 213, 213, 213, 213, 422, 239, 310, 384, 371, 371, 395, 286, 286, 286, 286, 264, 139, 139, 139, 139, 293, 293, 497, 497, 497, 497, 43, 364, 276, 153, 153, 153, 153, 153, 387, 387, 387, 182, 250, 250, 250, 250, 250, 250, 250, 303, 303, 303, 303, 303, 381, 117, 98, 48, 13, 414, 187, 187, 187, 391, 244, 321, 412, 287, 287, 287, 284, 284, 206, 206, 206, 167, 167, 35, 35, 77, 342, 68, 172, 115, 267, 267, 444, 213, 213, 213, 213, 246, 246, 246, 3, 3, 303, 226, 14, 287, 287, 287, 284, 284, 284, 284, 284, 284, 284, 405, 206, 206, 206, 206, 206, 285, 285, 285, 285, 139, 106, 106, 106, 153, 372, 406, 406, 406, 406, 467, 337, 337, 41, 41, 246, 246, 246, 434, 434, 19, 19, 19, 454, 454, 454, 414, 414, 414, 47, 244, 392, 392, 392, 244, 321, 287, 287, 287, 287, 284, 284, 206, 206, 167, 167, 35, 449, 449, 371, 219, 485, 485, 464, 139, 139, 139, 293, 293, 293, 497, 497, 43, 364, 208, 441, 153, 153, 153, 153, 153, 387, 387, 387, 387, 413, 413, 413, 250, 250, 250, 250, 250, 381, 381, 275, 381, 303, 303, 303, 303, 303, 48, 48, 414, 414, 414, 170, 244, 392, 392, 392, 244, 321, 321, 287, 287, 287, 287, 284, 284, 206, 206, 240, 167, 35, 35, 77, 54, 168, 444, 444, 324, 324, 434, 434, 301, 399, 217, 473, 331, 331, 264, 264, 264, 264, 264, 290, 290, 337, 337, 337, 434, 434, 434, 339, 212, 310, 384, 371, 485, 301, 301, 374, 251, 241, 241, 431, 106, 284, 284, 284, 405, 405, 206, 206, 206, 167, 285, 35, 285, 81, 139, 139, 77, 151, 151, 406, 406, 406, 406, 467, 337, 337, 41, 41, 246, 246, 246, 246, 19, 19, 19, 454, 454, 229, 414, 414, 187, 187, 187, 187, 320, 321, 320, 7, 125, 106, 106, 284, 284, 405, 206, 206, 167, 167, 35, 35, 449, 371, 395, 395, 180, 180, 139, 284, 284, 450, 450, 450, 293, 43, 43, 276, 345, 109, 109, 403, 403, 403, 207, 207, 252, 301, 416, 8, 280, 280, 34, 288, 288, 288, 171, 171, 360, 328, 162, 339, 94, 199, 199, 84, 84, 84, 84, 43, 43, 43, 276, 276, 276, 276, 182, 182, 182, 182, 182, 182, 375, 98, 98, 414, 414, 414, 187, 187, 244, 244, 321, 287, 287, 287, 287, 284, 206, 206, 167, 35, 35, 449, 449, 168, 219, 213, 324, 324, 324, 464, 464, 14, 14, 284, 284, 284, 405, 206, 206, 169, 169, 150, 436, 436, 436, 338, 395, 280, 374, 378, 43, 345, 473, 288, 337, 374, 286, 286, 286, 286, 464, 285, 180, 180, 106, 284, 284, 284, 405, 405, 206, 206, 206, 167, 167, 35, 35, 414, 414, 414, 80, 80, 80, 244, 321, 321, 412, 188, 188, 66, 443, 178, 271, 150, 31, 162, 54, 172, 224, 273, 470, 470, 278, 278, 271, 271, 271, 31, 31, 162, 172, 172, 172, 115, 273, 273, 470, 470, 286, 286, 264, 264, 120, 120, 120, 120, 120, 37, 385, 385]

ep342
Train step Loss: [0.43795737624168396, 0.43317022919654846, 0.4374653697013855, 0.4386901557445526, 0.4094007611274719, 0.39758825302124023, 0.40248963236808777, 0.44199609756469727, 0.43055906891822815, 0.42027798295021057, 0.4441865384578705, 0.4211970269680023, 0.44943514466285706, 0.41328349709510803, 0.4382711350917816, 0.4370311200618744, 0.4214891791343689, 0.4193601608276367, 0.48019418120384216, 0.4614725112915039, 0.45493024587631226, 0.40022939443588257, 0.44369956851005554, 0.4055434763431549, 0.4300073981285095, 0.46996942162513733, 0.440056711435318, 0.43036535382270813, 0.4216594099998474, 0.42618799209594727, 0.4303986132144928, 0.38783854246139526, 0.40803036093711853, 0.4375687539577484, 0.4341732859611511, 0.4330456852912903, 0.413558691740036, 0.47592926025390625, 0.42678895592689514, 0.40735697746276855, 0.4437333643436432, 0.37507665157318115, 0.4575231373310089, 0.442136287689209, 0.4376201629638672, 0.4091893136501312, 0.4330618977546692, 0.44028791785240173, 0.43469250202178955, 0.43752890825271606, 0.44643938541412354, 0.4374680519104004, 0.3477511703968048, 0.4643542170524597, 0.4355897307395935, 0.5037639737129211, 0.424964964389801, 0.450832337141037, 0.38897669315338135, 0.4188571572303772, 0.40863025188446045, 0.4518551528453827, 0.49699530005455017]
val step Loss: [0.38720372319221497, 0.3866358697414398, 0.40819093585014343, 0.4126928746700287, 0.4117060601711273, 0.4111575484275818, 0.3916501998901367, 0.4237212836742401, 0.40325799584388733, 0.3748987019062042, 0.47002890706062317, 0.41242367029190063, 0.3926067352294922, 0.4011448323726654, 0.3329916298389435, 0.39355191588401794]
Train step Accs: [0.9358797361558521, 0.9324894514767933, 0.934406912804399, 0.9325812516787537, 0.9462761066596611, 0.9412525879917184, 0.9383195726080622, 0.9325796785616998, 0.9354008860940403, 0.9379289764249478, 0.9331947331947332, 0.934564065070371, 0.929679715302491, 0.9391408114558473, 0.9303482587064676, 0.9311228576005126, 0.9382095361660721, 0.9394024015638089, 0.9247860434496379, 0.9318836405529954, 0.930665262418817, 0.9393790044356826, 0.9374911410347272, 0.939762443438914, 0.9352232891327541, 0.9256444150693985, 0.937351038474634, 0.93419740777667, 0.9315013938669853, 0.9373970345963756, 0.9387096774193548, 0.9468040073373784, 0.94362292051756, 0.9368711233631978, 0.9306184012066365, 0.9375466533963672, 0.9431613884663256, 0.9188751770180053, 0.9373190257196389, 0.9417047957973225, 0.9279377431906615, 0.9476635514018692, 0.927941421201531, 0.9305576431684954, 0.9330480397570403, 0.9374788207387327, 0.9353713241402226, 0.9326210580734103, 0.9362651370299554, 0.9318116151401329, 0.931963624115864, 0.932656023222061, 0.9508813965428718, 0.9280669631179702, 0.9338200285668942, 0.9199830651989839, 0.9397355601948504, 0.92836820083682, 0.9445603576751118, 0.9396916565900847, 0.9391480730223124, 0.9314586994727593, 0.9194953439471313]
val step Accs: [0.9394425798920181, 0.9436437013548573, 0.9381983721892675, 0.9376172021502688, 0.9370814732142857, 0.9394301059227211, 0.9468903940886699, 0.9369765791341377, 0.9436045524036012, 0.9457710676321059, 0.9265607580824972, 0.9393748424502143, 0.9456329735034348, 0.9441649082941082, 0.9560923731388635, 0.9395742732890822]
Preds: [17, 7, 219, 152, 152, 378, 43, 43, 276, 345, 346, 346, 346, 319, 443, 240, 240, 285, 285, 426, 431, 284, 284, 428, 428, 428, 428, 146, 146, 146, 324, 324, 219, 219, 324, 286, 171, 171, 171, 171, 171, 171, 171, 171, 171, 246, 246, 246, 246, 246, 246, 246, 219, 219, 219, 219, 152, 152, 301, 301, 378, 8, 259, 354, 287, 284, 284, 111, 85, 146, 240, 240, 285, 285, 34, 84, 84, 84, 84, 16, 16, 293, 497, 43, 43, 43, 364, 276, 276, 364, 153, 153, 387, 387, 387, 372, 372, 372, 406, 406, 467, 467, 337, 299, 3, 335, 14, 440, 440, 83, 400, 400, 150, 271, 150, 77, 342, 68, 68, 115, 115, 267, 448, 108, 120, 464, 464, 171, 171, 171, 171, 422, 349, 349, 234, 261, 25, 25, 106, 284, 284, 405, 405, 206, 206, 293, 175, 175, 175, 431, 431, 355, 355, 85, 85, 452, 452, 263, 229, 229, 229, 321, 312, 126, 126, 292, 1, 326, 408, 408, 408, 391, 244, 244, 373, 66, 66, 66, 172, 115, 115, 273, 273, 470, 443, 443, 460, 169, 169, 35, 35, 100, 100, 100, 497, 497, 497, 497, 313, 186, 232, 232, 172, 115, 273, 273, 470, 470, 278, 278, 403, 403, 290, 330, 168, 168, 164, 164, 164, 338, 275, 275, 10, 10, 10, 398, 398, 398, 398, 398, 398, 374, 374, 301, 173, 8, 43, 345, 346, 346, 346, 319, 428, 428, 85, 146, 169, 150, 150, 164, 54, 224, 219, 301, 301, 43, 345, 109, 346, 284, 319, 319, 206, 167, 167, 35, 35, 310, 310, 107, 107, 400, 485, 485, 374, 374, 374, 42, 42, 147, 29, 29, 29, 29, 29, 129, 129, 401, 259, 75, 188, 188, 213, 213, 171, 171, 252, 422, 99, 99, 338, 338, 338, 436, 436, 338, 338, 338, 298, 298, 173, 275, 355, 442, 169, 240, 240, 240, 240, 240, 240, 240, 240, 240, 240, 240, 240, 240, 240, 240, 240, 240, 240, 240, 240, 240, 240, 240, 240, 240, 240, 240, 240, 240, 240, 240, 240, 240, 240, 240, 240, 240, 240, 240, 240, 240, 240, 240, 240, 240, 240, 240, 240, 240, 240, 240, 240, 240, 240, 240, 240, 240, 240, 240, 240, 240, 240, 240, 240, 240, 240, 240, 240, 240, 240, 240, 240, 240, 240, 240, 240, 240, 240, 240, 240, 240, 240, 240, 240, 240, 240, 240, 240, 240, 240, 240, 240, 240, 240, 240, 240, 240, 240, 240, 240, 240, 240, 240, 240, 240, 240, 240, 240, 240, 240, 240, 240, 240, 240, 240, 240, 240, 240, 240, 240, 240, 240, 240, 240, 240, 240, 240, 240, 240, 240, 240, 240, 240, 240, 240, 240, 240, 240, 240, 240, 240, 240, 240, 240, 240, 240, 240, 240, 240, 240, 240, 240, 240, 240, 240, 240, 240, 240, 240, 240, 240, 240, 240, 240, 240, 240, 240, 240, 240, 240, 240, 240, 240, 240, 240, 240, 240, 240, 240, 240, 240, 240, 240, 240, 240, 240, 240, 240, 240, 240, 240, 240, 240, 240, 240, 240, 240, 240, 240, 240, 240, 240, 240, 240, 240, 240, 240, 240, 240, 240, 240, 240, 240, 240, 240, 240, 240, 240, 240, 240, 240, 240, 240, 240, 240, 240, 240, 240, 240, 240, 240, 240, 240, 240, 240, 240, 240, 240, 240, 240, 240, 240, 240, 240, 240, 240, 240, 240, 240, 240, 240, 240, 240, 240, 240, 240, 240, 240, 240, 240, 240, 240, 240, 240, 240, 240, 240, 240, 240, 240, 240, 240, 240, 240, 240, 240, 240, 240, 240, 240, 240, 240, 240, 240, 240]

ep343
Train step Loss: [0.45911523699760437, 0.38950103521347046, 0.4027717411518097, 0.4246375858783722, 0.4164898097515106, 0.4392637610435486, 0.4663688838481903, 0.4081026017665863, 0.3891541361808777, 0.3674449622631073, 0.4325820207595825, 0.42132776975631714, 0.4365452229976654, 0.42293426394462585, 0.4053927958011627, 0.4275389611721039, 0.40751609206199646, 0.43680956959724426, 0.44561970233917236, 0.4665246903896332, 0.3807011842727661, 0.4267546236515045, 0.3880888819694519, 0.453139990568161, 0.44684547185897827, 0.38817739486694336, 0.38640251755714417, 0.4604204595088959, 0.41675207018852234, 0.4344765543937683, 0.4290259778499603, 0.42664140462875366, 0.4118281304836273, 0.4320412874221802, 0.4553699791431427, 0.4810171127319336, 0.44137099385261536, 0.4721013009548187, 0.4497694671154022, 0.4715427756309509, 0.5167174935340881, 0.42142441868782043, 0.4181607663631439, 0.4317641258239746, 0.4198438823223114, 0.4296342134475708, 0.4285811483860016, 0.43367016315460205, 0.4175705909729004, 0.4090096056461334, 0.4995041489601135, 0.4090319275856018, 0.406222939491272, 0.37898722290992737, 0.47336670756340027, 0.4208531677722931, 0.4197729825973511, 0.41836974024772644, 0.4116894602775574, 0.39364489912986755, 0.4260721206665039, 0.39399972558021545, 0.4348180294036865]
val step Loss: [0.35017111897468567, 0.4403248131275177, 0.3773386776447296, 0.3962688446044922, 0.38354480266571045, 0.424455463886261, 0.41441062092781067, 0.3988337218761444, 0.38606321811676025, 0.41174226999282837, 0.4268704354763031, 0.35654494166374207, 0.40134936571121216, 0.40475159883499146, 0.34285128116607666, 0.44070470333099365]
Train step Accs: [0.9312989295414603, 0.9434571890145396, 0.9403780068728522, 0.9423404981235073, 0.9428712545274942, 0.9333874898456539, 0.9243502475247525, 0.9401933475339996, 0.9437309901993917, 0.9472645234066553, 0.9394238683127571, 0.935386386530436, 0.9380398047315058, 0.9386747371774451, 0.937648927720413, 0.935676285668225, 0.9440253470126735, 0.9383318544809228, 0.930378726833199, 0.928329843775165, 0.9468202619536058, 0.9341341611553516, 0.9435761175367302, 0.9299743808710503, 0.9274639101764391, 0.942716049382716, 0.9474445515911283, 0.9235705119064594, 0.9362136914319078, 0.9362346564642117, 0.9331430900937627, 0.9366017246885979, 0.9395850622406638, 0.93581653070648, 0.9308742784738843, 0.9238571428571428, 0.9335981838819524, 0.9277001944493548, 0.9322084073416222, 0.9273428232502966, 0.9167318829237753, 0.932058777057987, 0.9327040194884287, 0.9373200067762155, 0.9404013177598083, 0.9367792135612061, 0.9371167831170683, 0.9364399802404083, 0.937121012391247, 0.9383970327366554, 0.922225947033188, 0.9397983813715746, 0.9411764705882353, 0.9511019283746557, 0.9263074484944532, 0.9396910279263221, 0.9413841807909604, 0.9388717042274267, 0.9380841121495327, 0.9417592716561789, 0.9322621298046628, 0.943078913324709, 0.9358938933407018]
val step Accs: [0.9545065601825442, 0.9342035632386664, 0.9461394769613948, 0.9450816823079596, 0.9432528289140348, 0.9336550060313631, 0.9370384278382776, 0.9402776009168471, 0.9485179407176287, 0.9420713867758923, 0.9339533629869254, 0.9511846988295747, 0.9380967046504466, 0.9423744868961162, 0.9549976314542871, 0.93139482053612]
Preds: [17, 17, 287, 145, 486, 460, 460, 169, 169, 349, 234, 234, 234, 155, 25, 25, 148, 261, 387, 319, 348, 348, 348, 473, 81, 360, 324, 324, 324, 324, 301, 378, 14, 106, 106, 284, 319, 428, 85, 376, 376, 376, 376, 376, 460, 460, 460, 282, 150, 342, 342, 342, 168, 26, 34, 34, 127, 114, 180, 486, 486, 315, 113, 450, 450, 203, 348, 53, 70, 65, 65, 297, 297, 297, 297, 293, 293, 293, 98, 98, 35, 35, 197, 197, 80, 320, 321, 7, 7, 7, 398, 360, 360, 360, 464, 464, 464, 464, 486, 486, 460, 460, 460, 215, 35, 259, 29, 100, 100, 497, 497, 43, 43, 276, 100, 100, 100, 497, 497, 497, 98, 259, 441, 437, 437, 29, 319, 319, 319, 348, 348, 348, 479, 331, 331, 331, 84, 84, 426, 426, 426, 206, 98, 98, 35, 35, 229, 247, 312, 312, 187, 23, 23, 408, 149, 228, 320, 320, 7, 7, 219, 219, 152, 152, 374, 374, 374, 374, 212, 186, 31, 99, 54, 338, 400, 400, 400, 324, 434, 434, 339, 10, 10, 398, 398, 398, 398, 213, 213, 374, 301, 374, 325, 374, 374, 374, 374, 374, 132, 132, 132, 132, 98, 98, 98, 98, 414, 414, 414, 170, 244, 244, 392, 392, 392, 392, 392, 392, 392, 392, 392, 244, 321, 320, 320, 7, 7, 7, 127, 127, 371, 371, 443, 443, 443, 460, 460, 240, 240, 216, 139, 139, 139, 77, 77, 77, 313, 406, 313, 313, 337, 337, 213, 213, 213, 246, 246, 246, 246, 422, 422, 239, 259, 354, 354, 420, 286, 286, 286, 286, 286, 286, 264, 264, 264, 468, 468, 468, 337, 337, 337, 171, 171, 171, 171, 171, 246, 246, 246, 246, 246, 3, 325, 183, 398, 286, 286, 286, 286, 286, 264, 139, 139, 139, 378, 43, 43, 43, 345, 345, 288, 288, 288, 162, 162, 323, 54, 115, 273, 106, 106, 106, 426, 426, 426, 426, 426, 375, 375, 17, 240, 240, 240, 240, 240, 240, 240, 240, 240, 240, 240, 240, 240, 240, 240, 240, 240, 240, 240, 240, 240, 240, 240, 240, 240, 240, 240, 240, 240, 240, 240, 240, 240, 240, 240, 240, 240, 240, 240, 240, 240, 240, 240, 240, 240, 240, 240, 240, 240, 240, 240, 240, 240, 240, 240, 240, 240, 240, 240, 240, 240, 240, 240, 240, 240, 240, 240, 240, 240, 240, 240, 240, 240, 240, 240, 240, 240, 240, 240, 240, 240, 240, 240, 240, 240, 240, 240, 240, 240, 240, 240, 240, 240, 240, 240, 240, 240, 240, 240, 240, 240, 240, 240, 240, 240, 240, 240, 240, 240, 240, 240, 240, 240, 240, 240, 240, 240, 240, 240, 240, 240, 240, 240, 240, 240, 240, 240, 240, 240, 240, 240, 240, 240, 240, 240, 240, 240, 240, 240, 240, 240, 240, 240, 240, 240, 240, 240, 240, 240, 240, 240, 240, 240, 240, 240, 240, 240, 240, 240, 240, 240, 240, 240, 240, 240, 240, 240, 240, 240, 240, 240, 240, 240, 240, 240, 240, 240, 240, 240, 240, 240, 240, 240, 240, 240, 240, 240, 240, 240, 240, 240, 240, 240, 240, 240, 240, 240, 240, 240, 240, 240, 240, 240, 240, 240, 240, 240, 240, 240, 240, 240, 240, 240, 240, 240, 240, 240, 240, 240, 240, 240, 240, 240, 240, 240, 240, 240, 240, 240, 240, 240, 240, 240, 240, 240, 240, 240, 240, 240, 240, 240, 240, 240, 240, 240, 240, 240, 240, 240, 240, 240, 240, 240, 240, 240, 240, 240, 240, 240, 240, 240, 240, 240, 240, 240, 240, 240, 240, 240, 240]

ep344
Train step Loss: [0.44384196400642395, 0.4207482933998108, 0.4502244293689728, 0.4340669810771942, 0.44238990545272827, 0.399015337228775, 0.38819649815559387, 0.4213240146636963, 0.4660477936267853, 0.42814579606056213, 0.4666788578033447, 0.3925212323665619, 0.396832674741745, 0.42129358649253845, 0.39174795150756836, 0.40518733859062195, 0.39844271540641785, 0.43226900696754456, 0.4312970042228699, 0.4188232719898224, 0.39260193705558777, 0.37743404507637024, 0.41486045718193054, 0.40791642665863037, 0.4371844530105591, 0.4148193299770355, 0.4144437611103058, 0.4590645432472229, 0.4058114290237427, 0.4351629316806793, 0.4470445215702057, 0.4240551292896271, 0.4154401421546936, 0.43294447660446167, 0.4318755269050598, 0.4338062107563019, 0.44109001755714417, 0.3625776171684265, 0.47616299986839294, 0.4835883378982544, 0.4217108190059662, 0.4148782789707184, 0.4071083962917328, 0.4319729506969452, 0.4279962182044983, 0.4427594244480133, 0.36267852783203125, 0.37783947587013245, 0.40664494037628174, 0.43242040276527405, 0.4100382328033447, 0.43167203664779663, 0.4404558539390564, 0.4420454800128937, 0.46201884746551514, 0.4503408372402191, 0.4172961413860321, 0.42626795172691345, 0.3949192762374878, 0.40643569827079773, 0.4035717248916626, 0.44733449816703796, 0.45068418979644775]
val step Loss: [0.3916897475719452, 0.38030385971069336, 0.4228809177875519, 0.34147411584854126, 0.3671566843986511, 0.39942920207977295, 0.47157469391822815, 0.40335699915885925, 0.36628496646881104, 0.4481389820575714, 0.3812916874885559, 0.3885650038719177, 0.42214685678482056, 0.369258850812912, 0.3990229368209839, 0.3325175940990448]
Train step Accs: [0.9347243761454955, 0.9372075471698114, 0.9333689411136333, 0.9364170558987495, 0.9372508489591023, 0.942398182703229, 0.9463392451114143, 0.9430379746835443, 0.9304019773643815, 0.9331615641103365, 0.9265454545454546, 0.94743508549715, 0.9404922454484154, 0.9372046944063405, 0.9438432835820896, 0.9379203310915675, 0.9383647798742139, 0.9342330355445733, 0.9390691114245416, 0.9430784776018861, 0.9413729747786872, 0.9442215607609681, 0.9392523364485982, 0.9411846303232071, 0.9327056644543911, 0.9406864857101824, 0.9391038425741258, 0.9325684024713151, 0.9407324573665082, 0.9353435778486517, 0.9307653993026731, 0.9374243035930561, 0.9356080722251726, 0.9337494680096468, 0.9343925489658951, 0.9257432342354353, 0.934564559783474, 0.9517502365184485, 0.9207850133809099, 0.9196442502730535, 0.9363067053612342, 0.935302855256643, 0.9380222841225627, 0.9369111709286676, 0.9328051643192489, 0.9310697833134277, 0.9512363586130681, 0.951300578034682, 0.9406712263400668, 0.9341047894567663, 0.943252487562189, 0.9349063150589868, 0.9330781227846306, 0.9335251362810418, 0.9242679232581622, 0.9321082184788158, 0.9388653407238343, 0.9382541921328945, 0.9426679814058319, 0.9417242415139682, 0.9383645865355057, 0.9263126491646778, 0.9287095882840564]
val step Accs: [0.9416224412433661, 0.9482549521627813, 0.9315943086464794, 0.9564998320456836, 0.9509381514940931, 0.9389723320158103, 0.9267261625176139, 0.9389769667962907, 0.9449295774647888, 0.932251140327341, 0.9423047648043842, 0.9440758293838862, 0.9372663066057333, 0.949881023200476, 0.9376846629062584, 0.9533555449785817]
Preds: [17, 17, 296, 473, 473, 65, 264, 264, 264, 264, 264, 264, 264, 468, 468, 468, 337, 337, 337, 434, 434, 422, 76, 76, 129, 401, 401, 320, 345, 109, 286, 286, 264, 264, 285, 406, 467, 337, 337, 171, 171, 252, 116, 339, 10, 398, 398, 398, 398, 434, 94, 10, 10, 398, 398, 106, 106, 106, 426, 426, 426, 345, 468, 413, 250, 43, 32, 208, 208, 106, 106, 106, 481, 481, 426, 426, 426, 426, 182, 375, 375, 375, 98, 98, 98, 48, 13, 170, 170, 170, 28, 28, 20, 28, 2, 2, 2, 47, 2, 2, 2, 2, 2, 73, 73, 73, 289, 289, 209, 287, 287, 297, 297, 43, 274, 43, 8, 239, 208, 208, 106, 346, 346, 284, 284, 426, 426, 348, 426, 426, 426, 284, 85, 206, 240, 385, 35, 36, 77, 232, 172, 224, 273, 196, 217, 217, 217, 473, 65, 290, 290, 290, 290, 290, 290, 434, 434, 339, 64, 76, 239, 384, 371, 485, 301, 26, 26, 251, 241, 81, 313, 108, 8, 8, 32, 239, 208, 345, 345, 132, 132, 132, 236, 24, 239, 310, 310, 107, 107, 395, 400, 213, 213, 19, 454, 143, 229, 170, 170, 47, 47, 47, 47, 20, 47, 47, 20, 47, 47, 80, 80, 20, 73, 289, 83, 127, 114, 108, 464, 180, 315, 315, 450, 450, 450, 88, 88, 346, 346, 481, 293, 215, 143, 458, 208, 441, 100, 100, 497, 43, 143, 129, 401, 20, 208, 441, 441, 100, 100, 387, 175, 42, 42, 42, 42, 147, 109, 109, 443, 443, 240, 240, 251, 251, 241, 431, 428, 428, 146, 146, 146, 301, 8, 8, 354, 354, 180, 180, 486, 486, 486, 376, 113, 120, 120, 120, 120, 120, 240, 37, 24, 239, 239, 384, 371, 41, 41, 324, 19, 454, 454, 229, 170, 47, 47, 47, 47, 47, 47, 47, 47, 47, 80, 80, 80, 20, 80, 7, 7, 309, 479, 398, 213, 213, 213, 213, 213, 252, 143, 129, 401, 401, 75, 384, 371, 487, 171, 171, 171, 358, 314, 239, 219, 219, 485, 286, 286, 286, 286, 468, 406, 467, 467, 355, 355, 355, 355, 452, 263, 442, 17, 169, 240, 240, 240, 240, 240, 240, 240, 240, 240, 240, 240, 240, 240, 240, 240, 240, 240, 240, 240, 240, 240, 240, 240, 240, 240, 240, 240, 240, 240, 240, 240, 240, 240, 240, 240, 240, 240, 240, 240, 240, 240, 240, 240, 240, 240, 240, 240, 240, 240, 240, 240, 240, 240, 240, 240, 240, 240, 240, 240, 240, 240, 240, 240, 240, 240, 240, 240, 240, 240, 240, 240, 240, 240, 240, 240, 240, 240, 240, 240, 240, 240, 240, 240, 240, 240, 240, 240, 240, 240, 240, 240, 240, 240, 240, 240, 240, 240, 240, 240, 240, 240, 240, 240, 240, 240, 240, 240, 240, 240, 240, 240, 240, 240, 240, 240, 240, 240, 240, 240, 240, 240, 240, 240, 240, 240, 240, 240, 240, 240, 240, 240, 240, 240, 240, 240, 240, 240, 240, 240, 240, 240, 240, 240, 240, 240, 240, 240, 240, 240, 240, 240, 240, 240, 240, 240, 240, 240, 240, 240, 240, 240, 240, 240, 240, 240, 240, 240, 240, 240, 240, 240, 240, 240, 240, 240, 240, 240, 240, 240, 240, 240, 240, 240, 240, 240, 240, 240, 240, 240, 240, 240, 240, 240, 240, 240, 240, 240, 240, 240, 240, 240, 240, 240, 240, 240, 240, 240, 240, 240, 240, 240, 240, 240, 240, 240, 240, 240, 240, 240, 240, 240, 240, 240, 240, 240, 240, 240, 240, 240, 240, 240, 240, 240, 240, 240, 240, 240, 240]

ep345
Train step Loss: [0.39499935507774353, 0.4042552709579468, 0.4252958297729492, 0.44969460368156433, 0.41048192977905273, 0.4323588013648987, 0.40958142280578613, 0.4295051097869873, 0.44784343242645264, 0.47256672382354736, 0.4630674421787262, 0.39524346590042114, 0.39125072956085205, 0.41574421525001526, 0.42478039860725403, 0.4266505241394043, 0.39372068643569946, 0.4257286489009857, 0.398235023021698, 0.4043959975242615, 0.42264819145202637, 0.4319778084754944, 0.4289454519748688, 0.4643133878707886, 0.4484896659851074, 0.43180546164512634, 0.400854229927063, 0.3853701651096344, 0.40649303793907166, 0.41786766052246094, 0.4410993754863739, 0.41070178151130676, 0.40225234627723694, 0.34798362851142883, 0.44392114877700806, 0.49353161454200745, 0.3951430916786194, 0.41755416989326477, 0.4215463697910309, 0.43321341276168823, 0.4534587860107422, 0.39331886172294617, 0.4364151358604431, 0.41183802485466003, 0.3886157274246216, 0.3858911395072937, 0.427568256855011, 0.4306352138519287, 0.38405272364616394, 0.39748507738113403, 0.39498019218444824, 0.4221183657646179, 0.46197158098220825, 0.4075079560279846, 0.40222835540771484, 0.40182653069496155, 0.442443311214447, 0.40597572922706604, 0.4216771423816681, 0.40356266498565674, 0.41107648611068726, 0.43105679750442505, 0.41257867217063904]
val step Loss: [0.37584155797958374, 0.40645831823349, 0.3431583046913147, 0.37780728936195374, 0.4028205871582031, 0.3510039150714874, 0.39558038115501404, 0.3794916868209839, 0.41590049862861633, 0.41544970870018005, 0.3681211769580841, 0.4137021601200104, 0.4196917712688446, 0.4206604063510895, 0.37529686093330383, 0.3641088306903839]
Train step Accs: [0.9454497770784159, 0.9406969309462916, 0.9327430614677337, 0.9317086234600964, 0.9368405185408502, 0.9365867498936019, 0.9419868360630644, 0.9349881796690307, 0.9293013905176747, 0.9219346627068307, 0.9301252471984179, 0.9429908785405665, 0.9450369155045119, 0.9391992090954029, 0.9375888541370486, 0.9348625015840831, 0.9418437450071896, 0.9353319730026683, 0.946013986013986, 0.9370231654875849, 0.9346243222308288, 0.9353851385818738, 0.9341975713816869, 0.9329391629064883, 0.9329068241469817, 0.9366391184573003, 0.9426676492262344, 0.9474608751197701, 0.9389865563598759, 0.9389335281227174, 0.9345962389380531, 0.9365274996148514, 0.9400444115470022, 0.9521347122779104, 0.9339988907376594, 0.9210806967650196, 0.9423135464231355, 0.9405782362342002, 0.9345724907063196, 0.9303498266624646, 0.9340046754180903, 0.9365828976218586, 0.931184012066365, 0.9376968848442422, 0.9448296208880366, 0.943618941813637, 0.937137330754352, 0.9353348729792148, 0.9459721772889033, 0.9411347517730496, 0.9395241242564442, 0.9398856721371934, 0.9311546840958606, 0.9365108575634892, 0.9425830469644902, 0.9392394599063103, 0.9341503026723756, 0.9401998710509348, 0.9365944437059683, 0.9382215288611544, 0.9385558131831733, 0.9375101708706265, 0.9381270903010034]
val step Accs: [0.9438686014989635, 0.9381533101045296, 0.9536679536679536, 0.9485940246045694, 0.9399772065341269, 0.9493459504592263, 0.9448955916473318, 0.9418273260687343, 0.9313279530447542, 0.9371393865775888, 0.9500207096506972, 0.9368121196426259, 0.9403852033017426, 0.9351930121160891, 0.947599531615925, 0.9509056244041945]
Preds: [17, 17, 17, 296, 217, 473, 65, 290, 290, 290, 171, 171, 171, 252, 24, 314, 32, 239, 310, 107, 107, 107, 395, 487, 232, 84, 84, 153, 387, 387, 98, 98, 98, 263, 13, 414, 414, 82, 170, 249, 249, 392, 392, 392, 392, 201, 201, 305, 305, 73, 73, 244, 244, 320, 7, 473, 473, 476, 171, 252, 252, 24, 239, 310, 107, 395, 152, 324, 324, 236, 314, 239, 239, 384, 371, 371, 324, 324, 301, 26, 251, 241, 431, 431, 486, 376, 376, 460, 206, 240, 240, 314, 239, 239, 380, 180, 106, 106, 106, 426, 387, 496, 406, 406, 467, 467, 299, 19, 303, 48, 48, 417, 442, 442, 442, 442, 442, 442, 442, 78, 102, 102, 47, 201, 201, 392, 244, 244, 23, 23, 23, 23, 7, 217, 473, 65, 264, 264, 264, 468, 468, 468, 337, 337, 434, 339, 33, 212, 212, 219, 371, 152, 301, 26, 251, 251, 241, 431, 84, 84, 293, 416, 8, 8, 239, 208, 106, 106, 106, 387, 387, 387, 372, 406, 406, 467, 337, 41, 19, 19, 19, 48, 229, 229, 170, 170, 170, 312, 187, 292, 292, 23, 201, 391, 392, 392, 392, 392, 244, 373, 373, 66, 66, 68, 68, 68, 68, 115, 273, 267, 267, 444, 213, 213, 252, 314, 8, 239, 280, 280, 420, 420, 324, 324, 3, 3, 14, 411, 188, 145, 215, 330, 330, 330, 203, 53, 53, 217, 217, 335, 335, 411, 188, 213, 213, 213, 213, 422, 143, 458, 458, 82, 445, 208, 208, 441, 437, 125, 494, 143, 458, 458, 208, 208, 441, 117, 144, 319, 240, 99, 99, 436, 436, 338, 338, 494, 494, 313, 313, 99, 99, 338, 436, 436, 436, 338, 487, 374, 132, 132, 132, 98, 98, 13, 229, 170, 82, 312, 312, 187, 47, 391, 392, 392, 73, 392, 244, 320, 412, 276, 153, 424, 387, 497, 143, 129, 458, 458, 17, 144, 208, 27, 437, 437, 399, 426, 426, 413, 98, 98, 98, 98, 48, 417, 197, 197, 197, 197, 209, 411, 276, 153, 153, 153, 387, 387, 122, 236, 314, 239, 32, 34, 75, 384, 371, 374, 132, 132, 132, 98, 98, 442, 169, 240, 240, 240, 240, 240, 240, 240, 240, 240, 240, 240, 240, 240, 240, 240, 240, 240, 240, 240, 240, 240, 240, 240, 240, 240, 240, 240, 240, 240, 240, 240, 240, 240, 240, 240, 240, 240, 240, 240, 240, 240, 240, 240, 240, 240, 240, 240, 240, 240, 240, 240, 240, 240, 240, 240, 240, 240, 240, 240, 240, 240, 240, 240, 240, 240, 240, 240, 240, 240, 240, 240, 240, 240, 240, 240, 240, 240, 240, 240, 240, 240, 240, 240, 240, 240, 240, 240, 240, 240, 240, 240, 240, 240, 240, 240, 240, 240, 240, 240, 240, 240, 240, 240, 240, 240, 240, 240, 240, 240, 240, 240, 240, 240, 240, 240, 240, 240, 240, 240, 240, 240, 240, 240, 240, 240, 240, 240, 240, 240, 240, 240, 240, 240, 240, 240, 240, 240, 240, 240, 240, 240, 240, 240, 240, 240, 240, 240, 240, 240, 240, 240, 240, 240, 240, 240, 240, 240, 240, 240, 240, 240, 240, 240, 240, 240, 240, 240, 240, 240, 240, 240, 240, 240, 240, 240, 240, 240, 240, 240, 240, 240, 240, 240, 240, 240, 240, 240, 240, 240, 240, 240, 240, 240, 240, 240, 240, 240, 240, 240, 240, 240, 240, 240, 240, 240, 240, 240, 240, 240, 240, 240, 240, 240, 240, 240, 240, 240, 240, 240, 240, 240, 240, 240, 240, 240, 240, 240, 240, 240, 240, 240, 240, 240, 240, 240, 240, 240]

ep346
Train step Loss: [0.46201443672180176, 0.42359715700149536, 0.3856576085090637, 0.4194190204143524, 0.4220551550388336, 0.4263173043727875, 0.3974241018295288, 0.451274037361145, 0.4253840446472168, 0.44574493169784546, 0.4217049181461334, 0.3950980007648468, 0.40026187896728516, 0.4635578393936157, 0.42919862270355225, 0.44693446159362793, 0.41819387674331665, 0.3964467942714691, 0.4171496629714966, 0.40169084072113037, 0.40177369117736816, 0.40912535786628723, 0.3921845555305481, 0.4499864876270294, 0.3618229031562805, 0.42084309458732605, 0.43143078684806824, 0.4526212811470032, 0.40570998191833496, 0.3996451795101166, 0.38951611518859863, 0.4035111665725708, 0.3784642517566681, 0.4107070863246918, 0.4164891541004181, 0.4002566337585449, 0.4016920328140259, 0.4264521598815918, 0.42315346002578735, 0.43732213973999023, 0.3838719427585602, 0.4397844672203064, 0.41643765568733215, 0.4413534104824066, 0.4303490221500397, 0.4249933362007141, 0.47454631328582764, 0.400066614151001, 0.42229217290878296, 0.4314401149749756, 0.4089508354663849, 0.41042181849479675, 0.3940023183822632, 0.3845558166503906, 0.41474273800849915, 0.4233856201171875, 0.4106678068637848, 0.42668160796165466, 0.4179813265800476, 0.3951921761035919, 0.3966714143753052, 0.38905787467956543, 0.3564489781856537]
val step Loss: [0.42722898721694946, 0.3895014524459839, 0.3526497483253479, 0.43147316575050354, 0.3989175856113434, 0.3941851854324341, 0.37164413928985596, 0.4161229431629181, 0.4223056137561798, 0.3901079595088959, 0.3282920718193054, 0.3839930593967438, 0.347849041223526, 0.3557094931602478, 0.3534657955169678, 0.40299081802368164]
Train step Accs: [0.9298632554036171, 0.9316815449079978, 0.9442105263157895, 0.9387859207617752, 0.938135162601626, 0.9399788471708092, 0.945864876446222, 0.9340385812072184, 0.9350190704901822, 0.9315330060010911, 0.935207456404089, 0.9432401125268907, 0.9453635478937856, 0.9315120470498957, 0.9337779156327544, 0.9287118977384464, 0.9363070984344842, 0.9426794419230122, 0.932713963963964, 0.940061063795597, 0.9374821173104435, 0.9388625592417061, 0.9476473422193673, 0.934592227695676, 0.951710816777042, 0.9379822806516147, 0.9353660473241227, 0.9269212635549269, 0.9384057971014492, 0.9416255051638976, 0.9454980079681274, 0.9414005273952535, 0.9456582633053221, 0.9418221734357849, 0.9416655119855896, 0.9412317818523742, 0.938766709788702, 0.9346076458752515, 0.933996383363472, 0.9287866772402855, 0.9425936123348018, 0.9300739056281978, 0.935192648718362, 0.9347826086956522, 0.9317209608423823, 0.9375720639103937, 0.9266558966074313, 0.9375967791886033, 0.9375369167158889, 0.9390645115148047, 0.933119315141787, 0.9350207223208999, 0.9384071455154447, 0.9441055645462467, 0.9318634612830389, 0.9370887497993902, 0.9408724730202158, 0.9384615384615385, 0.9355534582715384, 0.9467164179104478, 0.9408686551543695, 0.9460637428493599, 0.952054794520548]
val step Accs: [0.9362108479755539, 0.9387573964497041, 0.952282487672976, 0.9318027441923652, 0.940610213737967, 0.9428612758570809, 0.9463516124238371, 0.9359736808806782, 0.9375748502994012, 0.945954060951809, 0.9565399080651902, 0.9409375, 0.9512520868113522, 0.9535959177164727, 0.9557040721168791, 0.9384113166485311]
Preds: [17, 17, 17, 17, 17, 296, 296, 392, 392, 392, 392, 392, 392, 392, 392, 461, 244, 249, 249, 218, 218, 218, 218, 218, 218, 249, 461, 218, 63, 63, 63, 63, 63, 63, 63, 63, 63, 63, 63, 63, 63, 63, 63, 63, 63, 63, 63, 63, 63, 63, 63, 63, 63, 63, 63, 63, 63, 63, 244, 435, 435, 51, 127, 244, 435, 435, 51, 127, 63, 63, 63, 63, 63, 63, 63, 63, 63, 244, 73, 73, 289, 244, 320, 188, 30, 30, 324, 301, 378, 251, 251, 241, 431, 284, 284, 319, 319, 388, 388, 348, 10, 309, 479, 331, 106, 153, 138, 153, 182, 182, 182, 182, 387, 387, 387, 335, 335, 14, 188, 324, 324, 301, 378, 43, 364, 276, 346, 346, 346, 428, 428, 85, 240, 240, 35, 239, 371, 371, 324, 324, 339, 10, 10, 309, 479, 331, 84, 84, 153, 182, 182, 182, 182, 182, 182, 43, 43, 276, 276, 276, 346, 346, 284, 405, 206, 206, 206, 167, 385, 35, 35, 239, 445, 464, 464, 240, 215, 416, 416, 416, 445, 445, 464, 171, 171, 171, 301, 236, 8, 32, 32, 239, 354, 213, 213, 213, 213, 213, 213, 246, 246, 301, 301, 378, 43, 43, 364, 345, 109, 109, 278, 286, 171, 171, 171, 246, 246, 3, 3, 3, 143, 226, 226, 226, 226, 209, 287, 284, 460, 460, 169, 349, 234, 261, 25, 400, 420, 152, 422, 416, 458, 458, 259, 208, 208, 441, 153, 153, 153, 153, 350, 182, 413, 497, 98, 229, 229, 259, 247, 312, 126, 101, 101, 101, 149, 228, 82, 82, 7, 7, 487, 374, 374, 374, 132, 132, 132, 132, 313, 24, 77, 34, 213, 213, 324, 213, 324, 3, 3, 14, 14, 259, 287, 287, 284, 111, 111, 146, 438, 219, 219, 219, 219, 219, 324, 324, 360, 116, 325, 325, 34, 374, 132, 132, 236, 236, 239, 239, 384, 371, 180, 180, 443, 486, 486, 468, 468, 468, 406, 467, 467, 499, 284, 284, 284, 206, 206, 206, 263, 263, 35, 197, 197, 7, 7, 217, 473, 65, 476, 278, 252, 236, 314, 239, 239, 239, 310, 323, 107, 107, 395, 213, 213, 213, 213, 213, 246, 246, 246, 246, 246, 19, 19, 19, 454, 414, 414, 414, 414, 170, 170, 392, 392, 392, 392, 392, 392, 392, 392, 392, 392, 392, 392, 442, 17, 17, 169, 240, 240, 240, 240, 240, 240, 240, 240, 240, 240, 240, 240, 240, 240, 240, 240, 240, 240, 240, 240, 240, 240, 240, 240, 240, 240, 240, 240, 240, 240, 240, 240, 240, 240, 240, 240, 240, 240, 240, 240, 240, 240, 240, 240, 240, 240, 240, 240, 240, 240, 240, 240, 240, 240, 240, 240, 240, 240, 240, 240, 240, 240, 240, 240, 240, 240, 240, 240, 240, 240, 240, 240, 240, 240, 240, 240, 240, 240, 240, 240, 240, 240, 240, 240, 240, 240, 240, 240, 240, 240, 240, 240, 240, 240, 240, 240, 240, 240, 240, 240, 240, 240, 240, 240, 240, 240, 240, 240, 240, 240, 240, 240, 240, 240, 240, 240, 240, 240, 240, 240, 240, 240, 240, 240, 240, 240, 240, 240, 240, 240, 240, 240, 240, 240, 240, 240, 240, 240, 240, 240, 240, 240, 240, 240, 240, 240, 240, 240, 240, 240, 240, 240, 240, 240, 240, 240, 240, 240, 240, 240, 240, 240, 240, 240, 240, 240, 240, 240, 240, 240, 240, 240, 240, 240, 240, 240, 240, 240, 240, 240, 240, 240, 240, 240, 240, 240, 240, 240, 240, 240, 240, 240, 240, 240, 240, 240, 240, 240, 240, 240, 240, 240, 240]

ep347
Train step Loss: [0.4075908958911896, 0.4332803785800934, 0.4054601192474365, 0.4204460680484772, 0.45460426807403564, 0.40730801224708557, 0.43589115142822266, 0.4096454083919525, 0.4154523015022278, 0.3981710970401764, 0.4683753252029419, 0.4518093764781952, 0.39981335401535034, 0.43124836683273315, 0.3860461115837097, 0.3924862742424011, 0.39378872513771057, 0.3969630002975464, 0.43357062339782715, 0.4102223813533783, 0.42089760303497314, 0.401804655790329, 0.45885300636291504, 0.41902607679367065, 0.36946114897727966, 0.4217366576194763, 0.39564231038093567, 0.43962928652763367, 0.4095824360847473, 0.40656429529190063, 0.39442533254623413, 0.4092647135257721, 0.40038052201271057, 0.4019705057144165, 0.42442306876182556, 0.35445719957351685, 0.38001638650894165, 0.3934107720851898, 0.38972604274749756, 0.43919065594673157, 0.3802408277988434, 0.4239141047000885, 0.3963078260421753, 0.3614543378353119, 0.41065722703933716, 0.4696738123893738, 0.3723483085632324, 0.4514642655849457, 0.41174688935279846, 0.3954150378704071, 0.4217454493045807, 0.4010213613510132, 0.42647498846054077, 0.4280422329902649, 0.42379096150398254, 0.39588528871536255, 0.42675381898880005, 0.3973521292209625, 0.3945031464099884, 0.3968776762485504, 0.4026060998439789, 0.41383564472198486, 0.37711840867996216]
val step Loss: [0.37350741028785706, 0.3664552867412567, 0.3985740542411804, 0.3633558452129364, 0.34795013070106506, 0.37964603304862976, 0.415015310049057, 0.37431448698043823, 0.34753286838531494, 0.4123944044113159, 0.36614862084388733, 0.4213644564151764, 0.3628769814968109, 0.4022417664527893, 0.413749098777771, 0.3895229697227478]
Train step Accs: [0.9421570261710285, 0.936753837407618, 0.94106463878327, 0.9410575427682737, 0.9244584336234031, 0.94302398989899, 0.9339373970345963, 0.9350202126066777, 0.9397896879240163, 0.9464733760802899, 0.9302226634519927, 0.9306227327690447, 0.9429081177520071, 0.9365760610395804, 0.945615404631798, 0.9434246163105627, 0.9411350514012111, 0.9423757371524852, 0.9365648379052369, 0.9383122826285923, 0.9358828315703824, 0.9422512234910277, 0.9288288288288288, 0.9392561983471074, 0.9516027655562539, 0.9377751687701791, 0.9435449204757128, 0.931679925128685, 0.9409171075837742, 0.9479785969084423, 0.9430379746835443, 0.9423886228413874, 0.9376443418013857, 0.940379403794038, 0.9341043981129205, 0.9504698200350374, 0.9473156764495347, 0.9441229955364523, 0.9389400921658986, 0.9318253220232485, 0.9422850412249706, 0.9374495560936239, 0.9399866932801064, 0.9516786065458632, 0.9381243063263041, 0.9243063932448733, 0.9476885644768857, 0.9321780699133553, 0.9396175274808011, 0.9407728927471296, 0.9345296785643857, 0.9425377833753149, 0.9330163613480632, 0.9315245478036176, 0.9317574222597439, 0.9447490510333193, 0.9360299625468165, 0.9402576489533011, 0.9420560747663551, 0.9395665462628507, 0.9401527259811756, 0.9425535191744956, 0.9421950598421187]
val step Accs: [0.9454417952314166, 0.9468085106382979, 0.9390032234068931, 0.9543671548117155, 0.9531011304613505, 0.9394914215686274, 0.9320022340128455, 0.94766274734729, 0.953904873752202, 0.9374560787069571, 0.9512935164484191, 0.9311480317317766, 0.9481533101045296, 0.9413114754098361, 0.9369673295454546, 0.943422136775611]
Preds: [17, 17, 287, 287, 111, 111, 438, 438, 219, 219, 219, 219, 152, 331, 106, 106, 346, 346, 284, 284, 206, 206, 206, 293, 293, 43, 43, 276, 276, 174, 174, 413, 348, 348, 199, 114, 180, 145, 486, 113, 460, 240, 35, 35, 354, 180, 180, 486, 486, 460, 460, 460, 167, 35, 35, 219, 219, 219, 152, 152, 374, 132, 274, 186, 162, 54, 54, 54, 224, 106, 106, 29, 319, 348, 348, 195, 250, 250, 250, 250, 32, 259, 259, 276, 276, 153, 153, 153, 153, 387, 387, 387, 387, 313, 313, 116, 183, 324, 324, 324, 324, 301, 10, 309, 70, 473, 331, 65, 319, 480, 428, 85, 146, 146, 146, 219, 464, 464, 222, 84, 84, 378, 43, 43, 345, 276, 497, 497, 497, 122, 8, 75, 219, 219, 213, 213, 213, 422, 143, 310, 310, 107, 107, 107, 400, 400, 213, 213, 213, 213, 213, 246, 19, 19, 414, 414, 417, 417, 80, 80, 321, 320, 83, 83, 264, 443, 443, 240, 240, 325, 34, 464, 464, 464, 171, 252, 252, 314, 239, 239, 219, 213, 213, 213, 213, 213, 213, 213, 213, 246, 246, 246, 246, 246, 246, 19, 19, 454, 414, 414, 414, 170, 244, 392, 392, 392, 392, 392, 392, 392, 392, 392, 73, 392, 321, 321, 320, 188, 188, 188, 171, 171, 171, 171, 252, 252, 252, 280, 280, 29, 180, 84, 84, 496, 280, 173, 8, 219, 219, 219, 213, 213, 324, 152, 374, 132, 132, 132, 132, 346, 346, 186, 186, 99, 54, 436, 400, 30, 324, 324, 464, 464, 180, 443, 443, 443, 319, 450, 450, 53, 88, 88, 65, 346, 387, 372, 372, 406, 406, 406, 467, 467, 375, 375, 375, 98, 98, 98, 98, 414, 414, 414, 170, 170, 244, 392, 392, 392, 392, 244, 321, 320, 7, 441, 276, 153, 182, 182, 182, 182, 43, 43, 399, 70, 473, 398, 398, 374, 374, 374, 132, 132, 132, 132, 381, 381, 117, 17, 169, 240, 240, 240, 240, 240, 240, 240, 240, 240, 240, 240, 240, 240, 240, 240, 240, 240, 240, 240, 240, 240, 240, 240, 240, 240, 240, 240, 240, 240, 240, 240, 240, 240, 240, 240, 240, 240, 240, 240, 240, 240, 240, 240, 240, 240, 240, 240, 240, 240, 240, 240, 240, 240, 240, 240, 240, 240, 240, 240, 240, 240, 240, 240, 240, 240, 240, 240, 240, 240, 240, 240, 240, 240, 240, 240, 240, 240, 240, 240, 240, 240, 240, 240, 240, 240, 240, 240, 240, 240, 240, 240, 240, 240, 240, 240, 240, 240, 240, 240, 240, 240, 240, 240, 240, 240, 240, 240, 240, 240, 240, 240, 240, 240, 240, 240, 240, 240, 240, 240, 240, 240, 240, 240, 240, 240, 240, 240, 240, 240, 240, 240, 240, 240, 240, 240, 240, 240, 240, 240, 240, 240, 240, 240, 240, 240, 240, 240, 240, 240, 240, 240, 240, 240, 240, 240, 240, 240, 240, 240, 240, 240, 240, 240, 240, 240, 240, 240, 240, 240, 240, 240, 240, 240, 240, 240, 240, 240, 240, 240, 240, 240, 240, 240, 240, 240, 240, 240, 240, 240, 240, 240, 240, 240, 240, 240, 240, 240, 240, 240, 240, 240, 240, 240, 240, 240, 240, 240, 240, 240, 240, 240, 240, 240, 240, 240, 240, 240, 240, 240, 240, 240, 240, 240, 240, 240, 240, 240, 240, 240, 240, 240, 240, 240, 240, 240, 240, 240, 240, 240, 240, 240, 240, 240, 240, 240, 240, 240, 240, 240, 240, 240, 240, 240, 240, 240, 240, 240, 240, 240, 240, 240, 240, 240, 240, 240, 240, 240, 240, 240, 240, 240]

