275: Mẹ̀ta pere ninu ogorun-un) láti oṣù kẹsàn-án sí oṣù kọkànlá ọdún ẹgbẹrun mèjì ati ọ̀kanlélogún ní Ìpínlẹ̀ Èkó, Gúúsù Ìwọ̀ Oòrùn, Nàìjíríà (Oyebola àti àwọn ẹlòmíràn).
617: Ìwé Ìròyìn Àgbáyé fún Àwọn Àìsàn Àrùn ogorun ati ọ̀kanlélọgọ́ta (ẹgbẹrun mèjì ati màrúndínlọgbọ̀n) ẹgbẹrun ogorun ati mẹ̀jọ ati mẹ̀rinlélọgọ́rin Àwòrán mèjì. 
625: Iye awọn alaisan PP jẹ́ ogorun ati àádọ́rin ati ogorun ati mẹ̀rindínlàádọ́rin lati awọn ẹgbẹ idanwo ati afiwera, lẹsẹsẹ.
640: Ẹ̀ẹ́dẹ́gbẹ̀rún ati ọgọ́rin Iwọn iwuwo kokoro iba ẹgbẹrun èjìlá, ọ̀ọ́dẹ́gbẹ̀ta ati màrúndínlogójì.
624: Gẹ́gẹ́ bí a ṣe fihàn ní Àwòrán mèjì, gbogbo àwọn aláìsàn ni a fi kún àwọn ènìyàn ààbò àti ITT.
636: Àwọn Àbùdá Ìdánwò Ẹgbẹ́-AMP (N  je ogorun ati màrúndínlọgọ́rin) Ẹgbẹ́ Onífiwéra-AL (N  je ogorun ati màrúndínlọgọ́rin) iye-p Ọjọ́-orí, ọdún mẹ̀tadínlọgbọ̀n.
639: Ogorun ati mẹ̀rindínlogójì Iwọn iwuwo parasite, agbedemeji (IQR) ẹgbẹrun mèjì ati ogorun ati mèjìlélogójì (ẹgbẹrun mẹ̀ta ati ọ̀ọ́dẹ́gbẹ̀ta ati ọ̀kàndínlógún) ẹgbẹrun mèjì ati ogorun ati mẹ̀rindínlàádọ́rùn-ún (ẹgbẹrun mẹ̀ta ati ọọdunrun ati mẹ̀rinlélọgbọ̀n) odo.
264: Mèjì) mèjì(mẹ̀jọ) Nọgọ́rin àti ẹ̀fàY pulosi Dẹgbẹ̀rún kan, igba, ogójì àti ẹ̀fàY ọ̀kan(èjìlá.
627: (odo pere ninu ogorun-un) àwọn aláìsàn (àwọn aláìsàn márùn-ún nínú ẹgbẹ́ ìdánwò àti àwọn aláìsàn mẹ́sàn-án nínú ẹgbẹ́ Comparator) ni wọ́n pàdánù sí àtẹ̀lé nígbà ìwádìí náà.
266: Mẹ̀jọ) Ìṣàyẹ̀wò àwọn ẹ̀dá-ara tí ó ní èròjà ìdènà sí àwọn èròjà kọ̀ọ̀kan nínú ACTs tàbí nípasẹ̀ ìdánwò ìfarapa nínú vitro.
638: Ogorun ati ogún Hemoglobin, giramu for decilita okan (g/dL) èjìlá.
632: Awọn eniyan ipilẹ ati awọn abuda ile-iwosan ni a ṣe iwọntunwọnsi laarin awọn ẹgbẹ mejeeji (Tabili ọ̀kan).
246: Awọn isolate Falciparum pẹlu awọn iyipada meji ninu pfmdr1 ni codons ọgọ́rin àti ẹ̀fàY  pulosi  ẹgbẹ̀rún kan, igba, ogójì àti ẹ̀fàY ni a royin ni odo. 
634: Síbẹ̀síbẹ̀, ìwádìí PCR jẹ́rìí sí i pé àwọn ọ̀ràn wọ̀nyí dúró fún àkóràn tuntun (àtún-àkóràn) dípò kí ó jẹ́ àtún-àkóràn.
230: Ìwọ̀n àwọn kòkòrò aláìbáradé oníṣekúṣe jẹ́ ẹgbẹrun mèje, ẹgbẹ̀ta ati ẹ̀ẹ́dógún àwọn kòkòrò aláìbáradé/µl ẹ̀jẹ̀, láàrín mẹ̀talélọgọ́ta sí ẹgbẹrun igba ati mèjì, mẹ̀wá àwọn kòkòrò aláìbáradé/µl ẹ̀jẹ̀ (Tábìlì ọ̀kan).
233: Ní àfikún, a ṣe àkíyèsí ìyípadà ní àádọ́rin àti àrúnE, àádọ́rin àti àrúnD, àádọ́rin àti àrúnK, àti àádọ́rin àti ẹ̀rinI ní mẹ̀talélọgọ́ta.
266: Mẹ̀jọ) Ìṣàyẹ̀wò àwọn ẹ̀dá-ara tí ó ní èròjà ìdènà sí àwọn èròjà kọ̀ọ̀kan nínú ACTs tàbí nípasẹ̀ ìdánwò ìfarapa nínú vitro. 
235: A rí àwọn ìyípadà ní codon ọgọ́rin àti ẹ̀fàY àti ẹgbẹ̀rún kan, igba, ogójì àti ẹ̀fàY nínú jínì pfmdr1 ní èjìlá.
635: International Journal of Infectious Diseases Ogorun ati ọ̀kanlélọgọ́ta (ẹgbẹrun mèjì ati màrúndínlọgbọ̀n)ẹgbẹrun ogorun ati mẹ̀jọ ati mẹ̀rinlélọgọ́rin Táblì ọ̀kan Àwọn ànímọ́ ìbílẹ̀ àti ìpìlẹ̀ a.
250: Ni Ile-iṣẹ Ilera Alakọbẹrẹ Agura, a ṣe akiyesi awọn haplotypes pfcrt mẹfa oriṣiriṣi: CVIET (ọ̀kandínlọgbọ̀n.
630: Ọ̀kan pere ninu ogorun-un) nínú ẹgbẹ́ Comparator ni wọ́n pàdánù sí àtẹ̀lé láàárín ọjọ́ ọ̀kan àti mèjìdínlọgbọ̀n, àti ọ̀kan (odo. 

-----------------------------------------------------------------------------------------------------------------------------------
904: PPV tí a ṣírò kéré díẹ̀ nínú àwọn ọmọdé tí ọjọ́ orí wọn ju tàbí dọ́gba pẹ̀lú ọdún kan (màrúndínlogorun. 
223: Ọ̀kan) àti àwọn ìtẹ̀léra tí ó dúró ṣinṣin (NCBI reference: AAFẹgbẹ̀rún méjìlélọ́gọ́rin, ẹgbẹ̀rún mẹ́fà, ẹ̀ẹ́dẹ́gbẹ̀rún, ogún àti ẹ̀fà.
884: Àkọ́kọ́, a ṣe ìṣirò p1 nípa ríronú pé àwọn ìlànà ibà tí ó wà nínú WHO jẹ́ ogorun pere ninu ogorun-un pàtó láàárín àwọn aláìsàn ibà tí ó wà nínú ibà.



Note audios are 1 indexed, texts are 0 indexed so sample 275 is same as audio 276; sample 999 == audio 1000

sample 275  --> original from hubert

[17, 17, 17, 17, 17, 296, 244, 296, 317, 317, 317, 317, 317, 317, 317, 317, 461, 461, 392, 461, 461, 461, 461, 392, 184, 73, 73, 244, 244, 7, 309, 479, 473, 65, 443, 443, 240, 143, 35, 35, 82, 127, 114, 284, 284, 405, 206, 178, 178, 35, 35, 401, 320, 345, 109, 109, 240, 285, 467, 337, 337, 337, 313, 236, 116, 94, 479, 398, 398, 434, 339, 10, 10, 195, 479, 331, 331, 106, 106, 426, 293, 293, 43, 43, 32, 32, 32, 144, 208, 208, 106, 346, 481, 306, 306, 306, 372, 406, 406, 413, 413, 413, 413, 313, 251, 251, 241, 180, 486, 486, 460, 240, 240, 35, 36, 77, 54, 224, 224, 485, 477, 374, 132, 271, 186, 99, 338, 338, 338, 60, 60, 397, 397, 143, 129, 82, 144, 445, 445, 180, 171, 171, 171, 120, 271, 271, 31, 39, 342, 232, 232, 172, 172, 115, 273, 273, 106, 319, 413, 413, 98, 98, 98, 48, 225, 225, 225, 478, 66, 232, 232, 172, 172, 115, 273, 444, 374, 139, 496, 274, 186, 99, 99, 436, 436, 395, 395, 494, 416, 129, 458, 144, 27, 100, 481, 293, 143, 129, 458, 458, 144, 208, 437, 370, 426, 206, 240, 175, 251, 241, 431, 431, 376, 376, 355, 355, 452, 263, 263, 229, 82, 247, 312, 312, 126, 23, 23, 23, 101, 101, 101, 149, 149, 149, 228, 289, 320, 287, 287, 255, 240, 236, 24, 310, 395, 395, 288, 432, 290, 330, 339, 394, 212, 32, 239, 354, 354, 286, 264, 264, 264, 468, 468, 406, 406, 467, 250, 250, 399, 399, 217, 217, 473, 473, 429, 360, 434, 434, 434, 339, 212, 239, 310, 310, 107, 107, 395, 395, 286, 464, 464, 120, 120, 460, 240, 385, 35, 77, 342, 172, 224, 273, 448, 464, 464, 139, 139, 293, 169, 143, 129, 259, 144, 144, 27, 370, 125, 348, 348, 94, 94, 398, 398, 324, 301, 301, 24, 251, 251, 34, 81, 367, 132, 43, 43, 8, 8, 239, 208, 100, 100, 98, 117, 48, 48, 229, 229, 229, 82, 312, 249, 201, 201, 201, 326, 201, 201, 408, 391, 244, 73, 73, 244, 244, 7, 309, 479, 479, 398, 360, 360, 252, 422, 76, 129, 401, 401, 401, 354, 420, 301, 251, 251, 251, 241, 431, 403, 403, 171, 171, 171, 252, 416, 143, 129, 458, 401, 401, 208, 208, 441, 345, 276, 182, 43, 364, 98, 48, 98, 197, 225, 197, 80, 80, 7, 7, 32, 32, 32, 208, 208, 208, 345, 132, 141, 186, 186, 54, 482, 482, 482, 482, 161, 397, 487, 487, 374, 374, 219, 219, 219, 219, 477, 132, 43, 43, 43, 276, 276, 276, 276, 182, 182, 182, 182, 182, 182, 182, 413, 413, 303, 303, 303, 303, 303, 117, 48, 48, 229, 229, 170, 237, 237, 187, 187, 187, 187, 391, 391, 244, 392, 392, 73, 244, 244, 7, 479, 479, 331, 290, 290, 290, 434, 339, 339, 394, 212, 212, 310, 310, 107, 395, 395, 485, 485, 374, 286, 286, 286, 464, 264, 264, 355, 355, 355, 355, 263, 263, 263, 229, 229, 247, 312, 312, 312, 260, 391, 391, 391, 391, 228, 289, 289, 289, 320, 320, 345, 345, 109, 109, 219, 219, 219, 219, 464, 464, 464, 301, 8, 8, 8, 239, 354, 354, 346, 387, 387, 387, 240, 175, 175, 241, 431, 376, 376, 376, 460, 240, 385, 35, 77, 77, 66, 68, 68, 115, 115, 448, 464, 464, 315, 315, 450, 450, 450, 450, 413, 413, 109, 109, 299, 207, 207, 301, 325, 359, 359, 34, 374, 132, 132, 399, 217, 217, 217, 473, 473, 398, 398, 398, 286, 468, 406, 406, 467, 467, 302, 375, 98, 98, 98, 13, 13, 82, 201, 201, 201, 201, 193, 17, 17]

================================================================================================================================================================================
sample 617  --> original from hubert

[17, 17, 17, 17, 17, 296, 317, 317, 317, 392, 317, 317, 317, 63, 63, 392, 461, 461, 305, 305, 218, 218, 218, 218, 218, 63, 218, 63, 63, 63, 63, 63, 63, 63, 63, 63, 63, 63, 63, 63, 63, 63, 63, 63, 63, 163, 63, 63, 63, 63, 63, 63, 63, 63, 73, 73, 73, 244, 209, 188, 213, 213, 213, 301, 378, 378, 43, 364, 345, 109, 109, 278, 278, 278, 278, 374, 374, 374, 374, 374, 42, 42, 42, 147, 147, 380, 132, 132, 132, 132, 374, 219, 219, 219, 219, 219, 219, 213, 246, 246, 246, 246, 246, 246, 246, 246, 246, 117, 454, 197, 197, 226, 226, 414, 82, 287, 287, 206, 240, 240, 314, 239, 239, 114, 180, 486, 428, 85, 167, 219, 219, 219, 219, 219, 324, 324, 324, 422, 349, 349, 234, 261, 25, 148, 276, 276, 346, 346, 315, 315, 450, 450, 293, 43, 43, 276, 276, 276, 174, 174, 426, 426, 206, 14, 14, 287, 145, 284, 111, 85, 146, 146, 146, 358, 186, 39, 162, 54, 172, 172, 115, 273, 273, 302, 100, 375, 375, 375, 375, 98, 98, 13, 229, 229, 82, 312, 312, 187, 23, 23, 187, 260, 260, 391, 244, 392, 73, 73, 73, 73, 244, 209, 287, 287, 284, 284, 206, 406, 406, 406, 42, 406, 276, 276, 276, 346, 297, 297, 297, 293, 497, 43, 8, 32, 239, 208, 106, 106, 106, 481, 387, 387, 387, 406, 406, 406, 406, 250, 250, 250, 250, 182, 132, 132, 132, 195, 195, 117, 48, 13, 414, 414, 414, 414, 187, 187, 244, 73, 73, 244, 209, 287, 287, 284, 460, 460, 240, 35, 35, 77, 342, 342, 224, 30, 30, 324, 324, 464, 14, 14, 14, 411, 287, 481, 293, 178, 458, 458, 208, 441, 125, 125, 319, 348, 251, 251, 81, 398, 324, 278, 251, 241, 331, 84, 496, 274, 274, 8, 239, 144, 27, 106, 151, 240, 240, 236, 35, 35, 259, 384, 180, 180, 486, 376, 376, 376, 376, 206, 206, 460, 263, 263, 35, 414, 414, 312, 312, 312, 187, 23, 187, 391, 391, 244, 392, 392, 63, 63, 63, 73, 73, 73, 73, 244, 209, 55, 443, 240, 240, 8, 8, 8, 354, 180, 300, 84, 406, 406, 42, 42, 147, 456, 132, 399, 399, 217, 217, 473, 65, 278, 278, 252, 236, 236, 239, 239, 310, 107, 107, 107, 107, 213, 213, 213, 213, 213, 246, 3, 3, 483, 440, 440, 440, 145, 460, 240, 35, 36, 449, 449, 494, 301, 217, 217, 217, 70, 65, 65, 315, 315, 468, 406, 467, 496, 274, 274, 313, 24, 24, 239, 384, 371, 324, 301, 26, 251, 241, 431, 84, 496, 496, 416, 8, 8, 32, 32, 354, 354, 100, 100, 153, 153, 182, 182, 182, 375, 98, 98, 35, 414, 414, 312, 312, 312, 187, 187, 170, 244, 244, 392, 392, 392, 63, 73, 73, 73, 244, 209, 83, 443, 443, 240, 240, 8, 8, 8, 354, 180, 264, 84, 84, 406, 406, 406, 406, 250, 250, 153, 153, 387, 387, 387, 497, 43, 8, 8, 144, 27, 106, 106, 387, 387, 387, 387, 406, 406, 406, 250, 250, 250, 250, 132, 132, 132, 132, 132, 250, 98, 98, 98, 483, 259, 440, 287, 145, 145, 460, 460, 169, 150, 35, 449, 449, 224, 494, 399, 217, 217, 473, 473, 278, 278, 171, 171, 236, 24, 239, 239, 107, 395, 106, 106, 106, 153, 153, 182, 182, 182, 182, 182, 387, 98, 98, 35, 414, 414, 312, 312, 126, 23, 23, 23, 391, 391, 228, 73, 412, 209, 287, 460, 460, 169, 169, 35, 449, 449, 224, 494, 301, 217, 217, 217, 473, 473, 65, 264, 264, 468, 468, 313, 313, 94, 199, 324, 324, 434, 339, 116, 251, 81, 324, 324, 301, 251, 251, 331, 431, 84, 496, 274, 416, 8, 8, 144, 27, 106, 387, 387, 387, 387, 396, 313, 313, 285, 199, 41, 41, 41, 246, 246, 246, 19, 19, 19, 454, 229, 414, 414, 414, 414, 187, 187, 47, 392, 244, 391, 392, 392, 73, 73, 73, 209, 287, 287, 284, 284, 284, 450, 43, 43, 43, 276, 276, 276, 276, 153, 387, 372, 406, 406, 406, 467, 387, 387, 387, 399, 217, 217, 473, 65, 324, 324, 422, 422, 236, 239, 310, 107, 107, 395, 213, 213, 213, 213, 213, 246, 246, 246, 246, 246, 246, 19, 454, 454, 414, 193, 17]

sample 617 @257  same
[17, 17, 17, 17, 17, 296, 317, 317, 317, 392, 317, 317, 317, 461, 63, 392, 461, 461, 461, 461, 461, 461, 461, 461, 461, 63, 63, 63, 63, 63, 63, 63, 63, 63, 63, 63, 63, 63, 63, 63, 63, 63, 63, 63, 63, 47, 63, 63, 63, 63, 63, 63, 63, 63, 73, 73, 73, 244, 209, 188, 213, 213, 213, 301, 378, 378, 43, 138, 345, 109, 109, 278, 278, 278, 278, 374, 374, 374, 374, 374, 138, 88, 88, 81, 331, 331, 132, 132, 132, 132, 374, 219, 219, 219, 219, 219, 219, 213, 246, 246, 246, 246, 246, 246, 246, 246, 246, 335, 454, 197, 197, 80, 80, 414, 82, 287, 287, 206, 240, 240, 314, 239, 239, 114, 180, 486, 206, 85, 167, 219, 219, 219, 219, 219, 324, 324, 324, 422, 416, 349, 303, 395, 354, 441, 276, 276, 346, 346, 315, 315, 450, 450, 293, 43, 43, 276, 276, 276, 174, 174, 426, 426, 206, 293, 14, 287, 145, 284, 111, 85, 146, 146, 146, 358, 36, 282, 36, 54, 172, 172, 115, 273, 273, 496, 100, 375, 375, 375, 375, 98, 98, 13, 229, 229, 82, 312, 312, 187, 23, 23, 187, 63, 63, 2, 244, 392, 73, 73, 73, 73, 244, 209, 287, 287, 284, 284, 206, 8, 406, 406, 175, 406, 276, 276, 276, 346, 100, 100, 100, 293, 497, 43, 8, 32, 239, 208, 106, 106, 106, 481, 387, 387, 387, 406, 406, 406, 406, 250, 250, 250, 250, 182, 132, 132, 132, 122, 122, 117, 48, 13, 414, 414, 414, 414, 187, 187, 244, 73, 73, 244, 209, 287, 287, 284, 460, 460, 240, 35, 35, 77, 342, 342, 224, 207, 207, 324, 324, 464, 14, 14, 14, 411, 287, 426, 293, 108, 458, 458, 208, 276, 144, 107, 319, 348, 251, 251, 431, 398, 324, 360, 251, 241, 431, 84, 496, 274, 250, 8, 239, 32, 354, 106, 371, 240, 240, 236, 35, 35, 129, 473, 180, 180, 486, 376, 376, 376, 376, 206, 206, 460, 263, 263, 35, 414, 414, 312, 312, 312, 187, 23, 187, 391, 391, 244, 392, 392, 63, 63, 63, 73, 73, 73, 73, 244, 209, 83, 287, 240, 240, 8, 8, 406, 354, 180, 139, 84, 406, 406, 42, 42, 81, 144, 132, 117, 117, 217, 217, 473, 65, 188, 278, 286, 236, 236, 239, 239, 239, 107, 107, 107, 107, 213, 213, 213, 213, 213, 246, 3, 3, 416, 116, 208, 208, 145, 460, 240, 35, 36, 36, 36, 172, 342, 217, 217, 217, 70, 65, 65, 145, 315, 468, 406, 467, 88, 250, 250, 313, 77, 310, 239, 384, 371, 324, 301, 143, 251, 241, 431, 84, 496, 496, 416, 8, 106, 32, 32, 354, 354, 100, 100, 153, 153, 182, 182, 182, 375, 98, 98, 35, 414, 414, 312, 312, 312, 187, 187, 170, 244, 244, 392, 392, 392, 63, 73, 73, 73, 244, 209, 83, 287, 443, 240, 240, 8, 406, 406, 354, 180, 264, 84, 84, 406, 406, 406, 406, 250, 250, 153, 153, 387, 387, 387, 497, 43, 8, 406, 32, 354, 106, 106, 387, 387, 387, 387, 406, 406, 406, 250, 250, 250, 250, 132, 132, 132, 132, 132, 250, 98, 98, 98, 313, 259, 208, 287, 145, 145, 460, 460, 169, 150, 35, 36, 36, 224, 494, 203, 217, 217, 473, 473, 278, 278, 171, 171, 236, 24, 239, 239, 107, 395, 106, 106, 106, 153, 153, 182, 182, 182, 182, 182, 387, 98, 98, 35, 414, 414, 312, 312, 126, 23, 23, 23, 391, 391, 228, 73, 412, 209, 287, 460]

sample 617 @261 different
[17, 17, 30, 213, 213, 301, 301, 378, 43, 138, 345, 473, 109, 278, 278, 330, 330, 330, 330, 348, 64, 212, 302, 290, 134, 88, 81, 331, 132, 132, 132, 132, 374, 213, 219, 219, 219, 219, 219, 213, 213, 213, 246, 246, 246, 246, 246, 246, 246, 3, 454, 197, 197, 80, 80, 80, 209, 209, 287, 111, 240, 240, 314, 314, 239, 127, 114, 443, 428, 460, 146, 330, 219, 219, 219, 219, 324, 324, 324, 422, 143, 349, 259, 259, 25, 276, 276, 276, 346, 346, 284, 284, 284, 450, 293, 43, 43, 276, 276, 276, 276, 346, 346, 387, 206, 14, 14, 287, 145, 145, 486, 85, 85, 146, 146, 358, 349, 36, 54, 164, 342, 164, 224, 273, 273, 106, 496, 375, 375, 375, 98, 98, 98, 170, 244, 170, 63, 63, 63, 63, 63, 63, 63, 63, 63, 63, 63, 63, 63, 73, 73, 73, 73, 321, 287, 287, 284, 284, 284, 206, 406, 406, 42, 43, 276, 276, 276, 276, 346, 297, 297, 293, 497, 43, 43, 32, 129, 208, 354, 106, 153, 153, 387, 387, 387, 387, 406, 406, 413, 250, 250, 250, 122, 303, 303, 303, 303, 303, 138, 117, 48, 48, 170, 244, 392, 244, 392, 392, 392, 73, 73, 73, 209, 287, 287, 284, 460, 460, 460, 178, 35, 36, 36, 36, 36, 219, 152, 324, 324, 464, 3, 14, 14, 411, 287, 481, 293, 271, 215, 458, 208, 276, 64, 144, 319, 348, 348, 251, 199, 398, 324, 360, 339, 241, 431, 331, 34, 496, 274, 75, 8, 144, 354, 106, 151, 224, 240, 416, 35, 35, 75, 384, 114, 180, 284, 376, 376, 376, 376, 376, 460, 460, 263, 263, 13, 17, 170, 170, 392, 392, 63, 63, 63, 63, 63, 63, 63, 63, 392, 392, 63, 63, 73, 73, 73, 209, 209, 83, 287, 443, 240, 215, 406, 406, 354, 354, 346, 84, 467, 406, 42, 42, 42, 42, 132, 138, 399, 217, 217, 473, 473, 188, 278, 278, 286, 236, 314, 239, 239, 310, 107, 107, 107, 213, 213, 213, 213, 213, 246, 3, 197, 197, 14, 411, 259, 145, 460, 460, 169, 35, 36, 36, 34, 342, 399, 217, 70, 70, 70, 65, 145, 315, 315, 450, 450, 450, 450, 203, 250, 122, 24, 239, 395, 371, 324, 301, 236, 24, 34, 331, 106, 84, 496, 274, 8, 32, 32, 259, 354, 354, 354, 100, 100, 153, 182, 182, 182, 375, 98, 98, 98, 13, 170, 170, 170, 392, 63, 63, 63, 63, 63, 63, 392, 63, 63, 73, 73, 73, 73, 209, 83, 83, 287, 443, 240, 314, 406, 406, 354, 354, 180, 84, 84, 406, 406, 42, 42, 81, 331, 276, 153, 153, 387, 387, 387, 122, 75, 8, 129, 144, 354, 106, 153, 387, 387, 387, 387, 348, 413, 250, 250, 303, 303, 303, 303, 303, 303, 303, 117, 117, 197, 197, 82, 287, 348, 287, 287, 486, 460, 460, 169, 35, 35, 36, 36, 224, 236, 196, 399, 217, 217, 473, 473, 188, 278, 278, 286, 236, 239, 239, 384, 371, 180, 106, 106, 153, 153, 182, 182, 182, 182, 182, 387, 98, 98, 98, 414, 414, 170, 392, 392, 392, 392, 392, 392, 392, 73, 73, 209, 209, 287, 145, 460, 460, 169, 35, 36, 36, 36, 172, 196, 208, 217, 217, 217, 473, 473, 188, 443, 330, 330, 330, 285, 94, 199, 398, 324, 324, 324, 301, 416, 34, 34, 324, 301, 251, 251, 241, 431, 84, 496, 496, 274, 75, 8, 144, 208, 106, 106, 387, 387, 151, 172, 172, 313, 313, 337, 41, 41, 213]

sample 617 @270 different
[17, 17, 213, 213, 213, 301, 301, 378, 43, 138, 345, 109, 109, 278, 278, 278, 278, 278, 374, 374, 374, 374, 374, 88, 88, 88, 81, 331, 331, 132, 132, 132, 374, 219, 219, 219, 219, 219, 219, 464, 213, 213, 246, 246, 246, 246, 246, 246, 246, 3, 454, 197, 197, 197, 197, 197, 80, 209, 287, 111, 240, 240, 314, 314, 239, 354, 114, 284, 486, 460, 167, 167, 219, 219, 219, 219, 324, 324, 324, 301, 349, 349, 349, 234, 261, 25, 441, 276, 346, 346, 284, 284, 284, 450, 293, 43, 43, 276, 276, 276, 346, 346, 426, 426, 426, 293, 293, 14, 287, 284, 284, 85, 85, 146, 146, 358, 349, 36, 54, 54, 54, 172, 172, 115, 273, 106, 496, 375, 375, 375, 375, 98, 98, 13, 13, 414, 170, 170, 28, 20, 187, 187, 187, 391, 391, 20, 2, 228, 228, 73, 73, 73, 289, 209, 287, 287, 284, 284, 284, 35, 406, 406, 175, 175, 276, 276, 276, 346, 297, 297, 297, 293, 497, 43, 8, 32, 239, 144, 354, 106, 153, 481, 387, 387, 387, 406, 406, 406, 406, 250, 250, 250, 250, 182, 182, 132, 122, 138, 195, 117, 117, 48, 414, 414, 414, 47, 20, 20, 80, 80, 80, 80, 209, 209, 287, 284, 284, 460, 240, 35, 35, 36, 342, 342, 36, 224, 30, 324, 324, 301, 14, 14, 14, 14, 411, 481, 293, 236, 143, 458, 144, 441, 144, 144, 319, 348, 251, 251, 241, 431, 324, 360, 116, 251, 431, 331, 84, 496, 274, 416, 8, 144, 354, 106, 387, 206, 240, 236, 35, 129, 259, 36, 114, 180, 486, 376, 376, 376, 376, 376, 206, 206, 263, 263, 35, 414, 414, 414, 312, 187, 187, 47, 80, 2, 20, 2, 2, 20, 2, 2, 73, 73, 73, 73, 289, 209, 209, 83, 287, 443, 240, 416, 406, 406, 354, 354, 180, 84, 84, 406, 42, 42, 81, 331, 144, 203, 399, 217, 217, 473, 473, 278, 278, 278, 286, 236, 314, 239, 239, 310, 107, 107, 107, 213, 213, 213, 213, 213, 246, 3, 3, 335, 14, 440, 53, 145, 460, 240, 240, 35, 36, 36, 371, 342, 399, 217, 217, 70, 473, 65, 65, 315, 468, 406, 406, 467, 250, 250, 250, 236, 24, 239, 384, 371, 324, 301, 314, 239, 241, 431, 331, 496, 496, 274, 416, 8, 32, 32, 32, 354, 354, 100, 100, 153, 182, 182, 182, 375, 98, 98, 98, 229, 414, 312, 312, 414, 47, 20, 47, 47, 47, 20, 47, 47, 20, 80, 73, 73, 289, 209, 209, 145, 287, 443, 240, 8, 406, 406, 354, 354, 180, 84, 84, 406, 406, 42, 42, 81, 250, 153, 153, 153, 387, 387, 387, 497, 416, 8, 239, 144, 354, 106, 153, 387, 387, 387, 406, 406, 406, 250, 250, 250, 250, 182, 43, 364, 182, 182, 250, 117, 98, 98, 197, 197, 197, 259, 287, 145, 460, 460, 169, 178, 35, 36, 36, 36, 172, 342, 217, 217, 217, 473, 473, 278, 278, 171, 252, 236, 239, 239, 310, 395, 180, 106, 106, 153, 153, 182, 182, 182, 182, 182, 182, 98, 98, 35, 414, 414, 312, 312, 187, 187, 187, 47, 80, 20, 80, 73, 289, 209, 287, 287, 460, 460, 169, 35, 36, 36, 36, 172, 342, 399, 217, 217, 217, 473, 473, 264, 264, 264, 468, 468, 285, 94, 199, 398, 324, 324, 324, 301, 349, 349, 34, 324, 301, 251, 251, 241, 431, 84, 496, 496, 274, 416, 8, 144, 208, 106, 106, 387, 387, 387, 167, 172, 285, 285, 345, 41, 41, 41]

sample 617 @281 somehow entirely different
[17, 17, 219, 213, 213, 301, 301, 378, 43, 364, 345, 109, 109, 278, 278, 278, 278, 278, 374, 374, 374, 374, 374, 88, 88, 88, 174, 380, 153, 132, 132, 132, 374, 219, 219, 219, 219, 219, 219, 398, 213, 246, 246, 246, 246, 246, 246, 246, 246, 335, 454, 197, 414, 197, 80, 80, 82, 209, 287, 111, 240, 240, 314, 314, 239, 354, 114, 284, 486, 460, 167, 167, 219, 219, 219, 219, 324, 324, 324, 422, 349, 349, 349, 234, 261, 25, 441, 276, 346, 346, 284, 315, 315, 450, 293, 43, 43, 276, 276, 276, 346, 174, 426, 426, 206, 293, 14, 14, 287, 284, 145, 85, 85, 146, 146, 358, 358, 36, 54, 54, 172, 172, 172, 115, 273, 106, 496, 375, 375, 375, 375, 98, 98, 13, 229, 229, 414, 82, 312, 312, 23, 23, 23, 201, 201, 201, 2, 392, 63, 73, 73, 73, 73, 209, 287, 287, 284, 284, 206, 285, 406, 406, 42, 42, 276, 276, 276, 346, 346, 297, 297, 182, 497, 43, 43, 32, 239, 144, 27, 106, 153, 153, 387, 387, 387, 387, 406, 406, 406, 250, 250, 250, 250, 250, 132, 132, 132, 138, 138, 117, 117, 48, 414, 414, 414, 414, 187, 187, 391, 244, 73, 73, 244, 209, 287, 284, 460, 460, 240, 169, 35, 36, 342, 342, 224, 224, 30, 324, 324, 301, 14, 14, 14, 259, 411, 481, 481, 236, 143, 458, 208, 441, 144, 144, 319, 348, 251, 251, 241, 431, 324, 360, 116, 251, 241, 431, 84, 496, 274, 416, 8, 144, 354, 106, 387, 450, 240, 236, 35, 35, 259, 384, 114, 180, 486, 376, 376, 376, 376, 376, 206, 206, 263, 263, 35, 35, 414, 414, 312, 312, 187, 23, 187, 187, 391, 244, 392, 392, 63, 63, 63, 63, 73, 73, 73, 244, 209, 83, 287, 443, 240, 416, 406, 406, 354, 354, 180, 84, 84, 406, 406, 42, 81, 81, 144, 203, 399, 217, 217, 473, 473, 278, 278, 278, 252, 236, 314, 239, 239, 310, 107, 107, 107, 213, 213, 213, 213, 213, 246, 3, 3, 416, 349, 208, 208, 287, 460, 240, 240, 35, 36, 36, 371, 342, 399, 217, 217, 70, 70, 65, 319, 315, 468, 406, 406, 467, 274, 250, 250, 313, 77, 239, 384, 371, 324, 301, 143, 239, 251, 431, 431, 496, 496, 274, 416, 8, 32, 32, 32, 354, 354, 100, 153, 153, 182, 182, 182, 375, 98, 98, 98, 414, 414, 312, 312, 312, 187, 187, 170, 244, 244, 392, 244, 392, 63, 63, 73, 73, 73, 244, 209, 83, 287, 443, 240, 416, 406, 406, 354, 354, 180, 84, 84, 468, 406, 406, 406, 380, 250, 153, 153, 153, 387, 387, 387, 497, 416, 406, 239, 144, 354, 106, 106, 387, 387, 387, 387, 406, 406, 250, 250, 250, 250, 132, 132, 132, 132, 132, 250, 98, 98, 98, 335, 197, 259, 208, 287, 145, 460, 460, 169, 150, 35, 77, 36, 224, 494, 301, 217, 217, 217, 473, 473, 278, 278, 171, 252, 236, 239, 239, 310, 395, 180, 106, 106, 153, 153, 182, 182, 182, 182, 182, 182, 375, 98, 98, 414, 414, 312, 312, 312, 23, 23, 23, 23, 391, 228, 73, 244, 209, 287, 287, 460, 460, 169, 35, 36, 36, 36, 494, 301, 399, 217, 217, 217, 473, 473, 264, 264, 330, 468, 285, 285, 94, 199, 398, 324, 324, 324, 339, 359, 241, 34, 324, 301, 251, 251, 241, 431, 84, 496, 496, 274, 416, 8, 144, 354, 106, 106, 387, 387, 387, 167, 172, 313, 285, 84, 41, 41, 41] cut

sample 617 @288 somehow entirely different
[17, 17, 30, 213, 213, 301, 301, 378, 43, 364, 345, 473, 109, 278, 278, 330, 330, 330, 330, 348, 64, 212, 134, 271, 134, 134, 81, 81, 132, 132, 132, 132, 374, 213, 219, 219, 219, 219, 219, 213, 213, 213, 246, 246, 246, 246, 246, 246, 246, 3, 454, 197, 197, 80, 80, 80, 209, 209, 287, 111, 240, 240, 314, 314, 239, 127, 114, 443, 428, 460, 146, 438, 219, 219, 219, 219, 324, 324, 324, 422, 143, 349, 205, 205, 25, 441, 276, 276, 346, 346, 284, 284, 284, 450, 293, 43, 43, 276, 276, 276, 276, 346, 346, 387, 206, 14, 14, 287, 145, 145, 486, 85, 85, 146, 146, 358, 358, 36, 54, 164, 68, 164, 224, 273, 273, 106, 496, 375, 375, 375, 98, 98, 98, 170, 244, 170, 63, 63, 63, 63, 63, 63, 63, 63, 63, 63, 63, 63, 63, 73, 73, 73, 73, 321, 287, 287, 284, 284, 284, 206, 406, 406, 42, 43, 276, 276, 276, 276, 346, 297, 297, 293, 497, 43, 43, 32, 259, 208, 25, 106, 153, 153, 387, 387, 387, 387, 406, 406, 413, 250, 250, 250, 122, 303, 303, 303, 303, 303, 138, 117, 48, 48, 170, 244, 392, 244, 392, 392, 392, 73, 73, 73, 209, 287, 287, 284, 460, 460, 460, 178, 35, 36, 36, 36, 36, 219, 152, 324, 324, 464, 3, 14, 14, 411, 287, 481, 293, 271, 215, 458, 208, 441, 144, 144, 319, 348, 348, 251, 199, 398, 324, 360, 116, 241, 331, 331, 34, 496, 274, 416, 8, 144, 354, 106, 151, 151, 240, 416, 35, 35, 75, 384, 114, 180, 284, 376, 376, 376, 376, 376, 460, 460, 263, 263, 13, 417, 170, 170, 392, 392, 63, 63, 63, 63, 63, 63, 63, 63, 392, 392, 63, 63, 73, 73, 73, 209, 209, 83, 287, 443, 240, 215, 8, 406, 354, 354, 346, 84, 467, 406, 42, 42, 42, 42, 132, 42, 399, 217, 217, 473, 473, 278, 278, 278, 252, 236, 314, 239, 239, 310, 107, 107, 107, 213, 213, 213, 213, 213, 246, 3, 197, 197, 14, 440, 440, 145, 460, 460, 169, 35, 36, 36, 34, 342, 399, 217, 70, 70, 70, 65, 145, 315, 315, 450, 450, 450, 450, 274, 274, 122, 24, 239, 380, 371, 324, 301, 236, 24, 34, 331, 106, 84, 496, 274, 8, 32, 32, 259, 354, 354, 354, 100, 100, 153, 182, 182, 182, 375, 98, 98, 98, 13, 170, 170, 170, 392, 63, 63, 63, 63, 63, 63, 392, 63, 63, 73, 73, 73, 73, 209, 83, 83, 287, 443, 240, 314, 406, 406, 354, 354, 180, 84, 84, 406, 406, 42, 42, 147, 81, 276, 153, 153, 387, 387, 387, 122, 416, 8, 259, 144, 27, 106, 153, 387, 387, 387, 387, 348, 413, 250, 250, 303, 303, 303, 303, 303, 303, 303, 117, 117, 197, 197, 82, 287, 70, 287, 287, 486, 460, 460, 169, 35, 35, 36, 36, 224, 236, 196, 399, 217, 217, 473, 473, 278, 278, 278, 252, 236, 239, 239, 384, 371, 180, 106, 106, 153, 153, 182, 182, 182, 182, 182, 387, 98, 98, 98, 414, 414, 170, 392, 392, 392, 392, 392, 392, 392, 73, 73, 209, 209, 287, 145, 460, 460, 169, 35, 36, 36, 36, 494, 196, 196, 217, 217, 217, 473, 473, 188, 443, 330, 330, 330, 285, 94, 199, 398, 324, 324, 324, 301, 349, 34, 34, 324, 301, 251, 251, 241, 431, 84, 496, 496, 274, 416, 8, 144, 208, 106, 106, 387, 387, 151, 172, 172, 313, 313, 337, 41, 41, 213] cut

----------------------------------------------------------------------------------------------------------------------------------------------------------------
1950 parallel audios

sample 617 @401 somehow entirely different
[17, 17, 30, 213, 213, 301, 301, 378, 43, 364, 345, 473, 109, 278, 278, 330, 330, 330, 330, 348, 64, 212, 134, 271, 134, 42, 147, 147, 132, 132, 132, 132, 374, 213, 219, 219, 219, 219, 219, 213, 213, 213, 246, 246, 246, 246, 246, 246, 246, 3, 454, 197, 197, 226, 226, 226, 209, 209, 287, 111, 240, 240, 314, 314, 239, 127, 114, 443, 428, 460, 146, 438, 219, 219, 219, 219, 324, 324, 324, 422, 143, 349, 205, 205, 25, 441, 276, 276, 346, 346, 284, 284, 284, 450, 293, 43, 43, 276, 276, 276, 276, 346, 346, 387, 206, 14, 14, 287, 145, 145, 486, 85, 85, 146, 146, 358, 358, 186, 54, 323, 68, 323, 224, 273, 273, 106, 302, 375, 375, 375, 98, 98, 98, 170, 244, 170, 63, 63, 63, 63, 63, 63, 63, 63, 63, 63, 63, 63, 63, 73, 73, 73, 73, 321, 287, 287, 284, 284, 284, 206, 406, 406, 42, 43, 276, 276, 276, 276, 346, 297, 297, 293, 497, 43, 43, 32, 259, 208, 27, 106, 153, 153, 387, 387, 387, 387, 406, 406, 413, 250, 250, 250, 195, 303, 303, 303, 303, 303, 195, 117, 48, 48, 170, 244, 392, 244, 392, 392, 392, 73, 73, 73, 209, 287, 287, 284, 460, 460, 460, 178, 35, 36, 449, 449, 449, 219, 30, 324, 324, 464, 3, 14, 14, 411, 287, 481, 293, 178, 215, 458, 208, 441, 125, 125, 319, 348, 348, 251, 199, 398, 324, 278, 116, 241, 331, 331, 255, 496, 274, 416, 8, 144, 27, 106, 151, 151, 240, 385, 35, 35, 75, 384, 114, 180, 284, 376, 376, 376, 376, 376, 460, 460, 263, 263, 13, 78, 170, 170, 392, 392, 63, 63, 63, 63, 63, 63, 63, 63, 392, 392, 63, 63, 73, 73, 73, 209, 209, 83, 443, 443, 240, 215, 8, 8, 354, 354, 300, 84, 467, 406, 42, 42, 42, 42, 132, 42, 399, 217, 217, 473, 473, 278, 278, 278, 252, 236, 314, 239, 239, 310, 107, 107, 107, 213, 213, 213, 213, 213, 246, 3, 197, 197, 14, 440, 440, 145, 460, 460, 169, 35, 449, 449, 34, 301, 399, 217, 70, 70, 70, 65, 315, 315, 315, 450, 450, 450, 450, 274, 274, 122, 24, 239, 131, 371, 324, 301, 236, 24, 34, 331, 106, 84, 496, 274, 8, 32, 32, 259, 354, 354, 354, 100, 100, 153, 182, 182, 182, 375, 98, 98, 98, 13, 170, 170, 170, 392, 63, 63, 63, 63, 63, 63, 392, 63, 63, 73, 73, 73, 73, 209, 83, 83, 443, 443, 240, 314, 8, 8, 354, 354, 180, 84, 84, 406, 406, 42, 42, 147, 147, 276, 153, 153, 387, 387, 387, 122, 416, 8, 259, 144, 27, 106, 153, 387, 387, 387, 387, 348, 413, 250, 250, 303, 303, 303, 303, 303, 303, 303, 117, 117, 197, 197, 82, 287, 209, 287, 287, 486, 460, 460, 169, 35, 35, 36, 449, 224, 191, 196, 399, 217, 217, 473, 473, 278, 278, 278, 252, 236, 239, 239, 384, 371, 180, 106, 106, 153, 153, 182, 182, 182, 182, 182, 387, 98, 98, 98, 414, 414, 170, 392, 392, 392, 392, 392, 392, 392, 73, 73, 209, 209, 287, 145, 460, 460, 169, 35, 36, 449, 449, 494, 196, 196, 217, 217, 217, 473, 473, 278, 443, 330, 330, 330, 285, 94, 199, 398, 324, 324, 324, 301, 359, 34, 34, 324, 301, 251, 251, 241, 331, 84, 496, 496, 274, 416, 8, 144, 208, 106, 106, 387, 387, 169, 396, 396, 313, 313, 337, 41, 41, 213]

========================================================================================================================================================================================
sample 625  --> original from hubert

[17, 17, 17, 17, 17, 296, 317, 392, 392, 392, 392, 392, 63, 63, 63, 244, 249, 249, 249, 249, 218, 218, 218, 218, 218, 218, 218, 218, 218, 218, 218, 63, 63, 63, 63, 63, 63, 63, 244, 435, 40, 40, 244, 244, 249, 218, 63, 63, 63, 63, 63, 63, 63, 63, 63, 63, 63, 63, 63, 63, 63, 63, 63, 63, 63, 63, 63, 63, 63, 63, 63, 63, 63, 244, 244, 435, 73, 73, 73, 73, 244, 320, 7, 213, 213, 213, 213, 213, 213, 213, 246, 246, 246, 246, 246, 246, 464, 464, 180, 180, 355, 284, 450, 293, 43, 43, 43, 276, 276, 276, 174, 174, 319, 319, 240, 240, 251, 251, 251, 241, 431, 428, 428, 428, 146, 146, 146, 358, 186, 39, 342, 342, 224, 168, 106, 302, 387, 387, 387, 203, 76, 129, 129, 259, 354, 420, 213, 213, 422, 236, 143, 129, 259, 74, 420, 213, 213, 213, 213, 213, 422, 143, 239, 239, 384, 384, 371, 395, 286, 286, 264, 264, 264, 355, 335, 14, 14, 440, 287, 410, 497, 497, 416, 8, 239, 144, 27, 106, 153, 387, 387, 387, 387, 406, 406, 42, 42, 42, 250, 250, 132, 132, 132, 132, 132, 132, 132, 98, 98, 13, 229, 414, 312, 312, 187, 23, 23, 391, 244, 73, 73, 412, 209, 287, 287, 284, 206, 240, 240, 35, 35, 35, 77, 66, 68, 68, 115, 115, 267, 267, 213, 213, 213, 213, 246, 246, 3, 3, 197, 226, 226, 226, 82, 82, 287, 287, 284, 284, 284, 284, 284, 284, 284, 284, 206, 206, 206, 206, 240, 24, 24, 239, 384, 371, 106, 106, 106, 387, 372, 406, 406, 313, 285, 285, 41, 41, 41, 246, 246, 246, 246, 246, 19, 19, 454, 454, 229, 229, 414, 414, 187, 187, 187, 244, 244, 391, 391, 73, 73, 73, 244, 209, 287, 284, 460, 460, 240, 35, 35, 36, 449, 449, 224, 219, 485, 477, 464, 106, 106, 481, 293, 497, 122, 416, 8, 32, 239, 208, 27, 106, 153, 387, 387, 387, 387, 406, 406, 406, 413, 413, 250, 250, 413, 413, 413, 413, 413, 413, 413, 195, 195, 117, 48, 48, 414, 414, 414, 414, 170, 47, 392, 392, 392, 392, 392, 392, 73, 73, 73, 244, 209, 287, 284, 460, 206, 240, 167, 35, 35, 77, 342, 224, 168, 444, 324, 324, 301, 301, 399, 217, 217, 217, 473, 473, 65, 264, 264, 264, 468, 468, 468, 406, 337, 337, 324, 324, 301, 339, 212, 239, 384, 371, 490, 278, 278, 26, 251, 251, 241, 431, 106, 284, 284, 284, 284, 206, 206, 206, 206, 240, 24, 24, 239, 239, 384, 180, 106, 106, 498, 387, 406, 406, 313, 313, 337, 41, 41, 41, 41, 246, 246, 19, 19, 19, 454, 454, 229, 229, 82, 126, 187, 187, 23, 391, 391, 244, 244, 320, 7, 251, 241, 241, 431, 284, 206, 206, 167, 35, 35, 77, 164, 449, 219, 219, 464, 464, 180, 315, 315, 450, 450, 450, 450, 43, 43, 43, 345, 345, 109, 109, 403, 171, 171, 171, 252, 416, 416, 32, 239, 239, 354, 180, 288, 403, 171, 171, 171, 252, 236, 314, 314, 239, 131, 331, 84, 84, 350, 43, 43, 43, 276, 276, 276, 276, 153, 153, 182, 182, 182, 98, 98, 414, 414, 414, 414, 312, 187, 187, 47, 392, 73, 73, 412, 412, 287, 287, 460, 460, 169, 35, 35, 77, 449, 449, 224, 30, 213, 213, 324, 3, 3, 14, 14, 14, 145, 145, 284, 460, 460, 169, 349, 99, 99, 436, 436, 447, 60, 123, 374, 132, 43, 43, 345, 109, 109, 286, 286, 286, 286, 286, 313, 313, 285, 285, 180, 180, 284, 284, 284, 405, 206, 206, 263, 263, 35, 35, 414, 414, 414, 414, 47, 244, 80, 80, 80, 73, 73, 7, 7, 241, 470, 443, 443, 271, 31, 162, 54, 342, 172, 115, 273, 470, 403, 171, 120, 207, 271, 31, 162, 162, 232, 232, 172, 172, 115, 273, 470, 470, 120, 120, 120, 120, 120, 120, 207, 207, 207, 452, 263, 263, 414, 414, 414, 414, 244, 392, 392, 392, 392, 392, 392, 392, 392, 392, 392, 392, 17, 17, 17]


625 @ 188 different discrete unit
[17, 17, 296, 30, 213, 213, 213, 213, 246, 219, 219, 246, 246, 246, 324, 252, 464, 464, 443, 443, 355, 355, 450, 293, 43, 43, 43, 276, 276, 276, 331, 331, 319, 319, 319, 374, 251, 251, 251, 241, 431, 65, 428, 428, 146, 146, 146, 468, 282, 282, 342, 342, 224, 273, 106, 88, 153, 387, 387, 14, 122, 259, 401, 321, 354, 420, 213, 213, 422, 143, 239, 251, 75, 395, 278, 213, 213, 213, 213, 213, 213, 301, 143, 239, 239, 107, 395, 395, 420, 286, 264, 264, 264, 264, 203, 14, 411, 411, 411, 473, 497, 497, 43, 8, 239, 374, 354, 153, 153, 153, 387, 387, 387, 406, 406, 88, 88, 43, 276, 303, 303, 303, 303, 303, 303, 303, 117, 117, 48, 48, 414, 392, 392, 392, 392, 392, 392, 63, 73, 73, 73, 63, 63, 287, 287, 284, 460, 460, 167, 35, 35, 35, 35, 36, 36, 35, 224, 224, 267, 213, 213, 213, 213, 213, 213, 246, 3, 3, 339, 14, 401, 401, 217, 132, 287, 287, 284, 284, 284, 284, 284, 284, 284, 284, 206, 206, 206, 206, 35, 450, 35, 239, 77, 371, 106, 106, 106, 387, 122, 406, 406, 406, 406, 313, 278, 278, 213, 246, 246, 246, 246, 19, 19, 19, 454, 414, 414, 392, 392, 392, 392, 392, 392, 392, 392, 63, 63, 73, 73, 73, 63, 63, 287, 287, 460, 460, 240, 35, 35, 36, 36, 36, 219, 219, 434, 286, 464, 139, 106, 387, 293, 497, 43, 75, 406, 239, 107, 208, 354, 153, 153, 153, 387, 387, 387, 387, 406, 406, 406, 413, 413, 411, 411, 208, 208, 303, 303, 303, 122, 276, 276, 117, 48, 414, 414, 392, 392, 392, 392, 392, 392, 392, 392, 392, 392, 63, 73, 73, 73, 63, 287, 287, 284, 460, 460, 240, 167, 35, 35, 35, 35, 224, 219, 213, 213, 324, 324, 301, 14, 303, 217, 217, 473, 473, 65, 264, 264, 264, 468, 468, 35, 406, 337, 286, 324, 324, 422, 19, 143, 239, 107, 371, 286, 416, 400, 374, 251, 251, 241, 431, 106, 284, 284, 284, 206, 206, 206, 206, 206, 355, 468, 35, 35, 75, 371, 180, 106, 106, 139, 387, 406, 406, 406, 313, 337, 278, 278, 246, 246, 246, 246, 19, 19, 19, 454, 229, 414, 414, 392, 392, 392, 392, 392, 392, 392, 73, 244, 244, 7, 320, 7, 241, 431, 284, 206, 206, 167, 35, 35, 36, 36, 77, 219, 219, 464, 464, 180, 315, 315, 450, 450, 450, 450, 293, 43, 43, 345, 88, 109, 109, 403, 171, 171, 171, 3, 416, 143, 401, 14, 354, 354, 180, 360, 434, 171, 171, 171, 252, 252, 143, 143, 75, 395, 34, 84, 84, 153, 43, 43, 43, 276, 276, 276, 276, 153, 153, 153, 182, 98, 98, 13, 414, 414, 170, 392, 392, 392, 392, 392, 392, 244, 73, 63, 63, 287, 287, 460, 460, 169, 35, 35, 35, 35, 36, 400, 213, 213, 213, 324, 3, 3, 14, 14, 411, 145, 145, 284, 460, 460, 169, 169, 314, 77, 239, 239, 473, 395, 395, 77, 208, 441, 276, 354, 109, 43, 337, 286, 286, 286, 207, 468, 35, 35, 35, 180, 443, 284, 284, 284, 206, 206, 206, 169, 263, 263, 414, 414, 170, 392, 392, 392, 392, 392, 392, 244, 73, 73, 321, 7, 75, 65, 287, 443, 450, 150, 150, 342, 342, 342, 115, 273, 267, 171, 171, 171, 171, 301, 301, 36, 342, 342, 342, 342, 342, 115, 273, 267, 267, 264, 264, 264, 264, 264, 264, 264, 207, 355, 468, 263, 401]

625 @ 203 different discrete units
[17, 17, 296, 30, 213, 213, 213, 213, 246, 219, 219, 246, 246, 246, 324, 252, 464, 464, 443, 443, 355, 355, 450, 293, 43, 43, 43, 276, 276, 276, 331, 331, 319, 319, 319, 374, 251, 251, 251, 241, 431, 65, 428, 428, 146, 146, 146, 468, 36, 282, 342, 342, 224, 273, 106, 496, 153, 387, 387, 14, 122, 259, 401, 321, 354, 420, 213, 213, 422, 143, 239, 251, 75, 395, 278, 213, 213, 213, 213, 213, 213, 301, 143, 239, 239, 107, 395, 395, 420, 286, 264, 264, 264, 264, 203, 14, 411, 411, 411, 473, 497, 497, 43, 8, 239, 208, 354, 153, 153, 153, 387, 387, 387, 406, 406, 88, 88, 43, 276, 303, 303, 303, 303, 303, 303, 303, 117, 117, 48, 48, 170, 392, 392, 392, 392, 392, 392, 63, 73, 73, 73, 209, 63, 287, 287, 284, 460, 460, 167, 35, 35, 35, 35, 36, 66, 35, 224, 224, 267, 213, 213, 213, 213, 213, 213, 246, 3, 3, 339, 335, 80, 80, 209, 132, 287, 287, 284, 284, 284, 284, 284, 284, 284, 284, 206, 206, 206, 206, 35, 450, 35, 239, 77, 371, 106, 106, 106, 387, 122, 406, 406, 406, 406, 313, 278, 278, 213, 246, 246, 246, 246, 19, 19, 19, 454, 414, 170, 392, 392, 392, 392, 392, 392, 392, 392, 63, 63, 73, 73, 73, 63, 63, 287, 287, 460, 460, 240, 35, 35, 36, 36, 36, 219, 219, 434, 152, 464, 139, 106, 387, 293, 497, 43, 75, 32, 239, 32, 208, 354, 153, 153, 153, 387, 387, 387, 387, 406, 406, 406, 413, 413, 411, 208, 208, 208, 303, 303, 303, 122, 138, 138, 117, 48, 414, 170, 392, 392, 392, 392, 392, 392, 392, 392, 392, 392, 63, 73, 73, 73, 209, 287, 287, 284, 460, 460, 240, 167, 35, 35, 35, 35, 224, 219, 213, 213, 324, 324, 301, 335, 217, 217, 217, 473, 473, 65, 264, 264, 264, 468, 468, 468, 406, 337, 286, 324, 324, 422, 236, 143, 239, 107, 371, 286, 416, 400, 116, 251, 251, 241, 431, 106, 284, 284, 284, 206, 206, 206, 206, 206, 355, 468, 35, 75, 75, 371, 180, 106, 106, 371, 387, 406, 406, 406, 313, 337, 278, 278, 246, 246, 246, 246, 19, 19, 19, 454, 229, 170, 170, 392, 392, 392, 392, 392, 392, 392, 73, 244, 244, 7, 320, 241, 241, 431, 284, 206, 206, 167, 35, 35, 36, 36, 77, 219, 219, 464, 464, 180, 315, 315, 450, 450, 450, 450, 293, 43, 43, 345, 88, 109, 109, 403, 171, 171, 171, 3, 416, 143, 401, 14, 354, 354, 180, 278, 434, 171, 171, 171, 252, 252, 143, 239, 75, 395, 34, 84, 84, 153, 43, 43, 43, 138, 276, 276, 276, 153, 153, 153, 182, 98, 98, 82, 414, 170, 170, 392, 392, 392, 392, 392, 392, 244, 73, 63, 63, 287, 287, 460, 460, 169, 35, 35, 35, 35, 36, 400, 213, 213, 213, 324, 3, 3, 14, 14, 411, 145, 145, 284, 460, 460, 169, 169, 314, 77, 239, 77, 77, 395, 395, 77, 441, 441, 441, 345, 109, 374, 337, 286, 286, 286, 286, 468, 468, 35, 34, 180, 443, 284, 284, 284, 206, 206, 206, 169, 263, 263, 414, 170, 170, 392, 392, 392, 392, 392, 392, 244, 73, 73, 321, 7, 75, 65, 443, 443, 450, 150, 150, 342, 342, 342, 115, 273, 267, 171, 171, 171, 171, 301, 301, 36, 342, 342, 342, 342, 342, 115, 273, 267, 267, 264, 264, 264, 264, 264, 264, 264, 207, 355, 468, 263, 401]

625 @ 210 same as original
[17, 17, 17, 17, 17, 296, 317, 392, 392, 392, 392, 392, 63, 63, 63, 244, 461, 249, 249, 249, 461, 461, 461, 461, 461, 461, 461, 461, 461, 461, 461, 63, 63, 63, 63, 63, 63, 63, 244, 461, 461, 249, 244, 244, 249, 461, 63, 63, 63, 63, 63, 63, 63, 63, 63, 63, 63, 63, 63, 63, 63, 63, 63, 63, 63, 63, 63, 63, 63, 63, 63, 63, 63, 244, 244, 63, 73, 73, 73, 73, 244, 320, 7, 213, 213, 213, 213, 213, 213, 213, 246, 246, 246, 246, 246, 246, 464, 464, 180, 180, 355, 284, 450, 293, 43, 43, 43, 276, 276, 276, 174, 331, 319, 319, 240, 240, 251, 251, 251, 241, 431, 65, 428, 428, 146, 146, 146, 349, 36, 150, 342, 342, 224, 494, 106, 496, 387, 387, 387, 14, 75, 251, 251, 251, 354, 420, 213, 213, 422, 236, 143, 251, 251, 371, 286, 213, 213, 213, 213, 213, 3, 143, 239, 239, 107, 107, 371, 395, 286, 286, 264, 264, 264, 355, 203, 14, 14, 411, 287, 8, 497, 497, 75, 406, 239, 32, 354, 106, 153, 387, 387, 387, 387, 406, 406, 88, 88, 88, 250, 250, 132, 132, 132, 132, 132, 132, 132, 98, 98, 13, 229, 414, 312, 312, 187, 23, 23, 80, 244, 73, 73, 320, 209, 287, 287, 284, 206, 240, 240, 35, 35, 35, 77, 66, 342, 342, 115, 115, 267, 267, 213, 213, 213, 213, 246, 246, 3, 3, 197, 80, 80, 80, 80, 80, 287, 287, 284, 284, 284, 284, 284, 284, 284, 284, 206, 206, 206, 206, 240, 314, 77, 239, 384, 371, 106, 106, 106, 387, 122, 406, 406, 313, 34, 34, 278, 278, 278, 246, 246, 246, 246, 246, 19, 19, 454, 454, 229, 229, 414, 414, 187, 187, 187, 244, 244, 20, 20, 73, 73, 73, 244, 209, 287, 284, 460, 460, 240, 35, 35, 36, 36, 36, 224, 219, 434, 416, 464, 106, 106, 426, 293, 497, 122, 75, 32, 32, 239, 208, 354, 106, 153, 387, 387, 387, 387, 406, 406, 406, 413, 413, 250, 250, 413, 413, 413, 413, 413, 413, 413, 122, 122, 117, 48, 48, 414, 414, 414, 414, 170, 47, 392, 392, 392, 392, 392, 392, 73, 73, 73, 244, 209, 287, 284, 460, 206, 240, 167, 35, 35, 77, 342, 224, 494, 267, 324, 324, 301, 301, 335, 217, 217, 217, 473, 473, 65, 264, 264, 264, 468, 468, 468, 406, 337, 286, 324, 324, 301, 339, 36, 239, 107, 371, 395, 278, 434, 143, 251, 251, 241, 431, 106, 284, 284, 284, 284, 206, 206, 206, 206, 240, 24, 77, 239, 239, 107, 180, 106, 106, 371, 387, 406, 406, 313, 34, 337, 278, 278, 278, 434, 246, 246, 19, 19, 19, 454, 454, 229, 229, 80, 126, 187, 187, 47, 149, 149, 244, 244, 320, 7, 320, 241, 241, 431, 284, 206, 206, 355, 35, 35, 77, 164, 36, 219, 219, 464, 464, 180, 315, 315, 450, 450, 450, 450, 43, 43, 43, 345, 345, 109, 109, 403, 171, 171, 171, 252, 416, 416, 32, 239, 239, 354, 180, 139, 403, 171, 171, 171, 252, 19, 143, 239, 239, 395, 331, 84, 84, 106, 43, 43, 43, 276, 276, 276, 276, 153, 153, 182, 182, 182, 98, 98, 414, 414, 414, 414, 312, 187, 187, 47, 244, 73, 73, 320, 320, 287, 287, 460, 460, 169, 35, 35, 77, 36, 36, 224, 286, 213, 213, 324, 3, 3, 14, 14, 14, 145, 145, 284, 460, 460, 169, 416, 251, 251, 338, 338, 338, 338, 473, 374, 132]

625 @ 308 different
[17, 17, 296, 451, 213, 213, 213, 213, 213, 219, 246, 246, 246, 246, 246, 246, 464, 464, 464, 139, 355, 355, 450, 16, 43, 43, 43, 276, 276, 276, 174, 174, 319, 319, 240, 240, 251, 251, 251, 241, 431, 428, 428, 428, 146, 146, 146, 358, 186, 54, 342, 342, 224, 168, 106, 496, 387, 387, 387, 203, 76, 129, 129, 259, 354, 420, 213, 213, 422, 236, 143, 129, 259, 74, 420, 213, 213, 213, 213, 213, 422, 236, 239, 239, 384, 384, 371, 395, 286, 286, 264, 264, 264, 355, 335, 14, 14, 440, 287, 285, 497, 497, 416, 406, 239, 144, 27, 106, 153, 387, 387, 387, 387, 406, 406, 42, 42, 42, 250, 250, 132, 132, 132, 132, 132, 132, 132, 98, 98, 13, 229, 414, 312, 312, 187, 23, 23, 391, 244, 73, 73, 320, 209, 287, 287, 284, 206, 240, 240, 35, 35, 35, 77, 66, 68, 68, 115, 115, 267, 267, 213, 213, 213, 213, 246, 246, 3, 3, 197, 226, 226, 226, 82, 82, 287, 287, 284, 284, 284, 284, 284, 284, 284, 284, 206, 206, 206, 206, 240, 24, 24, 239, 384, 371, 106, 106, 106, 387, 496, 406, 406, 313, 285, 285, 41, 41, 41, 246, 246, 246, 246, 246, 19, 19, 454, 454, 229, 414, 414, 187, 187, 187, 187, 244, 244, 391, 391, 392, 73, 73, 244, 209, 287, 284, 460, 460, 240, 35, 35, 36, 449, 449, 224, 219, 485, 416, 464, 106, 106, 481, 293, 497, 122, 416, 8, 32, 239, 208, 27, 106, 153, 387, 387, 387, 387, 406, 406, 406, 406, 413, 413, 250, 413, 413, 413, 413, 413, 303, 303, 303, 303, 117, 48, 48, 414, 414, 414, 414, 170, 170, 244, 392, 392, 392, 392, 392, 73, 73, 73, 244, 209, 287, 284, 460, 206, 240, 167, 35, 35, 77, 342, 224, 168, 444, 324, 324, 301, 301, 399, 217, 217, 217, 473, 473, 65, 264, 264, 264, 468, 468, 468, 406, 337, 337, 324, 324, 301, 339, 212, 239, 384, 371, 34, 278, 278, 26, 251, 251, 241, 431, 106, 284, 284, 284, 405, 405, 206, 206, 206, 240, 24, 24, 239, 239, 384, 180, 106, 106, 151, 387, 406, 406, 313, 313, 337, 41, 41, 41, 41, 246, 246, 19, 19, 19, 454, 454, 229, 229, 82, 126, 187, 187, 23, 391, 391, 244, 244, 320, 7, 251, 241, 241, 431, 284, 206, 206, 240, 35, 35, 77, 164, 36, 219, 219, 464, 464, 180, 315, 315, 450, 450, 450, 450, 43, 43, 43, 345, 345, 109, 109, 403, 171, 171, 171, 252, 416, 416, 32, 239, 239, 354, 180, 355, 403, 171, 171, 171, 252, 236, 314, 314, 239, 380, 331, 84, 84, 106, 43, 43, 43, 276, 276, 276, 276, 153, 153, 182, 182, 182, 98, 98, 414, 414, 414, 414, 312, 187, 187, 244, 244, 73, 392, 412, 412, 287, 287, 460, 460, 169, 35, 35, 77, 36, 36, 224, 30, 213, 213, 324, 3, 3, 14, 14, 14, 145, 145, 284, 460, 460, 169, 349, 99, 436, 436, 436, 436, 338, 280, 374, 132, 43, 43, 345, 109, 109, 286, 286, 286, 286, 286, 285, 285, 285, 285, 180, 180, 284, 284, 284, 405, 206, 206, 263, 263, 35, 35, 414, 414, 414, 414, 47, 244, 392, 73, 73, 73, 244, 7, 7, 241, 470, 443, 443, 271, 150, 162, 54, 342, 172, 115, 273, 470, 403, 171, 171, 207, 271, 31, 162, 162, 232, 232, 172, 172, 115, 273, 470, 470, 403, 120, 120, 120, 120, 120, 207, 207, 207, 454, 263, 442]


------------------------------------------------------------------------------------------------------------------------
1950 parallel audios

625 @349 different
[17, 17, 296, 451, 213, 213, 213, 213, 213, 219, 246, 246, 246, 246, 246, 246, 464, 464, 464, 139, 355, 355, 450, 16, 43, 43, 43, 276, 276, 276, 174, 174, 319, 319, 240, 240, 251, 251, 251, 241, 431, 428, 428, 428, 146, 146, 146, 358, 186, 54, 342, 342, 224, 168, 106, 302, 387, 387, 387, 203, 76, 129, 129, 259, 354, 420, 213, 213, 422, 236, 143, 129, 259, 74, 420, 213, 213, 213, 213, 213, 422, 236, 239, 239, 384, 384, 371, 395, 286, 286, 264, 264, 264, 355, 335, 14, 14, 440, 287, 313, 497, 497, 416, 8, 239, 144, 27, 106, 153, 387, 387, 387, 387, 406, 406, 42, 42, 42, 250, 250, 132, 132, 132, 132, 132, 132, 132, 98, 98, 13, 229, 414, 312, 312, 187, 23, 23, 391, 244, 73, 73, 320, 209, 287, 287, 284, 206, 240, 240, 35, 35, 35, 77, 66, 68, 68, 115, 115, 267, 267, 213, 213, 213, 213, 246, 246, 3, 3, 197, 226, 226, 226, 82, 82, 287, 287, 284, 284, 284, 284, 284, 284, 284, 284, 206, 206, 206, 206, 240, 24, 24, 239, 384, 371, 106, 106, 106, 387, 496, 406, 406, 313, 285, 285, 41, 41, 41, 246, 246, 246, 246, 246, 19, 19, 454, 454, 229, 414, 414, 187, 187, 187, 187, 244, 244, 391, 391, 392, 73, 73, 244, 209, 287, 284, 460, 460, 240, 35, 35, 36, 449, 449, 224, 219, 485, 477, 464, 106, 106, 481, 293, 497, 122, 416, 8, 32, 239, 208, 27, 106, 153, 387, 387, 387, 387, 406, 406, 406, 406, 413, 413, 250, 413, 413, 413, 413, 413, 303, 303, 303, 303, 117, 48, 48, 414, 414, 414, 414, 170, 170, 244, 392, 392, 392, 392, 392, 73, 73, 73, 244, 209, 287, 284, 460, 206, 240, 167, 35, 35, 77, 342, 224, 168, 444, 324, 324, 301, 301, 399, 217, 217, 217, 473, 473, 65, 264, 264, 264, 468, 468, 468, 406, 337, 337, 324, 324, 301, 339, 212, 239, 384, 371, 359, 278, 278, 26, 251, 251, 241, 431, 106, 284, 284, 284, 405, 405, 206, 206, 206, 240, 24, 24, 239, 239, 384, 180, 106, 106, 151, 387, 406, 406, 313, 313, 337, 41, 41, 41, 41, 246, 246, 19, 19, 19, 454, 454, 229, 229, 82, 126, 187, 187, 23, 391, 391, 244, 244, 320, 7, 251, 241, 241, 431, 284, 206, 206, 240, 35, 35, 77, 164, 449, 219, 219, 464, 464, 180, 315, 315, 450, 450, 450, 450, 43, 43, 43, 345, 345, 109, 109, 403, 171, 171, 171, 252, 416, 416, 32, 239, 239, 354, 180, 288, 403, 171, 171, 171, 252, 236, 314, 314, 239, 380, 331, 84, 84, 106, 43, 43, 43, 276, 276, 276, 276, 153, 153, 182, 182, 182, 98, 98, 414, 414, 414, 414, 312, 187, 187, 244, 244, 73, 392, 412, 412, 287, 287, 460, 460, 169, 35, 35, 77, 449, 449, 224, 30, 213, 213, 324, 3, 3, 14, 14, 14, 145, 145, 284, 460, 460, 169, 349, 99, 436, 436, 436, 436, 338, 280, 374, 132, 43, 43, 345, 109, 109, 286, 286, 286, 286, 286, 285, 285, 285, 285, 180, 180, 284, 284, 284, 405, 206, 206, 263, 263, 35, 35, 414, 414, 414, 414, 47, 244, 392, 73, 73, 73, 244, 7, 7, 241, 470, 443, 443, 271, 150, 162, 54, 342, 172, 115, 273, 470, 403, 171, 171, 207, 271, 31, 162, 162, 232, 232, 172, 172, 115, 273, 470, 470, 403, 120, 120, 120, 120, 120, 207, 207, 207, 454, 263, 442]

=================================================================================================================================================================================

sample 640 directly from Hubert
[17, 17, 17, 17, 17, 296, 296, 392, 392, 392, 392, 392, 392, 63, 40, 40, 218, 40, 305, 218, 218, 63, 63, 63, 63, 218, 102, 102, 218, 218, 218, 63, 63, 63, 63, 63, 244, 102, 435, 82, 102, 102, 102, 102, 218, 244, 40, 305, 218, 244, 435, 435, 435, 40, 63, 244, 369, 369, 369, 369, 260, 260, 163, 163, 316, 63, 63, 73, 73, 73, 73, 73, 209, 209, 188, 403, 403, 171, 171, 264, 264, 207, 207, 171, 252, 24, 314, 239, 384, 34, 0, 443, 240, 416, 416, 8, 239, 354, 180, 264, 264, 264, 468, 468, 406, 406, 406, 42, 250, 250, 250, 250, 132, 132, 132, 132, 132, 132, 132, 195, 195, 195, 117, 117, 197, 414, 197, 197, 197, 197, 414, 80, 80, 244, 209, 287, 287, 284, 460, 460, 167, 35, 35, 77, 77, 68, 172, 172, 172, 115, 267, 267, 267, 213, 324, 3, 3, 335, 14, 14, 440, 287, 481, 481, 497, 497, 416, 8, 239, 144, 27, 106, 106, 387, 387, 372, 406, 406, 406, 396, 313, 285, 41, 41, 434, 434, 434, 246, 246, 434, 19, 19, 454, 454, 13, 414, 414, 170, 392, 392, 392, 392, 63, 63, 63, 63, 63, 63, 63, 63, 63, 63, 63, 63, 63, 63, 63, 63, 73, 73, 73, 244, 320, 188, 219, 30, 301, 301, 378, 250, 250, 250, 276, 276, 276, 346, 346, 346, 297, 182, 182, 182, 387, 387, 387, 387, 387, 167, 167, 335, 457, 457, 219, 219, 219, 152, 152, 477, 374, 132, 132, 132, 132, 43, 43, 43, 364, 364, 276, 276, 276, 276, 153, 153, 182, 182, 182, 182, 182, 182, 497, 122, 143, 129, 259, 259, 208, 441, 100, 497, 416, 143, 129, 259, 208, 208, 153, 153, 153, 42, 42, 285, 380, 380, 88, 132, 374, 213, 213, 213, 213, 213, 246, 301, 301, 8, 8, 354, 354, 180, 355, 355, 355, 355, 355, 355, 452, 263, 35, 414, 414, 312, 312, 187, 187, 187, 187, 391, 391, 244, 244, 244, 435, 435, 73, 73, 244, 209, 83, 55, 0, 178, 416, 8, 32, 354, 354, 180, 264, 264, 468, 468, 406, 42, 42, 147, 250, 250, 250, 250, 132, 132, 203, 53, 53, 132, 335, 335, 14, 411, 188, 188, 278, 213, 236, 24, 239, 310, 9, 107, 213, 324, 301, 301, 26, 251, 251, 241, 241, 431, 431, 486, 376, 376, 376, 376, 206, 206, 206, 263, 263, 35, 414, 312, 126, 126, 23, 101, 149, 149, 149, 228, 73, 73, 244, 209, 287, 297, 297, 182, 182, 387, 387, 387, 240, 240, 24, 239, 239, 384, 371, 278, 154, 416, 416, 239, 354, 180, 278, 278, 240, 240, 143, 129, 35, 36, 384, 180, 180, 284, 284, 284, 376, 206, 206, 206, 206, 167, 167, 35, 35, 414, 287, 287, 287, 206, 206, 240, 35, 36, 449, 449, 494, 399, 399, 70, 70, 70, 70, 65, 65, 306, 306, 406, 406, 406, 406, 467, 467, 313, 24, 24, 239, 384, 371, 340, 340, 116, 116, 359, 241, 81, 367, 497, 43, 416, 8, 144, 208, 345, 109, 374, 313, 236, 24, 36, 310, 107, 107, 107, 395, 213, 213, 246, 246, 246, 246, 246, 19, 454, 17]


sample 640 @ 211 different discrete units
[17, 17, 188, 287, 146, 146, 264, 264, 207, 207, 207, 171, 240, 143, 239, 239, 384, 371, 330, 180, 240, 468, 406, 32, 239, 354, 180, 180, 264, 264, 468, 468, 406, 406, 406, 88, 250, 250, 250, 250, 250, 132, 132, 132, 132, 132, 132, 132, 122, 138, 117, 117, 197, 197, 197, 197, 197, 80, 80, 80, 80, 209, 209, 287, 287, 284, 460, 206, 167, 35, 35, 77, 77, 342, 172, 172, 494, 115, 267, 267, 267, 213, 324, 3, 464, 335, 14, 14, 411, 287, 426, 426, 293, 497, 75, 406, 239, 32, 354, 106, 106, 387, 387, 122, 406, 406, 406, 355, 99, 259, 188, 278, 278, 278, 434, 434, 434, 434, 19, 19, 454, 48, 414, 414, 170, 20, 170, 228, 20, 228, 20, 20, 20, 20, 20, 20, 20, 20, 20, 20, 20, 2, 80, 20, 63, 73, 73, 73, 289, 20, 320, 188, 219, 152, 301, 378, 32, 250, 250, 276, 276, 276, 276, 346, 346, 346, 139, 413, 182, 182, 387, 387, 387, 387, 387, 186, 150, 203, 75, 75, 219, 219, 219, 152, 152, 416, 374, 132, 132, 132, 132, 43, 43, 138, 138, 276, 276, 276, 276, 276, 153, 153, 182, 182, 182, 182, 182, 182, 497, 122, 251, 251, 241, 241, 208, 276, 100, 497, 75, 239, 251, 241, 208, 208, 153, 153, 153, 122, 122, 313, 331, 331, 88, 109, 374, 213, 213, 213, 213, 213, 246, 301, 301, 8, 32, 354, 354, 180, 355, 355, 355, 355, 355, 355, 452, 263, 263, 414, 414, 414, 187, 187, 20, 47, 47, 47, 47, 47, 149, 47, 20, 73, 73, 289, 320, 70, 83, 83, 240, 240, 416, 8, 239, 354, 354, 180, 264, 264, 468, 468, 406, 88, 138, 138, 313, 250, 250, 250, 413, 413, 53, 208, 208, 132, 250, 250, 14, 411, 188, 188, 188, 213, 236, 143, 239, 239, 107, 107, 395, 213, 301, 301, 251, 251, 251, 241, 241, 431, 331, 284, 284, 284, 206, 206, 206, 206, 206, 263, 263, 35, 35, 263, 312, 401, 401, 20, 20, 20, 209, 73, 289, 32, 250, 70, 287, 413, 413, 182, 182, 387, 387, 387, 240, 240, 314, 239, 384, 371, 330, 278, 416, 349, 75, 239, 354, 109, 278, 278, 240, 468, 239, 251, 251, 251, 241, 180, 180, 284, 284, 284, 206, 206, 206, 206, 206, 167, 167, 35, 35, 414, 145, 443, 443, 206, 206, 240, 35, 35, 36, 36, 172, 203, 399, 303, 70, 70, 70, 65, 65, 319, 355, 468, 406, 406, 406, 406, 467, 313, 239, 239, 239, 384, 371, 371, 236, 116, 239, 251, 241, 431, 34, 250, 43, 75, 32, 32, 208, 354, 109, 374, 313, 236, 310, 239, 239, 107, 107, 395, 395, 213, 213, 213, 246, 246, 246, 246, 19, 454, 197, 83, 301, 240, 240, 240, 240, 240, 240, 240, 240, 240, 240, 240, 240, 240, 240, 240, 240, 240, 240, 240, 240, 240, 240, 240, 240, 240, 240, 240, 240, 240, 240, 240, 240, 240, 240, 240, 240, 240, 240, 240, 240, 240, 240, 240, 240, 240, 240, 240, 240, 240, 240, 240, 240, 240, 240, 240, 240, 240, 240, 240, 240, 240, 240, 240, 240, 240, 240, 240, 240, 240, 240, 240, 240, 240, 240, 240, 240, 240, 240, 240, 240, 240, 240, 240, 240, 240, 240, 240, 240, 240, 240, 240, 240, 240, 240, 240, 240, 240, 240, 240, 240, 240, 240, 240, 240, 240, 240, 240, 240, 240, 240, 240, 240, 240, 240, 240, 240, 240, 240, 240, 240, 240, 240, 240, 240, 240, 240, 240, 240, 240]


================================================================================================================================================================================
sample 624 directly from Hubert
[17, 17, 17, 17, 17, 17, 296, 392, 392, 392, 392, 392, 392, 244, 40, 20, 305, 249, 249, 249, 249, 249, 249, 249, 249, 218, 218, 63, 218, 63, 63, 63, 63, 63, 63, 63, 63, 63, 63, 63, 63, 63, 63, 63, 63, 63, 63, 63, 63, 63, 244, 435, 435, 435, 244, 73, 73, 73, 73, 244, 7, 7, 384, 371, 180, 0, 278, 240, 416, 416, 239, 192, 464, 464, 0, 171, 240, 236, 8, 8, 239, 354, 420, 324, 324, 324, 3, 464, 464, 464, 180, 486, 486, 460, 240, 240, 35, 35, 35, 35, 35, 35, 401, 401, 75, 478, 108, 482, 338, 338, 338, 338, 400, 400, 400, 324, 422, 422, 349, 349, 234, 261, 261, 25, 485, 213, 213, 213, 213, 219, 286, 286, 286, 374, 139, 153, 153, 182, 182, 182, 182, 375, 98, 98, 98, 414, 414, 197, 197, 197, 197, 226, 82, 320, 7, 309, 309, 398, 398, 398, 398, 464, 464, 464, 139, 315, 113, 450, 293, 43, 43, 43, 276, 276, 276, 182, 387, 495, 406, 406, 406, 467, 467, 134, 387, 203, 399, 217, 217, 473, 473, 278, 324, 252, 236, 236, 239, 239, 239, 310, 384, 371, 213, 213, 213, 213, 213, 213, 246, 246, 19, 454, 229, 414, 414, 126, 126, 126, 187, 391, 228, 244, 244, 82, 7, 354, 345, 100, 43, 43, 8, 8, 354, 354, 109, 346, 84, 284, 481, 293, 293, 43, 43, 276, 276, 346, 346, 284, 206, 206, 240, 251, 251, 251, 241, 431, 428, 428, 428, 146, 146, 146, 271, 150, 54, 54, 86, 6, 272, 273, 302, 125, 387, 275, 299, 116, 33, 196, 33, 219, 219, 219, 464, 464, 464, 139, 486, 460, 460, 169, 169, 349, 349, 234, 436, 447, 400, 30, 324, 422, 143, 143, 458, 259, 82, 208, 441, 276, 276, 346, 346, 346, 426, 426, 426, 450, 450, 43, 250, 250, 250, 345, 109, 109, 41, 324, 324, 324, 434, 339, 33, 33, 33, 398, 398, 398, 219, 219, 219, 219, 464, 464, 139, 88, 88, 387, 335, 14, 14, 14, 411, 287, 284, 284, 284, 284, 284, 206, 206, 206, 206, 206, 215, 8, 8, 8, 354, 354, 100, 100, 100, 148, 182, 182, 182, 98, 98, 229, 229, 247, 312, 312, 187, 23, 23, 260, 391, 244, 244, 392, 73, 73, 73, 73, 73, 244, 209, 287, 284, 460, 460, 169, 35, 35, 77, 342, 342, 449, 224, 30, 213, 324, 324, 3, 3, 14, 14, 14, 411, 145, 284, 284, 428, 428, 146, 146, 146, 146, 358, 143, 35, 36, 36, 108, 68, 115, 224, 444, 213, 213, 213, 422, 422, 143, 239, 239, 77, 478, 66, 68, 68, 115, 267, 267, 213, 213, 213, 213, 246, 246, 246, 246, 246, 246, 19, 19, 454, 414, 414, 82, 244, 392, 392, 392, 392, 17, 17]


sample 624 @ 215 same as original
[17, 17, 17, 17, 17, 17, 296, 392, 392, 392, 392, 392, 392, 244, 317, 317, 461, 249, 249, 249, 249, 249, 249, 249, 249, 320, 461, 63, 63, 63, 63, 63, 63, 63, 63, 63, 63, 63, 63, 63, 63, 63, 63, 63, 63, 63, 63, 63, 63, 63, 244, 435, 435, 435, 244, 73, 73, 73, 73, 244, 7, 7, 7, 371, 443, 240, 278, 240, 416, 349, 239, 164, 398, 464, 240, 171, 240, 236, 8, 32, 239, 354, 420, 324, 324, 324, 422, 464, 464, 464, 180, 486, 486, 460, 240, 240, 35, 35, 35, 35, 35, 35, 401, 401, 75, 36, 371, 35, 338, 338, 338, 338, 400, 400, 400, 324, 422, 422, 416, 349, 303, 395, 395, 395, 278, 213, 213, 213, 213, 219, 252, 252, 252, 374, 139, 153, 153, 182, 182, 182, 182, 375, 98, 98, 98, 414, 414, 197, 197, 197, 197, 80, 80, 320, 7, 309, 309, 398, 398, 398, 398, 464, 464, 464, 139, 315, 450, 450, 293, 43, 43, 43, 276, 276, 276, 182, 387, 35, 406, 406, 406, 467, 467, 175, 387, 203, 399, 217, 217, 473, 473, 188, 324, 252, 236, 236, 143, 239, 239, 239, 107, 371, 213, 213, 213, 213, 213, 213, 246, 246, 19, 454, 229, 414, 414, 126, 126, 126, 187, 149, 228, 244, 244, 80, 7, 354, 354, 132, 43, 43, 8, 106, 354, 354, 109, 346, 84, 284, 426, 293, 293, 43, 43, 276, 276, 346, 346, 284, 206, 206, 240, 251, 251, 251, 241, 431, 65, 428, 428, 146, 146, 146, 450, 282, 150, 150, 232, 77, 77, 319, 496, 107, 387, 122, 400, 116, 10, 208, 10, 219, 219, 219, 464, 464, 464, 139, 486, 460, 460, 169, 169, 349, 349, 303, 338, 338, 400, 420, 324, 422, 143, 239, 239, 259, 401, 208, 276, 276, 276, 346, 346, 346, 426, 426, 426, 450, 450, 43, 250, 250, 250, 345, 109, 109, 278, 324, 324, 324, 434, 339, 10, 10, 10, 398, 398, 398, 219, 219, 219, 219, 464, 464, 139, 88, 88, 387, 250, 14, 14, 14, 411, 287, 284, 284, 284, 284, 284, 206, 206, 206, 206, 206, 167, 406, 406, 406, 354, 354, 100, 100, 100, 138, 182, 182, 182, 98, 98, 229, 229, 312, 312, 312, 187, 23, 23, 63, 20, 244, 244, 392, 73, 73, 73, 73, 73, 244, 209, 287, 284, 460, 460, 169, 35, 35, 77, 342, 342, 150, 224, 207, 213, 324, 324, 3, 3, 14, 14, 14, 411, 145, 284, 284, 206, 206, 146, 146, 146, 146, 358, 143, 35, 36, 36, 290, 342, 115, 224, 267, 213, 213, 213, 422, 422, 143, 239, 239, 384, 36, 36, 342, 342, 115, 267, 267, 213, 213, 213, 213, 246, 246, 246, 246, 246, 246, 19, 19, 454, 414, 414, 82, 244, 392, 392, 392, 392, 23, 23, 83, 83, 240, 240, 240, 240, 240, 240, 240, 240, 240, 240, 240, 240, 240, 240, 240, 240, 240, 240, 240, 240, 240, 240, 240, 240, 240, 240, 240, 240, 240, 240, 240, 240, 240, 240, 240, 240, 240, 240, 240, 240, 240, 240, 240, 240, 240, 240, 240, 240, 240, 240, 240, 240, 240, 240, 240, 240, 240, 240, 240, 240, 240, 240, 240, 240, 240, 240, 240, 240, 240, 240, 240, 240, 240, 240, 240, 240, 240, 240, 240, 240, 240, 240, 240, 240, 240, 240, 240, 240, 240, 240, 240, 240, 240, 240, 240, 240, 240, 240, 240, 240, 240, 240, 240, 240, 240, 240, 240, 240, 240, 240, 240, 240, 240, 240, 240, 240, 240, 240, 240, 240, 240]



========================================================================================================================================================================

sample 636 original
[17, 17, 17, 17, 17, 317, 317, 317, 317, 317, 317, 317, 317, 317, 244, 317, 461, 317, 317, 305, 317, 461, 461, 461, 461, 244, 461, 461, 218, 63, 63, 63, 63, 63, 63, 244, 244, 40, 102, 102, 102, 218, 63, 63, 244, 244, 211, 211, 435, 435, 102, 369, 369, 369, 369, 260, 260, 63, 244, 63, 63, 63, 244, 435, 435, 435, 209, 287, 287, 284, 284, 284, 450, 293, 43, 276, 276, 276, 276, 182, 182, 182, 182, 182, 182, 182, 182, 387, 387, 98, 335, 197, 197, 414, 259, 287, 287, 284, 284, 206, 215, 215, 8, 8, 354, 345, 345, 122, 236, 32, 32, 239, 384, 371, 371, 180, 180, 180, 284, 284, 284, 284, 284, 206, 206, 206, 206, 206, 263, 263, 225, 225, 197, 414, 188, 152, 152, 422, 236, 24, 239, 371, 180, 84, 84, 350, 350, 43, 43, 43, 43, 276, 276, 276, 276, 153, 153, 182, 182, 182, 182, 182, 182, 182, 182, 497, 335, 14, 14, 440, 440, 188, 145, 443, 171, 416, 416, 416, 32, 32, 32, 354, 473, 470, 403, 403, 403, 171, 171, 171, 171, 3, 3, 14, 188, 324, 324, 324, 324, 324, 3, 3, 14, 14, 188, 188, 188, 171, 330, 330, 203, 53, 76, 76, 401, 401, 259, 74, 74, 213, 213, 213, 213, 213, 246, 19, 19, 454, 414, 414, 102, 414, 187, 47, 82, 435, 80, 73, 244, 244, 209, 83, 55, 55, 194, 330, 330, 330, 330, 388, 33, 33, 195, 394, 394, 212, 32, 32, 239, 384, 371, 395, 278, 278, 264, 264, 264, 264, 355, 355, 355, 335, 335, 14, 14, 226, 259, 440, 440, 287, 255, 497, 416, 416, 8, 239, 144, 27, 106, 153, 387, 387, 387, 387, 406, 406, 406, 406, 406, 182, 182, 182, 182, 182, 375, 375, 375, 98, 98, 98, 197, 197, 226, 414, 82, 287, 287, 460, 460, 178, 35, 77, 342, 224, 494, 196, 399, 217, 70, 473, 65, 315, 315, 468, 406, 406, 406, 467, 274, 274, 274, 313, 313, 24, 24, 239, 384, 371, 371, 324, 324, 301, 116, 251, 241, 331, 431, 84, 496, 274, 274, 416, 8, 8, 144, 27, 106, 106, 387, 387, 387, 406, 406, 406, 467, 337, 41, 246, 434, 246, 246, 246, 246, 246, 19, 19, 454, 454, 229, 414, 82, 312, 312, 292, 292, 292, 292, 12, 12, 23, 23, 408, 408, 391, 228, 73, 244, 244, 83, 83, 55, 240, 416, 416, 8, 32, 32, 354, 109, 180, 264, 264, 264, 264, 264, 264, 264, 264, 264, 264, 355, 355, 335, 14, 14, 411, 188, 345, 387, 242, 116, 94, 94, 398, 398, 324, 422, 186, 99, 436, 447, 397, 397, 42, 42, 42, 147, 147, 109, 286, 286, 286, 286, 286, 468, 313, 313, 285, 180, 180, 284, 284, 284, 206, 206, 167, 167, 167, 35, 35, 411, 188, 324, 324, 324, 171, 171, 3, 3, 3, 14, 14, 188, 188, 264, 264, 120, 120, 120, 207, 37, 37, 37, 37, 24, 454, 414, 414, 247, 126, 149, 391, 391, 244, 73, 73, 244, 209, 209, 83, 55, 194, 194, 330, 330, 330, 388, 33, 33, 195, 195, 394, 212, 212, 32, 239, 384, 107, 395, 395, 278, 264, 264, 264, 355, 14, 14, 14, 440, 287, 255, 410, 497, 416, 416, 32, 239, 144, 27, 106, 153, 387, 387, 387, 387, 406, 406, 406, 406, 182, 182, 182, 182, 182, 375, 375, 98, 98, 335, 483, 226, 82, 287, 287, 287, 284, 206, 167, 35, 35, 77, 342, 342, 224, 494, 196, 217, 70, 70, 65, 65, 306, 306, 406, 406, 467, 88, 274, 274, 313, 24, 24, 239, 384, 371, 371, 301, 301, 251, 251, 241, 331, 431, 496, 496, 274, 416, 8, 144, 27, 106, 106, 387, 387, 406, 406, 406, 406, 467, 337, 41, 41, 246, 246, 246, 246, 19, 19, 19, 454, 229, 229, 414, 414, 312, 187, 187, 292, 1, 1, 1, 408, 408, 391, 244, 244, 73, 244, 244, 188, 213, 213, 213, 213, 213, 213, 246, 246, 246, 246, 246, 324, 301, 236, 143, 129, 129, 401, 259, 74, 74, 107, 213, 213, 213, 213, 213, 213, 246, 246, 3, 335, 14, 14, 411, 287, 157, 387, 387, 240, 236, 236, 239, 310, 395, 395, 106, 106, 496, 496, 496, 274, 274, 274, 42, 42, 406, 285, 337, 213, 213, 213, 213, 246, 246, 19, 454, 454, 229, 414, 312, 23, 23, 391, 391, 244, 392, 392, 392, 73, 73, 244, 244, 287, 287, 387, 387, 387, 313, 313, 24, 239, 131, 34, 487, 203, 399, 217, 217, 217, 473, 65, 443, 240, 236, 236, 129, 259, 384, 180, 284, 284, 206, 240, 240, 35, 24, 131, 34, 324, 301, 116, 251, 241, 431, 431, 84, 496, 274, 416, 416, 8, 8, 354, 276, 100, 153, 153, 153, 182, 182, 182, 182, 182, 375, 375, 375, 98, 98, 98, 98, 13, 13, 13, 193, 193, 17]


sample 636 @ 224  different discrete units
[17, 17, 287, 287, 284, 284, 450, 450, 43, 43, 276, 276, 276, 276, 276, 182, 182, 182, 182, 182, 182, 387, 387, 98, 335, 335, 14, 82, 80, 209, 287, 284, 284, 284, 206, 167, 406, 406, 406, 354, 345, 212, 290, 32, 32, 32, 239, 384, 371, 180, 443, 443, 284, 284, 284, 284, 284, 206, 206, 206, 206, 206, 263, 263, 197, 197, 197, 197, 320, 188, 152, 152, 264, 143, 239, 384, 371, 84, 84, 106, 106, 106, 43, 43, 43, 43, 276, 276, 276, 276, 153, 153, 182, 182, 182, 182, 182, 182, 182, 497, 122, 335, 14, 14, 411, 188, 188, 443, 171, 236, 416, 349, 32, 32, 32, 354, 354, 65, 403, 403, 403, 403, 171, 171, 171, 3, 3, 14, 188, 434, 324, 324, 324, 324, 3, 3, 14, 14, 411, 188, 188, 171, 171, 19, 14, 14, 8, 75, 75, 401, 259, 75, 371, 213, 213, 213, 213, 213, 213, 246, 19, 454, 414, 414, 414, 414, 47, 20, 47, 80, 20, 80, 80, 209, 209, 132, 83, 83, 186, 186, 330, 330, 330, 388, 94, 10, 10, 10, 338, 212, 212, 32, 239, 384, 107, 395, 180, 278, 264, 264, 264, 264, 355, 355, 355, 203, 203, 14, 14, 14, 335, 411, 411, 287, 287, 8, 497, 75, 406, 406, 32, 208, 106, 153, 153, 387, 387, 387, 406, 406, 406, 406, 406, 250, 182, 182, 182, 182, 375, 375, 375, 98, 98, 98, 197, 197, 80, 80, 20, 287, 287, 460, 460, 167, 35, 35, 342, 342, 224, 342, 203, 217, 70, 70, 65, 65, 145, 468, 468, 406, 406, 406, 467, 250, 250, 313, 313, 77, 310, 239, 239, 384, 371, 324, 324, 301, 116, 251, 251, 241, 431, 84, 496, 496, 497, 75, 106, 106, 32, 208, 106, 106, 346, 387, 387, 406, 406, 406, 406, 313, 278, 278, 246, 246, 434, 246, 246, 246, 19, 19, 454, 454, 229, 414, 170, 170, 209, 47, 228, 20, 80, 80, 80, 2, 2, 2, 228, 20, 73, 20, 289, 20, 209, 83, 83, 287, 240, 416, 406, 32, 32, 354, 354, 180, 264, 264, 264, 264, 264, 264, 264, 264, 264, 264, 264, 355, 139, 293, 14, 14, 411, 345, 387, 387, 53, 259, 10, 398, 398, 398, 264, 120, 99, 99, 338, 199, 35, 496, 496, 338, 431, 331, 331, 355, 337, 286, 286, 286, 468, 285, 34, 34, 34, 180, 284, 284, 284, 206, 206, 206, 167, 167, 35, 35, 374, 188, 278, 324, 171, 171, 171, 171, 3, 3, 14, 14, 411, 188, 264, 264, 264, 264, 264, 207, 207, 416, 349, 349, 349, 401, 414, 414, 414, 47, 47, 20, 47, 80, 80, 80, 289, 20, 209, 83, 83, 186, 186, 54, 330, 330, 330, 116, 10, 138, 138, 338, 212, 212, 32, 239, 239, 107, 395, 395, 278, 278, 264, 264, 264, 203, 14, 14, 14, 411, 287, 285, 497, 75, 75, 32, 239, 32, 208, 106, 153, 153, 387, 387, 387, 406, 406, 406, 406, 406, 182, 182, 182, 182, 375, 375, 98, 98, 98, 75, 14, 80, 70, 287, 287, 284, 206, 167, 167, 35, 35, 342, 342, 342, 224, 494, 203, 303, 70, 65, 65, 284, 355, 35, 406, 406, 406, 250, 250, 313, 77, 310, 239, 239, 384, 371, 324, 301, 143, 251, 251, 241, 431, 106, 496, 250, 75, 106, 106, 32, 354, 106, 387, 387, 122, 406, 406, 406, 467, 337, 41, 41, 41, 246, 246, 246, 19, 19, 19, 454, 454, 229, 170, 170, 47, 187, 187, 20, 80, 80, 408, 149, 149, 228, 73, 73]  --> note audio cut at the end possible due to 600 capped sequence length used

sample 636 @ 313  same
[17, 17, 17, 17, 17, 317, 317, 317, 317, 317, 317, 317, 317, 317, 244, 317, 461, 317, 317, 461, 317, 461, 461, 461, 461, 244, 461, 461, 461, 63, 63, 63, 63, 63, 63, 244, 244, 40, 102, 102, 102, 412, 63, 63, 244, 244, 211, 211, 435, 435, 102, 289, 239, 239, 239, 201, 201, 63, 244, 63, 63, 63, 244, 435, 435, 435, 209, 287, 287, 284, 284, 284, 450, 293, 43, 276, 276, 276, 276, 182, 182, 182, 182, 182, 182, 182, 182, 387, 387, 98, 335, 197, 197, 414, 259, 287, 287, 284, 284, 206, 215, 215, 8, 8, 354, 345, 345, 88, 236, 32, 32, 239, 384, 371, 371, 180, 180, 180, 284, 284, 284, 284, 284, 206, 206, 206, 206, 206, 263, 263, 225, 225, 197, 414, 83, 152, 152, 422, 236, 24, 239, 371, 180, 84, 84, 106, 350, 43, 43, 43, 43, 276, 276, 276, 276, 153, 153, 182, 182, 182, 182, 182, 182, 182, 182, 497, 335, 14, 14, 440, 440, 188, 145, 443, 171, 416, 416, 416, 32, 32, 32, 354, 473, 470, 403, 403, 403, 171, 171, 171, 171, 3, 3, 14, 188, 324, 324, 324, 324, 324, 3, 3, 14, 14, 188, 188, 360, 171, 330, 330, 203, 53, 76, 76, 401, 401, 259, 74, 74, 213, 213, 213, 213, 213, 246, 19, 19, 454, 414, 414, 102, 414, 187, 47, 82, 305, 80, 73, 244, 244, 209, 83, 55, 55, 162, 330, 330, 330, 330, 388, 94, 381, 195, 10, 10, 212, 32, 32, 239, 384, 371, 395, 278, 278, 264, 264, 264, 264, 355, 355, 355, 335, 335, 14, 14, 226, 259, 440, 440, 287, 285, 497, 416, 416, 8, 239, 144, 27, 106, 153, 387, 387, 387, 387, 406, 406, 406, 406, 406, 182, 182, 182, 182, 182, 375, 375, 375, 98, 98, 98, 197, 197, 80, 414, 82, 287, 287, 460, 460, 178, 35, 77, 342, 224, 494, 196, 399, 217, 70, 473, 65, 315, 315, 468, 406, 406, 406, 467, 274, 274, 274, 313, 313, 77, 24, 239, 384, 371, 371, 324, 324, 301, 116, 251, 241, 431, 431, 84, 496, 274, 274, 416, 8, 8, 144, 27, 106, 106, 387, 387, 387, 406, 406, 406, 467, 337, 41, 246, 434, 246, 246, 246, 246, 246, 19, 19, 454, 454, 229, 414, 82, 312, 312, 292, 292, 292, 292, 201, 201, 23, 23, 408, 408, 391, 228, 73, 244, 244, 83, 83, 55, 240, 416, 416, 8, 32, 32, 354, 109, 180, 264, 264, 264, 264, 264, 264, 264, 264, 264, 264, 355, 355, 335, 14, 14, 411, 188, 345, 387, 236, 116, 94, 94, 398, 398, 324, 422, 186, 99, 338, 338, 395, 380, 302, 302, 302, 81, 81, 109, 286, 286, 286, 286, 286, 468, 285, 285, 285, 180, 180, 284, 284, 284, 206, 206, 167, 167, 167, 35, 35, 276, 188, 324, 324, 324, 171, 171, 3, 3, 3, 14, 14, 188, 188, 264, 264, 120, 120, 120, 207, 37, 37, 37, 37, 24, 454, 414, 414, 247, 126, 149, 391, 391, 244, 73, 73, 244, 209, 209, 83, 55, 186, 162, 330, 330, 330, 388, 94, 381, 195, 195, 10, 212, 212, 32, 239, 384, 107, 395, 395, 278, 264, 264, 264, 355, 14, 14, 14, 440, 287, 285, 106, 497, 416, 416, 32, 239, 144, 27, 106, 153, 387, 387, 387, 387, 406, 406, 406, 406, 182, 182, 182, 182, 182, 375, 375, 98, 98, 335, 349, 226, 82, 287, 287, 287, 284, 206, 167, 35, 35, 77, 342, 342, 224, 494, 196, 217, 70, 70, 65] cut



=======================================================================================================================================

sample 639 original 

[17, 17, 17, 317, 317, 317, 317, 317, 317, 461, 461, 461, 461, 461, 461, 461, 461, 461, 461, 461, 461, 140, 102, 102, 102, 102, 102, 102, 102, 102, 102, 102, 102, 102, 102, 218, 218, 63, 63, 63, 63, 63, 63, 63, 244, 40, 218, 63, 63, 63, 63, 63, 63, 63, 63, 63, 244, 40, 40, 40, 218, 218, 218, 63, 63, 63, 63, 63, 63, 63, 63, 63, 63, 63, 63, 63, 63, 63, 63, 63, 63, 63, 63, 63, 63, 63, 63, 63, 63, 63, 63, 63, 63, 63, 63, 63, 63, 63, 63, 63, 63, 63, 63, 63, 63, 73, 73, 244, 209, 287, 287, 481, 293, 293, 122, 416, 8, 144, 27, 106, 106, 387, 387, 387, 387, 235, 406, 406, 406, 406, 250, 250, 250, 250, 132, 132, 132, 132, 195, 195, 195, 117, 117, 48, 414, 414, 197, 197, 197, 197, 197, 225, 226, 226, 82, 287, 287, 284, 284, 206, 167, 167, 35, 35, 77, 342, 342, 115, 267, 267, 324, 301, 301, 399, 217, 217, 473, 473, 65, 264, 264, 264, 264, 468, 468, 468, 337, 337, 324, 324, 252, 24, 384, 371, 371, 324, 301, 116, 251, 241, 331, 367, 496, 274, 43, 8, 8, 208, 345, 345, 88, 132, 313, 236, 24, 24, 239, 310, 107, 395, 213, 213, 213, 213, 213, 246, 19, 454, 143, 414, 414, 414, 126, 187, 187, 391, 391, 244, 73, 73, 244, 320, 188, 219, 152, 152, 374, 378, 43, 43, 276, 276, 276, 276, 153, 276, 346, 182, 182, 387, 387, 387, 387, 387, 387, 167, 335, 457, 457, 219, 219, 152, 152, 132, 42, 42, 364, 364, 364, 42, 42, 364, 276, 276, 276, 153, 153, 497, 497, 215, 129, 259, 354, 354, 106, 284, 486, 460, 468, 406, 467, 499, 206, 206, 169, 150, 150, 342, 68, 115, 273, 273, 428, 428, 428, 146, 146, 146, 358, 358, 358, 35, 36, 227, 433, 419, 427, 229, 82, 247, 126, 126, 126, 326, 23, 23, 101, 149, 149, 228, 412, 287, 284, 206, 206, 240, 314, 314, 32, 8, 354, 109, 420, 324, 422, 24, 239, 384, 371, 324, 301, 301, 399, 217, 217, 473, 398, 213, 213, 213, 236, 24, 239, 310, 310, 107, 213, 213, 213, 213, 213, 246, 19, 19, 454, 414, 414, 414, 414, 226, 226, 80, 80, 80, 209, 209, 287, 287, 284, 265, 428, 85, 146, 146, 146, 358, 358, 143, 143, 35, 458, 192, 445, 445, 445, 445, 219, 477, 477, 374, 374, 132, 132, 132, 132, 132, 335, 14, 14, 14, 411, 411, 145, 284, 284, 284, 284, 113, 450, 206, 206, 59, 452, 452, 452, 233, 414, 414, 414, 414, 414, 170, 187, 187, 187, 187, 187, 187, 392, 392, 63, 63, 63, 63, 63, 63, 63, 73, 73, 73, 244, 209, 83, 55, 443, 438, 416, 8, 8, 8, 354, 109, 264, 84, 84, 406, 406, 42, 42, 147, 147, 147, 132, 399, 217, 217, 473, 473, 278, 278, 252, 252, 236, 24, 239, 310, 107, 107, 213, 213, 213, 213, 213, 246, 246, 454, 454, 414, 414, 197, 226, 226, 226, 226, 82, 287, 287, 460, 206, 240, 167, 35, 35, 77, 342, 342, 86, 224, 224, 213, 213, 213, 324, 324, 3, 3, 14, 14, 14, 411, 287, 481, 387, 387, 497, 416, 8, 239, 144, 27, 106, 387, 387, 387, 235, 235, 413, 406, 406, 250, 250, 250, 413, 413, 381, 381, 381, 381, 381, 117, 117, 48, 229, 414, 247, 312, 126, 23, 23, 149, 149, 149, 228, 73, 244, 209, 287, 284, 460, 460, 240, 150, 35, 342, 342, 224, 494, 324, 399, 217, 217, 473, 473, 476, 360, 252, 24, 24, 310, 219, 324, 324, 422, 24, 239, 371, 490, 278, 301, 251, 251, 251, 331, 374, 374, 132, 43, 8, 239, 208, 208, 345, 109, 374, 374, 236, 24, 24, 239, 310, 107, 107, 213, 213, 213, 213, 213, 246, 19, 454, 414, 414, 414, 414, 126, 126, 126, 187, 187, 47, 244, 392, 392, 392, 392, 392, 63, 63, 63, 63, 63, 73, 73, 435, 209, 209, 83, 55, 443, 240, 416, 8, 8, 354, 354, 180, 84, 84, 468, 406, 42, 42, 147, 147, 147, 250, 399, 399, 217, 473, 65, 443, 443, 240, 240, 143, 35, 35, 164, 127, 114, 106, 284, 284, 284, 284, 405, 206, 206, 206, 263, 263, 35, 35, 35, 287, 287, 287, 284, 206, 240, 169, 35, 36, 449, 449, 324, 324, 3, 335, 14, 14, 14, 411, 481, 297, 297, 182, 182, 182, 387, 387, 387, 240, 240, 24, 239, 384, 34, 278, 278, 236, 8, 8, 354, 354, 278, 278, 278, 240, 385, 35, 35, 36, 127, 114, 114, 180, 486, 376, 376, 376, 206, 206, 263, 263, 35, 414, 312, 126, 312, 149, 149, 391, 228, 73, 244, 209, 287, 287, 460, 460, 169, 169, 35, 77, 342, 449, 449, 30, 324, 324, 3, 14, 14, 14, 411, 287, 481, 293, 178, 129, 129, 458, 208, 441, 125, 125, 319, 348, 64, 212, 239, 384, 371, 324, 301, 301, 24, 251, 331, 431, 367, 153, 274, 43, 43, 8, 32, 239, 208, 208, 276, 153, 153, 153, 360, 360, 195, 195, 195, 117, 229, 229, 414, 312, 312, 126, 1, 1, 1, 408, 391, 244, 47, 73, 73, 73, 73, 244, 209, 83, 83, 0, 171, 171, 416, 416, 8, 8, 354, 354, 180, 264, 84, 84, 406, 406, 42, 42, 147, 250, 250, 399, 217, 217, 473, 473, 278, 278, 278, 252, 236, 24, 239, 310, 371, 107, 213, 213, 213, 213, 213, 246, 3, 454, 143, 414, 414, 225, 225, 226, 226, 82, 82, 244, 287, 287, 284, 460, 206, 240, 169, 35, 77, 342, 342, 224, 30, 324, 324, 301, 335, 14, 14, 14, 411, 411, 481, 481, 497, 497, 416, 8, 8, 144, 27, 106, 346, 387, 387, 387, 235, 350, 406, 406, 406, 250, 250, 413, 413, 303, 303, 303, 303, 303, 195, 195, 117, 48, 229, 414, 247, 312, 312, 187, 187, 149, 391, 228, 73, 73, 244, 287, 287, 284, 284, 206, 169, 169, 35, 77, 449, 224, 494, 301, 399, 217, 217, 217, 217, 473, 473, 264, 264, 264, 468, 468, 468, 337, 337, 337, 324, 339, 24, 239, 384, 371, 324, 301, 301, 251, 251, 241, 241, 431, 284, 284, 284, 284, 284, 284, 206, 206, 206, 206, 240, 24, 24, 239, 131, 180, 106, 106, 387, 387, 387, 406, 406, 406, 406, 406, 413, 413, 413, 303, 303, 303, 303, 303, 303, 303, 303, 117, 48, 48, 48, 414, 414, 170, 170, 170, 201, 201, 305, 211, 211, 211, 23, 23, 260, 260, 392, 63, 63, 63, 63, 63, 63, 63, 63, 73, 73, 73, 244, 209, 83, 55, 443, 240, 416, 416, 8, 354, 354, 180, 84, 84, 406, 406, 42, 147, 147, 456, 203, 399, 217, 217, 473, 65, 443, 443, 240, 240, 143, 35, 35, 36, 127, 180, 106, 284, 284, 284, 405, 206, 206, 206, 206, 263, 263, 35, 35, 287, 287, 287, 284, 460, 240, 240, 35, 77, 342, 342, 224, 267, 324, 324, 301, 14, 14, 14, 411, 481, 481, 481, 182, 182, 387, 387, 387, 387, 37, 24, 24, 239, 239, 131, 161, 79, 374, 374, 350, 350, 350, 406, 413, 413, 413, 413, 413, 413, 413, 413, 195, 117, 48, 229, 229, 414, 247, 312, 126, 23, 23, 187, 391, 244, 73, 73, 73, 412, 287, 287, 486, 460, 460, 240, 169, 35, 342, 342, 224, 494, 301, 399, 217, 217, 217, 473, 65, 264, 264, 264, 468, 468, 285, 337, 337, 434, 434, 116, 33, 212, 212, 81, 324, 191, 301, 251, 251, 241, 331, 106, 106, 496, 497, 497, 416, 8, 32, 239, 354, 354, 100, 153, 153, 153, 182, 182, 182, 182, 375, 375, 98, 98, 98, 13, 414, 414, 170, 414, 82, 187, 187, 244, 392, 392, 63, 63, 63, 63, 63, 63, 63, 63, 63, 63, 63, 63, 63, 63, 63, 63, 63, 73, 73, 73, 244, 320, 287, 100, 153, 153, 274, 122, 122, 8, 239, 239, 131, 371, 106, 153, 153, 153, 182, 182, 182, 182, 182, 182, 182, 182, 182, 182, 182, 182, 182, 182, 98, 98, 98, 98, 414, 414, 414, 414, 414, 82, 244, 421, 392, 128, 128, 128, 128, 128, 128, 128, 128, 128, 128, 128, 128, 128, 193, 17, 17]


sample 639 @224 different discrete units
[17, 17, 287, 35, 426, 387, 293, 75, 349, 32, 32, 354, 106, 106, 153, 387, 387, 35, 35, 468, 467, 413, 413, 413, 413, 250, 413, 413, 413, 122, 88, 88, 88, 338, 117, 48, 48, 414, 414, 197, 47, 80, 80, 73, 73, 73, 209, 209, 287, 287, 284, 460, 460, 167, 167, 35, 35, 36, 164, 164, 224, 36, 324, 324, 301, 301, 399, 217, 217, 473, 473, 65, 264, 264, 264, 264, 171, 171, 171, 171, 171, 324, 252, 143, 239, 384, 371, 324, 324, 301, 325, 77, 34, 374, 374, 250, 250, 75, 32, 239, 208, 354, 345, 88, 374, 313, 236, 310, 239, 239, 239, 107, 107, 213, 213, 213, 213, 213, 213, 19, 454, 454, 414, 414, 47, 47, 47, 47, 80, 80, 80, 80, 80, 320, 320, 188, 213, 152, 301, 301, 8, 43, 276, 276, 276, 276, 276, 153, 276, 182, 182, 182, 182, 387, 387, 387, 387, 387, 167, 172, 35, 219, 219, 219, 152, 152, 378, 32, 441, 138, 138, 138, 138, 138, 138, 138, 276, 276, 276, 153, 497, 43, 129, 251, 251, 354, 354, 106, 284, 486, 460, 35, 406, 467, 139, 206, 206, 169, 150, 150, 342, 35, 115, 273, 273, 267, 428, 428, 146, 146, 171, 416, 349, 349, 401, 36, 241, 310, 427, 56, 56, 56, 56, 244, 392, 392, 392, 392, 73, 73, 73, 320, 209, 287, 287, 284, 460, 460, 167, 35, 35, 406, 354, 354, 420, 420, 324, 236, 143, 239, 371, 371, 324, 301, 301, 8, 217, 217, 473, 398, 213, 213, 213, 236, 143, 239, 239, 239, 107, 395, 213, 213, 213, 213, 213, 246, 19, 454, 414, 80, 80, 80, 80, 80, 80, 80, 80, 209, 209, 287, 284, 284, 206, 206, 85, 146, 146, 146, 358, 349, 239, 401, 401, 244, 75, 309, 445, 445, 219, 360, 416, 374, 374, 374, 132, 132, 132, 132, 132, 250, 250, 293, 132, 411, 287, 284, 284, 284, 284, 284, 450, 206, 206, 355, 355, 375, 98, 13, 13, 170, 170, 170, 170, 63, 63, 63, 63, 63, 63, 63, 63, 63, 63, 63, 63, 63, 63, 63, 63, 63, 73, 73, 73, 320, 63, 83, 83, 287, 240, 416, 349, 32, 354, 354, 180, 84, 84, 84, 496, 406, 496, 496, 413, 132, 132, 132, 117, 303, 217, 473, 473, 188, 188, 213, 252, 143, 239, 259, 239, 107, 107, 213, 213, 213, 213, 213, 213, 246, 454, 454, 414, 80, 80, 80, 80, 80, 209, 209, 287, 287, 460, 460, 169, 35, 35, 36, 290, 66, 342, 224, 224, 219, 213, 213, 213, 213, 324, 3, 3, 14, 14, 14, 411, 287, 426, 426, 497, 43, 75, 32, 32, 208, 106, 106, 153, 426, 426, 468, 468, 467, 413, 413, 413, 413, 303, 303, 303, 303, 411, 208, 208, 48, 48, 48, 13, 170, 170, 392, 392, 392, 392, 63, 63, 63, 73, 73, 73, 209, 320, 287, 486, 460, 460, 169, 35, 35, 36, 36, 224, 172, 342, 116, 217, 217, 473, 473, 400, 213, 213, 24, 239, 239, 219, 324, 301, 236, 143, 239, 34, 420, 374, 400, 314, 77, 374, 374, 374, 132, 132, 8, 32, 239, 208, 345, 345, 132, 374, 212, 236, 310, 239, 239, 239, 107, 107, 213, 213, 213, 213, 213, 246, 19, 454, 414, 170, 170, 392, 392, 392, 392, 63, 63, 63, 63, 63, 63, 63, 63, 63, 63, 63, 63, 63, 63, 73, 73, 73, 63, 83, 83, 301, 443, 240, 416, 349, 32, 354, 180, 443, 84, 84, 84, 496, 496, 175, 175, 413, 132, 132, 117] note audio cut at the end possible due to 600 capped sequence length used



======================================================================================================================================================================

sample 264 original
[17, 17, 17, 17, 17, 296, 392, 244, 296, 52, 435, 435, 461, 51, 184, 184, 184, 435, 184, 289, 7, 217, 473, 473, 476, 171, 171, 171, 171, 171, 252, 236, 314, 32, 239, 310, 310, 107, 107, 107, 107, 395, 400, 400, 213, 213, 246, 246, 19, 19, 454, 454, 454, 454, 225, 225, 225, 80, 82, 82, 7, 217, 217, 473, 473, 398, 360, 360, 434, 252, 339, 212, 239, 310, 310, 107, 107, 107, 395, 395, 400, 213, 213, 246, 246, 246, 246, 301, 32, 32, 32, 32, 217, 217, 217, 473, 473, 290, 290, 290, 171, 252, 339, 24, 32, 32, 310, 310, 107, 107, 395, 395, 180, 334, 302, 375, 375, 98, 98, 98, 14, 226, 226, 226, 244, 209, 411, 188, 290, 290, 290, 434, 434, 434, 339, 33, 117, 117, 335, 197, 226, 226, 226, 244, 244, 411, 287, 157, 497, 43, 43, 32, 239, 458, 208, 208, 441, 153, 153, 153, 387, 387, 372, 372, 406, 406, 406, 467, 337, 41, 19, 19, 19, 454, 229, 170, 170, 170, 170, 126, 292, 292, 326, 326, 326, 101, 408, 408, 391, 228, 73, 73, 244, 412, 83, 145, 460, 240, 240, 35, 36, 77, 66, 68, 68, 115, 224, 267, 448, 448, 448, 3, 14, 14, 411, 188, 171, 171, 171, 169, 349, 349, 349, 261, 25, 25, 106, 284, 284, 284, 206, 206, 450, 43, 43, 43, 364, 276, 346, 428, 428, 85, 146, 207, 207, 454, 454, 229, 229, 247, 312, 126, 23, 326, 23, 101, 101, 149, 391, 391, 102, 289, 102, 102, 320, 74, 190, 487, 380, 380, 499, 106, 387, 387, 387, 387, 271, 368, 31, 162, 232, 232, 482, 68, 68, 68, 68, 115, 273, 267, 267, 267, 444, 213, 246, 246, 19, 19, 454, 454, 197, 197, 226, 80, 7, 7, 32, 32, 32, 239, 384, 371, 371, 444, 213, 213, 213, 246, 246, 246, 19, 454, 197, 414, 414, 414, 244, 392, 392, 73, 73, 244, 209, 83, 55, 55, 240, 416, 416, 239, 239, 354, 354, 286, 264, 264, 264, 468, 468, 406, 406, 467, 467, 413, 413, 248, 76, 76, 129, 401, 82, 144, 208, 27, 27, 100, 100, 100, 413, 375, 98, 98, 13, 13, 229, 170, 170, 201, 201, 201, 47, 392, 244, 244, 244, 392, 73, 73, 244, 244, 7, 188, 213, 213, 213, 213, 246, 301, 416, 32, 32, 32, 354, 354, 180, 355, 355, 355, 355, 355, 355, 263, 263, 13, 414, 170, 244, 312, 312, 47, 244, 47, 244, 392, 73, 435, 73, 320, 345, 345, 100, 153, 43, 43, 43, 8, 32, 239, 208, 208, 345, 109, 387, 387, 313, 236, 24, 24, 239, 310, 107, 107, 107, 395, 400, 213, 213, 246, 19, 19, 454, 229, 229, 229, 312, 126, 126, 23, 23, 408, 149, 228, 244, 244, 412, 83, 83, 55, 240, 240, 35, 36, 77, 66, 68, 68, 115, 273, 448, 448, 3, 464, 464, 145, 443, 443, 443, 443, 169, 349, 349, 205, 261, 25, 25, 106, 284, 284, 405, 206, 206, 293, 43, 43, 276, 346, 346, 428, 85, 85, 207, 207, 19, 454, 229, 229, 414, 442, 312, 312, 23, 149, 149, 149, 102, 102, 244, 320, 345, 276, 276, 153, 153, 387, 497, 43, 143, 129, 129, 458, 82, 144, 208, 27, 437, 125, 426, 413, 413, 98, 98, 48, 13, 13, 414, 78, 80, 80, 80, 373, 188, 188, 188, 177, 422, 236, 314, 239, 310, 310, 107, 107, 107, 395, 213, 213, 286, 301, 359, 175, 241, 180, 355, 355, 355, 355, 263, 263, 263, 13, 417, 56, 296, 17, 17]


sample 264 @241 different
[17, 17, 296, 473, 473, 65, 330, 171, 171, 171, 171, 171, 252, 143, 183, 239, 239, 239, 338, 338, 338, 338, 338, 400, 400, 400, 400, 246, 246, 246, 19, 19, 19, 454, 454, 197, 80, 197, 7, 217, 217, 217, 217, 473, 473, 65, 290, 290, 278, 360, 434, 434, 416, 36, 99, 338, 338, 338, 338, 400, 400, 400, 400, 324, 324, 301, 301, 301, 301, 32, 32, 217, 217, 217, 473, 473, 65, 290, 290, 290, 290, 434, 434, 286, 339, 75, 310, 310, 107, 107, 395, 395, 395, 467, 467, 496, 496, 274, 274, 98, 98, 14, 259, 259, 441, 188, 188, 236, 290, 290, 290, 434, 434, 434, 434, 434, 434, 454, 14, 197, 197, 197, 320, 411, 441, 100, 100, 424, 182, 182, 497, 98, 43, 276, 276, 276, 153, 153, 153, 153, 481, 387, 387, 122, 88, 88, 406, 406, 467, 467, 236, 236, 207, 19, 454, 454, 229, 229, 170, 312, 126, 292, 292, 80, 80, 80, 408, 408, 408, 149, 321, 321, 83, 83, 145, 486, 486, 460, 460, 169, 150, 150, 342, 342, 342, 224, 224, 267, 150, 36, 66, 66, 434, 464, 464, 464, 171, 171, 171, 171, 252, 416, 416, 349, 354, 354, 106, 284, 284, 206, 206, 206, 206, 206, 175, 175, 239, 241, 431, 331, 319, 428, 428, 146, 207, 207, 358, 454, 454, 229, 312, 312, 312, 126, 23, 23, 47, 47, 47, 149, 149, 244, 321, 320, 320, 7, 7, 331, 331, 331, 467, 467, 467, 346, 139, 293, 293, 293, 122, 186, 186, 232, 232, 232, 482, 68, 115, 115, 267, 267, 267, 428, 428, 213, 213, 246, 246, 246, 246, 454, 197, 197, 197, 197, 7, 7, 7, 107, 107, 371, 54, 323, 224, 267, 267, 267, 213, 246, 246, 246, 246, 246, 3, 197, 197, 197, 197, 80, 244, 321, 320, 83, 83, 330, 301, 301, 186, 232, 232, 239, 259, 473, 398, 286, 264, 264, 264, 468, 468, 468, 468, 467, 467, 467, 467, 467, 497, 53, 10, 239, 208, 208, 208, 276, 345, 100, 100, 100, 413, 413, 413, 98, 98, 98, 98, 13, 414, 170, 170, 170, 47, 244, 392, 392, 244, 244, 320, 320, 320, 7, 219, 213, 213, 213, 213, 213, 246, 246, 246, 301, 8, 354, 354, 109, 109, 180, 84, 355, 355, 355, 355, 355, 263, 263, 263, 414, 414, 170, 244, 47, 47, 47, 73, 244, 80, 320, 320, 7, 345, 153, 153, 153, 43, 43, 43, 43, 43, 138, 276, 276, 276, 345, 109, 387, 122, 374, 313, 36, 239, 310, 107, 107, 107, 400, 400, 400, 400, 324, 246, 19, 454, 454, 229, 414, 414, 312, 187, 187, 187, 408, 20, 80, 321, 320, 83, 83, 145, 486, 460, 215, 169, 150, 150, 342, 342, 342, 342, 115, 267, 267, 150, 36, 464, 464, 464, 171, 3, 264, 240, 240, 416, 349, 338, 395, 106, 284, 284, 206, 206, 206, 206, 206, 293, 175, 175, 81, 426, 426, 428, 428, 264, 146, 207, 207, 454, 454, 229, 414, 414, 47, 187, 47, 47, 47, 320, 320, 320, 345, 441, 276, 424, 424, 424, 424, 424, 497, 497, 122, 122, 458, 208, 208, 276, 345, 144, 144, 144, 319, 319, 348, 348, 122, 117, 117, 197, 197, 321, 321, 209, 188, 188, 188, 171, 171, 171, 252, 252, 422, 143, 310, 338, 338, 338, 107, 400, 400, 213, 324, 301, 301, 99, 199, 354, 355, 355, 355, 355, 17, 240, 240, 240, 240, 240, 240, 240, 240, 240, 240, 240, 240, 240, 240, 240, 240, 240, 240, 240, 240, 240, 240]



======================================================================================================================================================================

sample 627 original
[17, 17, 17, 17, 17, 296, 392, 392, 392, 392, 392, 392, 392, 63, 63, 63, 244, 305, 249, 40, 249, 82, 305, 249, 249, 249, 218, 102, 102, 102, 218, 102, 63, 63, 63, 63, 63, 244, 218, 244, 435, 435, 249, 82, 435, 40, 249, 249, 249, 249, 249, 63, 63, 63, 63, 63, 63, 63, 63, 63, 63, 63, 63, 63, 63, 63, 73, 73, 73, 244, 320, 287, 148, 153, 387, 274, 122, 314, 32, 239, 384, 371, 374, 374, 132, 274, 143, 129, 129, 259, 354, 109, 109, 374, 374, 468, 313, 285, 337, 337, 313, 236, 196, 94, 398, 324, 324, 339, 10, 10, 479, 331, 153, 153, 153, 182, 387, 497, 497, 122, 416, 32, 239, 144, 27, 106, 153, 387, 387, 387, 387, 406, 406, 250, 250, 250, 250, 250, 195, 195, 195, 195, 195, 195, 195, 98, 117, 48, 48, 414, 414, 414, 197, 170, 392, 80, 80, 73, 73, 244, 209, 287, 287, 284, 284, 293, 43, 43, 276, 276, 276, 346, 346, 284, 284, 206, 206, 175, 251, 251, 251, 251, 251, 241, 431, 428, 428, 428, 428, 146, 146, 146, 358, 186, 39, 162, 54, 172, 115, 115, 273, 106, 106, 153, 182, 182, 182, 375, 375, 98, 98, 98, 13, 13, 78, 170, 244, 28, 28, 28, 63, 63, 63, 63, 63, 63, 63, 63, 63, 244, 341, 341, 12, 12, 260, 260, 260, 260, 244, 63, 63, 63, 73, 73, 73, 73, 244, 209, 287, 287, 284, 284, 293, 293, 43, 43, 276, 276, 346, 346, 346, 284, 206, 206, 175, 251, 251, 241, 431, 431, 428, 428, 146, 146, 146, 358, 31, 39, 342, 342, 224, 273, 302, 497, 203, 399, 70, 70, 65, 65, 284, 284, 284, 306, 406, 406, 406, 406, 406, 406, 406, 413, 250, 413, 132, 413, 10, 10, 309, 219, 398, 324, 301, 339, 10, 250, 250, 132, 109, 109, 288, 403, 171, 301, 416, 416, 32, 32, 354, 354, 470, 403, 171, 171, 171, 252, 314, 314, 314, 239, 131, 180, 84, 84, 350, 43, 43, 43, 276, 276, 276, 276, 153, 153, 182, 182, 182, 98, 98, 197, 197, 197, 197, 226, 82, 287, 287, 287, 460, 240, 167, 35, 35, 77, 66, 68, 115, 273, 180, 486, 113, 113, 450, 43, 43, 276, 276, 346, 346, 346, 206, 206, 175, 251, 251, 431, 431, 428, 428, 146, 146, 358, 186, 39, 54, 86, 224, 224, 273, 302, 203, 399, 217, 217, 473, 473, 65, 443, 443, 271, 31, 162, 54, 232, 172, 172, 115, 273, 106, 302, 302, 375, 375, 375, 375, 98, 263, 229, 247, 312, 126, 326, 326, 101, 101, 149, 244, 320, 188, 152, 152, 340, 116, 94, 199, 199, 374, 355, 355, 171, 416, 416, 32, 239, 354, 354, 180, 278, 255, 416, 143, 129, 259, 144, 27, 100, 125, 497, 215, 76, 129, 259, 354, 106, 499, 499, 428, 85, 396, 396, 313, 285, 337, 337, 324, 422, 143, 36, 259, 82, 127, 106, 106, 302, 387, 387, 375, 98, 98, 35, 414, 247, 312, 312, 23, 23, 23, 23, 391, 391, 244, 244, 7, 7, 309, 398, 250, 250, 250, 138, 138, 138, 387, 293, 215, 35, 35, 35, 259, 354, 346, 284, 206, 206, 240, 24, 24, 384, 371, 180, 284, 319, 319, 319, 388, 348, 195, 195, 195, 250, 250, 250, 394, 478, 478, 66, 68, 68, 68, 115, 115, 267, 213, 213, 213, 213, 246, 3, 335, 14, 14, 145, 145, 460, 460, 178, 35, 35, 35, 36, 127, 114, 191, 171, 171, 37, 359, 251, 359, 81, 41, 41, 246, 246, 246, 246, 19, 19, 454, 454, 414, 414, 414, 414, 47, 392, 392, 392, 392, 392, 73, 244, 244, 7, 7, 309, 398, 398, 324, 301, 8, 8, 239, 354, 180, 443, 443, 403, 146, 146, 438, 301, 43, 43, 276, 109, 109, 428, 428, 240, 240, 24, 24, 239, 384, 219, 219, 301, 339, 10, 10, 479, 331, 331, 106, 426, 426, 426, 182, 182, 375, 375, 375, 98, 98, 98, 13, 13, 414, 414, 17, 17]

sample 627 @244 different
[17, 296, 345, 153, 250, 122, 88, 32, 239, 239, 384, 371, 374, 132, 132, 250, 239, 259, 259, 259, 107, 395, 374, 374, 374, 374, 313, 337, 337, 337, 285, 77, 77, 34, 324, 324, 324, 301, 99, 10, 331, 331, 153, 153, 153, 182, 387, 497, 497, 122, 8, 239, 239, 32, 354, 106, 153, 387, 387, 387, 387, 413, 413, 348, 122, 122, 122, 195, 303, 303, 122, 195, 338, 338, 338, 117, 48, 48, 197, 170, 47, 47, 392, 392, 80, 80, 73, 73, 73, 209, 287, 287, 284, 284, 426, 293, 43, 43, 276, 276, 346, 346, 284, 284, 206, 206, 206, 175, 251, 251, 251, 251, 241, 431, 431, 428, 428, 428, 146, 146, 146, 358, 349, 36, 54, 164, 164, 164, 164, 273, 106, 106, 153, 182, 182, 182, 375, 375, 98, 98, 13, 244, 170, 170, 228, 392, 63, 63, 63, 63, 63, 63, 63, 63, 63, 63, 63, 63, 63, 63, 63, 63, 63, 63, 63, 63, 63, 63, 63, 244, 392, 63, 63, 73, 73, 73, 209, 287, 287, 284, 284, 284, 293, 43, 43, 43, 276, 276, 346, 346, 284, 284, 206, 206, 175, 251, 251, 241, 431, 65, 428, 428, 146, 146, 358, 36, 36, 342, 342, 224, 273, 494, 175, 497, 399, 399, 70, 70, 65, 65, 284, 284, 319, 426, 426, 406, 406, 406, 406, 406, 413, 413, 122, 195, 195, 32, 32, 212, 219, 219, 213, 324, 301, 143, 32, 36, 217, 473, 473, 331, 403, 171, 171, 301, 416, 239, 239, 239, 354, 384, 331, 403, 171, 171, 171, 252, 143, 314, 239, 384, 34, 106, 84, 496, 497, 43, 43, 43, 276, 276, 276, 276, 153, 153, 153, 182, 497, 98, 197, 197, 197, 80, 80, 321, 209, 287, 287, 460, 460, 167, 167, 35, 35, 239, 310, 107, 395, 180, 180, 486, 450, 450, 43, 43, 43, 276, 276, 346, 346, 284, 206, 240, 175, 251, 241, 431, 428, 428, 146, 146, 146, 358, 36, 36, 342, 342, 224, 273, 494, 273, 203, 399, 217, 217, 473, 473, 278, 180, 278, 271, 150, 150, 54, 342, 342, 224, 273, 106, 496, 496, 100, 375, 375, 375, 98, 98, 13, 229, 170, 170, 47, 47, 47, 80, 80, 244, 320, 320, 188, 188, 66, 66, 129, 10, 199, 374, 374, 355, 355, 171, 416, 416, 239, 239, 354, 180, 278, 360, 236, 143, 239, 458, 107, 208, 100, 100, 497, 497, 313, 129, 129, 354, 354, 346, 319, 319, 428, 468, 355, 285, 313, 337, 337, 324, 422, 236, 143, 401, 244, 239, 109, 106, 106, 100, 387, 387, 98, 98, 82, 197, 170, 392, 392, 392, 392, 392, 392, 392, 392, 244, 73, 244, 7, 7, 7, 320, 441, 276, 276, 276, 153, 153, 387, 293, 143, 129, 35, 276, 276, 346, 346, 206, 206, 167, 167, 35, 75, 34, 180, 180, 284, 284, 206, 240, 348, 348, 195, 195, 195, 195, 10, 10, 76, 36, 66, 342, 342, 342, 342, 115, 267, 267, 213, 213, 213, 213, 246, 3, 14, 14, 145, 145, 486, 460, 460, 178, 35, 35, 75, 75, 114, 444, 278, 171, 434, 36, 36, 54, 349, 41, 41, 41, 246, 246, 246, 19, 19, 454, 229, 229, 170, 392, 392, 392, 392, 392, 392, 392, 392, 73, 73, 73, 244, 7, 309, 7, 213, 324, 301, 301, 8, 32, 354, 354, 180, 443, 443, 403, 146, 330, 330, 43, 43, 138, 276, 109, 109, 428, 428, 240, 240, 35, 35, 77, 219, 219, 324, 301, 10, 309, 479, 331, 331, 106, 106, 153, 153, 182, 182, 182]


-----------------------------------------------------------------------------------------------------------------------------
1950 parallel audios

sample 627 @354 different
[17, 296, 345, 387, 274, 122, 122, 32, 32, 239, 384, 371, 374, 132, 274, 416, 143, 129, 129, 259, 345, 109, 109, 374, 468, 468, 406, 467, 337, 337, 285, 314, 196, 199, 398, 324, 301, 339, 10, 10, 331, 398, 153, 153, 153, 387, 387, 497, 497, 43, 8, 32, 239, 144, 27, 106, 153, 387, 387, 387, 406, 406, 406, 250, 250, 250, 250, 250, 250, 250, 122, 195, 195, 195, 117, 117, 48, 48, 197, 197, 197, 47, 20, 47, 47, 80, 80, 80, 80, 209, 287, 287, 284, 284, 293, 43, 43, 43, 276, 276, 346, 346, 346, 284, 206, 206, 206, 251, 251, 251, 251, 251, 241, 431, 431, 428, 428, 428, 146, 146, 146, 358, 358, 186, 162, 232, 172, 172, 115, 273, 106, 106, 153, 182, 182, 182, 375, 375, 375, 98, 98, 13, 13, 170, 170, 20, 28, 20, 28, 28, 28, 28, 28, 28, 28, 2, 2, 20, 2, 2, 2, 2, 20, 127, 127, 20, 127, 20, 127, 127, 316, 73, 73, 73, 289, 289, 20, 287, 287, 284, 284, 284, 293, 43, 43, 276, 276, 276, 346, 346, 284, 284, 206, 206, 175, 251, 251, 241, 431, 428, 428, 428, 146, 146, 358, 186, 54, 54, 342, 224, 273, 494, 302, 497, 399, 399, 70, 70, 65, 65, 284, 284, 284, 215, 406, 406, 406, 406, 406, 406, 406, 413, 250, 413, 413, 413, 10, 10, 398, 398, 398, 324, 116, 33, 381, 250, 147, 473, 109, 467, 403, 171, 171, 301, 416, 32, 32, 239, 354, 109, 278, 403, 171, 171, 171, 358, 314, 314, 239, 384, 371, 106, 84, 106, 497, 43, 43, 43, 276, 276, 276, 153, 153, 153, 182, 182, 182, 98, 98, 197, 197, 197, 226, 226, 287, 287, 287, 284, 206, 240, 167, 35, 35, 77, 68, 115, 395, 180, 180, 315, 113, 450, 43, 43, 276, 276, 276, 346, 346, 284, 206, 240, 251, 251, 241, 431, 428, 428, 146, 146, 146, 186, 31, 54, 54, 172, 224, 273, 494, 38, 203, 399, 217, 217, 473, 473, 278, 443, 278, 271, 31, 54, 54, 172, 172, 115, 273, 273, 302, 302, 375, 375, 375, 375, 98, 98, 13, 229, 247, 312, 126, 23, 101, 149, 228, 228, 20, 320, 7, 152, 152, 116, 94, 94, 199, 331, 151, 355, 171, 171, 416, 416, 32, 239, 354, 180, 278, 278, 285, 143, 129, 458, 458, 208, 100, 100, 125, 497, 215, 76, 129, 259, 354, 106, 499, 265, 215, 468, 494, 494, 406, 337, 337, 324, 422, 236, 143, 401, 259, 127, 114, 106, 106, 302, 387, 387, 98, 98, 35, 229, 229, 247, 312, 187, 187, 187, 20, 391, 80, 73, 20, 320, 7, 7, 398, 250, 250, 250, 138, 138, 138, 387, 387, 215, 215, 35, 35, 35, 354, 354, 284, 206, 206, 240, 240, 24, 239, 384, 180, 180, 284, 319, 319, 388, 348, 94, 195, 195, 195, 250, 250, 94, 76, 36, 36, 68, 68, 68, 68, 115, 267, 267, 213, 213, 213, 213, 3, 3, 14, 14, 145, 145, 145, 460, 460, 215, 35, 35, 35, 384, 114, 470, 278, 171, 171, 359, 359, 359, 359, 41, 41, 41, 246, 246, 246, 19, 19, 19, 454, 229, 414, 414, 47, 20, 47, 47, 47, 47, 20, 80, 80, 20, 320, 7, 309, 479, 398, 398, 301, 8, 8, 32, 354, 354, 180, 443, 443, 403, 146, 438, 301, 43, 43, 364, 276, 109, 109, 428, 428, 240, 240, 24, 239, 384, 219, 219, 324, 301, 10, 10, 309, 331, 331, 106, 84, 153, 426, 426, 182, 182]


sample 627 @367 different
[17, 296, 345, 387, 274, 122, 122, 314, 32, 239, 384, 371, 374, 132, 274, 416, 143, 129, 129, 259, 354, 109, 374, 374, 468, 468, 313, 467, 337, 337, 236, 314, 196, 199, 398, 324, 301, 339, 10, 10, 331, 398, 153, 153, 182, 387, 387, 497, 497, 122, 416, 32, 239, 144, 27, 106, 153, 387, 387, 387, 387, 406, 413, 250, 250, 250, 250, 250, 250, 250, 122, 195, 195, 195, 195, 98, 48, 48, 197, 414, 414, 197, 197, 244, 392, 80, 73, 73, 392, 209, 287, 287, 284, 284, 481, 43, 43, 43, 276, 276, 276, 346, 346, 284, 206, 206, 206, 175, 251, 251, 251, 251, 241, 431, 431, 428, 428, 428, 146, 146, 146, 358, 358, 186, 54, 54, 482, 172, 115, 273, 273, 106, 153, 182, 182, 182, 182, 375, 375, 98, 98, 13, 13, 13, 78, 170, 244, 244, 28, 392, 63, 63, 63, 63, 63, 63, 63, 63, 63, 244, 128, 128, 251, 12, 260, 260, 260, 260, 244, 392, 63, 63, 73, 73, 73, 244, 244, 287, 287, 284, 284, 284, 293, 43, 43, 43, 276, 276, 346, 346, 284, 284, 206, 206, 175, 251, 251, 241, 431, 428, 428, 428, 146, 146, 358, 186, 54, 342, 342, 224, 273, 494, 302, 497, 399, 399, 70, 70, 65, 65, 284, 284, 284, 215, 406, 406, 406, 406, 406, 406, 406, 413, 413, 413, 413, 413, 10, 10, 219, 398, 398, 324, 339, 10, 10, 250, 132, 132, 109, 467, 278, 171, 171, 301, 416, 416, 32, 239, 354, 354, 278, 403, 171, 171, 171, 37, 314, 314, 239, 384, 371, 106, 84, 106, 497, 43, 43, 43, 276, 276, 276, 153, 153, 182, 182, 182, 182, 98, 98, 197, 197, 197, 226, 82, 209, 287, 287, 284, 206, 240, 167, 35, 77, 77, 68, 115, 168, 180, 180, 315, 113, 450, 43, 43, 43, 276, 276, 346, 346, 284, 206, 240, 175, 251, 241, 431, 428, 428, 146, 146, 146, 186, 31, 54, 54, 482, 224, 273, 494, 273, 203, 399, 217, 217, 473, 473, 278, 443, 278, 31, 31, 54, 54, 172, 172, 115, 273, 273, 302, 302, 426, 375, 375, 375, 98, 98, 229, 229, 247, 126, 126, 326, 101, 101, 149, 228, 244, 320, 219, 152, 152, 116, 94, 94, 199, 374, 346, 355, 171, 171, 416, 416, 32, 239, 354, 180, 278, 278, 178, 143, 143, 458, 458, 208, 100, 100, 125, 497, 53, 76, 129, 259, 354, 106, 499, 265, 428, 85, 167, 313, 285, 337, 337, 324, 422, 422, 143, 36, 259, 384, 114, 106, 106, 302, 387, 375, 98, 98, 35, 229, 414, 247, 312, 312, 23, 23, 23, 201, 391, 228, 244, 320, 7, 7, 479, 250, 250, 250, 276, 138, 138, 387, 387, 215, 215, 35, 35, 35, 259, 354, 346, 206, 206, 240, 240, 24, 24, 384, 180, 180, 284, 319, 319, 388, 348, 94, 195, 195, 195, 250, 250, 132, 76, 36, 162, 68, 68, 68, 68, 115, 267, 267, 213, 213, 213, 246, 3, 3, 14, 14, 440, 145, 145, 460, 460, 215, 35, 35, 35, 384, 127, 470, 278, 171, 37, 359, 359, 251, 359, 41, 41, 41, 246, 246, 246, 19, 19, 19, 454, 454, 414, 414, 414, 170, 392, 392, 244, 392, 392, 392, 73, 244, 320, 7, 309, 479, 398, 324, 301, 301, 8, 32, 354, 354, 180, 443, 443, 403, 146, 438, 301, 378, 43, 364, 276, 109, 109, 428, 428, 240, 240, 24, 24, 384, 219, 219, 324, 301, 10, 10, 309, 331, 331, 106, 84, 153, 426, 426, 182, 182]

sample 627 @392 different
[17, 296, 345, 387, 274, 122, 122, 314, 32, 239, 384, 371, 374, 132, 274, 416, 143, 129, 129, 259, 354, 109, 374, 374, 468, 468, 313, 467, 337, 337, 236, 314, 196, 199, 398, 324, 301, 339, 10, 10, 331, 398, 153, 153, 182, 387, 387, 497, 497, 122, 416, 32, 239, 144, 27, 106, 153, 387, 387, 387, 387, 406, 413, 250, 250, 250, 250, 250, 250, 250, 195, 195, 195, 195, 195, 98, 48, 48, 197, 414, 414, 197, 197, 244, 392, 80, 73, 73, 392, 209, 287, 287, 284, 284, 481, 43, 43, 43, 276, 276, 276, 346, 346, 284, 206, 206, 206, 175, 251, 251, 251, 251, 241, 431, 431, 428, 428, 428, 146, 146, 146, 358, 358, 186, 54, 54, 482, 172, 115, 273, 273, 106, 153, 182, 182, 182, 182, 375, 375, 98, 98, 13, 13, 13, 78, 170, 244, 244, 28, 392, 63, 63, 63, 63, 63, 63, 63, 63, 63, 244, 341, 128, 26, 260, 260, 260, 260, 260, 244, 392, 63, 63, 73, 73, 73, 244, 244, 287, 287, 284, 284, 284, 293, 43, 43, 43, 276, 276, 346, 346, 284, 284, 206, 206, 175, 251, 251, 241, 431, 428, 428, 428, 146, 146, 358, 186, 54, 342, 342, 224, 273, 494, 302, 497, 399, 399, 70, 70, 65, 65, 284, 284, 284, 306, 406, 406, 406, 406, 406, 406, 406, 413, 413, 413, 413, 413, 10, 10, 219, 398, 398, 324, 339, 10, 10, 250, 132, 132, 109, 467, 278, 171, 171, 301, 416, 416, 32, 239, 354, 354, 278, 403, 171, 171, 171, 37, 314, 314, 239, 384, 371, 106, 84, 350, 497, 43, 43, 43, 276, 276, 276, 153, 153, 182, 182, 182, 182, 98, 98, 197, 197, 197, 226, 82, 209, 287, 287, 284, 206, 240, 167, 35, 77, 77, 68, 115, 168, 180, 180, 315, 113, 450, 43, 43, 43, 276, 276, 346, 346, 284, 206, 240, 175, 251, 241, 431, 428, 428, 146, 146, 146, 186, 31, 54, 54, 86, 224, 273, 494, 319, 203, 399, 217, 217, 473, 473, 278, 443, 278, 31, 31, 54, 54, 172, 172, 115, 273, 273, 302, 302, 426, 375, 375, 375, 98, 98, 229, 229, 247, 126, 126, 326, 101, 101, 149, 228, 244, 320, 219, 152, 152, 116, 94, 94, 199, 374, 346, 355, 171, 171, 416, 416, 32, 239, 354, 180, 278, 278, 178, 143, 143, 458, 458, 208, 100, 100, 125, 497, 53, 76, 129, 259, 354, 106, 499, 265, 428, 85, 396, 313, 285, 337, 337, 324, 422, 422, 143, 36, 259, 384, 114, 106, 106, 302, 387, 375, 98, 98, 35, 229, 414, 247, 312, 312, 23, 23, 23, 260, 391, 228, 244, 320, 7, 7, 479, 250, 250, 250, 276, 138, 138, 387, 387, 215, 215, 35, 35, 35, 259, 354, 346, 206, 206, 240, 240, 24, 24, 384, 180, 180, 284, 319, 319, 388, 348, 94, 195, 195, 195, 250, 250, 132, 76, 478, 162, 68, 68, 68, 68, 115, 267, 267, 213, 213, 213, 246, 3, 3, 14, 14, 440, 145, 145, 460, 460, 215, 35, 35, 35, 384, 127, 470, 278, 171, 37, 359, 359, 251, 359, 41, 41, 41, 246, 246, 246, 19, 19, 19, 454, 454, 414, 414, 414, 170, 392, 392, 244, 392, 392, 392, 73, 244, 320, 7, 309, 479, 398, 324, 301, 301, 8, 32, 354, 354, 180, 443, 443, 403, 146, 438, 301, 378, 43, 364, 276, 109, 109, 428, 428, 240, 240, 24, 24, 384, 219, 219, 324, 301, 10, 10, 309, 331, 331, 106, 84, 153, 426, 426, 182, 182]




==============================================================================================================================================

sample 266 original
[17, 17, 17, 17, 17, 296, 296, 296, 317, 317, 317, 317, 461, 461, 461, 184, 184, 184, 244, 320, 7, 217, 217, 217, 473, 65, 476, 403, 443, 443, 171, 240, 240, 314, 314, 32, 239, 310, 107, 107, 395, 395, 106, 84, 387, 387, 387, 167, 457, 457, 457, 188, 152, 422, 186, 99, 338, 338, 338, 338, 395, 351, 499, 486, 428, 403, 146, 146, 464, 464, 464, 464, 264, 355, 255, 43, 43, 43, 276, 276, 276, 276, 276, 346, 346, 346, 319, 319, 426, 450, 43, 43, 276, 109, 109, 403, 290, 290, 207, 207, 434, 252, 24, 239, 239, 384, 114, 180, 180, 486, 486, 376, 376, 376, 376, 85, 468, 468, 467, 467, 467, 145, 111, 460, 240, 271, 186, 478, 66, 482, 482, 482, 115, 273, 374, 374, 374, 374, 242, 116, 10, 10, 479, 398, 398, 398, 398, 286, 286, 286, 286, 286, 286, 406, 406, 42, 42, 132, 132, 132, 313, 236, 239, 310, 107, 107, 395, 180, 443, 443, 403, 403, 171, 171, 246, 246, 252, 314, 32, 239, 82, 384, 371, 420, 324, 340, 116, 33, 466, 199, 199, 459, 271, 38, 38, 162, 68, 68, 68, 115, 267, 267, 464, 464, 180, 315, 315, 450, 450, 450, 450, 250, 250, 88, 109, 109, 299, 299, 464, 301, 313, 42, 42, 147, 456, 456, 313, 236, 239, 310, 107, 395, 395, 180, 151, 151, 169, 143, 458, 82, 144, 208, 100, 100, 497, 143, 129, 458, 244, 144, 208, 208, 100, 100, 98, 98, 98, 98, 13, 229, 82, 247, 312, 312, 312, 23, 23, 23, 23, 23, 23, 23, 23, 408, 408, 391, 244, 73, 244, 244, 7, 188, 219, 398, 360, 340, 339, 10, 94, 199, 331, 132, 132, 88, 335, 14, 411, 188, 188, 278, 278, 258, 31, 31, 162, 232, 232, 68, 68, 115, 115, 267, 444, 422, 422, 143, 36, 36, 270, 270, 68, 68, 68, 115, 267, 267, 444, 213, 246, 246, 464, 464, 120, 459, 271, 271, 271, 39, 433, 433, 433, 160, 160, 112, 112, 427, 56, 56, 312, 312, 126, 292, 23, 23, 23, 408, 391, 244, 73, 73, 73, 244, 244, 144, 27, 437, 111, 111, 240, 215, 8, 8, 354, 420, 420, 328, 116, 200, 33, 195, 479, 331, 255, 255, 76, 129, 401, 82, 82, 354, 106, 284, 486, 460, 169, 150, 150, 54, 54, 436, 447, 60, 470, 403, 403, 207, 207, 207, 3, 3, 197, 226, 188, 188, 219, 422, 32, 239, 239, 384, 371, 84, 84, 350, 350, 350, 350, 43, 88, 88, 109, 109, 337, 337, 301, 301, 349, 349, 349, 155, 155, 25, 106, 284, 306, 306, 406, 406, 467, 499, 460, 169, 215, 215, 35, 401, 244, 320, 354, 354, 284, 284, 206, 282, 388, 388, 303, 64, 243, 219, 398, 398, 340, 116, 116, 33, 466, 199, 250, 250, 43, 250, 250, 32, 32, 32, 4, 280, 420, 420, 422, 236, 143, 36, 310, 107, 161, 161, 161, 487, 487, 487, 487, 374, 374, 132, 132, 98, 98, 13, 352, 352, 417, 435, 170, 244, 421, 296, 17, 17]




sample 266@248 different
[17, 17, 296, 217, 473, 473, 65, 330, 403, 443, 171, 171, 240, 240, 143, 314, 32, 239, 239, 107, 107, 395, 395, 106, 84, 387, 387, 387, 167, 164, 164, 164, 278, 420, 422, 36, 99, 338, 338, 338, 395, 395, 371, 224, 486, 206, 403, 146, 219, 464, 464, 464, 464, 264, 355, 282, 43, 43, 138, 276, 276, 276, 276, 276, 346, 346, 284, 319, 319, 426, 450, 43, 250, 276, 109, 109, 403, 290, 290, 207, 207, 358, 337, 143, 239, 239, 384, 109, 180, 180, 486, 486, 376, 376, 376, 120, 120, 468, 468, 467, 467, 145, 486, 460, 460, 240, 169, 150, 36, 66, 232, 232, 115, 115, 273, 374, 374, 374, 374, 242, 116, 10, 10, 398, 398, 398, 398, 464, 286, 286, 286, 286, 286, 468, 406, 406, 175, 175, 132, 132, 132, 313, 473, 239, 310, 107, 107, 395, 180, 180, 403, 403, 403, 171, 246, 246, 246, 252, 143, 32, 239, 401, 384, 371, 420, 324, 236, 116, 10, 10, 199, 345, 371, 271, 458, 36, 342, 342, 342, 342, 115, 267, 267, 464, 464, 139, 315, 426, 450, 450, 450, 250, 250, 250, 345, 109, 290, 290, 464, 464, 169, 285, 175, 175, 81, 144, 144, 34, 236, 239, 310, 107, 395, 180, 180, 450, 169, 271, 143, 458, 244, 144, 208, 100, 100, 497, 143, 129, 197, 244, 144, 208, 354, 100, 100, 98, 98, 98, 98, 13, 229, 244, 312, 312, 312, 292, 23, 23, 23, 23, 23, 23, 23, 23, 408, 408, 149, 228, 73, 244, 244, 7, 188, 398, 398, 66, 63, 63, 320, 10, 345, 331, 132, 132, 122, 335, 293, 411, 188, 188, 278, 150, 271, 150, 54, 36, 232, 342, 342, 342, 115, 273, 267, 267, 120, 143, 239, 401, 77, 77, 54, 342, 342, 115, 115, 267, 267, 267, 213, 246, 464, 464, 464, 120, 271, 271, 271, 150, 150, 99, 436, 338, 338, 338, 75, 75, 427, 56, 56, 312, 312, 126, 292, 23, 23, 23, 149, 149, 244, 73, 73, 73, 244, 244, 289, 354, 354, 111, 111, 240, 8, 406, 239, 354, 420, 420, 355, 416, 164, 164, 302, 479, 331, 34, 34, 259, 251, 401, 401, 259, 354, 331, 284, 486, 460, 169, 150, 150, 150, 494, 99, 338, 319, 470, 403, 403, 207, 207, 120, 120, 416, 401, 401, 188, 278, 207, 422, 8, 239, 384, 371, 180, 84, 84, 467, 467, 467, 467, 88, 88, 88, 109, 109, 337, 337, 301, 301, 349, 349, 116, 116, 116, 354, 106, 284, 426, 167, 406, 467, 467, 139, 460, 169, 271, 35, 401, 401, 244, 320, 70, 65, 284, 486, 319, 282, 388, 388, 303, 64, 219, 219, 398, 464, 236, 116, 10, 10, 441, 199, 250, 250, 250, 250, 250, 32, 32, 309, 467, 467, 420, 420, 422, 236, 143, 36, 310, 107, 395, 384, 384, 395, 34, 34, 34, 374, 132, 132, 497, 98, 17, 83, 240, 240, 240, 240, 240, 240, 240, 240, 240, 240, 240, 240, 240, 240, 240, 240, 240, 240, 240, 240, 240, 240, 240, 240, 240, 240, 240, 240, 240, 240, 240, 240, 240, 240, 240, 240, 240, 240, 240, 240, 240, 240, 240, 240, 240, 240, 240, 240, 240, 240, 240, 240, 240, 240, 240, 240, 240, 240, 240, 240, 240, 240, 240, 240, 240, 240, 240, 240, 240, 240, 240, 240, 240, 240, 240, 240, 240, 240, 240, 240, 240, 240, 240, 240, 240, 240, 240, 240, 240, 240, 240, 240, 240, 240, 240, 240, 240, 240, 240, 240, 240, 240, 240, 240, 240, 240, 240, 240, 240]



===========================================================================================================================================================
sample 638 original

[17, 17, 17, 17, 17, 296, 296, 392, 392, 392, 392, 392, 392, 305, 461, 392, 392, 305, 305, 249, 249, 102, 249, 211, 211, 249, 249, 249, 249, 249, 249, 249, 249, 249, 249, 20, 249, 249, 249, 249, 244, 218, 63, 218, 63, 63, 63, 63, 63, 63, 63, 63, 63, 63, 63, 63, 63, 63, 63, 63, 63, 63, 63, 63, 63, 63, 63, 63, 63, 392, 392, 211, 211, 211, 40, 366, 366, 63, 63, 63, 63, 63, 63, 63, 63, 63, 63, 63, 63, 63, 63, 63, 63, 63, 63, 63, 63, 63, 73, 73, 73, 244, 209, 287, 287, 481, 387, 122, 416, 8, 239, 144, 27, 106, 106, 387, 387, 387, 387, 348, 348, 406, 250, 250, 250, 413, 132, 132, 132, 132, 132, 132, 132, 132, 195, 117, 117, 117, 197, 197, 197, 197, 197, 287, 287, 287, 284, 206, 240, 240, 35, 35, 77, 342, 342, 224, 219, 219, 152, 477, 139, 139, 153, 153, 153, 497, 43, 43, 416, 8, 144, 208, 242, 242, 153, 360, 350, 360, 348, 195, 195, 117, 117, 48, 414, 414, 414, 414, 414, 414, 47, 47, 244, 392, 392, 73, 73, 73, 244, 209, 83, 55, 403, 403, 146, 438, 203, 399, 53, 70, 70, 65, 138, 153, 497, 274, 416, 8, 129, 239, 208, 79, 425, 425, 374, 374, 374, 132, 132, 132, 122, 122, 8, 129, 239, 239, 354, 420, 213, 213, 360, 360, 360, 434, 434, 434, 434, 434, 19, 454, 414, 414, 414, 414, 126, 126, 126, 126, 408, 47, 392, 392, 244, 73, 435, 435, 435, 7, 32, 32, 239, 384, 371, 219, 219, 485, 286, 286, 374, 285, 285, 380, 180, 180, 284, 319, 319, 319, 203, 203, 53, 250, 250, 70, 138, 138, 138, 138, 138, 497, 98, 98, 197, 197, 414, 414, 414, 414, 414, 197, 393, 393, 393, 234, 155, 155, 155, 25, 148, 148, 148, 148, 148, 182, 182, 182, 182, 387, 387, 98, 35, 35, 35, 414, 312, 312, 126, 149, 149, 391, 244, 320, 7, 32, 32, 384, 384, 371, 278, 278, 171, 171, 271, 31, 162, 162, 232, 232, 68, 68, 115, 115, 267, 267, 444, 301, 374, 213, 324, 324, 324, 422, 143, 143, 36, 36, 384, 114, 180, 180, 284, 284, 405, 206, 206, 167, 167, 35, 35, 35, 126, 23, 101, 149, 149, 149, 228, 73, 244, 209, 287, 287, 297, 481, 387, 387, 497, 122, 143, 129, 259, 144, 208, 441, 100, 153, 481, 297, 182, 182, 182, 182, 182, 182, 375, 375, 98, 98, 35, 35, 414, 414, 312, 312, 187, 187, 78, 170, 392, 392, 392, 392, 73, 73, 244, 244, 7, 7, 32, 32, 32, 32, 239, 384, 371, 371, 371, 213, 213, 213, 213, 213, 246, 246, 246, 246, 19, 454, 454, 454, 414, 414, 414, 414, 414, 414, 170, 392, 392, 392, 392, 392, 63, 63, 63, 63, 63, 63, 73, 73, 244, 373, 66, 66, 172, 172, 26, 26, 251, 251, 241, 431, 376, 376, 376, 376, 460, 460, 169, 169, 99, 99, 436, 447, 447, 447, 221, 225, 225, 336, 7, 32, 32, 32, 239, 384, 371, 371, 213, 213, 213, 324, 3, 3, 14, 14, 259, 411, 411, 188, 403, 403, 403, 403, 120, 207, 207, 207, 207, 37, 37, 37, 385, 454, 414, 414, 414, 414, 414, 170, 82, 170, 187, 392, 392, 392, 392, 63, 63, 63, 63, 63, 73, 73, 73, 244, 209, 188, 188, 171, 324, 422, 236, 24, 310, 107, 107, 395, 324, 301, 26, 251, 251, 241, 431, 431, 431, 486, 284, 284, 284, 376, 376, 284, 284, 284, 206, 206, 206, 206, 452, 263, 263, 263, 414, 414, 414, 414, 414, 78, 78, 170, 170, 392, 244, 421, 128, 392, 392, 17, 17]

sample 638@253 different
[17, 17, 287, 387, 293, 75, 8, 406, 239, 208, 354, 106, 387, 387, 387, 387, 387, 348, 406, 406, 250, 250, 250, 250, 132, 132, 132, 132, 132, 132, 132, 122, 138, 117, 98, 197, 197, 197, 197, 197, 197, 287, 287, 284, 284, 206, 240, 167, 35, 35, 77, 342, 35, 219, 219, 219, 152, 152, 139, 106, 153, 153, 153, 43, 43, 43, 8, 239, 208, 345, 371, 290, 374, 374, 413, 413, 122, 138, 138, 117, 48, 48, 414, 414, 414, 414, 414, 47, 47, 47, 47, 47, 80, 73, 73, 209, 209, 83, 83, 301, 403, 146, 146, 330, 203, 335, 70, 70, 65, 65, 138, 497, 250, 43, 43, 8, 239, 239, 208, 473, 445, 445, 331, 374, 374, 132, 132, 132, 122, 8, 8, 239, 239, 354, 354, 420, 213, 360, 360, 434, 434, 434, 434, 434, 434, 19, 454, 414, 414, 414, 414, 414, 414, 47, 47, 47, 47, 20, 47, 47, 47, 80, 80, 80, 7, 289, 32, 239, 7, 371, 219, 219, 219, 360, 286, 374, 374, 285, 35, 443, 180, 315, 319, 319, 319, 203, 203, 53, 53, 250, 250, 138, 138, 138, 138, 138, 497, 98, 98, 98, 197, 414, 414, 414, 414, 80, 20, 80, 320, 320, 63, 63, 63, 63, 63, 354, 441, 441, 441, 441, 182, 182, 182, 182, 387, 387, 387, 98, 35, 35, 35, 414, 312, 312, 20, 20, 80, 20, 20, 7, 7, 32, 239, 384, 371, 371, 278, 443, 171, 271, 271, 150, 36, 36, 232, 342, 342, 172, 115, 267, 267, 267, 267, 143, 349, 213, 324, 324, 422, 422, 143, 36, 36, 251, 384, 180, 180, 180, 284, 284, 206, 206, 206, 167, 35, 35, 35, 35, 35, 203, 401, 401, 80, 80, 20, 80, 209, 70, 287, 413, 413, 426, 387, 387, 122, 239, 129, 458, 458, 208, 354, 276, 481, 426, 100, 100, 182, 182, 182, 182, 182, 182, 375, 98, 98, 35, 414, 414, 414, 414, 312, 187, 187, 47, 47, 20, 47, 47, 47, 47, 47, 73, 73, 73, 7, 7, 32, 32, 32, 32, 473, 384, 371, 371, 213, 213, 213, 213, 213, 213, 246, 246, 246, 19, 454, 454, 454, 414, 414, 414, 414, 170, 170, 20, 20, 228, 20, 2, 20, 2, 2, 2, 2, 20, 209, 228, 20, 73, 373, 66, 66, 66, 172, 172, 143, 251, 251, 241, 431, 431, 376, 376, 376, 376, 460, 460, 169, 150, 99, 94, 338, 338, 338, 338, 399, 203, 225, 7, 7, 32, 32, 32, 239, 384, 371, 213, 213, 213, 213, 324, 3, 335, 14, 259, 259, 208, 188, 145, 403, 403, 403, 120, 120, 207, 207, 207, 207, 358, 358, 416, 454, 414, 414, 414, 414, 170, 170, 20, 28, 47, 20, 47, 47, 2, 2, 2, 2, 228, 228, 73, 73, 73, 289, 20, 209, 188, 188, 213, 213, 422, 143, 239, 310, 107, 107, 324, 301, 301, 143, 251, 251, 241, 431, 431, 284, 284, 284, 284, 284, 284, 284, 284, 284, 206, 206, 206, 206, 452, 263, 263, 17, 240, 240, 240, 240, 240, 240, 240, 240, 240, 240, 240, 240, 240, 240, 240, 240, 240, 240, 240, 240, 240, 240, 240, 240, 240, 240, 240, 240, 240, 240, 240, 240, 240, 240, 240, 240, 240, 240, 240, 240, 240, 240, 240, 240, 240, 240, 240, 240, 240, 240, 240, 240, 240, 240, 240, 240, 240, 240, 240, 240, 240, 240, 240, 240, 240, 240, 240, 240, 240, 240, 240, 240, 240, 240, 240, 240, 240, 240, 240, 240, 240, 240, 240, 240, 240, 240, 240, 240, 240]

=======================================================================================================================================================================
sample 632 original
[17, 17, 17, 17, 17, 296, 296, 392, 392, 392, 392, 392, 392, 392, 244, 249, 249, 218, 218, 218, 218, 40, 218, 218, 218, 218, 218, 218, 63, 63, 63, 63, 63, 63, 63, 63, 244, 82, 102, 102, 102, 102, 102, 102, 102, 244, 63, 63, 63, 63, 63, 73, 73, 73, 244, 209, 287, 287, 284, 284, 284, 16, 293, 43, 43, 276, 276, 276, 276, 138, 182, 182, 182, 182, 182, 387, 387, 335, 335, 14, 411, 188, 188, 324, 340, 340, 116, 33, 10, 398, 398, 398, 219, 219, 219, 219, 219, 219, 477, 374, 139, 139, 16, 387, 387, 387, 387, 98, 98, 483, 197, 197, 259, 188, 219, 213, 422, 422, 143, 129, 259, 259, 354, 354, 420, 360, 286, 301, 359, 251, 251, 359, 81, 403, 403, 171, 207, 207, 207, 207, 454, 35, 414, 247, 126, 126, 126, 126, 187, 391, 82, 391, 244, 73, 244, 320, 209, 287, 486, 460, 460, 240, 240, 35, 35, 108, 449, 371, 219, 448, 464, 180, 315, 284, 315, 450, 450, 450, 43, 43, 276, 276, 276, 138, 182, 182, 182, 387, 387, 335, 335, 14, 14, 259, 287, 287, 111, 111, 206, 215, 8, 8, 8, 345, 345, 345, 389, 236, 32, 32, 32, 239, 384, 371, 371, 180, 180, 180, 284, 376, 376, 376, 376, 206, 206, 206, 206, 167, 167, 35, 440, 188, 324, 324, 301, 251, 251, 251, 251, 241, 278, 278, 278, 278, 374, 378, 43, 305, 43, 364, 345, 345, 345, 141, 141, 281, 162, 9, 9, 224, 273, 106, 153, 387, 387, 387, 299, 299, 116, 10, 219, 219, 219, 464, 464, 180, 443, 486, 460, 240, 169, 99, 99, 436, 436, 436, 436, 60, 400, 400, 324, 324, 171, 171, 246, 246, 3, 3, 3, 197, 259, 188, 188, 219, 152, 301, 43, 43, 276, 276, 174, 387, 122, 236, 129, 36, 108, 323, 142, 397, 133, 43, 276, 276, 276, 153, 153, 387, 387, 387, 387, 186, 31, 162, 232, 232, 232, 232, 68, 172, 115, 115, 267, 444, 213, 213, 213, 246, 19, 19, 454, 229, 414, 82, 247, 211, 126, 326, 326, 23, 408, 408, 391, 228, 228, 244, 320, 7, 251, 241, 241, 431, 284, 265, 265, 85, 85, 85, 146, 146, 285, 34, 324, 324, 464, 464, 180, 315, 315, 113, 450, 450, 293, 43, 43, 250, 250, 345, 109, 109, 207, 207, 207, 3, 416, 416, 32, 32, 239, 354, 420, 278, 278, 203, 399, 217, 473, 65, 469, 252, 236, 314, 239, 239, 384, 371, 213, 213, 213, 213, 213, 24, 24, 24, 239, 310, 107, 107, 107, 246, 246, 19, 19, 19, 454, 454, 414, 414, 82, 414, 47, 47, 392, 73, 73, 73, 244, 320, 127, 114, 284, 151, 206, 215, 8, 8, 8, 354, 420, 213, 213, 213, 301, 219, 219, 219, 219, 464, 464, 139, 139, 302, 497, 497, 497, 143, 129, 259, 144, 208, 441, 437, 100, 481, 481, 481, 182, 182, 182, 182, 182, 182, 182, 182, 182, 182, 98, 98, 98, 98, 13, 414, 414, 414, 414, 170, 244, 244, 392, 392, 392, 193, 17, 17]

sample 632 @259 different
[17, 17, 287, 287, 284, 284, 450, 450, 293, 43, 43, 276, 276, 276, 138, 182, 182, 182, 182, 182, 497, 387, 387, 335, 14, 14, 188, 188, 188, 324, 236, 116, 116, 10, 10, 398, 398, 219, 219, 219, 219, 219, 219, 416, 374, 139, 139, 297, 297, 387, 387, 387, 387, 98, 98, 197, 197, 197, 209, 219, 213, 213, 422, 422, 143, 129, 259, 259, 354, 420, 485, 278, 278, 301, 349, 251, 251, 241, 470, 403, 171, 171, 252, 207, 207, 19, 454, 414, 414, 126, 126, 126, 126, 187, 187, 47, 80, 149, 73, 392, 244, 209, 287, 145, 486, 460, 460, 240, 35, 35, 35, 36, 36, 219, 219, 464, 464, 180, 315, 284, 450, 450, 450, 43, 43, 43, 276, 276, 276, 182, 182, 182, 387, 387, 98, 335, 14, 14, 80, 320, 287, 287, 111, 111, 215, 215, 406, 406, 345, 345, 345, 212, 236, 236, 32, 32, 32, 239, 384, 371, 180, 180, 180, 284, 284, 376, 376, 376, 206, 206, 206, 206, 167, 167, 293, 35, 278, 278, 324, 301, 301, 251, 251, 251, 241, 431, 278, 278, 278, 374, 374, 8, 43, 212, 276, 345, 345, 345, 371, 371, 162, 162, 162, 323, 164, 224, 273, 106, 387, 387, 387, 387, 236, 388, 10, 10, 219, 219, 219, 464, 464, 443, 443, 450, 460, 240, 169, 99, 99, 338, 338, 338, 338, 400, 400, 400, 324, 324, 171, 171, 246, 3, 3, 3, 197, 197, 259, 188, 188, 152, 301, 378, 43, 138, 276, 276, 174, 387, 122, 236, 129, 36, 66, 224, 323, 395, 43, 43, 276, 276, 276, 153, 387, 387, 387, 387, 122, 186, 186, 162, 232, 232, 232, 68, 68, 115, 115, 267, 267, 213, 213, 213, 246, 19, 19, 454, 229, 229, 414, 82, 312, 126, 126, 326, 23, 23, 408, 149, 228, 228, 244, 244, 7, 7, 251, 241, 431, 431, 319, 319, 319, 264, 264, 146, 146, 285, 285, 34, 324, 464, 464, 464, 315, 315, 450, 450, 450, 450, 293, 43, 250, 250, 345, 109, 109, 207, 207, 207, 207, 207, 416, 416, 32, 32, 354, 354, 420, 278, 330, 203, 399, 473, 473, 331, 278, 236, 236, 239, 239, 384, 371, 371, 213, 213, 213, 213, 252, 24, 310, 310, 239, 310, 107, 107, 107, 324, 246, 19, 19, 19, 454, 454, 414, 82, 414, 170, 47, 244, 244, 392, 73, 244, 244, 373, 114, 106, 224, 267, 240, 215, 8, 406, 354, 420, 420, 213, 213, 301, 219, 219, 219, 219, 219, 464, 139, 139, 139, 496, 497, 497, 98, 259, 259, 259, 208, 208, 441, 441, 153, 481, 481, 426, 182, 182, 182, 182, 182, 182, 182, 182, 182, 375, 98, 98, 98, 98, 17, 83, 240, 240, 240, 240, 240, 240, 240, 240, 240, 240, 240, 240, 240, 240, 240, 240, 240, 240, 240, 240, 240, 240, 240, 240, 240, 240, 240, 240, 240, 240, 240, 240, 240, 240, 240, 240, 240, 240, 240, 240, 240, 240, 240, 240, 240, 240, 240, 240, 240, 240, 240, 240, 240, 240, 240, 240, 240, 240, 240, 240, 240, 240, 240, 240, 240, 240, 240, 240, 240, 240, 240, 240, 240, 240, 240, 240, 240, 240, 240, 240, 240, 240, 240, 240, 240, 240, 240, 240, 240, 240, 240, 240, 240, 240, 240, 240, 240, 240, 240, 240, 240, 240, 240, 240, 240, 240, 240, 240, 240, 240, 240, 240, 240, 240, 240, 240, 240, 240, 240, 240, 240, 240, 240, 240, 240, 240, 240, 240, 240, 240, 240, 240, 240, 240, 240, 240, 240, 240, 240, 240, 240, 240]

sample 632 @319 same
[17, 17, 17, 17, 17, 296, 296, 392, 392, 392, 392, 392, 392, 392, 244, 249, 249, 218, 70, 70, 218, 40, 461, 70, 218, 461, 461, 461, 63, 63, 63, 63, 63, 63, 63, 63, 244, 82, 102, 102, 102, 102, 102, 102, 102, 244, 63, 63, 63, 63, 63, 73, 73, 73, 244, 209, 287, 287, 284, 284, 284, 16, 293, 43, 43, 276, 276, 276, 276, 138, 182, 182, 182, 182, 182, 387, 387, 335, 335, 14, 411, 188, 188, 324, 236, 236, 116, 10, 10, 398, 398, 398, 219, 219, 219, 219, 219, 219, 477, 374, 139, 139, 16, 387, 387, 387, 387, 98, 98, 349, 197, 197, 259, 188, 219, 213, 422, 422, 143, 129, 259, 259, 354, 354, 420, 360, 286, 301, 349, 251, 251, 359, 81, 403, 403, 171, 207, 207, 207, 207, 454, 35, 414, 247, 126, 126, 126, 126, 187, 391, 82, 391, 244, 73, 244, 320, 209, 287, 486, 460, 460, 240, 240, 35, 35, 108, 449, 371, 219, 162, 464, 180, 315, 284, 315, 450, 450, 450, 43, 43, 276, 276, 276, 138, 182, 182, 182, 387, 387, 335, 335, 14, 14, 259, 287, 287, 111, 111, 206, 215, 8, 8, 8, 345, 345, 345, 77, 236, 32, 32, 32, 239, 384, 371, 371, 180, 180, 180, 284, 376, 376, 376, 376, 206, 206, 206, 206, 167, 167, 35, 116, 188, 324, 324, 301, 251, 251, 251, 251, 241, 188, 278, 278, 278, 374, 378, 43, 217, 43, 364, 345, 345, 345, 371, 371, 162, 162, 323, 323, 224, 273, 106, 153, 387, 387, 387, 236, 236, 116, 10, 219, 219, 219, 464, 464, 180, 443, 486, 460, 240, 169, 99, 99, 436, 436, 436, 436, 338, 400, 400, 324, 324, 171, 171, 246, 246, 3, 3, 3, 197, 259, 188, 360, 219, 152, 301, 43, 43, 276, 276, 174, 387, 122, 236, 129, 36, 108, 323, 433, 482, 351, 43, 276, 276, 276, 153, 153, 387, 387, 387, 387, 186, 186, 162, 232, 232, 232, 232, 68, 172, 115, 115, 267, 444, 213, 213, 213, 246, 19, 19, 454, 229, 414, 82, 247, 209, 126, 326, 326, 23, 408, 408, 391, 228, 228, 244, 320, 7, 251, 241, 241, 431, 284, 319, 319, 85, 85, 85, 146, 146, 285, 34, 324, 324, 464, 464, 180, 315, 315, 450, 450, 450, 293, 43, 43, 250, 250, 345, 109, 109, 207, 207, 207, 3, 416, 416, 32, 32, 239, 354, 420, 278, 278, 203, 399, 217, 473, 65, 174, 252, 236, 314, 239, 239, 384, 371, 213, 213, 213, 213, 213, 24, 24, 24, 239, 310, 107, 107, 107, 246, 246, 19, 19, 19, 454, 454, 414, 414, 82, 414, 47, 47, 392, 73, 73, 73, 244, 320, 127, 114, 284, 450, 206, 215, 8, 8, 8, 354, 420, 213, 213, 213, 301, 219, 219, 219, 219, 464, 464, 139, 139, 496, 497, 497, 497, 143, 129, 259, 144, 208, 441, 437, 100, 481, 481, 481, 182, 182, 182, 182, 182, 182, 182, 182, 182, 182, 98, 98, 98, 98, 13, 414, 414, 414, 414, 170, 244, 244, 392, 392, 392, 442, 17, 17, 169, 240, 240, 240, 240, 240, 240, 240, 240, 240, 240, 240, 240, 240, 240, 240, 240, 240, 240, 240, 240, 240, 240, 240, 240, 240, 240, 240, 240, 240, 240, 240, 240, 240, 240, 240, 240, 240, 240, 240, 240, 240, 240, 240, 240, 240, 240, 240, 240, 240, 240, 240, 240, 240, 240, 240, 240, 240, 240, 240, 240, 240, 240, 240, 240, 240, 240, 240, 240, 240, 240, 240, 240, 240, 240, 240]


================================================================================================================================================================

sample 246 original

[17, 17, 17, 17, 17, 296, 296, 317, 52, 52, 52, 52, 317, 52, 52, 461, 461, 461, 461, 461, 461, 184, 184, 184, 73, 289, 320, 287, 287, 284, 284, 284, 16, 16, 88, 276, 138, 138, 138, 293, 293, 293, 14, 14, 287, 111, 111, 438, 438, 438, 252, 186, 39, 162, 232, 172, 224, 273, 494, 494, 240, 425, 251, 241, 81, 444, 171, 171, 252, 236, 36, 36, 449, 393, 393, 393, 25, 106, 106, 405, 405, 206, 206, 169, 150, 150, 54, 342, 224, 224, 494, 422, 143, 129, 129, 259, 354, 354, 106, 486, 486, 240, 240, 285, 467, 467, 134, 413, 293, 98, 76, 76, 401, 82, 354, 345, 109, 255, 313, 313, 251, 251, 241, 331, 180, 84, 284, 426, 426, 450, 450, 450, 413, 413, 413, 299, 200, 248, 219, 219, 219, 219, 219, 477, 422, 397, 143, 129, 401, 354, 354, 109, 443, 443, 240, 325, 325, 34, 355, 355, 282, 203, 203, 217, 217, 217, 473, 473, 398, 434, 339, 243, 32, 32, 310, 310, 107, 107, 107, 395, 213, 213, 19, 48, 48, 414, 414, 170, 82, 170, 170, 201, 2, 392, 392, 392, 392, 244, 63, 63, 392, 392, 73, 244, 244, 7, 188, 188, 340, 116, 33, 466, 466, 398, 456, 456, 236, 76, 129, 129, 401, 82, 74, 74, 420, 213, 213, 464, 464, 464, 464, 330, 330, 203, 399, 217, 217, 473, 473, 288, 288, 278, 240, 215, 8, 402, 96, 401, 82, 75, 108, 377, 123, 485, 286, 464, 464, 180, 355, 443, 85, 85, 84, 84, 16, 274, 43, 43, 43, 43, 250, 276, 276, 138, 138, 387, 387, 413, 388, 388, 48, 48, 229, 229, 414, 312, 187, 47, 47, 47, 47, 392, 244, 392, 392, 392, 73, 73, 320, 320, 7, 309, 398, 398, 324, 416, 143, 458, 458, 208, 208, 441, 441, 372, 313, 236, 314, 239, 384, 180, 106, 84, 426, 413, 379, 368, 49, 269, 142, 483, 483, 440, 287, 157, 497, 416, 8, 239, 144, 208, 441, 106, 153, 153, 387, 387, 372, 372, 406, 467, 467, 337, 41, 19, 19, 454, 454, 13, 414, 237, 237, 237, 305, 305, 237, 237, 201, 201, 80, 80, 80, 73, 435, 435, 435, 435, 287, 287, 460, 240, 385, 36, 77, 66, 172, 115, 273, 267, 448, 464, 464, 464, 443, 443, 443, 169, 349, 349, 234, 234, 261, 25, 106, 284, 284, 405, 206, 206, 293, 43, 345, 109, 109, 428, 428, 146, 207, 19, 454, 229, 229, 82, 229, 312, 312, 187, 23, 23, 260, 391, 392, 392, 392, 392, 73, 73, 392, 244, 320, 441, 345, 345, 487, 285, 285, 380, 106, 106, 387, 387, 240, 169, 150, 39, 342, 232, 172, 115, 224, 81, 444, 448, 464, 464, 464, 443, 171, 171, 416, 416, 239, 239, 354, 473, 464, 264, 264, 264, 330, 406, 199, 199, 413, 413, 98, 98, 76, 129, 458, 458, 144, 27, 27, 27, 302, 375, 98, 98, 98, 48, 13, 414, 414, 414, 170, 392, 80, 73, 244, 320, 7, 219, 213, 213, 213, 422, 416, 32, 32, 32, 364, 345, 109, 180, 443, 355, 355, 355, 355, 263, 263, 13, 414, 414, 170, 170, 244, 170, 47, 201, 47, 80, 80, 80, 80, 289, 320, 320, 345, 100, 153, 43, 8, 8, 239, 208, 345, 345, 88, 387, 313, 236, 314, 24, 239, 310, 107, 107, 107, 107, 400, 213, 213, 19, 454, 454, 414, 414, 414, 414, 80, 80, 209, 83, 55, 240, 240, 36, 77, 66, 232, 172, 115, 273, 267, 448, 464, 464, 464, 464, 443, 443, 169, 349, 349, 234, 261, 25, 25, 106, 284, 405, 206, 206, 293, 43, 43, 276, 276, 346, 428, 428, 146, 146, 358, 358, 458, 233, 197, 414, 414, 47, 244, 47, 435, 435, 435, 80, 80, 80, 80, 320, 7, 309, 398, 398, 464, 464, 464, 464, 365, 282, 282, 330, 468, 406, 42, 42, 42, 147, 147, 147, 467, 275, 434, 434, 219, 219, 219, 398, 398, 434, 434, 116, 10, 10, 309, 398, 398, 398, 374, 374, 132, 132, 132, 132, 132, 122, 24, 32, 239, 239, 384, 371, 374, 132, 132, 132, 98, 98, 13, 414, 414, 170, 421, 421, 17, 17]

sample 246 @266  somehow different
[17, 17, 17, 17, 17, 296, 296, 317, 317, 317, 317, 317, 317, 317, 317, 461, 461, 461, 461, 461, 461, 461, 461, 317, 73, 289, 320, 287, 287, 284, 284, 284, 297, 297, 88, 276, 138, 138, 138, 293, 293, 293, 293, 293, 287, 111, 111, 438, 438, 438, 207, 186, 54, 162, 232, 172, 224, 273, 494, 494, 240, 162, 251, 241, 431, 444, 171, 171, 252, 236, 36, 36, 36, 116, 116, 116, 25, 106, 106, 470, 428, 206, 206, 169, 150, 150, 54, 342, 224, 224, 494, 422, 143, 129, 129, 259, 354, 354, 106, 486, 486, 240, 240, 285, 467, 467, 175, 413, 293, 98, 76, 76, 401, 401, 354, 345, 109, 313, 313, 313, 251, 251, 241, 431, 180, 84, 284, 426, 426, 450, 450, 450, 413, 413, 413, 236, 349, 338, 219, 219, 219, 219, 219, 477, 422, 84, 239, 129, 401, 354, 354, 109, 443, 443, 240, 325, 77, 34, 355, 355, 282, 203, 203, 217, 217, 217, 473, 473, 398, 278, 339, 24, 32, 32, 239, 310, 107, 107, 107, 395, 213, 213, 19, 48, 48, 414, 414, 170, 82, 170, 170, 292, 2, 392, 392, 392, 392, 244, 63, 63, 392, 392, 73, 244, 244, 7, 188, 188, 236, 116, 10, 10, 10, 398, 241, 144, 236, 323, 129, 129, 401, 401, 108, 371, 30, 213, 213, 464, 464, 464, 464, 330, 330, 203, 399, 217, 217, 473, 473, 346, 346, 278, 240, 215, 8, 458, 34, 401, 401, 75, 371, 371, 77, 485, 286, 464, 464, 180, 355, 443, 120, 120, 84, 84, 413, 250, 43, 43, 43, 43, 250, 276, 276, 138, 138, 387, 387, 413, 348, 388, 48, 48, 229, 229, 414, 312, 187, 47, 47, 47, 47, 392, 244, 392, 392, 392, 73, 73, 320, 320, 7, 309, 398, 398, 324, 416, 143, 458, 458, 208, 208, 441, 441, 88, 313, 236, 314, 239, 384, 180, 106, 84, 426, 413, 212, 36, 290, 349, 129, 349, 349, 208, 287, 251, 497, 75, 406, 239, 144, 208, 276, 106, 153, 153, 387, 387, 122, 122, 406, 467, 467, 337, 41, 19, 19, 454, 454, 13, 414, 80, 80, 80, 80, 80, 80, 80, 201, 442, 80, 80, 80, 73, 80, 80, 80, 80, 287, 287, 460, 240, 416, 36, 77, 66, 172, 115, 273, 267, 36, 464, 464, 464, 443, 443, 443, 169, 349, 349, 303, 303, 261, 354, 106, 284, 284, 206, 206, 206, 293, 43, 345, 109, 109, 428, 428, 146, 207, 19, 454, 229, 229, 82, 229, 312, 312, 187, 23, 23, 63, 2, 392, 392, 392, 392, 73, 73, 392, 244, 320, 441, 345, 345, 309, 313, 313, 35, 106, 106, 387, 387, 240, 169, 150, 54, 342, 232, 172, 115, 224, 232, 444, 162, 464, 464, 464, 443, 171, 171, 416, 416, 239, 239, 354, 473, 398, 264, 264, 264, 330, 8, 345, 345, 413, 413, 98, 98, 75, 129, 458, 458, 144, 354, 354, 354, 496, 375, 98, 98, 98, 48, 13, 414, 414, 414, 170, 392, 80, 73, 244, 320, 7, 219, 213, 213, 213, 422, 416, 32, 32, 32, 441, 345, 109, 180, 443, 355, 355, 355, 355, 263, 263, 13, 414, 414, 170, 170, 244, 170, 47, 442, 47, 80, 80, 80, 80, 289, 320, 320, 345, 100, 153, 43, 8, 8, 239, 208, 345, 345, 88, 387, 313, 236, 314, 310, 239, 310, 107, 107, 107, 107, 400, 213, 213, 19, 454, 454, 414, 414, 414, 414, 80, 80, 209, 83, 83, 240, 240, 36, 77, 66, 232, 172, 115, 273, 267, 36, 464, 464, 464, 464]


==========================================================================================================================================================================
sample 634 original
[17, 17, 17, 17, 17, 296, 296, 317, 392, 392, 392, 392, 392, 244, 369, 40, 244, 40, 249, 249, 218, 249, 249, 218, 218, 218, 218, 218, 218, 63, 63, 63, 244, 63, 63, 63, 63, 63, 63, 63, 63, 63, 63, 63, 63, 63, 63, 63, 63, 63, 63, 73, 73, 244, 289, 373, 66, 172, 172, 172, 172, 115, 267, 267, 213, 301, 8, 8, 354, 470, 459, 120, 271, 271, 31, 39, 342, 342, 224, 224, 267, 324, 301, 8, 8, 239, 354, 470, 470, 93, 403, 403, 403, 403, 207, 207, 207, 207, 207, 19, 19, 454, 197, 197, 197, 197, 188, 152, 152, 378, 43, 345, 345, 109, 109, 443, 428, 240, 240, 314, 314, 239, 384, 219, 324, 324, 422, 143, 129, 259, 259, 74, 420, 213, 213, 422, 99, 99, 436, 436, 447, 400, 219, 324, 464, 464, 464, 180, 443, 443, 460, 240, 406, 406, 406, 147, 456, 313, 236, 32, 32, 32, 239, 239, 384, 371, 371, 278, 264, 264, 468, 468, 337, 337, 337, 324, 324, 422, 31, 342, 342, 68, 68, 115, 444, 213, 213, 422, 143, 129, 401, 259, 259, 354, 420, 286, 286, 171, 171, 171, 246, 246, 246, 3, 3, 454, 143, 414, 247, 126, 126, 126, 326, 23, 149, 149, 391, 228, 73, 244, 244, 209, 287, 284, 284, 284, 206, 293, 43, 43, 43, 276, 276, 276, 276, 297, 297, 297, 297, 182, 182, 293, 98, 335, 14, 226, 226, 226, 209, 287, 297, 297, 387, 372, 372, 406, 406, 406, 467, 106, 481, 293, 182, 43, 43, 250, 276, 276, 174, 109, 109, 146, 146, 299, 219, 219, 219, 219, 219, 219, 219, 219, 213, 246, 246, 246, 246, 246, 19, 454, 229, 229, 247, 126, 126, 408, 228, 82, 7, 7, 32, 384, 384, 374, 374, 132, 285, 285, 285, 106, 153, 153, 497, 497, 349, 349, 349, 234, 234, 234, 261, 25, 25, 148, 148, 153, 153, 350, 182, 497, 335, 335, 14, 14, 440, 287, 284, 284, 206, 178, 178, 35, 35, 208, 441, 276, 148, 148, 372, 372, 406, 406, 467, 387, 387, 206, 122, 35, 35, 108, 377, 377, 87, 236, 236, 236, 36, 310, 107, 107, 161, 161, 487, 106, 374, 374, 374, 132, 413, 413, 413, 413, 413, 413, 381, 48, 48, 229, 229, 414, 414, 312, 312, 126, 23, 23, 23, 23, 260, 391, 149, 228, 73, 289, 244, 209, 287, 287, 284, 206, 206, 167, 35, 35, 35, 310, 323, 323, 323, 397, 397, 106, 153, 250, 88, 65, 65, 284, 284, 206, 206, 169, 178, 35, 35, 35, 208, 441, 441, 276, 148, 148, 153, 372, 372, 406, 406, 406, 467, 499, 302, 182, 182, 375, 375, 98, 98, 35, 414, 414, 414, 312, 312, 187, 187, 391, 228, 228, 82, 7, 7, 384, 371, 420, 422, 416, 143, 458, 259, 354, 345, 100, 132, 274, 274, 143, 129, 458, 458, 445, 445, 219, 219, 219, 477, 374, 132, 88, 88, 132, 337, 236, 24, 239, 239, 239, 384, 371, 371, 286, 286, 264, 264, 264, 264, 264, 207, 207, 263, 263, 35, 414, 414, 414, 126, 126, 187, 78, 47, 244, 392, 392, 392, 392, 73, 73, 73, 209, 209, 287, 284, 206, 167, 167, 35, 35, 35, 108, 108, 377, 397, 441, 88, 346, 284, 284, 405, 206, 206, 178, 35, 35, 35, 208, 208, 441, 441, 148, 148, 148, 372, 372, 372, 406, 406, 467, 499, 499, 182, 182, 182, 182, 375, 375, 98, 98, 98, 98, 98, 13, 414, 414, 414, 170, 244, 244, 244, 305, 421, 392, 392, 392, 17, 17, 17]

sample 634 @267 different
[17, 17, 17, 51, 172, 172, 115, 115, 267, 444, 301, 378, 8, 354, 354, 470, 290, 290, 271, 271, 150, 342, 342, 342, 224, 494, 324, 301, 301, 8, 8, 354, 354, 470, 470, 403, 403, 403, 403, 403, 207, 207, 207, 207, 207, 19, 454, 197, 197, 197, 197, 197, 188, 30, 152, 378, 43, 345, 109, 109, 139, 428, 240, 240, 240, 314, 183, 239, 384, 213, 213, 324, 422, 251, 129, 259, 354, 371, 213, 213, 213, 422, 99, 338, 338, 338, 400, 400, 324, 324, 464, 464, 180, 443, 443, 443, 240, 240, 8, 406, 34, 29, 337, 236, 236, 32, 32, 32, 239, 384, 384, 371, 470, 264, 264, 468, 468, 468, 337, 337, 337, 324, 422, 36, 31, 342, 342, 68, 115, 267, 213, 213, 213, 422, 143, 129, 401, 401, 259, 354, 420, 286, 286, 171, 171, 171, 171, 246, 246, 3, 454, 454, 143, 414, 247, 126, 126, 126, 23, 23, 149, 149, 149, 73, 73, 244, 244, 209, 287, 284, 284, 284, 450, 293, 43, 43, 276, 276, 276, 276, 100, 100, 100, 100, 182, 182, 182, 293, 98, 14, 14, 80, 414, 70, 411, 287, 413, 481, 88, 88, 88, 406, 406, 467, 467, 106, 481, 293, 43, 43, 250, 250, 276, 276, 174, 109, 109, 146, 299, 219, 219, 219, 219, 219, 219, 219, 219, 213, 246, 246, 246, 246, 246, 246, 19, 454, 229, 259, 247, 126, 408, 149, 80, 82, 7, 32, 32, 473, 371, 374, 374, 374, 313, 313, 175, 153, 153, 274, 497, 497, 75, 75, 349, 303, 303, 261, 473, 354, 395, 441, 153, 153, 153, 106, 497, 497, 335, 14, 14, 259, 287, 287, 284, 284, 206, 178, 35, 35, 208, 276, 276, 276, 138, 138, 88, 88, 406, 467, 346, 387, 387, 167, 122, 35, 36, 108, 371, 77, 236, 236, 236, 129, 310, 310, 107, 107, 384, 395, 445, 106, 374, 374, 132, 132, 132, 413, 413, 413, 413, 53, 208, 48, 48, 414, 414, 414, 312, 312, 312, 292, 23, 23, 23, 23, 201, 2, 149, 228, 73, 73, 244, 287, 287, 284, 284, 206, 167, 167, 35, 35, 77, 310, 164, 164, 164, 35, 84, 153, 250, 70, 122, 65, 65, 284, 284, 206, 206, 178, 35, 35, 35, 208, 208, 276, 276, 276, 138, 138, 387, 122, 88, 406, 406, 406, 467, 346, 100, 182, 375, 375, 375, 98, 98, 35, 414, 414, 312, 312, 187, 187, 391, 391, 228, 244, 320, 7, 32, 7, 371, 420, 422, 416, 143, 458, 8, 354, 354, 100, 132, 250, 143, 239, 458, 458, 445, 445, 445, 219, 219, 485, 416, 374, 132, 88, 132, 337, 285, 236, 24, 239, 239, 384, 384, 371, 286, 286, 286, 264, 264, 264, 264, 207, 207, 454, 263, 35, 414, 414, 414, 126, 126, 187, 391, 391, 244, 244, 244, 244, 392, 392, 73, 73, 392, 244, 287, 287, 284, 206, 167, 35, 35, 35, 35, 371, 36, 35, 35, 88, 346, 139, 284, 284, 206, 206, 178, 178, 35, 35, 35, 208, 276, 276, 138, 138, 138, 88, 88, 88, 406, 406, 467, 467, 139, 182, 182, 182, 182, 375, 375, 375, 98, 98, 98, 17, 240, 240, 240, 240, 240, 240, 240, 240, 240, 240, 240, 240, 240, 240, 240, 240, 240, 240, 240, 240, 240, 240, 240, 240, 240, 240, 240, 240, 240, 240, 240, 240, 240, 240, 240, 240, 240, 240, 240, 240, 240, 240, 240, 240, 240, 240, 240, 240, 240, 240, 240, 240, 240, 240, 240, 240, 240, 240, 240, 240, 240, 240, 240, 240, 240, 240]

sample 634 @268 different
[17, 17, 17, 51, 172, 172, 115, 115, 267, 444, 301, 378, 8, 354, 354, 470, 290, 290, 271, 271, 150, 342, 342, 342, 224, 494, 324, 301, 301, 8, 8, 354, 354, 470, 470, 403, 403, 403, 403, 403, 207, 207, 207, 207, 207, 19, 454, 197, 197, 197, 197, 197, 188, 30, 152, 378, 43, 345, 109, 109, 139, 428, 240, 240, 240, 314, 183, 239, 384, 213, 213, 324, 422, 251, 129, 259, 354, 371, 213, 213, 213, 422, 99, 338, 338, 338, 400, 400, 324, 324, 464, 464, 180, 443, 443, 443, 240, 240, 8, 406, 34, 29, 337, 236, 236, 32, 32, 32, 239, 384, 384, 371, 470, 264, 264, 468, 468, 468, 337, 337, 337, 324, 422, 36, 31, 342, 68, 68, 115, 267, 213, 213, 213, 422, 143, 129, 401, 401, 259, 354, 420, 286, 286, 171, 171, 171, 171, 246, 246, 3, 454, 454, 143, 414, 247, 126, 126, 126, 23, 23, 149, 149, 149, 73, 73, 244, 244, 209, 287, 284, 284, 284, 450, 293, 43, 43, 276, 276, 276, 276, 100, 100, 100, 100, 182, 182, 182, 293, 98, 14, 14, 80, 414, 70, 411, 287, 100, 481, 88, 88, 88, 406, 406, 467, 467, 106, 481, 293, 43, 43, 250, 250, 276, 276, 174, 109, 109, 146, 299, 219, 219, 219, 219, 219, 219, 219, 219, 213, 246, 246, 246, 246, 246, 246, 19, 454, 229, 259, 247, 126, 408, 149, 82, 82, 7, 32, 32, 473, 371, 374, 374, 374, 313, 313, 175, 153, 153, 274, 497, 497, 75, 75, 349, 303, 303, 261, 395, 354, 354, 441, 153, 153, 153, 106, 497, 497, 335, 14, 14, 259, 287, 287, 284, 284, 206, 178, 35, 35, 208, 276, 276, 276, 138, 138, 138, 88, 406, 467, 346, 387, 387, 167, 88, 35, 36, 108, 371, 77, 290, 236, 236, 129, 310, 310, 107, 107, 384, 395, 445, 106, 374, 374, 132, 132, 132, 413, 413, 413, 413, 411, 208, 48, 48, 414, 414, 414, 312, 312, 312, 292, 23, 23, 23, 23, 292, 149, 149, 228, 73, 73, 244, 287, 287, 284, 284, 206, 167, 167, 35, 35, 77, 310, 164, 164, 164, 35, 35, 153, 250, 70, 88, 65, 65, 284, 284, 206, 206, 178, 35, 35, 35, 208, 208, 276, 276, 276, 138, 138, 387, 122, 88, 406, 406, 406, 467, 499, 100, 182, 375, 375, 375, 98, 98, 35, 414, 414, 312, 312, 187, 187, 391, 391, 228, 244, 320, 7, 32, 7, 371, 420, 422, 416, 143, 458, 406, 354, 354, 100, 132, 250, 143, 239, 458, 458, 445, 445, 445, 219, 219, 485, 416, 374, 132, 88, 132, 337, 285, 236, 24, 239, 239, 384, 384, 371, 286, 286, 286, 264, 264, 264, 264, 207, 207, 454, 263, 35, 414, 414, 414, 126, 126, 187, 391, 391, 244, 244, 244, 244, 392, 392, 73, 73, 392, 244, 287, 287, 284, 206, 167, 35, 35, 35, 35, 290, 36, 35, 35, 88, 346, 139, 284, 284, 206, 206, 178, 178, 35, 35, 35, 208, 276, 276, 138, 138, 138, 138, 88, 88, 406, 406, 467, 467, 499, 182, 182, 182, 182, 375, 375, 375, 98, 98, 98, 17, 83, 240, 240, 240, 240, 240, 240, 240, 240, 240, 240, 240, 240, 240, 240, 240, 240, 240, 240, 240, 240, 240, 240, 240, 240, 240, 240, 240, 240, 240, 240, 240, 240, 240, 240, 240, 240, 240, 240, 240, 240, 240, 240, 240, 240, 240, 240, 240, 240, 240, 240, 240, 240, 240, 240, 240, 240, 240, 240, 240, 240, 240, 240, 240, 240, 240]

sample 634 @281 different
[17, 17, 17, 17, 51, 172, 115, 115, 267, 444, 301, 301, 8, 354, 32, 278, 290, 271, 271, 271, 164, 164, 164, 164, 164, 420, 30, 301, 301, 8, 8, 354, 354, 470, 470, 403, 403, 403, 403, 403, 171, 207, 207, 207, 207, 19, 454, 197, 197, 244, 197, 7, 7, 420, 378, 378, 345, 345, 88, 109, 109, 443, 240, 240, 240, 35, 239, 239, 34, 219, 213, 213, 422, 143, 129, 321, 371, 108, 213, 213, 213, 422, 99, 338, 338, 338, 400, 400, 219, 324, 464, 464, 180, 443, 486, 486, 460, 240, 406, 406, 42, 42, 313, 236, 32, 32, 32, 244, 75, 384, 384, 371, 286, 286, 264, 264, 468, 468, 337, 337, 324, 324, 324, 422, 416, 164, 164, 164, 164, 395, 213, 213, 213, 213, 143, 401, 401, 244, 354, 354, 420, 213, 213, 286, 171, 171, 171, 171, 171, 3, 3, 454, 454, 414, 170, 47, 392, 392, 392, 392, 392, 392, 392, 244, 73, 73, 209, 287, 287, 284, 284, 284, 450, 293, 43, 43, 43, 276, 276, 276, 276, 297, 297, 297, 297, 182, 293, 98, 98, 14, 14, 259, 127, 437, 287, 100, 100, 481, 387, 122, 88, 406, 406, 467, 467, 106, 481, 293, 43, 43, 43, 276, 276, 276, 174, 109, 109, 403, 146, 207, 219, 219, 219, 219, 219, 219, 213, 213, 213, 213, 246, 246, 246, 246, 19, 454, 229, 47, 392, 392, 244, 80, 73, 244, 244, 7, 32, 7, 371, 374, 374, 132, 313, 285, 42, 496, 153, 497, 497, 497, 75, 349, 349, 234, 303, 261, 261, 25, 441, 441, 441, 153, 153, 182, 497, 497, 335, 14, 14, 14, 287, 145, 284, 284, 169, 215, 35, 35, 371, 441, 441, 138, 138, 153, 88, 88, 406, 467, 499, 387, 387, 122, 122, 35, 36, 66, 323, 196, 494, 236, 236, 401, 310, 310, 107, 384, 384, 338, 338, 374, 374, 374, 374, 132, 132, 413, 413, 413, 381, 303, 48, 48, 48, 170, 170, 170, 392, 392, 63, 63, 63, 63, 392, 392, 63, 63, 73, 244, 73, 73, 321, 287, 287, 284, 284, 460, 167, 167, 35, 35, 36, 323, 164, 164, 164, 35, 106, 153, 153, 153, 122, 346, 284, 284, 284, 206, 206, 215, 215, 35, 35, 371, 441, 441, 276, 138, 138, 153, 387, 387, 406, 406, 406, 406, 467, 106, 182, 182, 182, 387, 375, 98, 98, 197, 414, 170, 392, 47, 201, 201, 392, 244, 80, 80, 73, 7, 7, 7, 371, 420, 422, 143, 143, 458, 354, 345, 345, 100, 250, 274, 143, 129, 129, 259, 309, 445, 445, 219, 219, 485, 416, 374, 132, 132, 132, 337, 324, 236, 236, 239, 239, 384, 384, 371, 286, 286, 286, 264, 120, 120, 120, 120, 120, 385, 416, 416, 414, 170, 170, 392, 392, 392, 392, 63, 63, 392, 392, 392, 63, 73, 244, 73, 73, 209, 287, 287, 284, 460, 167, 167, 35, 35, 75, 371, 323, 436, 106, 106, 106, 284, 284, 405, 405, 206, 206, 215, 35, 35, 259, 371, 441, 441, 441, 138, 138, 153, 88, 88, 88, 406, 406, 467, 499, 481, 100, 182, 182, 182, 375, 375, 98, 98, 17, 17, 240, 240, 240, 240, 240, 240, 240, 240, 240, 240, 240, 240, 240, 240, 240, 240, 240, 240, 240, 240, 240, 240, 240, 240, 240, 240, 240, 240, 240, 240, 240, 240, 240, 240, 240, 240, 240, 240, 240, 240, 240, 240, 240, 240, 240, 240, 240, 240, 240, 240, 240, 240, 240, 240, 240, 240, 240, 240, 240, 240, 240, 240, 240, 240, 240, 240]

sample 634 @296 same
[17, 17, 17, 17, 17, 296, 296, 317, 392, 392, 392, 392, 392, 244, 289, 40, 244, 249, 249, 249, 412, 249, 249, 461, 70, 70, 70, 461, 461, 63, 63, 63, 244, 63, 63, 63, 63, 63, 63, 63, 63, 63, 63, 63, 63, 63, 63, 63, 63, 63, 63, 73, 73, 244, 289, 309, 66, 172, 172, 172, 172, 115, 267, 267, 213, 301, 8, 8, 354, 470, 271, 120, 271, 271, 31, 54, 342, 342, 224, 224, 267, 324, 301, 8, 8, 239, 354, 470, 470, 34, 403, 403, 403, 403, 207, 207, 207, 207, 207, 19, 19, 454, 197, 197, 197, 197, 188, 152, 152, 378, 43, 345, 345, 109, 109, 443, 428, 240, 240, 314, 314, 239, 384, 219, 324, 324, 422, 143, 129, 259, 259, 371, 420, 213, 213, 422, 99, 99, 338, 338, 338, 400, 219, 324, 464, 464, 464, 180, 443, 443, 460, 240, 406, 406, 406, 380, 436, 313, 236, 32, 32, 32, 239, 239, 384, 371, 371, 278, 264, 264, 468, 468, 337, 337, 337, 324, 324, 422, 31, 342, 342, 68, 68, 115, 444, 213, 213, 422, 143, 129, 401, 259, 259, 354, 420, 286, 286, 171, 171, 171, 246, 246, 246, 3, 3, 454, 143, 414, 247, 126, 126, 126, 326, 23, 149, 149, 391, 228, 73, 244, 244, 209, 287, 284, 284, 284, 206, 293, 43, 43, 43, 276, 276, 276, 276, 297, 297, 297, 297, 182, 182, 293, 98, 335, 14, 80, 80, 80, 209, 287, 297, 297, 387, 122, 88, 406, 406, 406, 467, 106, 481, 293, 182, 43, 43, 250, 276, 276, 174, 109, 109, 146, 146, 299, 219, 219, 219, 219, 219, 219, 219, 219, 213, 246, 246, 246, 246, 246, 19, 454, 229, 229, 247, 126, 126, 408, 228, 82, 7, 7, 32, 384, 384, 374, 374, 132, 313, 285, 285, 106, 153, 153, 497, 497, 349, 349, 349, 234, 234, 234, 261, 25, 25, 148, 148, 153, 153, 350, 182, 497, 335, 335, 14, 14, 440, 287, 284, 284, 206, 178, 178, 35, 35, 208, 441, 276, 138, 148, 88, 88, 406, 406, 467, 387, 387, 206, 88, 35, 35, 108, 351, 290, 290, 236, 236, 236, 36, 310, 107, 107, 384, 384, 445, 106, 374, 374, 374, 132, 413, 413, 413, 413, 413, 413, 381, 48, 48, 229, 229, 414, 414, 312, 312, 126, 23, 23, 23, 23, 201, 2, 149, 228, 73, 289, 244, 209, 287, 287, 284, 206, 206, 167, 35, 35, 35, 310, 164, 164, 164, 35, 35, 106, 153, 250, 122, 65, 65, 284, 284, 206, 206, 169, 178, 35, 35, 35, 208, 441, 441, 276, 138, 148, 153, 88, 88, 406, 406, 406, 467, 499, 496, 182, 182, 375, 375, 98, 98, 35, 414, 414, 414, 312, 312, 187, 187, 391, 228, 228, 82, 7, 7, 7, 371, 420, 422, 416, 143, 458, 259, 354, 345, 100, 132, 274, 274, 143, 129, 458, 458, 445, 445, 219, 219, 219, 477, 374, 132, 88, 88, 132, 337, 236, 24, 239, 239, 239, 384, 371, 371, 286, 286, 264, 264, 264, 264, 264, 207, 207, 263, 263, 35, 414, 414, 414, 126, 126, 187, 47, 47, 244, 392, 392, 392, 392, 73, 73, 73, 209, 209, 287, 284, 206, 167, 167, 35, 35, 35, 108, 108, 371, 35, 441, 88, 346, 284, 284, 405, 206, 206, 178, 35, 35, 35, 208, 208, 441, 276, 138, 138, 148, 88, 88, 88, 406, 406, 467, 499, 139, 182, 182, 182, 182, 375, 375, 98, 98, 98, 98, 98, 13, 414, 414, 414, 170, 244, 244, 244, 28, 201, 392]


===================================================================================================================================================================
sample 230 original
[17, 17, 17, 17, 17, 296, 435, 317, 317, 317, 184, 184, 435, 184, 82, 209, 188, 213, 213, 213, 152, 152, 152, 378, 43, 43, 276, 276, 276, 138, 138, 174, 346, 284, 284, 284, 284, 284, 426, 426, 203, 413, 413, 65, 65, 350, 293, 76, 76, 129, 458, 208, 441, 100, 153, 153, 143, 143, 129, 129, 82, 208, 208, 441, 345, 100, 387, 387, 274, 122, 42, 42, 132, 132, 43, 88, 109, 109, 111, 111, 111, 240, 251, 251, 251, 241, 431, 431, 428, 428, 403, 403, 146, 171, 301, 301, 8, 8, 239, 354, 180, 180, 443, 264, 468, 406, 467, 467, 467, 111, 111, 438, 240, 314, 239, 239, 384, 384, 371, 152, 374, 374, 132, 132, 132, 10, 10, 10, 398, 398, 398, 398, 422, 99, 338, 338, 338, 60, 60, 400, 494, 416, 143, 129, 82, 208, 208, 345, 333, 422, 99, 99, 338, 338, 338, 338, 400, 400, 324, 422, 422, 236, 239, 36, 310, 107, 395, 395, 470, 171, 171, 171, 171, 171, 252, 416, 416, 239, 32, 32, 354, 420, 286, 464, 264, 468, 468, 406, 42, 42, 147, 42, 42, 217, 217, 217, 473, 473, 398, 360, 360, 252, 252, 24, 239, 310, 310, 107, 107, 395, 41, 41, 19, 19, 454, 229, 229, 82, 249, 312, 312, 126, 126, 1, 1, 1, 1, 1, 1, 1, 408, 391, 391, 391, 392, 73, 73, 73, 244, 244, 83, 83, 188, 171, 171, 171, 422, 416, 32, 32, 239, 354, 354, 278, 278, 278, 240, 143, 35, 35, 401, 401, 75, 127, 114, 355, 355, 355, 355, 452, 263, 229, 414, 414, 414, 312, 312, 126, 23, 23, 23, 23, 260, 391, 391, 249, 249, 249, 412, 287, 287, 111, 240, 240, 35, 36, 478, 68, 68, 115, 224, 267, 267, 448, 324, 3, 464, 464, 188, 264, 264, 264, 171, 207, 171, 37, 24, 239, 239, 75, 371, 106, 106, 153, 153, 43, 43, 8, 32, 239, 208, 208, 100, 100, 132, 195, 348, 117, 48, 417, 417, 417, 170, 170, 392, 392, 392, 392, 63, 63, 63, 63, 63, 63, 73, 73, 73, 244, 209, 287, 287, 284, 284, 284, 450, 88, 350, 174, 413, 413, 76, 76, 458, 208, 441, 100, 100, 497, 43, 143, 129, 458, 458, 208, 441, 345, 42, 42, 42, 147, 380, 467, 499, 111, 111, 240, 251, 251, 241, 431, 431, 428, 443, 403, 146, 438, 301, 8, 8, 239, 354, 180, 264, 264, 468, 468, 467, 467, 111, 111, 240, 240, 314, 239, 239, 384, 371, 324, 301, 301, 399, 217, 217, 473, 473, 46, 438, 178, 143, 458, 458, 208, 208, 190, 487, 495, 495, 313, 313, 359, 359, 34, 166, 324, 422, 422, 143, 129, 82, 75, 371, 470, 470, 403, 403, 403, 171, 207, 207, 207, 358, 358, 24, 239, 239, 310, 107, 107, 395, 41, 41, 19, 19, 454, 229, 229, 229, 312, 126, 126, 292, 292, 292, 292, 23, 23, 23, 408, 408, 391, 391, 244, 244, 73, 73, 244, 244, 7, 7, 479, 331, 331, 315, 315, 315, 315, 315, 468, 468, 468, 468, 467, 337, 337, 337, 301, 203, 399, 217, 473, 473, 443, 330, 240, 143, 36, 259, 384, 273, 106, 443, 111, 240, 240, 175, 219, 219, 34, 300, 313, 313, 251, 251, 331, 106, 84, 255, 274, 8, 8, 239, 144, 27, 106, 387, 240, 240, 35, 35, 35, 82, 144, 27, 355, 355, 271, 271, 150, 150, 162, 68, 68, 68, 115, 115, 267, 267, 464, 171, 171, 171, 178, 416, 32, 32, 32, 354, 420, 286, 464, 264, 468, 468, 406, 406, 406, 467, 337, 337, 324, 324, 301, 219, 32, 32, 239, 354, 180, 180, 355, 355, 355, 169, 169, 150, 352, 352, 352, 352, 352, 126, 126, 23, 23, 23, 23, 408, 408, 392, 244, 392, 392, 73, 73, 244, 412, 287, 55, 240, 240, 35, 36, 77, 77, 342, 68, 68, 224, 168, 196, 196, 309, 217, 473, 473, 398, 398, 360, 252, 339, 24, 239, 310, 310, 107, 107, 395, 395, 298, 298, 454, 117, 465, 465, 442, 442, 305, 442, 442, 442, 442, 442, 442, 442, 442, 442, 435, 435, 435, 435, 226, 80, 244, 7, 7, 217, 473, 65, 65, 290, 290, 264, 264, 139, 88, 88, 88, 346, 284, 284, 284, 284, 450, 450, 450, 43, 43, 276, 276, 138, 138, 98, 76, 458, 458, 208, 441, 100, 100, 153, 43, 8, 129, 442, 442, 442, 208, 208, 100, 153, 132, 132, 132, 132, 132, 132, 98, 98, 48, 417, 417, 170, 170, 201, 201, 244, 187, 187, 12, 408, 408, 392, 73, 73, 73, 412, 83, 287, 111, 111, 240, 251, 251, 241, 431, 431, 443, 443, 146, 146, 438, 301, 8, 8, 354, 354, 180, 264, 468, 468, 467, 467, 111, 111, 240, 240, 24, 239, 384, 371, 371, 324, 301, 203, 399, 217, 473, 473, 46, 438, 178, 416, 458, 458, 208, 208, 190, 495, 495, 406, 313, 313, 325, 34, 34, 422, 236, 143, 129, 401, 244, 384, 114, 470, 403, 403, 403, 290, 171, 171, 246, 358, 358, 24, 239, 36, 75, 107, 107, 395, 41, 41, 19, 19, 454, 454, 454, 417, 417, 201, 201, 244, 201, 201, 201, 201, 392, 244, 392, 63, 63, 63, 73, 73, 73, 244, 75, 127, 114, 0, 278, 301, 173, 8, 8, 354, 354, 420, 420, 213, 213, 374, 374, 374, 132, 219, 219, 219, 477, 477, 106, 106, 106, 387, 375, 98, 98, 233, 458, 458, 144, 27, 27, 437, 437, 426, 355, 452, 452, 263, 263, 263, 13, 417, 417, 417, 40, 40, 435, 170, 392, 392, 392, 244, 40, 40, 40, 40, 40, 40, 40, 40, 40, 40, 40, 40, 40, 201, 40, 40, 40, 128, 244, 63, 63, 63, 128, 128, 128, 128, 128, 128, 128, 193, 17, 17]


sample 230 @270   different
[17, 17, 213, 213, 213, 213, 3, 152, 378, 378, 43, 411, 276, 276, 138, 138, 138, 88, 346, 284, 284, 284, 284, 284, 426, 468, 203, 53, 65, 65, 428, 293, 293, 76, 129, 458, 458, 441, 441, 100, 153, 153, 143, 129, 129, 401, 208, 208, 441, 276, 100, 100, 387, 387, 122, 251, 88, 132, 132, 43, 88, 88, 109, 428, 111, 111, 111, 240, 251, 251, 251, 241, 431, 486, 428, 428, 403, 146, 146, 146, 301, 8, 406, 32, 354, 354, 180, 443, 264, 264, 468, 406, 467, 467, 470, 111, 111, 240, 240, 314, 239, 239, 384, 371, 371, 374, 374, 132, 132, 132, 242, 10, 10, 309, 398, 398, 398, 398, 99, 99, 338, 338, 338, 338, 338, 400, 422, 143, 129, 401, 458, 208, 208, 212, 445, 99, 99, 338, 338, 338, 338, 400, 400, 400, 324, 422, 236, 239, 239, 310, 107, 107, 395, 395, 286, 171, 171, 171, 171, 171, 252, 416, 416, 32, 32, 354, 354, 420, 464, 464, 264, 468, 406, 406, 401, 276, 81, 144, 217, 217, 217, 217, 473, 473, 398, 278, 278, 286, 24, 24, 239, 310, 107, 107, 107, 395, 41, 41, 19, 19, 454, 229, 170, 170, 82, 408, 312, 126, 292, 305, 305, 305, 305, 305, 305, 305, 408, 391, 391, 392, 392, 73, 73, 73, 244, 320, 83, 83, 287, 171, 171, 171, 416, 416, 32, 32, 354, 354, 180, 278, 278, 240, 416, 143, 35, 35, 401, 401, 127, 114, 271, 355, 355, 355, 460, 263, 263, 229, 414, 82, 414, 312, 312, 23, 23, 23, 23, 23, 391, 391, 391, 80, 80, 289, 412, 287, 287, 111, 240, 236, 35, 77, 66, 68, 68, 115, 494, 267, 267, 36, 120, 264, 464, 278, 278, 264, 264, 264, 171, 171, 358, 358, 24, 239, 239, 384, 371, 106, 106, 153, 153, 106, 8, 8, 32, 239, 208, 208, 100, 236, 374, 138, 117, 48, 48, 417, 417, 13, 170, 392, 392, 392, 392, 392, 392, 63, 392, 63, 63, 63, 73, 73, 73, 244, 287, 287, 287, 284, 284, 426, 88, 88, 467, 331, 413, 76, 76, 35, 458, 208, 100, 100, 100, 43, 43, 129, 129, 458, 208, 441, 441, 153, 122, 42, 42, 81, 380, 499, 139, 111, 240, 240, 251, 251, 241, 431, 444, 428, 443, 146, 146, 301, 8, 406, 239, 354, 354, 180, 264, 264, 468, 467, 467, 470, 111, 111, 240, 314, 239, 239, 384, 371, 371, 324, 301, 203, 399, 217, 217, 473, 65, 330, 330, 271, 143, 458, 458, 208, 208, 144, 81, 395, 395, 313, 313, 349, 349, 34, 324, 324, 422, 143, 129, 401, 401, 473, 371, 470, 403, 403, 403, 403, 171, 207, 207, 358, 358, 24, 24, 239, 239, 310, 107, 107, 395, 41, 41, 19, 454, 229, 229, 229, 247, 312, 126, 292, 292, 292, 305, 305, 305, 23, 23, 408, 391, 391, 392, 392, 392, 73, 73, 244, 244, 7, 7, 479, 331, 331, 315, 315, 315, 315, 315, 468, 468, 468, 468, 467, 337, 337, 337, 301, 399, 217, 217, 473, 65, 443, 240, 385, 143, 36, 401, 127, 180, 284, 206, 111, 240, 240, 251, 219, 477, 34, 139, 313, 349, 251, 241, 431, 106, 313, 274, 43, 8, 239, 144, 208, 106, 387, 387, 240, 240, 35, 35, 401, 75, 144, 180, 450, 355, 271, 169, 150, 150, 342, 68, 68, 68, 115, 273, 267, 464, 464, 171, 171, 252, 416, 416, 32, 32, 32, 354, 420, 286, 264, 264, 468, 406, 406, 406, 467, 337, 337, 324, 324, 324, 422, 32, 32]

================================================================================================================================================================
sample 233 original
[17, 17, 17, 17, 17, 296, 296, 296, 296, 40, 317, 461, 461, 461, 461, 244, 461, 461, 461, 184, 184, 184, 244, 320, 7, 7, 309, 309, 309, 398, 398, 398, 464, 464, 443, 284, 284, 284, 284, 460, 206, 169, 349, 349, 349, 234, 234, 261, 25, 25, 152, 152, 422, 143, 143, 129, 82, 75, 208, 208, 441, 100, 153, 132, 381, 303, 117, 48, 48, 13, 414, 442, 170, 244, 305, 305, 78, 78, 392, 392, 63, 63, 63, 63, 63, 63, 63, 63, 63, 63, 73, 73, 244, 320, 412, 287, 111, 111, 438, 186, 99, 338, 338, 338, 338, 400, 400, 464, 464, 464, 486, 486, 460, 178, 178, 143, 35, 458, 458, 445, 445, 219, 219, 219, 219, 213, 213, 464, 171, 171, 252, 186, 39, 39, 342, 342, 68, 115, 273, 267, 267, 267, 324, 246, 246, 219, 219, 219, 219, 219, 477, 477, 132, 43, 129, 129, 401, 82, 354, 109, 109, 428, 443, 493, 240, 240, 325, 325, 34, 355, 355, 355, 452, 263, 263, 13, 78, 170, 170, 244, 170, 170, 392, 392, 392, 392, 63, 63, 63, 63, 63, 392, 63, 73, 73, 244, 320, 7, 7, 309, 309, 398, 398, 464, 464, 180, 284, 284, 284, 460, 206, 240, 240, 24, 24, 239, 384, 371, 106, 106, 106, 387, 372, 406, 406, 406, 467, 337, 464, 464, 464, 355, 355, 460, 169, 385, 35, 36, 77, 66, 68, 115, 115, 273, 448, 464, 464, 58, 426, 426, 426, 319, 319, 319, 319, 406, 406, 406, 495, 495, 406, 406, 495, 250, 98, 98, 98, 465, 237, 237, 237, 219, 213, 213, 213, 19, 19, 19, 454, 237, 237, 237, 237, 237, 237, 237, 237, 237, 237, 237, 237, 201, 201, 201, 201, 201, 187, 260, 163, 392, 392, 63, 73, 73, 244, 412, 412, 287, 287, 287, 284, 111, 111, 240, 240, 314, 24, 239, 131, 180, 106, 106, 387, 387, 468, 406, 337, 337, 464, 464, 464, 355, 92, 240, 385, 35, 77, 77, 68, 115, 115, 273, 464, 464, 464, 315, 284, 284, 319, 450, 413, 406, 406, 406, 495, 250, 250, 413, 313, 116, 33, 394, 32, 32, 239, 239, 384, 108, 371, 213, 213, 213, 246, 19, 19, 48, 48, 414, 414, 417, 201, 170, 201, 187, 187, 201, 201, 201, 187, 187, 392, 392, 63, 63, 63, 392, 435, 435, 435, 435, 435, 435, 209, 83, 83, 145, 111, 111, 240, 240, 24, 239, 384, 180, 106, 106, 387, 372, 468, 406, 467, 337, 337, 464, 464, 464, 443, 240, 240, 35, 36, 77, 342, 172, 115, 273, 273, 464, 464, 315, 315, 315, 315, 319, 468, 468, 467, 467, 467, 413, 413, 248, 76, 76, 129, 401, 82, 75, 445, 445, 445, 445, 213, 213, 324, 324, 19, 19, 454, 454, 454, 78, 417, 78, 392, 392, 392, 392, 392, 63, 63, 392, 244, 249, 249, 244, 435, 435, 244, 435, 435, 435, 435, 244, 412, 83, 83, 55, 240, 385, 35, 36, 77, 68, 68, 115, 273, 448, 464, 464, 464, 486, 486, 376, 486, 460, 240, 240, 314, 314, 239, 384, 371, 106, 106, 106, 106, 387, 387, 387, 372, 406, 406, 467, 337, 337, 41, 19, 19, 19, 19, 197, 197, 197, 440, 83, 145, 240, 240, 385, 35, 77, 478, 68, 68, 224, 273, 267, 448, 448, 3, 411, 188, 264, 264, 264, 264, 264, 264, 468, 468, 468, 406, 337, 337, 324, 324, 3, 3, 14, 14, 14, 145, 145, 145, 111, 428, 403, 207, 358, 19, 358, 454, 414, 442, 442, 442, 442, 442, 442, 442, 442, 408, 408, 408, 442, 442, 442, 442, 80, 244, 320, 7, 309, 398, 398, 301, 399, 217, 473, 473, 476, 476, 252, 143, 143, 36, 458, 127, 180, 443, 428, 443, 240, 240, 175, 325, 34, 300, 191, 191, 26, 251, 251, 241, 431, 302, 497, 43, 8, 8, 259, 208, 208, 100, 387, 387, 240, 143, 129, 401, 75, 75, 114, 180, 355, 355, 355, 355, 452, 263, 352, 352, 352, 417, 201, 201, 392, 392, 392, 17, 17]


sample 233 @275 different
[17, 17, 296, 473, 473, 398, 398, 464, 464, 464, 284, 315, 486, 486, 460, 460, 460, 169, 169, 169, 349, 183, 395, 354, 485, 485, 485, 213, 422, 422, 143, 143, 458, 208, 208, 345, 100, 242, 134, 303, 303, 303, 303, 117, 48, 48, 48, 414, 414, 170, 170, 80, 80, 392, 392, 392, 392, 63, 63, 63, 63, 63, 63, 63, 73, 392, 244, 321, 321, 412, 83, 83, 55, 169, 169, 186, 162, 54, 54, 338, 400, 400, 400, 290, 464, 443, 443, 443, 460, 460, 178, 178, 35, 35, 183, 445, 451, 451, 451, 451, 30, 360, 360, 171, 171, 171, 252, 186, 31, 54, 342, 342, 342, 115, 168, 267, 267, 267, 213, 246, 246, 246, 246, 246, 246, 246, 246, 246, 301, 301, 378, 259, 259, 354, 65, 139, 139, 428, 428, 264, 240, 240, 325, 77, 34, 232, 355, 355, 355, 263, 263, 263, 13, 13, 417, 170, 244, 392, 392, 392, 392, 392, 63, 63, 63, 63, 63, 63, 73, 320, 320, 7, 7, 7, 7, 217, 479, 331, 331, 331, 331, 284, 284, 284, 284, 486, 460, 169, 169, 240, 24, 285, 84, 331, 84, 84, 84, 387, 387, 387, 35, 337, 337, 464, 464, 464, 464, 120, 282, 282, 282, 271, 150, 77, 342, 68, 115, 115, 273, 470, 278, 330, 199, 331, 331, 315, 315, 315, 319, 319, 348, 199, 242, 203, 203, 467, 467, 413, 413, 413, 303, 473, 77, 427, 75, 17, 83, 213, 213, 213, 213, 19, 19, 17, 80, 80, 80, 80, 80, 80, 80, 80, 80, 80, 80, 80, 80, 80, 80, 442, 401, 80, 201, 392, 391, 73, 392, 244, 321, 321, 321, 287, 287, 287, 284, 111, 111, 111, 111, 438, 240, 240, 77, 34, 331, 331, 84, 84, 84, 413, 468, 468, 337, 337, 464, 464, 464, 271, 330, 330, 271, 77, 77, 342, 342, 115, 273, 273, 470, 271, 315, 315, 315, 315, 315, 319, 319, 203, 203, 53, 53, 413, 413, 413, 413, 212, 34, 34, 338, 76, 239, 371, 36, 36, 351, 213, 213, 213, 213, 19, 19, 19, 454, 48, 414, 414, 417, 170, 170, 201, 201, 201, 201, 187, 187, 187, 392, 392, 63, 392, 244, 305, 201, 201, 201, 321, 321, 83, 287, 287, 486, 486, 111, 169, 169, 240, 285, 34, 331, 106, 84, 84, 84, 387, 35, 468, 467, 337, 464, 464, 464, 271, 271, 330, 330, 271, 150, 77, 342, 342, 115, 273, 470, 405, 271, 271, 271, 315, 315, 315, 315, 450, 450, 388, 413, 413, 413, 413, 76, 76, 239, 75, 75, 371, 445, 445, 213, 213, 213, 213, 213, 213, 246, 19, 19, 454, 454, 414, 414, 170, 170, 170, 392, 392, 392, 392, 63, 63, 63, 63, 392, 244, 101, 80, 201, 73, 289, 321, 321, 412, 83, 83, 55, 460, 460, 150, 36, 77, 342, 68, 115, 273, 470, 240, 464, 464, 486, 486, 486, 486, 486, 460, 460, 240, 240, 314, 34, 34, 180, 106, 84, 84, 84, 413, 413, 387, 348, 468, 467, 467, 236, 236, 168, 54, 434, 120, 399, 321, 321, 83, 145, 145, 486, 460, 215, 169, 150, 77, 342, 68, 224, 168, 267, 267, 267, 324, 464, 464, 464, 286, 264, 264, 264, 264, 264, 264, 264, 468, 468, 337, 337, 337, 324, 434, 3, 14, 14, 145, 145, 145, 486, 206, 428, 428, 146, 146, 358, 349, 349, 203, 414, 414, 82, 82, 82, 82, 82, 82, 82, 82, 82, 442, 80, 442, 321, 320, 7, 7, 7, 309, 309, 148, 338, 338, 473, 473, 476, 330, 171, 252]

sample 233 @277 different
[17, 17, 296, 473, 473, 398, 398, 464, 464, 464, 284, 315, 486, 486, 460, 460, 460, 169, 169, 169, 349, 183, 395, 354, 485, 485, 485, 213, 422, 422, 143, 143, 458, 208, 208, 345, 100, 242, 134, 303, 303, 303, 303, 117, 48, 48, 48, 414, 414, 170, 170, 80, 80, 392, 392, 392, 392, 63, 63, 63, 63, 63, 63, 63, 73, 392, 244, 321, 321, 412, 83, 83, 55, 169, 169, 186, 162, 54, 54, 338, 400, 400, 400, 290, 464, 443, 443, 443, 460, 460, 178, 178, 35, 35, 183, 445, 451, 451, 451, 451, 30, 360, 360, 171, 171, 171, 252, 186, 31, 54, 342, 342, 342, 115, 168, 267, 267, 267, 213, 246, 246, 246, 246, 246, 246, 246, 246, 246, 301, 301, 378, 259, 259, 354, 65, 139, 139, 428, 428, 264, 240, 240, 325, 77, 34, 34, 355, 355, 355, 263, 263, 263, 13, 13, 417, 170, 244, 392, 392, 392, 392, 392, 63, 63, 63, 63, 63, 63, 73, 320, 320, 7, 7, 7, 7, 217, 479, 331, 331, 331, 331, 284, 284, 284, 284, 486, 460, 169, 169, 240, 24, 285, 84, 331, 84, 84, 84, 387, 387, 387, 35, 337, 337, 464, 464, 464, 464, 120, 282, 282, 282, 271, 150, 77, 342, 68, 115, 115, 273, 470, 278, 330, 199, 331, 331, 315, 315, 315, 319, 319, 348, 199, 242, 203, 203, 467, 467, 413, 413, 413, 303, 473, 77, 17, 75, 17, 188, 213, 213, 213, 213, 19, 19, 17, 80, 80, 80, 80, 80, 80, 80, 80, 80, 80, 80, 80, 80, 80, 80, 201, 201, 201, 201, 392, 149, 73, 392, 244, 321, 321, 321, 287, 287, 287, 284, 111, 111, 111, 111, 438, 240, 240, 77, 34, 331, 331, 84, 84, 84, 413, 468, 468, 337, 337, 464, 464, 464, 271, 330, 330, 271, 77, 77, 342, 342, 115, 273, 273, 470, 271, 315, 315, 315, 315, 315, 319, 319, 203, 203, 53, 53, 413, 413, 413, 413, 212, 34, 34, 338, 76, 239, 371, 186, 186, 351, 213, 213, 213, 213, 19, 19, 19, 454, 48, 414, 414, 417, 170, 170, 201, 201, 201, 201, 187, 187, 187, 392, 392, 63, 392, 244, 201, 201, 201, 201, 321, 321, 83, 287, 287, 486, 486, 111, 438, 438, 240, 285, 34, 331, 106, 84, 84, 84, 387, 35, 468, 467, 337, 464, 464, 464, 271, 271, 330, 330, 271, 150, 77, 342, 342, 115, 273, 470, 405, 271, 271, 271, 315, 315, 315, 315, 450, 450, 388, 413, 413, 413, 413, 76, 76, 239, 75, 75, 371, 445, 445, 213, 213, 213, 213, 213, 213, 246, 19, 19, 454, 454, 414, 414, 170, 170, 170, 392, 392, 392, 392, 63, 63, 63, 249, 392, 244, 101, 80, 201, 73, 289, 321, 321, 412, 83, 83, 301, 460, 460, 282, 36, 77, 342, 68, 115, 273, 470, 240, 464, 464, 486, 486, 486, 486, 486, 460, 460, 240, 240, 314, 34, 34, 180, 106, 84, 84, 84, 413, 413, 387, 348, 468, 467, 467, 242, 299, 168, 54, 434, 120, 399, 321, 321, 83, 145, 145, 486, 460, 215, 169, 150, 77, 342, 342, 224, 168, 267, 267, 267, 324, 464, 464, 464, 286, 264, 264, 264, 264, 264, 264, 264, 468, 468, 337, 337, 337, 324, 434, 3, 14, 14, 145, 145, 145, 486, 206, 428, 428, 146, 146, 358, 37, 349, 203, 414, 414, 442, 442, 442, 442, 442, 442, 442, 442, 442, 442, 80, 442, 321, 320, 7, 7, 7, 309, 309, 338, 338, 338, 473, 473, 476, 330, 171, 252]

sample 233 @372 different
[17, 17, 296, 217, 217, 398, 398, 398, 464, 464, 443, 315, 315, 284, 460, 460, 206, 169, 349, 349, 349, 234, 234, 261, 25, 25, 420, 152, 422, 143, 143, 129, 82, 75, 208, 208, 441, 100, 153, 153, 381, 303, 117, 48, 48, 13, 414, 442, 170, 244, 305, 305, 102, 2, 392, 392, 63, 63, 63, 63, 63, 63, 63, 63, 63, 63, 73, 73, 244, 320, 412, 287, 111, 111, 438, 186, 99, 338, 338, 338, 338, 400, 400, 464, 464, 464, 486, 486, 460, 178, 178, 143, 35, 259, 458, 445, 445, 219, 219, 219, 219, 213, 213, 464, 464, 171, 252, 186, 54, 54, 342, 342, 68, 115, 273, 267, 267, 267, 324, 246, 246, 219, 219, 219, 219, 246, 477, 301, 397, 43, 129, 129, 401, 82, 354, 109, 109, 443, 443, 116, 240, 240, 325, 77, 34, 355, 355, 355, 452, 263, 263, 13, 78, 170, 170, 244, 170, 170, 392, 392, 392, 63, 63, 63, 63, 63, 63, 392, 63, 73, 73, 244, 320, 7, 7, 309, 309, 398, 398, 464, 464, 180, 284, 284, 284, 460, 206, 240, 240, 24, 24, 239, 384, 371, 106, 106, 106, 387, 387, 406, 406, 406, 467, 337, 464, 464, 464, 355, 355, 460, 169, 385, 35, 36, 77, 66, 68, 115, 115, 273, 448, 464, 464, 34, 426, 426, 426, 319, 319, 319, 203, 468, 406, 406, 495, 495, 406, 406, 495, 250, 98, 98, 98, 465, 237, 237, 237, 219, 213, 213, 213, 19, 19, 19, 454, 226, 226, 226, 226, 226, 226, 226, 226, 226, 226, 226, 226, 80, 201, 201, 201, 201, 187, 201, 163, 392, 392, 63, 73, 73, 244, 412, 412, 287, 287, 287, 284, 111, 111, 240, 240, 314, 24, 239, 131, 180, 106, 106, 387, 387, 468, 406, 337, 337, 464, 464, 464, 355, 365, 240, 385, 35, 77, 77, 68, 115, 115, 273, 470, 464, 464, 315, 284, 284, 319, 450, 450, 406, 406, 406, 495, 250, 250, 413, 313, 116, 381, 10, 76, 32, 239, 239, 384, 108, 371, 213, 213, 213, 246, 19, 19, 48, 48, 414, 414, 417, 201, 170, 201, 201, 201, 201, 201, 201, 187, 187, 392, 392, 63, 63, 63, 392, 305, 305, 305, 305, 305, 305, 209, 83, 83, 145, 111, 111, 240, 240, 24, 239, 384, 180, 106, 106, 284, 496, 468, 406, 467, 337, 337, 464, 464, 464, 443, 240, 240, 35, 36, 77, 342, 172, 115, 273, 273, 464, 464, 315, 315, 315, 315, 319, 468, 468, 467, 467, 467, 413, 413, 94, 76, 76, 129, 401, 82, 75, 445, 445, 445, 445, 213, 213, 324, 324, 19, 19, 454, 454, 454, 78, 417, 78, 392, 392, 392, 392, 392, 63, 63, 392, 392, 249, 249, 244, 305, 305, 244, 305, 305, 305, 305, 244, 412, 83, 83, 55, 240, 385, 35, 36, 77, 68, 68, 115, 273, 448, 464, 464, 464, 486, 486, 376, 486, 460, 240, 240, 314, 314, 239, 384, 371, 106, 106, 106, 106, 387, 387, 387, 372, 406, 406, 467, 337, 337, 41, 19, 19, 19, 19, 197, 197, 197, 440, 83, 145, 240, 240, 385, 35, 77, 36, 68, 68, 224, 168, 267, 448, 448, 3, 411, 188, 264, 264, 264, 264, 264, 264, 468, 468, 468, 468, 337, 337, 324, 324, 3, 3, 14, 14, 14, 145, 145, 145, 111, 428, 403, 207, 358, 19, 358, 454, 442, 442, 442, 442, 442, 442, 442, 442, 442, 408, 408, 408, 442, 442, 442, 442, 80, 244, 320, 7, 309, 398, 398, 301, 399, 217, 473, 473, 476, 476, 252]

------------------------------------------------------------------------------------------------------------------------------

sample 233 @402 different
[17, 17, 296, 217, 217, 398, 398, 398, 464, 464, 443, 315, 315, 284, 460, 460, 206, 169, 349, 349, 349, 234, 234, 261, 25, 25, 152, 152, 422, 143, 143, 129, 82, 75, 208, 208, 441, 100, 153, 153, 381, 303, 117, 48, 48, 13, 414, 442, 170, 244, 305, 305, 102, 2, 392, 392, 63, 63, 63, 63, 63, 63, 63, 63, 63, 63, 73, 73, 244, 320, 412, 287, 111, 111, 438, 186, 99, 338, 338, 338, 338, 400, 400, 464, 464, 464, 486, 486, 460, 178, 178, 143, 35, 259, 458, 445, 445, 219, 219, 219, 219, 213, 213, 464, 464, 171, 252, 186, 39, 54, 342, 342, 68, 115, 273, 267, 267, 267, 324, 246, 246, 219, 219, 219, 219, 246, 477, 301, 397, 43, 129, 129, 401, 82, 354, 109, 109, 443, 443, 53, 240, 240, 325, 325, 34, 355, 355, 355, 452, 263, 263, 13, 78, 170, 170, 244, 170, 170, 392, 392, 392, 63, 63, 63, 63, 63, 63, 392, 63, 73, 73, 244, 320, 7, 7, 309, 309, 398, 398, 464, 464, 180, 284, 284, 284, 460, 206, 240, 240, 24, 24, 239, 384, 371, 106, 106, 106, 387, 387, 406, 406, 406, 467, 337, 464, 464, 464, 355, 355, 460, 169, 385, 35, 36, 77, 66, 68, 115, 115, 273, 448, 464, 464, 58, 426, 426, 426, 319, 319, 319, 203, 468, 406, 406, 495, 495, 406, 406, 495, 250, 98, 98, 98, 465, 237, 237, 237, 219, 213, 213, 213, 19, 19, 19, 454, 226, 226, 226, 237, 237, 237, 237, 237, 237, 237, 237, 237, 80, 201, 201, 201, 201, 187, 201, 163, 392, 392, 63, 73, 73, 244, 412, 412, 287, 287, 287, 284, 111, 111, 240, 240, 314, 24, 239, 131, 180, 106, 106, 387, 387, 468, 406, 337, 337, 464, 464, 464, 355, 365, 240, 385, 35, 77, 77, 68, 115, 115, 273, 470, 464, 464, 315, 284, 284, 319, 450, 450, 406, 406, 406, 495, 250, 250, 413, 313, 116, 381, 394, 76, 32, 239, 239, 384, 108, 371, 213, 213, 213, 246, 19, 19, 48, 48, 414, 414, 417, 201, 170, 201, 201, 201, 201, 201, 201, 187, 187, 392, 392, 63, 63, 63, 392, 305, 305, 305, 305, 305, 305, 209, 83, 83, 145, 111, 111, 240, 240, 24, 239, 384, 180, 106, 106, 284, 496, 468, 406, 467, 337, 337, 464, 464, 464, 443, 240, 240, 35, 36, 77, 342, 172, 115, 273, 273, 464, 464, 315, 315, 315, 315, 319, 468, 468, 467, 467, 467, 413, 413, 466, 76, 76, 129, 401, 82, 75, 445, 445, 445, 445, 213, 213, 324, 324, 19, 19, 454, 454, 454, 78, 417, 78, 392, 392, 392, 392, 392, 63, 63, 392, 392, 249, 249, 244, 435, 435, 244, 435, 435, 435, 435, 244, 412, 83, 83, 55, 240, 385, 35, 36, 77, 68, 68, 115, 273, 448, 464, 464, 464, 486, 486, 376, 486, 460, 240, 240, 314, 314, 239, 384, 371, 106, 106, 106, 106, 387, 387, 387, 372, 406, 406, 467, 337, 337, 41, 19, 19, 19, 19, 197, 197, 197, 440, 83, 145, 240, 240, 385, 35, 77, 478, 68, 68, 224, 168, 267, 448, 448, 3, 411, 188, 264, 264, 264, 264, 264, 264, 468, 468, 468, 468, 337, 337, 324, 324, 3, 3, 14, 14, 14, 145, 145, 145, 111, 428, 403, 207, 358, 19, 358, 454, 442, 442, 442, 442, 442, 442, 442, 442, 442, 408, 408, 408, 442, 442, 442, 442, 80, 244, 320, 7, 309, 398, 398, 301, 399, 217, 473, 473, 476, 476, 252]

===============================================================================================================================================================================

sample 266 original
[17, 17, 17, 17, 17, 296, 296, 296, 317, 317, 317, 317, 461, 461, 461, 184, 184, 184, 244, 320, 7, 217, 217, 217, 473, 65, 476, 403, 443, 443, 171, 240, 240, 314, 314, 32, 239, 310, 107, 107, 395, 395, 106, 84, 387, 387, 387, 167, 457, 457, 457, 188, 152, 422, 186, 99, 338, 338, 338, 338, 395, 351, 499, 486, 428, 403, 146, 146, 464, 464, 464, 464, 264, 355, 255, 43, 43, 43, 276, 276, 276, 276, 276, 346, 346, 346, 319, 319, 426, 450, 43, 43, 276, 109, 109, 403, 290, 290, 207, 207, 434, 252, 24, 239, 239, 384, 114, 180, 180, 486, 486, 376, 376, 376, 376, 85, 468, 468, 467, 467, 467, 145, 111, 460, 240, 271, 186, 478, 66, 482, 482, 482, 115, 273, 374, 374, 374, 374, 242, 116, 10, 10, 479, 398, 398, 398, 398, 286, 286, 286, 286, 286, 286, 406, 406, 42, 42, 132, 132, 132, 313, 236, 239, 310, 107, 107, 395, 180, 443, 443, 403, 403, 171, 171, 246, 246, 252, 314, 32, 239, 82, 384, 371, 420, 324, 340, 116, 33, 466, 199, 199, 459, 271, 38, 38, 162, 68, 68, 68, 115, 267, 267, 464, 464, 180, 315, 315, 450, 450, 450, 450, 250, 250, 88, 109, 109, 299, 299, 464, 301, 313, 42, 42, 147, 456, 456, 313, 236, 239, 310, 107, 395, 395, 180, 151, 151, 169, 143, 458, 82, 144, 208, 100, 100, 497, 143, 129, 458, 244, 144, 208, 208, 100, 100, 98, 98, 98, 98, 13, 229, 82, 247, 312, 312, 312, 23, 23, 23, 23, 23, 23, 23, 23, 408, 408, 391, 244, 73, 244, 244, 7, 188, 219, 398, 360, 340, 339, 10, 94, 199, 331, 132, 132, 88, 335, 14, 411, 188, 188, 278, 278, 258, 31, 31, 162, 232, 232, 68, 68, 115, 115, 267, 444, 422, 422, 143, 36, 36, 270, 270, 68, 68, 68, 115, 267, 267, 444, 213, 246, 246, 464, 464, 120, 459, 271, 271, 271, 39, 433, 433, 433, 160, 160, 112, 112, 427, 56, 56, 312, 312, 126, 292, 23, 23, 23, 408, 391, 244, 73, 73, 73, 244, 244, 144, 27, 437, 111, 111, 240, 215, 8, 8, 354, 420, 420, 328, 116, 200, 33, 195, 479, 331, 255, 255, 76, 129, 401, 82, 82, 354, 106, 284, 486, 460, 169, 150, 150, 54, 54, 436, 447, 60, 470, 403, 403, 207, 207, 207, 3, 3, 197, 226, 188, 188, 219, 422, 32, 239, 239, 384, 371, 84, 84, 350, 350, 350, 350, 43, 88, 88, 109, 109, 337, 337, 301, 301, 349, 349, 349, 155, 155, 25, 106, 284, 306, 306, 406, 406, 467, 499, 460, 169, 215, 215, 35, 401, 244, 320, 354, 354, 284, 284, 206, 282, 388, 388, 303, 64, 243, 219, 398, 398, 340, 116, 116, 33, 466, 199, 250, 250, 43, 250, 250, 32, 32, 32, 4, 280, 420, 420, 422, 236, 143, 36, 310, 107, 161, 161, 161, 487, 487, 487, 487, 374, 374, 132, 132, 98, 98, 13, 352, 352, 417, 435, 170, 244, 421, 296, 17, 17]


sample 266 @278 different
[17, 17, 296, 217, 473, 473, 65, 330, 403, 443, 171, 171, 240, 240, 314, 314, 32, 239, 310, 107, 107, 395, 180, 106, 84, 387, 387, 387, 167, 416, 164, 164, 278, 152, 422, 36, 99, 338, 338, 338, 395, 395, 180, 450, 486, 206, 146, 146, 219, 464, 464, 464, 464, 264, 355, 282, 43, 43, 138, 276, 276, 276, 276, 276, 346, 346, 284, 319, 426, 426, 450, 43, 250, 345, 109, 109, 403, 290, 290, 207, 207, 358, 337, 239, 239, 239, 384, 371, 180, 180, 486, 486, 376, 376, 376, 85, 264, 468, 468, 467, 467, 145, 486, 460, 460, 240, 271, 77, 36, 66, 482, 482, 115, 115, 485, 374, 374, 374, 374, 242, 116, 10, 10, 398, 398, 398, 398, 286, 286, 286, 286, 286, 286, 468, 406, 406, 42, 42, 132, 132, 132, 313, 236, 239, 310, 107, 107, 395, 180, 443, 403, 403, 403, 171, 246, 246, 358, 252, 32, 32, 401, 401, 473, 371, 420, 324, 236, 116, 10, 364, 199, 345, 271, 271, 458, 31, 342, 68, 68, 68, 115, 267, 267, 464, 464, 139, 315, 284, 450, 450, 450, 175, 250, 250, 345, 109, 299, 299, 464, 301, 301, 175, 42, 175, 81, 29, 29, 313, 236, 239, 310, 107, 395, 180, 180, 450, 169, 271, 143, 458, 401, 144, 100, 100, 100, 375, 143, 129, 458, 82, 144, 208, 441, 100, 100, 98, 98, 98, 98, 13, 229, 170, 312, 312, 20, 312, 292, 23, 23, 23, 23, 23, 23, 408, 408, 391, 149, 73, 289, 20, 20, 7, 188, 219, 324, 360, 339, 339, 10, 94, 199, 331, 132, 88, 88, 335, 14, 411, 188, 188, 278, 186, 290, 31, 54, 232, 232, 232, 68, 68, 115, 273, 444, 444, 422, 143, 143, 36, 36, 108, 108, 68, 68, 115, 115, 267, 267, 267, 213, 246, 464, 464, 464, 120, 271, 271, 271, 150, 54, 99, 99, 436, 436, 338, 359, 359, 56, 56, 20, 56, 312, 187, 187, 20, 187, 187, 187, 20, 391, 20, 73, 289, 289, 20, 144, 354, 437, 470, 111, 240, 8, 8, 406, 354, 420, 420, 168, 416, 164, 164, 302, 479, 331, 313, 313, 129, 129, 401, 259, 320, 354, 331, 284, 460, 460, 169, 150, 150, 54, 54, 338, 338, 273, 470, 403, 403, 207, 207, 120, 120, 416, 401, 82, 188, 188, 152, 422, 32, 239, 239, 371, 180, 84, 84, 106, 467, 467, 43, 43, 88, 88, 109, 109, 337, 301, 301, 301, 349, 349, 116, 155, 155, 25, 106, 284, 426, 468, 406, 467, 467, 139, 460, 169, 178, 129, 401, 401, 320, 320, 70, 65, 284, 284, 319, 282, 388, 388, 303, 303, 473, 479, 278, 236, 236, 116, 94, 10, 10, 199, 250, 250, 43, 250, 138, 32, 127, 34, 34, 467, 436, 420, 422, 236, 143, 36, 310, 107, 384, 384, 384, 445, 445, 445, 374, 374, 132, 132, 43, 98, 17, 240, 240, 240, 240, 240, 240, 240, 240, 240, 240, 240, 240, 240, 240, 240, 240, 240, 240, 240, 240, 240, 240, 240, 240, 240, 240, 240, 240, 240, 240, 240, 240, 240, 240, 240, 240, 240, 240, 240, 240, 240, 240, 240, 240, 240, 240, 240, 240, 240, 240, 240, 240, 240, 240, 240, 240, 240, 240, 240, 240, 240, 240, 240, 240, 240, 240, 240, 240, 240, 240, 240, 240, 240, 240, 240, 240, 240, 240, 240, 240, 240, 240, 240, 240, 240, 240, 240, 240, 240, 240, 240, 240, 240, 240, 240, 240, 240, 240, 240, 240, 240, 240, 240, 240, 240, 240, 240, 240, 240, 240]


=====================================================================================================================================================================
sample 235 original
[17, 17, 17, 17, 17, 296, 296, 244, 435, 435, 435, 435, 435, 244, 435, 149, 184, 289, 412, 287, 287, 287, 287, 111, 111, 111, 111, 468, 468, 406, 337, 337, 337, 337, 464, 464, 464, 180, 315, 315, 315, 450, 450, 450, 88, 413, 413, 350, 174, 174, 413, 299, 299, 299, 434, 434, 434, 219, 219, 219, 219, 219, 152, 152, 374, 215, 129, 129, 401, 82, 354, 437, 319, 428, 240, 240, 24, 325, 34, 34, 355, 355, 282, 282, 282, 388, 303, 117, 117, 250, 398, 398, 398, 152, 143, 143, 458, 82, 208, 208, 441, 441, 148, 387, 387, 387, 240, 236, 314, 239, 131, 34, 106, 106, 426, 426, 426, 319, 348, 94, 195, 117, 335, 226, 226, 411, 287, 157, 255, 416, 416, 239, 239, 208, 27, 106, 153, 153, 387, 387, 372, 372, 406, 406, 406, 337, 337, 464, 464, 464, 355, 355, 282, 271, 178, 143, 36, 270, 66, 68, 68, 115, 273, 188, 464, 464, 464, 443, 169, 169, 349, 349, 234, 261, 25, 25, 106, 284, 284, 284, 206, 450, 293, 43, 43, 43, 276, 276, 346, 428, 428, 428, 146, 358, 454, 229, 229, 229, 170, 414, 170, 82, 312, 1, 1, 1, 187, 12, 12, 12, 12, 260, 260, 391, 391, 392, 73, 73, 244, 412, 83, 55, 55, 240, 236, 36, 77, 66, 68, 172, 115, 273, 470, 470, 443, 171, 252, 416, 8, 8, 239, 354, 420, 286, 264, 264, 468, 468, 406, 406, 467, 467, 134, 134, 98, 76, 129, 129, 465, 458, 144, 208, 27, 100, 100, 375, 98, 98, 98, 98, 13, 414, 414, 414, 170, 244, 170, 435, 47, 392, 392, 73, 392, 320, 7, 188, 213, 213, 301, 416, 32, 32, 32, 239, 354, 180, 180, 355, 355, 355, 355, 452, 263, 263, 13, 417, 417, 201, 201, 201, 201, 201, 201, 201, 392, 244, 392, 392, 73, 244, 320, 345, 345, 153, 153, 43, 43, 8, 32, 239, 208, 208, 345, 387, 387, 387, 240, 236, 314, 239, 310, 310, 107, 107, 107, 400, 400, 213, 213, 19, 19, 454, 414, 414, 414, 414, 392, 435, 80, 73, 209, 412, 83, 55, 240, 385, 35, 36, 77, 68, 68, 115, 273, 470, 444, 464, 464, 464, 464, 443, 240, 169, 349, 349, 234, 261, 25, 106, 284, 284, 284, 206, 206, 293, 43, 43, 276, 346, 109, 428, 428, 146, 207, 358, 454, 233, 414, 414, 414, 414, 170, 187, 187, 187, 392, 392, 392, 392, 392, 392, 392, 392, 392, 73, 244, 320, 7, 7, 398, 398, 360, 360, 339, 94, 94, 398, 398, 132, 132, 132, 236, 32, 239, 239, 310, 107, 107, 395, 395, 444, 360, 360, 434, 339, 339, 33, 33, 398, 398, 398, 324, 301, 143, 129, 129, 401, 401, 259, 74, 420, 213, 213, 213, 286, 464, 464, 464, 464, 330, 203, 399, 217, 217, 473, 65, 476, 171, 171, 240, 173, 173, 402, 401, 401, 465, 465, 108, 377, 371, 485, 286, 286, 464, 464, 180, 180, 120, 355, 355, 282, 468, 406, 406, 42, 42, 8, 250, 250, 250, 250, 250, 70, 276, 174, 174, 282, 282, 282, 388, 303, 48, 48, 229, 229, 170, 170, 170, 170, 187, 12, 12, 12, 408, 408, 408, 392, 392, 73, 244, 244, 7, 7, 309, 309, 398, 398, 398, 324, 324, 464, 464, 464, 464, 464, 252, 252, 314, 239, 239, 310, 107, 107, 107, 395, 213, 213, 301, 26, 26, 251, 241, 431, 486, 376, 376, 460, 460, 178, 178, 169, 233, 352, 352, 352, 435, 435, 56, 56, 56, 392, 392, 392, 17, 17, 17]

sample 235@285 different
[17, 17, 287, 111, 111, 111, 111, 468, 468, 406, 406, 337, 337, 337, 337, 464, 464, 464, 180, 315, 315, 315, 450, 450, 450, 88, 413, 413, 467, 174, 331, 319, 299, 299, 299, 434, 434, 324, 219, 219, 219, 219, 477, 152, 152, 422, 215, 129, 129, 82, 82, 354, 437, 428, 428, 240, 240, 24, 77, 34, 34, 355, 355, 150, 150, 150, 388, 303, 117, 117, 250, 398, 398, 152, 339, 143, 458, 259, 401, 208, 208, 441, 441, 441, 387, 387, 387, 240, 236, 314, 239, 380, 34, 106, 106, 426, 426, 426, 348, 348, 94, 195, 335, 335, 399, 226, 411, 287, 208, 212, 416, 416, 239, 144, 208, 27, 153, 153, 387, 387, 387, 122, 122, 406, 406, 467, 337, 337, 464, 464, 464, 355, 355, 282, 271, 164, 36, 401, 212, 66, 68, 115, 273, 470, 470, 464, 464, 464, 443, 169, 349, 349, 349, 234, 261, 25, 106, 106, 284, 284, 284, 206, 450, 293, 43, 43, 43, 276, 346, 346, 428, 428, 428, 146, 358, 454, 229, 229, 82, 170, 170, 170, 312, 312, 201, 201, 201, 201, 201, 201, 201, 201, 201, 201, 2, 2, 73, 73, 244, 244, 412, 83, 83, 55, 240, 314, 36, 77, 66, 68, 172, 115, 273, 470, 403, 443, 171, 252, 416, 8, 8, 354, 354, 420, 286, 264, 264, 468, 468, 406, 406, 467, 467, 134, 250, 98, 164, 129, 458, 458, 458, 144, 208, 441, 100, 100, 375, 98, 98, 98, 98, 13, 414, 414, 170, 244, 244, 305, 47, 392, 392, 73, 73, 244, 320, 7, 213, 213, 213, 301, 416, 32, 32, 32, 354, 354, 180, 180, 355, 355, 355, 355, 263, 263, 263, 13, 417, 442, 442, 201, 201, 244, 201, 201, 201, 392, 244, 63, 73, 73, 244, 320, 345, 413, 153, 43, 43, 43, 8, 32, 239, 208, 208, 153, 387, 387, 345, 236, 314, 239, 36, 310, 107, 107, 107, 107, 400, 400, 213, 213, 19, 454, 454, 414, 414, 414, 170, 392, 305, 305, 305, 209, 83, 83, 55, 240, 236, 36, 36, 36, 68, 68, 115, 273, 470, 444, 464, 464, 464, 464, 443, 169, 169, 349, 349, 234, 261, 25, 106, 284, 284, 284, 206, 206, 293, 43, 43, 276, 346, 109, 428, 428, 146, 207, 358, 454, 197, 414, 414, 414, 414, 170, 187, 392, 392, 392, 392, 392, 392, 392, 392, 63, 63, 73, 73, 244, 320, 7, 7, 398, 360, 360, 339, 94, 94, 479, 398, 374, 132, 132, 132, 236, 32, 239, 310, 310, 107, 107, 395, 395, 278, 278, 278, 434, 339, 339, 94, 10, 398, 398, 324, 324, 301, 143, 129, 401, 401, 259, 371, 371, 420, 213, 213, 213, 252, 464, 464, 464, 264, 330, 203, 217, 217, 473, 473, 65, 476, 171, 171, 240, 314, 99, 99, 401, 401, 458, 75, 371, 371, 371, 485, 286, 286, 464, 464, 180, 443, 486, 355, 355, 282, 468, 406, 42, 42, 42, 208, 250, 250, 250, 250, 250, 276, 276, 174, 174, 313, 282, 282, 388, 303, 48, 48, 414, 229, 170, 170, 170, 187, 187, 201, 392, 392, 408, 408, 408, 244, 392, 73, 244, 320, 7, 309, 309, 309, 398, 398, 398, 246, 246, 464, 464, 464, 464, 324, 252, 236, 24, 239, 239, 310, 107, 107, 395, 395, 213, 213, 301, 143, 251, 251, 241, 431, 486, 355, 355, 355, 452, 263, 17, 240, 240, 240, 240, 240, 240, 240, 240, 240, 240, 240, 240, 240, 240, 240, 240, 240, 240, 240, 240, 240, 240, 240, 240, 240, 240, 240, 240, 240, 240]

sample 235@340 different
[17, 17, 287, 287, 111, 111, 111, 111, 468, 406, 406, 337, 337, 337, 324, 464, 464, 464, 180, 315, 315, 315, 450, 450, 293, 43, 276, 276, 174, 174, 174, 319, 299, 299, 299, 434, 434, 324, 219, 219, 219, 219, 152, 152, 152, 422, 143, 129, 129, 401, 354, 354, 437, 428, 428, 240, 240, 24, 325, 34, 34, 355, 355, 282, 282, 282, 388, 303, 117, 117, 309, 309, 398, 398, 290, 76, 129, 129, 401, 208, 208, 441, 441, 148, 387, 387, 387, 240, 236, 314, 239, 380, 34, 106, 106, 426, 426, 426, 348, 388, 381, 303, 335, 335, 226, 226, 411, 287, 155, 313, 416, 416, 239, 144, 208, 208, 153, 153, 153, 387, 387, 372, 372, 406, 406, 467, 337, 337, 464, 464, 464, 355, 355, 355, 240, 385, 36, 36, 108, 68, 172, 115, 115, 470, 278, 464, 464, 464, 443, 169, 169, 349, 349, 234, 261, 25, 106, 106, 284, 284, 315, 450, 450, 293, 43, 43, 43, 276, 346, 346, 428, 428, 428, 146, 358, 454, 225, 225, 170, 170, 20, 170, 170, 20, 28, 47, 2, 20, 2, 20, 2, 2, 2, 20, 2, 2, 73, 73, 73, 289, 412, 83, 55, 55, 240, 314, 36, 77, 232, 172, 172, 115, 273, 470, 443, 443, 171, 252, 416, 8, 8, 354, 354, 420, 464, 264, 264, 468, 468, 406, 406, 199, 199, 134, 134, 98, 76, 129, 239, 458, 75, 208, 208, 100, 100, 100, 375, 98, 98, 98, 98, 13, 13, 13, 170, 47, 47, 47, 20, 47, 80, 80, 80, 320, 320, 7, 213, 213, 213, 422, 416, 32, 32, 32, 354, 354, 180, 180, 355, 355, 355, 355, 263, 263, 13, 78, 170, 170, 47, 47, 47, 20, 47, 47, 47, 47, 47, 20, 80, 73, 320, 320, 345, 345, 153, 153, 43, 43, 8, 32, 239, 208, 345, 153, 387, 387, 235, 236, 314, 239, 239, 310, 107, 107, 107, 107, 400, 213, 213, 213, 19, 48, 48, 414, 414, 414, 20, 80, 80, 80, 80, 209, 83, 83, 55, 240, 236, 36, 77, 66, 172, 172, 115, 273, 267, 448, 464, 464, 464, 264, 443, 169, 169, 349, 349, 234, 261, 25, 106, 284, 284, 315, 206, 450, 293, 43, 43, 276, 346, 346, 428, 428, 146, 146, 358, 454, 233, 197, 414, 170, 170, 20, 47, 47, 47, 20, 47, 47, 20, 47, 47, 80, 20, 73, 73, 20, 320, 7, 188, 188, 188, 360, 339, 94, 94, 479, 398, 374, 132, 132, 132, 236, 32, 239, 239, 310, 107, 107, 395, 395, 278, 360, 360, 360, 339, 339, 33, 381, 398, 398, 324, 324, 422, 143, 129, 401, 401, 259, 74, 74, 420, 213, 213, 324, 286, 464, 464, 464, 264, 330, 399, 217, 217, 473, 473, 65, 476, 171, 171, 240, 314, 314, 314, 401, 401, 75, 75, 108, 371, 371, 485, 286, 286, 464, 464, 180, 486, 486, 315, 85, 282, 282, 406, 42, 42, 303, 303, 303, 250, 250, 250, 70, 276, 276, 174, 174, 282, 282, 282, 303, 48, 48, 13, 170, 170, 170, 47, 47, 47, 187, 47, 47, 47, 47, 28, 63, 20, 73, 73, 73, 320, 7, 7, 309, 309, 398, 398, 398, 324, 246, 464, 464, 464, 464, 324, 252, 236, 24, 239, 239, 310, 107, 107, 395, 395, 213, 213, 301, 26, 251, 241, 241, 431, 486, 376, 376, 355, 452, 263, 17, 169, 240, 240, 240, 240, 240, 240, 240, 240, 240, 240, 240, 240, 240, 240, 240, 240, 240, 240, 240, 240, 240, 240, 240, 240, 240, 240, 240, 240, 240]


-------------------------------------------------------------------------------------------------------------------------------------------------------------
generated_s2st@349_1950_para_audios_sample235  different
[17, 17, 287, 287, 111, 111, 111, 111, 468, 406, 406, 337, 337, 337, 324, 464, 464, 464, 180, 315, 315, 315, 450, 450, 293, 43, 276, 276, 174, 174, 174, 319, 299, 299, 299, 434, 434, 324, 219, 219, 219, 219, 152, 152, 152, 422, 143, 129, 129, 401, 354, 354, 437, 428, 428, 240, 240, 24, 325, 34, 34, 355, 355, 282, 282, 282, 388, 303, 117, 117, 309, 309, 398, 398, 290, 76, 129, 129, 401, 208, 208, 441, 441, 148, 387, 387, 387, 240, 236, 314, 239, 380, 34, 106, 106, 426, 426, 426, 348, 388, 381, 303, 335, 335, 226, 226, 411, 287, 116, 313, 416, 416, 239, 144, 208, 208, 153, 153, 153, 387, 387, 372, 372, 406, 406, 467, 337, 337, 464, 464, 464, 355, 355, 355, 240, 385, 36, 36, 108, 68, 172, 115, 115, 470, 360, 464, 464, 464, 443, 169, 169, 349, 349, 234, 261, 25, 106, 106, 284, 284, 315, 450, 450, 293, 43, 43, 43, 276, 346, 346, 428, 428, 428, 146, 358, 454, 225, 225, 170, 170, 20, 170, 170, 20, 28, 47, 2, 20, 2, 20, 2, 2, 2, 20, 2, 2, 73, 73, 73, 289, 412, 83, 55, 55, 240, 314, 36, 77, 232, 172, 172, 115, 273, 470, 443, 443, 171, 252, 416, 8, 8, 354, 354, 420, 464, 264, 264, 468, 468, 406, 406, 199, 199, 134, 134, 98, 76, 129, 465, 458, 75, 208, 208, 100, 100, 100, 375, 98, 98, 98, 98, 13, 13, 13, 170, 47, 47, 47, 20, 47, 80, 80, 80, 320, 320, 7, 213, 213, 213, 422, 416, 32, 32, 32, 354, 354, 180, 180, 355, 355, 355, 355, 263, 263, 13, 78, 170, 170, 47, 47, 47, 20, 47, 47, 47, 47, 47, 20, 80, 73, 320, 320, 345, 345, 153, 153, 43, 43, 8, 32, 239, 208, 345, 153, 387, 387, 235, 236, 314, 239, 239, 310, 107, 107, 107, 107, 400, 213, 213, 213, 19, 48, 48, 414, 414, 414, 20, 80, 80, 80, 80, 209, 83, 83, 55, 240, 236, 36, 77, 66, 172, 172, 115, 273, 267, 448, 464, 464, 464, 264, 443, 169, 169, 349, 349, 234, 261, 25, 106, 284, 284, 315, 206, 450, 293, 43, 43, 276, 346, 346, 428, 428, 146, 146, 358, 454, 233, 233, 414, 170, 170, 20, 47, 47, 47, 20, 47, 47, 20, 47, 47, 80, 20, 73, 73, 20, 320, 7, 188, 188, 188, 188, 339, 94, 94, 479, 398, 374, 132, 132, 132, 236, 32, 239, 239, 310, 107, 107, 395, 395, 278, 360, 360, 360, 339, 339, 33, 381, 398, 398, 324, 324, 422, 143, 129, 401, 401, 259, 74, 74, 420, 213, 213, 324, 286, 464, 464, 464, 264, 330, 399, 217, 217, 473, 473, 65, 476, 171, 171, 240, 314, 314, 314, 401, 401, 75, 75, 108, 371, 371, 485, 286, 286, 464, 464, 180, 486, 486, 315, 85, 282, 282, 406, 42, 42, 303, 303, 303, 250, 250, 250, 70, 276, 276, 174, 174, 282, 282, 282, 303, 48, 48, 13, 170, 170, 170, 47, 47, 47, 187, 47, 47, 47, 47, 316, 316, 20, 73, 73, 73, 320, 7, 7, 309, 309, 398, 398, 398, 324, 246, 464, 464, 464, 464, 324, 252, 236, 24, 239, 239, 310, 107, 107, 395, 395, 213, 213, 301, 26, 251, 241, 241, 431, 486, 376, 376, 355, 452, 263, 17, 169, 240, 240, 240, 240, 240, 240, 240, 240, 240, 240, 240, 240, 240, 240, 240, 240, 240, 240, 240, 240, 240, 240, 240, 240, 240, 240, 240, 240, 240]


====================================================================================================================================================================

sample 250 original
[17, 17, 17, 17, 17, 296, 296, 184, 184, 244, 320, 7, 309, 309, 479, 479, 398, 398, 324, 324, 246, 246, 301, 26, 251, 251, 359, 127, 114, 278, 278, 171, 422, 186, 186, 162, 338, 338, 338, 115, 273, 273, 403, 403, 403, 403, 171, 171, 171, 246, 252, 252, 219, 219, 219, 219, 219, 286, 286, 286, 286, 286, 468, 406, 406, 467, 467, 180, 145, 284, 284, 460, 206, 240, 251, 251, 241, 431, 431, 486, 460, 169, 178, 35, 458, 82, 208, 100, 100, 387, 387, 8, 8, 32, 239, 354, 180, 264, 264, 264, 468, 406, 406, 467, 337, 337, 464, 464, 145, 486, 315, 113, 450, 450, 178, 416, 8, 32, 32, 82, 208, 208, 190, 79, 42, 42, 147, 147, 380, 334, 355, 355, 263, 263, 13, 78, 170, 170, 244, 244, 312, 312, 12, 12, 12, 12, 260, 260, 391, 391, 244, 392, 73, 73, 244, 244, 412, 287, 111, 111, 438, 186, 99, 338, 338, 338, 338, 395, 395, 464, 486, 460, 460, 178, 143, 458, 458, 445, 445, 445, 30, 219, 324, 324, 464, 464, 464, 171, 271, 186, 39, 342, 342, 342, 68, 115, 267, 448, 448, 464, 464, 464, 180, 284, 284, 319, 426, 450, 203, 43, 250, 276, 276, 138, 138, 58, 58, 437, 110, 206, 206, 215, 215, 35, 401, 354, 190, 487, 302, 274, 122, 236, 129, 129, 82, 384, 114, 180, 428, 428, 428, 146, 215, 215, 35, 96, 270, 68, 68, 68, 105, 221, 336, 336, 336, 74, 74, 351, 213, 213, 213, 324, 246, 464, 464, 464, 464, 120, 459, 271, 349, 402, 162, 54, 232, 68, 172, 115, 273, 470, 464, 464, 264, 113, 113, 450, 450, 274, 236, 143, 36, 77, 77, 342, 224, 224, 494, 116, 399, 217, 217, 473, 473, 476, 476, 171, 422, 349, 349, 349, 234, 261, 261, 25, 106, 284, 284, 355, 355, 452, 263, 13, 229, 170, 312, 312, 312, 126, 126, 23, 23, 23, 23, 408, 391, 149, 149, 73, 289, 320, 7, 7, 495, 42, 42, 42, 147, 456, 422, 422, 99, 99, 338, 338, 338, 338, 395, 395, 374, 374, 42, 147, 147, 456, 456, 99, 99, 99, 99, 436, 436, 436, 436, 60, 400, 41, 19, 19, 454, 48, 48, 414, 229, 82, 249, 249, 249, 249, 249, 249, 249, 249, 244, 244, 392, 392, 392, 244, 66, 66, 66, 66, 66, 164, 164, 164, 114, 267, 444, 444, 213, 213, 252, 173, 173, 280, 280, 280, 324, 324, 324, 464, 464, 464, 464, 145, 486, 486, 486, 428, 85, 146, 146, 3, 219, 246, 246, 213, 213, 213, 422, 236, 36, 36, 77, 66, 68, 68, 115, 115, 267, 267, 267, 19, 19, 454, 454, 417, 417, 417, 417, 170, 82, 249, 249, 187, 201, 201, 201, 73, 73, 244, 320, 287, 287, 38, 143, 129, 82, 144, 208, 441, 125, 125, 319, 348, 64, 212, 239, 465, 384, 371, 278, 278, 26, 251, 251, 241, 431, 106, 84, 387, 122, 8, 8, 8, 8, 354, 354, 100, 100, 100, 98, 98, 98, 98, 13, 13, 13, 414, 442, 442, 170, 170, 421, 193, 17, 17]

sample 250 @ 343 same
[17, 17, 17, 17, 17, 296, 296, 296, 52, 244, 320, 7, 309, 309, 479, 479, 398, 398, 324, 324, 246, 246, 301, 26, 251, 251, 359, 127, 114, 278, 278, 171, 422, 186, 186, 162, 338, 338, 338, 115, 273, 273, 403, 403, 403, 403, 171, 171, 171, 246, 252, 252, 219, 219, 219, 219, 219, 286, 286, 286, 286, 286, 468, 406, 406, 467, 467, 180, 145, 284, 284, 460, 206, 240, 251, 251, 241, 431, 431, 486, 460, 169, 178, 35, 458, 82, 208, 100, 100, 387, 387, 8, 8, 32, 239, 354, 180, 264, 264, 264, 468, 406, 406, 467, 337, 337, 464, 464, 145, 486, 315, 113, 450, 450, 178, 416, 8, 32, 32, 82, 208, 208, 144, 280, 42, 42, 147, 147, 380, 380, 355, 355, 263, 263, 13, 78, 170, 170, 244, 244, 312, 312, 63, 201, 201, 201, 201, 201, 391, 391, 244, 392, 73, 73, 244, 244, 412, 287, 111, 111, 438, 186, 99, 338, 338, 338, 338, 395, 395, 464, 486, 460, 460, 178, 143, 458, 458, 445, 445, 445, 30, 219, 324, 324, 464, 464, 464, 171, 271, 368, 54, 342, 342, 342, 68, 115, 267, 108, 108, 464, 464, 464, 180, 284, 284, 319, 426, 450, 203, 43, 250, 276, 276, 138, 138, 313, 76, 437, 351, 206, 206, 215, 215, 35, 401, 354, 298, 487, 302, 274, 122, 236, 129, 129, 82, 384, 114, 180, 428, 428, 428, 146, 215, 215, 35, 34, 108, 68, 68, 68, 173, 384, 336, 336, 336, 74, 74, 351, 213, 213, 213, 324, 246, 464, 464, 464, 464, 120, 271, 271, 349, 173, 162, 54, 232, 68, 172, 115, 273, 470, 464, 464, 264, 113, 113, 450, 450, 274, 236, 143, 36, 77, 77, 342, 224, 224, 494, 116, 399, 217, 217, 473, 473, 476, 476, 171, 422, 349, 349, 349, 234, 261, 261, 25, 106, 284, 284, 355, 355, 452, 263, 13, 229, 170, 312, 312, 312, 126, 126, 23, 23, 23, 23, 408, 391, 149, 149, 73, 289, 320, 7, 7, 437, 42, 42, 42, 147, 29, 422, 422, 99, 99, 338, 338, 338, 338, 395, 395, 374, 374, 42, 81, 81, 29, 275, 99, 99, 99, 99, 436, 436, 436, 436, 338, 400, 41, 19, 19, 454, 48, 48, 414, 229, 82, 249, 249, 249, 249, 249, 249, 249, 249, 244, 244, 392, 392, 392, 244, 66, 66, 66, 66, 66, 323, 323, 323, 114, 267, 444, 444, 213, 213, 252, 173, 458, 280, 280, 280, 324, 324, 324, 464, 464, 464, 464, 145, 486, 486, 486, 428, 85, 146, 146, 3, 219, 246, 246, 213, 213, 213, 422, 236, 36, 36, 77, 66, 68, 68, 115, 115, 267, 267, 267, 19, 19, 454, 454, 417, 417, 417, 417, 170, 82, 249, 249, 187, 201, 201, 201, 73, 73, 244, 320, 287, 287, 173, 143, 129, 82, 144, 208, 441, 125, 125, 319, 348, 64, 212, 239, 465, 384, 371, 278, 278, 26, 251, 251, 241, 431, 106, 84, 387, 122, 8, 8, 8, 8, 354, 354, 100, 100, 100, 98, 98, 98, 98, 13, 13, 13, 414, 442, 442, 170, 170, 201, 442, 17, 17, 169, 240, 240, 240, 240, 240, 240, 240, 240, 240, 240, 240, 240, 240, 240, 240, 240, 240, 240, 240, 240, 240, 240, 240, 240, 240, 240, 240, 240, 240, 240, 240, 240, 240, 240, 240, 240, 240, 240, 240, 240, 240, 240, 240, 240, 240, 240, 240, 240, 240, 240, 240, 240, 240, 240, 240, 240, 240, 240, 240, 240, 240, 240, 240, 240, 240, 240, 240, 240, 240, 240, 240]


============================================================================================================================================================================

sample 630 original
[17, 17, 17, 17, 17, 296, 296, 317, 392, 392, 392, 392, 392, 392, 392, 244, 305, 40, 40, 40, 40, 249, 249, 249, 249, 249, 249, 249, 249, 218, 218, 218, 218, 63, 63, 63, 63, 63, 63, 63, 63, 63, 63, 63, 63, 63, 63, 63, 63, 63, 63, 63, 63, 63, 63, 63, 63, 63, 63, 63, 63, 63, 63, 63, 244, 435, 316, 73, 73, 73, 244, 209, 287, 287, 287, 481, 293, 178, 35, 35, 192, 441, 174, 174, 387, 293, 122, 35, 35, 35, 208, 345, 109, 109, 109, 286, 286, 264, 313, 313, 285, 285, 34, 34, 278, 286, 171, 171, 171, 171, 330, 116, 94, 94, 398, 398, 324, 301, 339, 10, 10, 331, 331, 88, 88, 387, 387, 387, 293, 122, 416, 8, 32, 144, 27, 106, 106, 84, 387, 387, 350, 350, 413, 413, 413, 250, 250, 250, 250, 195, 195, 195, 132, 195, 195, 195, 117, 117, 48, 48, 48, 414, 414, 82, 442, 442, 442, 47, 80, 80, 73, 320, 7, 7, 473, 398, 360, 360, 339, 33, 33, 199, 398, 467, 467, 264, 403, 171, 171, 416, 416, 416, 32, 32, 239, 354, 180, 278, 264, 264, 264, 178, 178, 143, 129, 458, 144, 27, 100, 125, 125, 215, 76, 76, 259, 354, 354, 499, 265, 428, 428, 146, 146, 468, 406, 337, 337, 324, 422, 143, 143, 36, 36, 127, 106, 106, 302, 481, 481, 387, 375, 98, 35, 35, 35, 414, 414, 414, 47, 170, 47, 392, 392, 392, 73, 73, 244, 7, 7, 7, 309, 309, 309, 479, 398, 213, 213, 213, 213, 246, 246, 246, 19, 454, 454, 454, 414, 414, 414, 414, 414, 197, 47, 47, 80, 80, 73, 244, 320, 7, 276, 138, 138, 174, 387, 293, 178, 35, 35, 35, 401, 259, 354, 106, 284, 62, 240, 240, 314, 314, 239, 384, 180, 180, 284, 319, 319, 388, 348, 94, 199, 250, 132, 274, 274, 141, 38, 162, 342, 232, 172, 172, 115, 115, 267, 444, 213, 213, 213, 246, 3, 3, 14, 14, 226, 440, 145, 145, 460, 460, 240, 35, 35, 35, 36, 127, 114, 278, 278, 278, 26, 359, 251, 359, 81, 41, 41, 324, 246, 246, 3, 3, 143, 143, 414, 247, 126, 149, 149, 228, 244, 7, 241, 241, 431, 431, 265, 265, 428, 85, 85, 146, 299, 299, 337, 337, 464, 464, 222, 84, 496, 496, 313, 313, 236, 32, 239, 239, 107, 395, 180, 106, 106, 481, 387, 293, 497, 122, 35, 35, 129, 458, 144, 208, 208, 437, 437, 441, 153, 426, 426, 426, 426, 426, 450, 375, 98, 98, 35, 414, 247, 312, 126, 23, 149, 149, 391, 228, 228, 244, 209, 287, 145, 460, 460, 460, 150, 35, 35, 449, 224, 494, 196, 217, 217, 473, 473, 278, 278, 252, 24, 24, 310, 384, 371, 191, 116, 116, 212, 212, 384, 371, 324, 324, 301, 251, 251, 241, 431, 84, 496, 496, 496, 416, 8, 8, 8, 196, 196, 70, 65, 65, 153, 153, 182, 182, 375, 375, 98, 98, 98, 414, 414, 414, 414, 170, 82, 170, 244, 392, 392, 392, 392, 392, 63, 63, 392, 63, 63, 73, 73, 73, 244, 209, 287, 284, 460, 460, 460, 169, 35, 77, 77, 342, 172, 172, 172, 400, 267, 213, 213, 213, 324, 3, 464, 14, 14, 440, 106, 481, 293, 178, 143, 129, 129, 458, 208, 208, 437, 441, 153, 426, 426, 426, 182, 182, 182, 182, 450, 375, 98, 98, 98, 414, 414, 414, 414, 414, 414, 170, 244, 170, 392, 392, 63, 63, 63, 63, 63, 73, 73, 73, 244, 320, 208, 276, 153, 153, 387, 274, 122, 236, 239, 239, 384, 371, 106, 374, 132, 132, 132, 182, 182, 182, 182, 182, 182, 182, 182, 182, 182, 182, 182, 182, 182, 375, 98, 98, 98, 414, 414, 414, 17, 17]


sample 630 @346 same
[17, 17, 17, 17, 17, 296, 296, 317, 392, 392, 392, 392, 392, 392, 392, 244, 435, 40, 40, 40, 40, 249, 249, 249, 249, 249, 249, 249, 249, 218, 218, 218, 218, 63, 63, 63, 63, 63, 63, 63, 63, 63, 63, 63, 63, 63, 63, 63, 63, 63, 63, 63, 63, 63, 63, 63, 63, 63, 63, 63, 63, 63, 63, 63, 244, 435, 218, 73, 73, 73, 244, 209, 287, 287, 287, 481, 293, 178, 35, 35, 445, 441, 174, 174, 387, 293, 122, 35, 35, 35, 208, 345, 109, 109, 109, 286, 286, 264, 285, 313, 285, 285, 34, 34, 278, 286, 171, 171, 171, 171, 330, 116, 94, 94, 398, 398, 324, 301, 339, 10, 10, 331, 331, 88, 88, 387, 387, 387, 293, 122, 416, 8, 32, 144, 27, 106, 106, 84, 387, 387, 350, 350, 413, 413, 413, 250, 250, 250, 250, 195, 195, 195, 132, 195, 195, 195, 117, 117, 48, 48, 48, 414, 414, 82, 442, 442, 442, 47, 80, 80, 73, 320, 7, 7, 473, 398, 360, 360, 339, 33, 381, 199, 398, 467, 467, 264, 403, 171, 171, 416, 416, 416, 32, 32, 239, 354, 180, 278, 264, 264, 264, 178, 178, 143, 129, 458, 144, 27, 100, 144, 125, 215, 76, 76, 259, 354, 354, 499, 265, 428, 428, 146, 146, 468, 406, 337, 337, 324, 422, 143, 143, 36, 36, 36, 106, 106, 302, 481, 481, 387, 375, 98, 35, 35, 35, 414, 414, 414, 47, 170, 47, 392, 392, 392, 73, 73, 244, 7, 7, 7, 309, 309, 309, 479, 398, 213, 213, 213, 213, 246, 246, 246, 19, 454, 454, 454, 414, 414, 414, 414, 414, 197, 47, 47, 80, 80, 73, 244, 320, 7, 441, 138, 138, 174, 387, 293, 236, 35, 35, 35, 401, 259, 354, 106, 284, 314, 240, 240, 314, 314, 239, 384, 180, 180, 284, 319, 319, 388, 348, 94, 199, 250, 132, 250, 274, 141, 125, 162, 342, 232, 172, 172, 115, 115, 267, 444, 213, 213, 213, 246, 3, 3, 14, 14, 226, 440, 145, 145, 460, 460, 240, 35, 35, 35, 36, 127, 114, 278, 278, 278, 26, 325, 251, 359, 81, 41, 41, 324, 246, 246, 3, 3, 143, 143, 414, 247, 126, 149, 149, 228, 244, 7, 241, 241, 431, 431, 265, 265, 428, 85, 85, 146, 299, 299, 337, 337, 464, 464, 215, 84, 496, 496, 313, 313, 236, 32, 239, 239, 107, 395, 180, 106, 106, 481, 387, 293, 497, 122, 35, 35, 129, 458, 144, 208, 208, 437, 437, 441, 153, 426, 426, 426, 426, 426, 450, 375, 98, 98, 35, 414, 247, 312, 126, 23, 149, 149, 391, 228, 228, 244, 209, 287, 145, 460, 460, 460, 282, 35, 35, 449, 224, 494, 196, 217, 217, 473, 473, 278, 278, 252, 24, 24, 310, 384, 371, 290, 116, 116, 212, 212, 384, 371, 324, 324, 301, 251, 251, 241, 431, 84, 496, 496, 496, 416, 8, 8, 8, 196, 196, 70, 65, 65, 153, 153, 182, 182, 375, 375, 98, 98, 98, 414, 414, 414, 414, 170, 82, 170, 244, 392, 392, 392, 392, 392, 63, 63, 392, 63, 63, 73, 73, 73, 244, 209, 287, 284, 460, 460, 460, 169, 35, 77, 77, 342, 172, 172, 172, 400, 267, 213, 213, 213, 324, 3, 464, 14, 14, 440, 106, 481, 293, 236, 143, 129, 129, 458, 208, 208, 437, 441, 153, 426, 426, 426, 182, 182, 182, 182, 167, 375, 98, 98, 98, 414, 414, 414, 414, 414, 414, 170, 244, 170, 392, 392, 63, 63, 63, 63, 63, 73]

















